year,title,journal,pmid,doi,pmcid,article_type,ccr_official_category,ccr_category_source,ccr_category_status,ccr_category_verified_on,corpus_genre_status,corpus_processing_status,source_text_coverage_verified,standardized_section_corpus_included,phrase_example_bank_included,coverage_note,primary_classification,secondary_classifications,disease_scope,source_role
2020,The Genomic Landscape of SMARCA4 Alterations and Associations with Outcomes in Patients with Lung Cancer,Clinical Cancer Research,32709715,10.1158/1078-0432.ccr-20-1825,PMC7641983,translational / mixed,Translational Cancer Mechanisms and Therapy,publisher_pdf_header,official_section,2026-09-14,included_user_priority_historical_scope_exception,language_deep_read_2026-09-14,yes,no,no,User-designated STK11 priority historical scope exception; supplied NIH author manuscript contains 16 physical pages; complete main article plus main figures and table reviewed; section-indexed language catalog included; supplements not supplied or independently reviewed; excluded from legacy 2021-2026 standardized-section and phrase-bank statistics,,,,
2021,"A Phase I Study of APX005M and Cabiralizumab with or without Nivolumab in Patients with Melanoma, Kidney Cancer, or Non-Small Cell Lung Cancer Resistant to Anti-PD-1/PD-L1",Clinical Cancer Research,34140403,10.1158/1078-0432.ccr-21-0903,PMC9236708,clinical trial,Clinical Trials: Immunotherapy,aacr_article_page,official_section,2026-09-07,included_existing_corpus,language_deep_read_2026-09-26-2021-2022-completion,yes,yes,yes,2026-09-26: 2021-2022 remaining-queue read; author_manuscript; main text and main visuals checked; ccr-2021-34140403-language.md; supplements and acceptance incomplete; actual disease/source scope retained.,mixed-tumor phase-I safety/pharmacodynamic reference; minimal lung clinical representation,immunotherapy;clinical-trial;macrophage;targeted-protein-assay;statistics,"melanoma;renal-cell carcinoma;NSCLC (one patient, no viable correlative tumor tissue)",mixed-tumor phase-I safety/pharmacodynamic reference; minimal lung clinical representation
2021,Cross-Site Concordance Evaluation of Tumor DNA and RNA Sequencing Platforms for the CIMAC-CIDC Network,Clinical Cancer Research,33323402,10.1158/1078-0432.ccr-20-3251,PMC8203757,translational / mixed,Precision Medicine and Imaging,aacr_article_page,official_section,2026-09-07,included_existing_corpus,language_deep_read_2026-09-26-2021-2022-completion,yes,yes,yes,2026-09-26: 2021-2022 remaining-queue read; author_manuscript; main text and main visuals checked; ccr-2021-33323402-language.md; supplements and acceptance incomplete; actual disease/source scope retained.,lung-source analytical harmonization/methodology,genomics;bulk-transcriptomics;bioinformatics;assay-concordance;statistics,squamous NSCLC;HapMap benchmark cell pools,lung-source analytical harmonization/methodology
2021,Immunotherapy-Mediated Thyroid Dysfunction: Genetic Risk and Impact on Outcomes with PD-1 Blockade in Non-Small Cell Lung Cancer,Clinical Cancer Research,34244291,10.1158/1078-0432.ccr-21-0921,PMC8815444,translational / mixed,Translational Cancer Mechanisms and Therapy,aacr_article_page,official_section,2026-09-07,included_existing_corpus,language_deep_read_2026-09-26-2021-2022-completion,yes,yes,yes,2026-09-26: 2021-2022 remaining-queue read; author_manuscript; main text and main visuals checked; ccr-2021-34244291-language.md; supplements and acceptance incomplete; actual disease/source scope retained.,lung clinical-genomic association and toxicity-risk validation,germline-genomics;bioinformatics;statistics;immunotherapy;safety,NSCLC;noncancer germline discovery and validation populations,lung clinical-genomic association and toxicity-risk validation
2021,Integrative Profiling of T790M-Negative EGFR-Mutated NSCLC Reveals Pervasive Lineage Transition and Therapeutic Opportunities,Clinical Cancer Research,34261696,10.1158/1078-0432.ccr-20-4607,PMC9401458,translational / resistance,Translational Cancer Mechanisms and Therapy,publisher_pdf_header,official_section,2026-09-07,included_existing_corpus,language_deep_read_2026-09-26-2021-2022-completion,yes,yes,yes,2026-09-26: 2021-2022 remaining-queue read; publisher_typeset_pdf; main text and main visuals checked; ccr-2021-34261696-language.md; supplements and acceptance incomplete; actual disease/source scope retained.,lung-primary observational multi-omics resistance study,genomics;bulk-transcriptomics;bioinformatics;targeted-protein-assay;lineage-plasticity;statistics,EGFR-mutated metastatic NSCLC resistant to first/second-generation EGFR TKIs,lung-primary observational multi-omics resistance study
2021,Outcome and Immune Correlates of a Phase II Trial of High-Dose Interleukin-2 and Stereotactic Ablative Radiotherapy for Metastatic Renal Cell Carcinoma,Clinical Cancer Research,34551906,10.1158/1078-0432.ccr-21-2083,PMC9924935,clinical trial,Clinical Trials: Immunotherapy,aacr_article_page,official_section,2026-09-07,included_existing_corpus,language_deep_read_2026-09-26-2021-2022-completion,yes,yes,yes,2026-09-26: 2021-2022 remaining-queue read; author_manuscript; main text and main visuals checked; ccr-2021-34551906-language.md; supplements and acceptance incomplete; actual disease/source scope retained.,cross-tumor clinical/multi-omics methodology reference,genomics;bulk-transcriptomics;proteomics;TCR-sequencing;mass-cytometry;bioinformatics;immunotherapy;radiotherapy;statistics,metastatic clear-cell renal cell carcinoma,cross-tumor clinical/multi-omics methodology reference
2021,"Phase I Study of 2- or 3-Week Dosing of Telisotuzumab Vedotin, an Antibody-Drug Conjugate Targeting c-Met, Monotherapy in Patients with Advanced Non-Small Cell Lung Carcinoma",Clinical Cancer Research,34426443,10.1158/1078-0432.ccr-21-0765,PMC9401525,clinical trial,Clinical Trials: Targeted Therapy,publisher_pdf_header,official_section,2026-09-07,included_existing_corpus,language_deep_read_2026-09-26-2021-2022-completion,yes,yes,yes,2026-09-26: 2021-2022 remaining-queue read; publisher_typeset_pdf; main text and main visuals checked; ccr-2021-34426443-language.md; supplements and acceptance incomplete; actual disease/source scope retained.,lung phase-I ADC dose-finding clinical study,targeted-therapy;ADC;IHC-biomarkers;pharmacokinetics;clinical-efficacy;safety;statistics,advanced c-Met-expressing NSCLC,lung phase-I ADC dose-finding clinical study
2021,Pretreatment Tissue TCR Repertoire Evenness Is Associated with Complete Pathologic Response in Patients with NSCLC Receiving Neoadjuvant Chemoimmunotherapy,Clinical Cancer Research,34376534,10.1158/1078-0432.ccr-21-1200,PMC9401519,clinical trial,Precision Medicine and Imaging,publisher_pdf_header,official_section,2026-09-07,included_existing_corpus,language_deep_read_2026-09-26-2021-2022-completion,yes,yes,yes,2026-09-26: 2021-2022 remaining-queue read; publisher_typeset_pdf; main text and main visuals checked; ccr-2021-34376534-language.md; supplements and acceptance incomplete; actual disease/source scope retained.,neoadjuvant clinical-correlative TCR biomarker discovery,TCR-sequencing;targeted-transcriptomics;spatial-protein-imaging;bioinformatics;chemoimmunotherapy;pathologic-response;statistics,resectable stage-IIIA NSCLC,neoadjuvant clinical-correlative TCR biomarker discovery
2021,RELAY Subgroup Analyses by EGFR Ex19del and Ex21L858R Mutations for Ramucirumab Plus Erlotinib in Metastatic Non-Small Cell Lung Cancer,Clinical Cancer Research,34301751,10.1158/1078-0432.ccr-21-0273,PMC9662911,clinical trial,Clinical Trials: Targeted Therapy,publisher_pdf_header,official_section,2026-09-07,included_existing_corpus,language_deep_read_2026-09-26-2021-2022-completion,yes,yes,yes,2026-09-26: 2021-2022 remaining-queue read; publisher_typeset_pdf; main text and main visuals checked; ccr-2021-34301751-language.md; supplements and acceptance incomplete; actual disease/source scope retained.,randomized-trial mutation subgroup and exploratory plasma-genomics analysis,genomics;ctDNA;comutations;targeted-therapy;antiangiogenic-therapy;clinical-efficacy;statistics,EGFR-mutated metastatic NSCLC without baseline CNS metastases,randomized-trial mutation subgroup and exploratory plasma-genomics analysis
2021,Spatial Mapping and Immunomodulatory Role of the OX40/OX40L Pathway in Human Non-Small Cell Lung Cancer,Clinical Cancer Research,34518312,10.1158/1078-0432.ccr-21-0987,PMC8595671,preclinical / translational,Precision Medicine and Imaging,aacr_article_page,official_section,2026-09-07,included_existing_corpus,language_deep_read_2026-09-26-2021-2022-completion,yes,yes,yes,2026-09-26: 2021-2022 remaining-queue read; author_manuscript; main text and main visuals checked; ccr-2021-34518312-language.md; supplements and acceptance incomplete; actual disease/source scope retained.,lung spatial-pathology prognostic study with cross-tumor pharmacodynamic proof of concept,spatial-protein-imaging;immune-microenvironment;clinical-prognosis;mRNA-delivery;experimental-assay;statistics,NSCLC;uterine/ovarian serous carcinoma;separate HNSCC/ovarian/prostate pharmacodynamic cases,lung spatial-pathology prognostic study with cross-tumor pharmacodynamic proof of concept
2021,Upregulation of C/EBPα Inhibits Suppressive Activity of Myeloid Cells and Potentiates Antitumor Response in Mice and Patients with Cancer,Clinical Cancer Research,34407972,10.1158/1078-0432.ccr-21-0986,PMC8756351,clinical trial,Translational Cancer Mechanisms and Therapy,publisher_pdf_header,official_section,2026-09-07,included_existing_corpus,language_deep_read_2026-09-26-2021-2022-completion,yes,yes,yes,2026-09-26: 2021-2022 remaining-queue read; publisher_typeset_pdf; main text and main visuals checked; ccr-2021-34407972-language.md; supplements and acceptance incomplete; actual disease/source scope retained.,cross-tumor clinical/preclinical myeloid-mechanism and omics methodology reference,targeted-transcriptomics;bulk-transcriptomics;proteomics;spatial-protein-imaging;bioinformatics;myeloid-immunology;preclinical;immunotherapy;statistics,human hepatocellular carcinoma;murine liver/lung/colon tumor models,cross-tumor clinical/preclinical myeloid-mechanism and omics methodology reference
2022,A (Controlled) Spill of IL2 for Localized Treatment of Mesothelioma,Clinical Cancer Research,36190329,10.1158/1078-0432.ccr-22-2626,PMC10281013,commentary,CCR Translations,aacr_article_page,official_section,2026-09-07,excluded_commentary_legacy_index_only,newly_read,yes,no,no,commentary without standard section headings; full page-level text reviewed,,,,
2022,A Cathepsin-Targeted Quenched Activity-Based Probe Facilitates Enhanced Detection of Human Tumors during Resection,Clinical Cancer Research,35792882,10.1158/1078-0432.ccr-22-1215,PMC10257858,clinical trial,Precision Medicine and Imaging,aacr_article_page,official_section,2026-09-07,included_existing_corpus,language_deep_read_2026-09-26-2021-2022-completion,yes,yes,yes,2026-09-26: 2021-2022 remaining-queue read; author_manuscript; main text and main visuals checked; ccr-2022-35792882-language.md; supplements and acceptance incomplete; actual disease/source scope retained.,preclinical-to-clinical molecular imaging translation,molecular-imaging;basic-experiments;flow-cytometry;pharmacokinetics;clinical-feasibility;statistics,NSCLC surgical imaging with cross-species feasibility models,preclinical-to-clinical molecular imaging translation
2022,A Novel Third-generation EGFR Tyrosine Kinase Inhibitor Abivertinib for EGFR T790M-mutant Non-Small Cell Lung Cancer: a Multicenter Phase I/II Study,Clinical Cancer Research,34740925,10.1158/1078-0432.ccr-21-2595,PMC9365372,clinical trial,Clinical Trials: Targeted Therapy,publisher_pdf_header,official_section,2026-09-07,included_existing_corpus,language_deep_read_2026-09-26-2021-2022-completion,yes,yes,yes,2026-09-26: 2021-2022 remaining-queue read; publisher_typeset_pdf; main text and main visuals checked; ccr-2022-34740925-language.md; supplements and acceptance incomplete; actual disease/source scope retained.,lung phase-I/II targeted-therapy clinical study,targeted-therapy;EGFR-resistance;clinical-efficacy;pharmacokinetics;safety;statistics,EGFR T790M-positive advanced NSCLC,lung phase-I/II targeted-therapy clinical study
2022,A Phase 0 Trial of Ceritinib in Patients with Brain Metastases and Recurrent Glioblastoma,Clinical Cancer Research,34702773,10.1158/1078-0432.ccr-21-1096,PMC9306447,clinical trial,Clinical Trials: Targeted Therapy,publisher_pdf_header,official_section,2026-09-07,included_existing_corpus,language_deep_read_2026-09-26-2021-2022-completion,yes,yes,yes,2026-09-26: 2021-2022 remaining-queue read; publisher_typeset_pdf; main text and main visuals checked; ccr-2022-34702773-language.md; supplements and acceptance incomplete; actual disease/source scope retained.,cross-tumor phase-0 pharmacokinetic and target-engagement methods reference,pharmacokinetics;pharmacodynamics;targeted-therapy;brain-metastasis;IHC;negative-results,recurrent glioblastoma and non-lung brain metastases,cross-tumor phase-0 pharmacokinetic and target-engagement methods reference
2022,"A Phase I Study Investigating AZD8186, a Potent and Selective Inhibitor of PI3Kβ/δ, in Patients with Advanced Solid Tumors",Clinical Cancer Research,35247924,10.1158/1078-0432.ccr-21-3087,PMC9662946,clinical trial,Clinical Trials: Targeted Therapy,publisher_pdf_header,official_section,2026-09-07,included_existing_corpus,language_deep_read_2026-09-26-2021-2022-completion,yes,yes,yes,2026-09-26: 2021-2022 remaining-queue read; publisher_typeset_pdf; main text and main visuals checked; ccr-2022-35247924-language.md; supplements and acceptance incomplete; actual disease/source scope retained.,multi-arm first-in-human dose-finding PK/PD study,targeted-therapy;PK-PD;pathology;genomics;statistics,"advanced solid tumors, predominantly mCRPC; eight lung cases",multi-arm first-in-human dose-finding PK/PD study
2022,A Randomized Comparison of Nivolumab versus Nivolumab + Docetaxel for Previously Treated Advanced or Recurrent ICI-Naïve Non-Small Cell Lung Cancer: TORG1630,Clinical Cancer Research,35980349,10.1158/1078-0432.ccr-22-1687,PMC9561604,clinical trial,Clinical Trials: Immunotherapy,publisher_pdf_header,official_section,2026-09-07,included_existing_corpus,language_deep_read_2026-09-26-2021-2022-completion,yes,yes,yes,2026-09-26: 2021-2022 remaining-queue read; publisher_typeset_pdf; main text and main visuals checked; ccr-2022-35980349-language.md; supplements and acceptance incomplete; actual disease/source scope retained.,lung randomized clinical immunotherapy-combination study,immunotherapy;chemotherapy;clinical-efficacy;safety;subgroup-analysis;statistics,previously treated ICI-naive NSCLC,lung randomized clinical immunotherapy-combination study
2022,A Randomized Phase II Study Comparing Nivolumab with Carboplatin-Pemetrexed for EGFR-Mutated NSCLC with Resistance to EGFR Tyrosine Kinase Inhibitors (WJOG8515L),Clinical Cancer Research,34921023,10.1158/1078-0432.ccr-21-3194,PMC9397372,clinical trial,Clinical Trials: Immunotherapy,publisher_pdf_header,official_section,2026-09-07,included_existing_corpus,language_deep_read_2026-09-26-2021-2022-completion,yes,yes,yes,2026-09-26: 2021-2022 remaining-queue read; publisher_typeset_pdf; main text and main visuals checked; ccr-2022-34921023-language.md; supplements and acceptance incomplete; actual disease/source scope retained.,lung randomized clinical trial with exploratory genomic and immune-expression correlates,immunotherapy;EGFR-resistance;targeted-genomics;immune-gene-expression;bioinformatics;clinical-efficacy;statistics;safety,EGFR-mutated NSCLC after EGFR-TKI resistance,lung randomized clinical trial with exploratory genomic and immune-expression correlates
2022,Activation of Adaptive and Innate Immune Cells via Localized IL2 Cytokine Factories Eradicates Mesothelioma Tumors,Clinical Cancer Research,35993913,10.1158/1078-0432.ccr-22-1493,PMC9713361,preclinical / translational,Translational Cancer Mechanisms and Therapy,publisher_pdf_header,official_section,2026-09-07,included_existing_corpus,language_deep_read_2026-09-26-2021-2022-completion,yes,yes,yes,2026-09-26: 2021-2022 remaining-queue read; publisher_typeset_pdf; main text and main visuals checked; ccr-2022-35993913-language.md; supplements and acceptance incomplete; actual disease/source scope retained.,local cytokine delivery and single-cell immune-phenotyping study,immunotherapy;single-cell-protein-cytometry;bioinformatics;drug-delivery;basic-experiments;statistics,preclinical malignant mesothelioma,local cytokine delivery and single-cell immune-phenotyping study
2022,Activity of Adagrasib (MRTX849) in Brain Metastases: Preclinical Models and Clinical Data from Patients with KRASG12C-Mutant Non-Small Cell Lung Cancer,Clinical Cancer Research,35404402,10.1158/1078-0432.ccr-22-0383,PMC9662862,observational / epidemiology,Translational Cancer Mechanisms and Therapy,publisher_pdf_header,official_section,2026-09-07,included_existing_corpus,language_deep_read_2026-09-26-2021-2022-completion,yes,yes,yes,2026-09-26: 2021-2022 remaining-queue read; publisher_typeset_pdf; main text and main visuals checked; ccr-2022-35404402-language.md; supplements and acceptance incomplete; actual disease/source scope retained.,"mixed retrospective clinicogenomic, preclinical pharmacology and early clinical CNS-activity study",genomics;STK11;KRAS;brain-metastasis;pharmacology;preclinical;targeted-therapy;statistics,KRAS-mutant NSCLC; KRAS G12C intracranial xenografts and two clinical cases,"mixed retrospective clinicogenomic, preclinical pharmacology and early clinical CNS-activity study"
2022,Adding Base-Excision Repair Inhibitor TRC102 to Standard Pemetrexed-Platinum-Radiation in Patients with Advanced Nonsquamous Non-Small Cell Lung Cancer: Results of a Phase I Trial,Clinical Cancer Research,34740922,10.1158/1078-0432.ccr-21-2025,PMC8866206,clinical trial,Clinical Trials: Targeted Therapy,publisher_pdf_header,official_section,2026-09-07,included_existing_corpus,language_deep_read_2026-09-26-2021-2022-completion,yes,yes,yes,2026-09-26: 2021-2022 remaining-queue read; publisher_typeset_pdf; main text and main visuals checked; ccr-2022-34740922-language.md; supplements and acceptance incomplete; actual disease/source scope retained.,single-arm phase I dose-escalation chemoradiotherapy study,DNA-repair;chemoradiotherapy;dose-escalation;safety;clinical-efficacy;statistics,stage III and oligometastatic stage IVA lung adenocarcinoma,single-arm phase I dose-escalation chemoradiotherapy study
2022,All About That Ras: Novel Fusion Drives Ras Pathway Activation in Lung Cancer,Clinical Cancer Research,35512219,10.1158/1078-0432.ccr-22-0736,PMC9451010,commentary,CCR Translations,aacr_article_page,official_section,2026-09-07,excluded_commentary_legacy_index_only,newly_read,yes,no,no,commentary without standard section headings; full page-level text reviewed,,,,
2022,An Ascendant Challenge: Central Nervous System Metastases in ALK+ Lung Cancers,Clinical Cancer Research,35394532,10.1158/1078-0432.ccr-22-0341,PMC9197849,commentary,CCR Translations,aacr_article_page,official_section,2026-09-07,excluded_commentary_legacy_index_only,newly_read,yes,no,no,commentary without standard section headings; full page-level text reviewed,,,,
2022,Association of PD-1/PD-L1 Co-location with Immunotherapy Outcomes in Non-Small Cell Lung Cancer,Clinical Cancer Research,34686497,10.1158/1078-0432.ccr-21-2649,PMC8776595,translational / mixed,Precision Medicine and Imaging,aacr_article_page,official_section,2026-09-07,included_existing_corpus,language_deep_read_2026-09-26-2021-2022-completion,yes,yes,yes,2026-09-26: 2021-2022 remaining-queue read; author_manuscript; main text and main visuals checked; ccr-2022-34686497-language.md; supplements and acceptance incomplete; actual disease/source scope retained.,retrospective spatial quantitative-immunofluorescence biomarker study,immunotherapy;spatial-protein-imaging;digital-pathology;bioinformatics;statistics,advanced NSCLC with heterogeneous immune-checkpoint regimens,retrospective spatial quantitative-immunofluorescence biomarker study
2022,Circulating Cell-free DNA as a Prognostic Biomarker in Patients with Advanced ALK+ Non-small Cell Lung Cancer in the Global Phase III ALEX Trial,Clinical Cancer Research,35275991,10.1158/1078-0432.ccr-21-2840,PMC9365376,clinical trial,Clinical Trials: Targeted Therapy,publisher_pdf_header,official_section,2026-09-07,included_existing_corpus,language_deep_read_2026-09-26-2021-2022-completion,yes,yes,yes,2026-09-26: 2021-2022 remaining-queue read; publisher_typeset_pdf; main text and main visuals checked; ccr-2022-35275991-language.md; supplements and acceptance incomplete; actual disease/source scope retained.,retrospective biomarker analysis nested in a randomized phase III trial,liquid-biopsy;genomics;prognostic-biomarkers;targeted-therapy;statistics,advanced ALK-positive NSCLC,retrospective biomarker analysis nested in a randomized phase III trial
2022,Circulating Tumor DNA Kinetics Predict Progression-Free and Overall Survival in EGFR TKI-Treated Patients with EGFR-Mutant NSCLC (SWOG S1403),Clinical Cancer Research,35713632,10.1158/1078-0432.ccr-22-0741,PMC9444942,clinical trial,Precision Medicine and Imaging,aacr_article_page,official_section,2026-09-07,included_existing_corpus,language_deep_read_2026-09-26-2021-2022-completion,yes,yes,yes,2026-09-26: 2021-2022 remaining-queue read; author_manuscript; main text and main visuals checked; ccr-2022-35713632-language.md; supplements and acceptance incomplete; actual disease/source scope retained.,prospective trial-embedded serial ctDNA correlative analysis,genomics;liquid-biopsy;bioinformatics;targeted-therapy;statistics,EGFR-mutant advanced NSCLC,prospective trial-embedded serial ctDNA correlative analysis
2022,Comparative Analysis and Isoform-Specific Therapeutic Vulnerabilities of KRAS Mutations in Non-Small Cell Lung Cancer,Clinical Cancer Research,35091439,10.1158/1078-0432.ccr-21-2719,PMC10979418,translational / resistance,Precision Medicine and Imaging,aacr_article_page,official_section,2026-09-07,included_existing_corpus,language_deep_read_2026-09-26-2021-2022-completion,yes,yes,yes,2026-09-26: 2021-2022 remaining-queue read; author_manuscript; main text and main visuals checked; ccr-2022-35091439-language.md; supplements and acceptance incomplete; actual disease/source scope retained.,"allele-stratified genomics, transcriptomics and isogenic therapeutic-vulnerability analysis",genomics;co-mutations;STK11;bulk-transcriptomics;bioinformatics;targeted-therapy;basic-experiments;statistics,KRAS-mutant nonsquamous NSCLC and lung adenocarcinoma,"allele-stratified genomics, transcriptomics and isogenic therapeutic-vulnerability analysis"
2022,"Continuation of Pembrolizumab with Additional Chemotherapy after Progression with PD-1/PD-L1 Inhibitor Monotherapy in Patients with Advanced NSCLC: A Randomized, Placebo-Controlled Phase II Study",Clinical Cancer Research,35101883,10.1158/1078-0432.ccr-21-3646,PMC9359724,clinical trial,Clinical Trials: Immunotherapy,publisher_pdf_header,official_section,2026-09-07,included_existing_corpus,language_deep_read_2026-09-26-2021-2022-completion,yes,yes,yes,2026-09-26: 2021-2022 remaining-queue read; publisher_typeset_pdf; main text and main visuals checked; ccr-2022-35101883-language.md; supplements and acceptance incomplete; actual disease/source scope retained.,lung randomized continuation-treatment trial,immunotherapy-resistance;chemotherapy;clinical-efficacy;safety;subgroup-analysis;statistics,EGFR/ALK-wild-type advanced NSCLC after PD-1/PD-L1 monotherapy progression,lung randomized continuation-treatment trial
2022,"Distinct Immune Gene Programs Associated with Host Tumor Immunity, Neoadjuvant Chemotherapy, and Chemoimmunotherapy in Resectable NSCLC",Clinical Cancer Research,35394499,10.1158/1078-0432.ccr-21-3207,PMC9167789,clinical trial,Translational Cancer Mechanisms and Therapy,aacr_article_page,official_section,2026-09-07,included_existing_corpus,language_deep_read_2026-09-26-2021-2022-completion,yes,yes,yes,2026-09-26: 2021-2022 remaining-queue read; author_manuscript; main text and main visuals checked; ccr-2022-35394499-language.md; supplements and acceptance incomplete; actual disease/source scope retained.,targeted bulk immune-transcriptomic and spatial pathology correlative study,targeted-transcriptomics;bioinformatics;spatial-pathology;immunotherapy;chemotherapy;statistics;STK11-context,resectable lung adenocarcinoma and squamous NSCLC,targeted bulk immune-transcriptomic and spatial pathology correlative study
2022,Expanding Therapeutic Opportunities for Extrapulmonary Neuroendocrine Carcinoma,Clinical Cancer Research,35091446,10.1158/1078-0432.ccr-21-3058,PMC7612728,review,Review,aacr_article_page,official_section,2026-09-07,excluded_review_background_only,background_review_read_excluded_from_original_corpus,yes,no,no,2026-09-26: 2021-2022 remaining-queue read; author_manuscript; main text and main visuals checked; ccr-2022-35091446-background.md; supplement_status=not_supplied; acceptance incomplete; actual disease/source scope retained.,background narrative review of lineage plasticity and therapeutic opportunities,genomics;epigenetics;lineage-plasticity;immunotherapy;targeted-therapy;secondary-omics-background,extrapulmonary poorly differentiated neuroendocrine carcinoma with SCLC analogies,background narrative review of lineage plasticity and therapeutic opportunities
2022,FDA Approval Summary: Nivolumab in Combination with Ipilimumab for the Treatment of Unresectable Malignant Pleural Mesothelioma,Clinical Cancer Research,34462287,10.1158/1078-0432.ccr-21-1466,PMC8810571,clinical trial,CCR Drug Updates,aacr_article_page,official_section,2026-09-07,included_existing_corpus,language_deep_read_2026-09-26-2021-2022-completion,yes,yes,yes,2026-09-26: 2021-2022 remaining-queue read; author_manuscript; main text and main visuals checked; ccr-2022-34462287-language.md; supplements and acceptance incomplete; actual disease/source scope retained.,FDA regulatory approval and benefit-risk analysis,immunotherapy;regulatory;survival;clinical-pharmacology;safety;statistics,unresectable malignant pleural mesothelioma,FDA regulatory approval and benefit-risk analysis
2022,FDA Approval Summary: Sotorasib for KRAS G12C-Mutated Metastatic NSCLC,Clinical Cancer Research,34903582,10.1158/1078-0432.ccr-21-3074,PMC9012672,translational / mixed,CCR Drug Updates,aacr_article_page,official_section,2026-09-07,included_existing_corpus,language_deep_read_2026-09-26-2021-2022-completion,yes,yes,yes,2026-09-26: 2021-2022 remaining-queue read; author_manuscript; main text and main visuals checked; ccr-2022-34903582-language.md; supplements and acceptance incomplete; actual disease/source scope retained.,FDA accelerated-approval and dose-optimization regulatory analysis,KRAS;targeted-therapy;pharmacokinetics;regulatory;safety;statistics,advanced KRAS G12C-mutated NSCLC,FDA accelerated-approval and dose-optimization regulatory analysis
2022,First-In-Human Phase I Study of the OX40 Agonist MOXR0916 in Patients with Advanced Solid Tumors,Clinical Cancer Research,35699599,10.1158/1078-0432.ccr-21-4020,PMC9662912,clinical trial,Clinical Trials: Immunotherapy,publisher_pdf_header,official_section,2026-09-07,included_existing_corpus,language_deep_read_2026-09-26-2021-2022-completion,yes,yes,yes,2026-09-26: 2021-2022 remaining-queue read; publisher_typeset_pdf; main text and main visuals checked; ccr-2022-35699599-language.md; supplements and acceptance incomplete; actual disease/source scope retained.,first-in-human OX40 agonist safety PK and immune-PD study,immunotherapy;immune-signature;flow-cytometry;PK-PD;statistics,mixed advanced solid tumors including NSCLC; responses confined to RCC,first-in-human OX40 agonist safety PK and immune-PD study
2022,First-in-Human Phase I/II ICONIC Trial of the ICOS Agonist Vopratelimab Alone and with Nivolumab: ICOS-High CD4 T-Cell Populations and Predictors of Response,Clinical Cancer Research,35511938,10.1158/1078-0432.ccr-21-4256,PMC9433959,clinical trial,Clinical Trials: Immunotherapy,publisher_pdf_header,official_section,2026-09-07,included_existing_corpus,language_deep_read_2026-09-26-2021-2022-completion,yes,yes,yes,2026-09-26: 2021-2022 remaining-queue read; publisher_typeset_pdf; main text and main visuals checked; ccr-2022-35511938-language.md; supplements and acceptance incomplete; actual disease/source scope retained.,early-phase ICOS agonist trial with exploratory transcriptomic and immune-PD biomarkers,immunotherapy;targeted-transcriptomics;bioinformatics;flow-cytometry;statistics,advanced mixed solid tumors; NSCLC subgroup all PD-(L)1-experienced,early-phase ICOS agonist trial with exploratory transcriptomic and immune-PD biomarkers
2022,Health-Related Quality of Life Outcomes in Patients with Resected Epidermal Growth Factor Receptor-Mutated Non-Small Cell Lung Cancer Who Received Adjuvant Osimertinib in the Phase III ADAURA Trial,Clinical Cancer Research,35012927,10.1158/1078-0432.ccr-21-3530,PMC9359973,clinical trial,Clinical Trials: Targeted Therapy,publisher_pdf_header,official_section,2026-09-07,included_existing_corpus,language_deep_read_2026-09-26-2021-2022-completion,yes,yes,yes,2026-09-26: 2021-2022 remaining-queue read; publisher_typeset_pdf; main text and main visuals checked; ccr-2022-35012927-language.md; supplements and acceptance incomplete; actual disease/source scope retained.,exploratory longitudinal patient-reported outcome analysis in a randomized phase III trial,patient-reported-outcomes;adjuvant-targeted-therapy;longitudinal-statistics;missing-data;EGFR,completely resected stage IB–IIIA EGFR-mutated nonsquamous NSCLC,exploratory longitudinal patient-reported outcome analysis in a randomized phase III trial
2022,"Identification and Management of Pathogenic Variants in BRCA1, BRCA2, and PALB2 in a Tumor-Only Genomic Testing Program",Clinical Cancer Research,35363308,10.1158/1078-0432.ccr-21-2861,PMC9167798,translational / mixed,Precision Medicine and Imaging,publisher_pdf_header,official_section,2026-09-07,included_existing_corpus,language_deep_read_2026-09-26-2021-2022-completion,yes,yes,yes,2026-09-26: 2021-2022 remaining-queue read; publisher_typeset_pdf; main text and main visuals checked; ccr-2022-35363308-language.md; supplements and acceptance incomplete; actual disease/source scope retained.,pan-cancer genomic variant-curation and germline-testing implementation study,genomics;variant-curation;germline-testing;bioinformatics;clinical-implementation;statistics,pan-cancer tumor-only sequencing cohort including NSCLC and SCLC,pan-cancer genomic variant-curation and germline-testing implementation study
2022,Inhibition of LSD1 with Bomedemstat Sensitizes Small Cell Lung Cancer to Immune Checkpoint Blockade and T-Cell Killing,Clinical Cancer Research,35920742,10.1158/1078-0432.ccr-22-1128,PMC9844673,translational / resistance,Translational Cancer Mechanisms and Therapy,aacr_article_page,official_section,2026-09-07,included_existing_corpus,language_deep_read_2026-09-26-2021-2022-completion,yes,yes,yes,2026-09-26: 2021-2022 remaining-queue read; author_manuscript; main text and main visuals checked; ccr-2022-35920742-language.md; supplement_status=not_supplied; acceptance incomplete; actual disease/source scope retained.,preclinical epigenetic sensitization to checkpoint blockade,epigenetics;bulk-transcriptomics;bioinformatics;immunotherapy;flow-cytometry;statistics,small cell lung cancer,preclinical epigenetic sensitization to checkpoint blockade
2022,"Mass Cytometry Reveals Classical Monocytes, NK Cells, and ICOS+ CD4+ T Cells Associated with Pembrolizumab Efficacy in Patients with Lung Cancer",Clinical Cancer Research,36166003,10.1158/1078-0432.ccr-22-1386,PMC10085054,translational / mixed,Translational Cancer Mechanisms and Therapy,aacr_article_page,official_section,2026-09-07,included_existing_corpus,language_deep_read_2026-09-26-2021-2022-completion,yes,yes,yes,2026-09-26: 2021-2022 remaining-queue read; author_manuscript; main text and main visuals checked; ccr-2022-36166003-language.md; supplement_status=not_supplied; acceptance incomplete; actual disease/source scope retained.,blood immune biomarker discovery and outcome association,single-cell-protein;mass-cytometry;bioinformatics;immunotherapy;survival-analysis;biomarker-development,advanced NSCLC with secondary melanoma validation,blood immune biomarker discovery and outcome association
2022,Molecular Pathways and Mechanisms of BRAF in Cancer Therapy,Clinical Cancer Research,35486097,10.1158/1078-0432.ccr-21-2138,PMC9616966,review,Review,aacr_article_page,official_section,2026-09-07,excluded_review_background_only,background_review_read_excluded_from_original_corpus,yes,no,no,2026-09-26: 2021-2022 remaining-queue read; author_manuscript; main text and main visuals checked; ccr-2022-35486097-background.md; supplement_status=not_supplied; acceptance incomplete; actual disease/source scope retained.,background narrative review of RAF pharmacology and clinical development,signaling;targeted-therapy;immunotherapy;resistance;drug-scheduling,BRAF-altered mixed cancers including NSCLC,background narrative review of RAF pharmacology and clinical development
2022,Monitoring Therapeutic Response to Anti-FAP CAR T Cells Using [18F]AlF-FAPI-74,Clinical Cancer Research,35972732,10.1158/1078-0432.ccr-22-1379,PMC9771904,preclinical / translational,Precision Medicine and Imaging,aacr_article_page,official_section,2026-09-07,included_existing_corpus,language_deep_read_2026-09-26-2021-2022-completion,yes,yes,yes,2026-09-26: 2021-2022 remaining-queue read; author_manuscript; main text and main visuals checked; ccr-2022-35972732-language.md; supplement_status=not_supplied; acceptance incomplete; actual disease/source scope retained.,preclinical pharmacodynamic PET monitoring of stroma-targeted CAR T cells,molecular-imaging;cellular-therapy;stroma;preclinical;pharmacodynamics;statistics,lung adenocarcinoma and mesothelioma xenografts,preclinical pharmacodynamic PET monitoring of stroma-targeted CAR T cells
2022,Nivolumab Retreatment in Non-Small Cell Lung Cancer Patients Who Responded to Prior Immune Checkpoint Inhibitors and Had ICI-Free Intervals (WJOG9616L),Clinical Cancer Research,35762926,10.1158/1078-0432.ccr-22-0602,PMC9662947,clinical trial,Research Briefs: Clinical Trial Brief Reports,publisher_pdf_header,official_section,2026-09-07,included_existing_corpus,language_deep_read_2026-09-26-2021-2022-completion,yes,yes,yes,2026-09-26: 2021-2022 remaining-queue read; publisher_typeset_pdf; main text and main visuals checked; ccr-2022-35762926-language.md; supplements and acceptance incomplete; actual disease/source scope retained.,lung prospective single-arm ICI-retreatment trial,immunotherapy;acquired-resistance;clinical-efficacy;IHC;circulating-tumor-cells;statistics;safety,advanced NSCLC with prior ICI benefit and subsequent resistance,lung prospective single-arm ICI-retreatment trial
2022,Novel Radiomic Measurements of Tumor-Associated Vasculature Morphology on Clinical Imaging as a Biomarker of Treatment Response in Multiple Cancers,Clinical Cancer Research,35727603,10.1158/1078-0432.ccr-21-4148,PMC9588630,diagnostic / biomarker,Precision Medicine and Imaging,aacr_article_page,official_section,2026-09-07,included_existing_corpus,language_deep_read_2026-09-26-2021-2022-completion,yes,yes,yes,image-only pages visually verified | 2026-09-26: 2021-2022 remaining-queue read; author_style_manuscript_acceptance_version_unverified; main text and main visuals checked; ccr-2022-35727603-language.md; supplement_status=reviewed; acceptance incomplete; actual disease/source scope retained.,retrospective cross-tumor radiomic response and prognostic modeling,radiomics;bioinformatics;chemotherapy;targeted-therapy;survival-analysis;model-validation,breast cancer and NSCLC,retrospective cross-tumor radiomic response and prognostic modeling
2022,PD-1T TILs as a Predictive Biomarker for Clinical Benefit to PD-1 Blockade in Patients with Advanced NSCLC,Clinical Cancer Research,35852792,10.1158/1078-0432.ccr-22-0992,PMC9762332,clinical trial,Precision Medicine and Imaging,publisher_pdf_header,official_section,2026-09-07,included_existing_corpus,language_deep_read_2026-09-26-2021-2022-completion,yes,yes,yes,2026-09-26: 2021-2022 remaining-queue read; publisher_typeset_pdf; main text and main visuals checked; ccr-2022-35852792-language.md; supplements and acceptance incomplete; actual disease/source scope retained.,retrospective split-sample digital immune-pathology biomarker study,immunotherapy;digital-pathology;spatial-immune-architecture;bioinformatics;statistics,advanced NSCLC receiving later-line PD-1 monotherapy,retrospective split-sample digital immune-pathology biomarker study
2022,"Phase I Study of Taminadenant (PBF509/NIR178), an Adenosine 2A Receptor Antagonist, with or without Spartalizumab (PDR001), in Patients with Advanced Non-Small Cell Lung Cancer",Clinical Cancer Research,35254415,10.1158/1078-0432.ccr-21-2742,PMC9167697,preclinical / translational,Clinical Trials: Immunotherapy,aacr_article_page,official_section,2026-09-07,included_existing_corpus,language_deep_read_2026-09-26-2021-2022-completion,yes,yes,yes,2026-09-26: 2021-2022 remaining-queue read; author_manuscript; main text and main visuals checked; ccr-2022-35254415-language.md; supplements and acceptance incomplete; actual disease/source scope retained.,phase I dose escalation of adenosine antagonism with or without PD-1 blockade,immunotherapy;adenosine-signaling;targeted-transcriptomics;pharmacokinetics;statistics,advanced non-small cell lung cancer,phase I dose escalation of adenosine antagonism with or without PD-1 blockade
2022,"Phase Ia/b, Open-Label, Multicenter Study of AZD4635 (an Adenosine A2A Receptor Antagonist) as Monotherapy or Combined with Durvalumab, in Patients with Solid Tumors",Clinical Cancer Research,36044531,10.1158/1078-0432.ccr-22-0612,PMC9660540,clinical trial,Clinical Trials: Targeted Therapy,publisher_pdf_header,official_section,2026-09-07,included_existing_corpus,language_deep_read_2026-09-26-2021-2022-completion,yes,yes,yes,2026-09-26: 2021-2022 remaining-queue read; publisher_typeset_pdf; main text and main visuals checked; ccr-2022-36044531-language.md; supplement_status=not_supplied; acceptance incomplete; actual disease/source scope retained.,clinical-trial,early-phase trial;adenosine immunotherapy;targeted transcriptomics;pharmacokinetics;survival statistics,mixed solid tumors; mCRPC-focused; checkpoint-pretreated NSCLC subgroup,clinical-trial
2022,Quantitative Spatial Profiling of TILs as the Next Step beyond PD-L1 Testing for Immune Checkpoint Blockade,Clinical Cancer Research,36103258,10.1158/1078-0432.ccr-22-2277,PMC9669208,commentary,CCR Translations,aacr_article_page,official_section,2026-09-07,excluded_commentary_legacy_index_only,newly_read,yes,no,no,commentary without standard section headings; full page-level text reviewed,,,,
2022,Radioimmunotherapy Targeting Delta-like Ligand 3 in Small Cell Lung Cancer Exhibits Antitumor Efficacy with Low Toxicity,Clinical Cancer Research,35046060,10.1158/1078-0432.ccr-21-1533,PMC8976830,clinical trial,Precision Medicine and Imaging,aacr_article_page,official_section,2026-09-07,included_existing_corpus,language_deep_read_2026-09-26-2021-2022-completion,yes,yes,yes,2026-09-26: 2021-2022 remaining-queue read; author_manuscript; main text and main visuals checked; ccr-2022-35046060-language.md; supplement_status=not_supplied; acceptance incomplete; actual disease/source scope retained.,preclinical-mechanism,DLL3 targeted therapy;radioimmunotherapy;dosimetry;pathology;preclinical toxicity,SCLC xenografts; A549 negative assay control,preclinical-mechanism
2022,RASGRF1 Fusions Activate Oncogenic RAS Signaling and Confer Sensitivity to MEK Inhibition,Clinical Cancer Research,35247929,10.1158/1078-0432.ccr-21-4291,PMC9288503,preclinical / translational,Translational Cancer Mechanisms and Therapy,aacr_article_page,official_section,2026-09-07,included_existing_corpus,language_deep_read_2026-09-26-2021-2022-completion,yes,yes,yes,2026-09-26: 2021-2022 remaining-queue read; author_manuscript; main text and main visuals checked; ccr-2022-35247929-language.md; supplement_status=not_supplied; acceptance incomplete; actual disease/source scope retained.,preclinical-mechanism,genomics;bulk transcriptomics;fusion discovery;bioinformatics;RAS signaling;MEK inhibitor;experimental transformation,LUAD discovery; pancreatic cancer and sarcoma fusion validation,preclinical-mechanism
2022,Rb Tumor Suppressor in Small Cell Lung Cancer: Combined Genomic and IHC Analysis with a Description of a Distinct Rb-Proficient Subset,Clinical Cancer Research,35792876,10.1158/1078-0432.ccr-22-1115,PMC9623236,preclinical / translational,Translational Cancer Mechanisms and Therapy,publisher_pdf_header,official_section,2026-09-07,included_existing_corpus,language_deep_read_2026-09-26-2021-2022-completion,yes,yes,yes,2026-09-26: 2021-2022 remaining-queue read; publisher_typeset_pdf; main text and main visuals checked; ccr-2022-35792876-language.md; supplement_status=not_supplied; acceptance incomplete; actual disease/source scope retained.,clinical-correlative,genomics;IHC;RB1 functional status;STK11 KEAP1 co-mutation;clinicopathology;survival;bioinformatics,de novo SCLC including combined SCLC/NSCLC,clinical-correlative
2022,"Replication of Overall Survival, Progression-Free Survival, and Overall Response in Chemotherapy Arms of Non-Small Cell Lung Cancer Trials Using Real-World Data",Clinical Cancer Research,35511917,10.1158/1078-0432.ccr-22-0471,PMC9355621,clinical trial,Clinical Trials: Immunotherapy,publisher_pdf_header,official_section,2026-09-07,included_existing_corpus,language_deep_read_2026-09-26-2021-2022-completion,yes,yes,yes,2026-09-26: 2021-2022 remaining-queue read; publisher_typeset_pdf; main text and main visuals checked; ccr-2022-35511917-language.md; supplements and acceptance incomplete; actual disease/source scope retained.,real-world external-control and endpoint-replication methodology study,real-world-evidence;bioinformatics;propensity-score;external-controls;endpoint-validation;statistics,first-line advanced NSCLC chemotherapy comparator cohorts,real-world external-control and endpoint-replication methodology study
2022,Systemic and Oligo-Acquired Resistance to PD-(L)1 Blockade in Lung Cancer,Clinical Cancer Research,35767426,10.1158/1078-0432.ccr-22-0657,PMC10448606,clinical trial,Translational Cancer Mechanisms and Therapy,aacr_article_page,official_section,2026-09-07,included_existing_corpus,language_deep_read_2026-09-26-2021-2022-completion,yes,yes,yes,2026-09-26: 2021-2022 remaining-queue read; author_manuscript; main text and main visuals checked; ccr-2022-35767426-language.md; supplements and acceptance incomplete; actual disease/source scope retained.,retrospective clinicogenomic resistance-pattern and local-therapy outcome study,genomics;TMB;immunotherapy;acquired-resistance;local-therapy;statistics,metastatic NSCLC with acquired resistance after PD-(L)1 response,retrospective clinicogenomic resistance-pattern and local-therapy outcome study
2022,Targeting Podoplanin for the Treatment of Osteosarcoma,Clinical Cancer Research,35381070,10.1158/1078-0432.ccr-21-4509,PMC9359727,preclinical / translational,Translational Cancer Mechanisms and Therapy,publisher_pdf_header,official_section,2026-09-07,included_existing_corpus,language_deep_read_2026-09-26-2021-2022-completion,yes,yes,yes,2026-09-26: 2021-2022 remaining-queue read; publisher_typeset_pdf; main text and main visuals checked; ccr-2022-35381070-language.md; supplement_status=not_supplied; acceptance incomplete; actual disease/source scope retained.,cross-tumor-methods,osteosarcoma;platelet biology;antibody humanization;RTK signaling;experimental metastasis;preclinical safety,osteosarcoma with experimental pulmonary metastasis,cross-tumor-methods
2022,Targeting the Ubiquitin-Proteasome System Using the UBA1 Inhibitor TAK-243 is a Potential Therapeutic Strategy for Small-Cell Lung Cancer,Clinical Cancer Research,35165102,10.1158/1078-0432.ccr-21-0344,PMC9365348,translational / resistance,Translational Cancer Mechanisms and Therapy,publisher_pdf_header,official_section,2026-09-07,included_existing_corpus,language_deep_read_2026-09-26-2021-2022-completion,yes,yes,yes,2026-09-26: 2021-2022 remaining-queue read; publisher_typeset_pdf; main text and main visuals checked; ccr-2022-35165102-language.md; supplement_status=not_supplied; acceptance incomplete; actual disease/source scope retained.,preclinical-mechanism,functional genomics;bulk transcriptomics;bioinformatics;UBA1;PARP inhibition;drug synergy;radiotherapy;PDX,SCLC cell lines and patient-derived xenografts,preclinical-mechanism
2022,Tepotinib Efficacy and Safety in Patients with MET Exon 14 Skipping NSCLC: Outcomes in Patient Subgroups from the VISION Study with Relevance for Clinical Practice,Clinical Cancer Research,34789481,10.1158/1078-0432.ccr-21-2733,PMC9365370,clinical trial,Clinical Trials: Targeted Therapy,publisher_pdf_header,official_section,2026-09-07,included_existing_corpus,language_deep_read_2026-09-26-2021-2022-completion,yes,yes,yes,2026-09-26: 2021-2022 remaining-queue read; publisher_typeset_pdf; main text and main visuals checked; ccr-2022-34789481-language.md; supplements and acceptance incomplete; actual disease/source scope retained.,single-arm phase II subgroup and retrospective intracranial-response analysis,MET;targeted-therapy;brain-metastasis;clinical-efficacy;safety;statistics,advanced MET exon14-skipping NSCLC,single-arm phase II subgroup and retrospective intracranial-response analysis
2022,The Liver-Immunity Nexus and Cancer Immunotherapy,Clinical Cancer Research,34285059,10.1158/1078-0432.ccr-21-1193,PMC8897983,review,Review,publisher_pdf_header,official_section,2026-09-07,excluded_review_background_only,background_review_read_excluded_from_original_corpus,yes,no,no,2026-09-26: 2021-2022 remaining-queue read; publisher_typeset_pdf; main text and main visuals checked; ccr-2022-34285059-background.md; supplements and acceptance incomplete; actual disease/source scope retained.,background narrative review of hepatic immunity and immunotherapy,immunotherapy;liver-metastases;tumor-immunology;secondary-omics-background,cross-tumor liver metastases including melanoma and NSCLC,background narrative review of hepatic immunity and immunotherapy
2022,The Pan-Tumor Landscape of Targetable Kinase Fusions in Circulating Tumor DNA,Clinical Cancer Research,34753780,10.1158/1078-0432.ccr-21-2136,PMC9377769,biomarker / liquid biopsy,Precision Medicine and Imaging,publisher_pdf_header,official_section,2026-09-07,included_existing_corpus,language_deep_read_2026-09-26-2021-2022-completion,yes,yes,yes,2026-09-26: 2021-2022 remaining-queue read; publisher_typeset_pdf; main text and main visuals checked; ccr-2022-34753780-language.md; supplements and acceptance incomplete; actual disease/source scope retained.,pan-tumor liquid-biopsy genomics and assay-concordance methods with lung-specific analyses,genomics;fusion-genes;liquid-biopsy;bioinformatics;assay-concordance;targeted-therapy-resistance;statistics,"pan-tumor genomic profiling including NSCLC, cholangiocarcinoma, colorectal and breast cancers",pan-tumor liquid-biopsy genomics and assay-concordance methods with lung-specific analyses
2022,Updated Integrated Analysis of the Efficacy and Safety of Entrectinib in Patients With NTRK Fusion-Positive Solid Tumors,Clinical Cancer Research,35144967,10.1158/1078-0432.ccr-21-3597,PMC9365368,clinical trial,Clinical Trials: Targeted Therapy,publisher_pdf_header,official_section,2026-09-07,included_existing_corpus,language_deep_read_2026-09-26-2021-2022-completion,yes,yes,yes,2026-09-26: 2021-2022 remaining-queue read; publisher_typeset_pdf; main text and main visuals checked; ccr-2022-35144967-language.md; supplements and acceptance incomplete; actual disease/source scope retained.,integrated nonrandomized phase I/II tumor-agnostic efficacy and safety analysis,NTRK-fusions;targeted-therapy;basket-trial;brain-metastasis;clinical-efficacy;safety;statistics,NTRK fusion-positive solid tumors including22NSCLC patients,integrated nonrandomized phase I/II tumor-agnostic efficacy and safety analysis
2023,A Phase I/II Trial of Oral SRA737 (a Chk1 Inhibitor) Given in Combination with Low-Dose Gemcitabine in Patients with Advanced Cancer,Clinical Cancer Research,36378548,10.1158/1078-0432.ccr-22-2074,PMC10539020,clinical trial,Clinical Trials: Targeted Therapy,publisher_pdf_header,official_section,2026-09-07,included_existing_corpus,language_deep_read_2026-09-26-2023-completion,yes,yes,yes,2026-09-26: 2023 queue read; prior processing=newly_read; publisher_typeset_pdf; main scientific text and visuals checked; see ccr-2023-36378548-language.md. Separate supplementary analyses not read; acceptance not reviewed. Main-text completion and section-language curation recorded; historical quantitative corpus flags preserved.,cross-tumor-early-phase-methods,CHK1;SRA737;gemcitabine;phase-I-II;RP2D;PK;safety,mixed advanced solid tumors including a small SCLC cohort,cross-tumor-early-phase-methods
2023,A Phase II Clinical Trial of Nivolumab and Temozolomide for Neuroendocrine Neoplasms,Clinical Cancer Research,36255391,10.1158/1078-0432.ccr-22-1552,PMC9932582,clinical trial,Clinical Trials: Immunotherapy,publisher_pdf_header,official_section,2026-09-07,included_existing_corpus,language_deep_read_2026-09-26-2023-completion,yes,yes,yes,2026-09-26: 2023 queue read; prior processing=newly_read; publisher_typeset_pdf; main scientific text and visuals checked; see ccr-2023-36255391-language.md. Separate supplementary analyses not read; acceptance not reviewed. Main-text completion and section-language curation recorded; historical quantitative corpus flags preserved.,cross-tumor-immunotherapy-clinical-methods,neuroendocrine-neoplasm;nivolumab;temozolomide;CyTOF;immune-phenotyping;phase-II,mixed neuroendocrine neoplasms including pulmonary carcinoids; not SCLC,cross-tumor-immunotherapy-clinical-methods
2023,A Phase II Window of Opportunity Study of Neoadjuvant PD-L1 versus PD-L1 plus CTLA-4 Blockade for Patients with Malignant Pleural Mesothelioma,Clinical Cancer Research,36469573,10.1158/1078-0432.ccr-22-2566,PMC9898180,clinical trial,Clinical Trials: Immunotherapy,aacr_article_page,official_section,2026-09-07,included_existing_corpus,language_deep_read_2026-09-26-2023-completion,yes,yes,yes,2026-09-26: 2023 queue read; prior processing=newly_read; author_manuscript; main scientific text and visuals checked; see ccr-2023-36469573-language.md. Separate supplementary analyses not read; acceptance not reviewed. Main-text completion and section-language curation recorded; historical quantitative corpus flags preserved.,thoracic-spatial-proteomic-window-study,mesothelioma;neoadjuvant;durvalumab;tremelimumab;IMC;CyTOF;TLS,resectable pleural mesothelioma; not NSCLC,thoracic-spatial-proteomic-window-study
2023,Association of Antifolate Response Signature Status and Clinical Activity of Pemetrexed-Platinum Chemotherapy in Non-Small Cell Lung Cancer: The Piedmont Study,Clinical Cancer Research,37233991,10.1158/1078-0432.ccr-22-2558,PMC10425722,retrospective-clinical,Translational Cancer Mechanisms and Therapy,publisher_pdf_header,official_section,2026-09-07,included_existing_corpus,language_deep_read_2026-09-26-2023-completion,yes,yes,yes,2026-09-26: 2023 queue read; prior processing=newly_read; publisher_typeset_pdf; main scientific text and visuals checked; see ccr-2023-37233991-language.md. Separate supplementary analyses not read; acceptance not reviewed. Main-text completion and section-language curation recorded; historical quantitative corpus flags preserved.,lung-transcriptomic-treatment-association,RNA-seq;AF-PRS;classifier;antifolate;pemetrexed;chemoimmunotherapy,NSCLC; mixed stage III/IV cohort,lung-transcriptomic-treatment-association
2023,ATM Mutations Associate with Distinct Co-Mutational Patterns and Therapeutic Vulnerabilities in NSCLC,Clinical Cancer Research,37733794,10.1158/1078-0432.ccr-23-1122,PMC10690143,translational / mixed,Translational Cancer Mechanisms and Therapy,publisher_pdf_header,official_section,2026-09-07,included_existing_corpus,language_deep_read_2026-09-14,yes,yes,yes,User-designated STK11 priority reference; 15-page main PDF and main figures/tables reviewed; section-indexed language catalog included; supplements not supplied or independently reviewed; published truncating-ATM HR/CI inconsistency quarantined,,,,
2023,"BBT-176, a Novel Fourth-Generation Tyrosine Kinase Inhibitor for Osimertinib-Resistant EGFR Mutations in Non-Small Cell Lung Cancer",Clinical Cancer Research,37249619,10.1158/1078-0432.ccr-22-3901,PMC10425724,preclinical / translational,Clinical Trials: Targeted Therapy,publisher_pdf_header,official_section,2026-09-07,included_existing_corpus,language_deep_read_2026-09-26-2023-completion,yes,yes,yes,2026-09-26: 2023 queue read; prior processing=newly_read; publisher_typeset_pdf; main scientific text and visuals checked; see ccr-2023-37249619-language.md. Separate supplementary analyses not read; acceptance not reviewed. Main-text completion and section-language curation recorded; historical quantitative corpus flags preserved.,lung-preclinical-early-clinical-targeted-therapy,EGFR-C797S;BBT176;BaF3;ENU;PDX;resistance;case-vignette,EGFR-mutant NSCLC models and two selected clinical cases,lung-preclinical-early-clinical-targeted-therapy
2023,Breakthrough Therapy Designation Criteria Identify Drugs that Improve Clinical Outcomes for Patients: A Case for More Streamlined Coverage of Promising Therapies,Clinical Cancer Research,35616593,10.1158/1078-0432.ccr-22-0983,PMC10324637,policy perspective,Perspectives,publisher_pdf_header,official_section,2026-09-07,excluded_perspective_background_only,background_review_read_excluded_from_original_corpus,yes,no,no,"2026-09-26: 2023 queue read; prior processing=newly_read; publisher_typeset_pdf; main scientific text and visuals checked; see ccr-2023-35616593-background.md. Separate supplementary analyses not read; acceptance not reviewed. Genre corrected; background only, excluded from reusable original-study catalog.",background-policy-perspective-only,FDA;NCCN;breakthrough-designation;policy-perspective,NSCLC approval-level secondary analysis,background-policy-perspective-only
2023,Brief Report: Combination of Osimertinib and Dacomitinib to Mitigate Primary and Acquired Resistance in EGFR-Mutant Lung Adenocarcinomas,Clinical Cancer Research,36729110,10.1158/1078-0432.ccr-22-3484,PMC10150646,clinical trial,Research Briefs: Clinical Trial Brief Reports,aacr_article_page,official_section,2026-09-07,included_existing_corpus,language_deep_read_2026-09-26-2023-completion,yes,yes,yes,2026-09-26: 2023 queue read; prior processing=newly_read; author_manuscript; main scientific text and visuals checked; see ccr-2023-36729110-language.md. Separate supplementary analyses not read; acceptance not reviewed. Main-text completion and section-language curation recorded; historical quantitative corpus flags preserved.,lung-early-phase-resistance-genomics,EGFR;on-target-resistance;bypass-resistance;paired-NGS;VAF;dual-TKI;tolerability,EGFR-mutant lung adenocarcinoma,lung-early-phase-resistance-genomics
2023,Circulating Tumor DNA Monitoring on Chemo-immunotherapy for Risk Stratification in Advanced Non-Small Cell Lung Cancer,Clinical Cancer Research,37702716,10.1158/1078-0432.ccr-23-1578,PMC10643998,clinical-correlative,Precision Medicine and Imaging,publisher_pdf_header,official_section,2026-09-07,included_existing_corpus,language_deep_read_2026-09-26-2023-completion,yes,yes,yes,2026-09-26: 2023 queue read; prior processing=newly_read; publisher_typeset_pdf; main scientific text and visuals checked; see ccr-2023-37702716-language.md. Separate supplementary analyses not read; acceptance not reviewed. Main-text completion and section-language curation recorded; historical quantitative corpus flags preserved.,lung-randomized-trial-biomarker-reanalysis,ctDNA;landmark-analysis;chemoimmunotherapy;clonal-hematopoiesis;treatment-duration,advanced squamous NSCLC; IMpower131 biomarker subset,lung-randomized-trial-biomarker-reanalysis
2023,Clinical and Molecular Features of Long-term Response to Immune Checkpoint Inhibitors in Patients with Advanced Non-Small Cell Lung Cancer,Clinical Cancer Research,37432985,10.1158/1078-0432.ccr-23-1207,PMC10618656,retrospective-clinical,Precision Medicine and Imaging,publisher_pdf_header,official_section,2026-09-07,included_existing_corpus,language_deep_read_2026-09-26-2023-completion,yes,yes,yes,2026-09-26: 2023 queue read; prior processing=newly_read; publisher_typeset_pdf; main scientific text and visuals checked; see ccr-2023-37432985-language.md. Separate supplementary analyses not read; acceptance not reviewed. Main-text completion and section-language curation recorded; historical quantitative corpus flags preserved.,lung-clinicogenomic-response-duration,long-term-response;immunotherapy;WES;clonal-TMB;STK11;multiple-testing,advanced NSCLC treated with ICI,lung-clinicogenomic-response-duration
2023,"Clinicopathologic, Genomic, and Immunophenotypic Landscape of ATM Mutations in Non-Small Cell Lung Cancer",Clinical Cancer Research,37097610,10.1158/1078-0432.ccr-22-3413,PMC11031845,translational / mixed,Translational Cancer Mechanisms and Therapy,aacr_article_page,official_section,2026-09-07,included_existing_corpus,language_deep_read_2026-09-14,yes,yes,yes,User-designated STK11 priority reference; 22-page main PDF and main figures/tables reviewed; section-indexed language catalog included; supplements not supplied or independently reviewed; deleterious-mutation count discrepancy retained,,,,
2023,Combination Therapies Targeting ALK-aberrant Neuroblastoma in Preclinical Models,Clinical Cancer Research,36602782,10.1158/1078-0432.ccr-22-2274,PMC10068437,preclinical / translational,Translational Cancer Mechanisms and Therapy,publisher_pdf_header,official_section,2026-09-07,included_existing_corpus,language_deep_read_2026-09-26-2023-completion,yes,yes,yes,2026-09-26: 2023 queue read; prior processing=newly_read; publisher_typeset_pdf; main scientific text and visuals checked; see ccr-2023-36602782-language.md. Separate supplementary analyses not read; acceptance not reviewed. Main-text completion and section-language curation recorded; historical quantitative corpus flags preserved.,cross-tumor-preclinical-methods,ALK;neuroblastoma;brigatinib;lorlatinib;PDTC;PDX;GEMM;lineage-state,ALK-altered neuroblastoma; not ALK-fusion NSCLC,cross-tumor-preclinical-methods
2023,Crizotinib Has Preclinical Efficacy in Philadelphia-Negative Myeloproliferative Neoplasms,Clinical Cancer Research,36537918,10.1158/1078-0432.ccr-22-1763,PMC9992133,preclinical / translational,Translational Cancer Mechanisms and Therapy,aacr_article_page,official_section,2026-09-07,included_existing_corpus,language_deep_read_2026-09-26-2023-completion,yes,yes,yes,2026-09-26: 2023 queue read; prior processing=newly_read; author_manuscript; main scientific text and visuals checked; see ccr-2023-36537918-language.md. Separate supplementary analyses not read; acceptance not reviewed. Main-text completion and section-language curation recorded; historical quantitative corpus flags preserved.,cross-tumor-preclinical-repurposing,JAK2;MPN;MST1R-RON;crizotinib;coimmunoprecipitation;ZIP;erythropoiesis,myeloproliferative neoplasms; index lung-cancer comorbidity case,cross-tumor-preclinical-repurposing
2023,ctDNA Monitoring for Small Cell Lung Cancer: Ready for Prime Time?,Clinical Cancer Research,37097069,10.1158/1078-0432.ccr-23-0420,PMC10330146,commentary,CCR Translations,aacr_article_page,official_section,2026-09-07,excluded_commentary_legacy_index_only,newly_read,yes,no,no,commentary without standard section headings; full page-level text reviewed,,,,
2023,De Novo and Histologically Transformed Small-Cell Lung Cancer Is Sensitive to Lurbinectedin Treatment Through the Modulation of EMT and NOTCH Signaling Pathways,Clinical Cancer Research,37382635,10.1158/1078-0432.ccr-23-0471,PMC10901109,preclinical / translational,Translational Cancer Mechanisms and Therapy,aacr_article_page,official_section,2026-09-07,included_existing_corpus,language_deep_read_2026-09-26-2023-completion,yes,yes,yes,2026-09-26: 2023 queue read; prior processing=newly_read; author_manuscript; main scientific text and visuals checked; see ccr-2023-37382635-language.md. Separate supplementary analyses not read; acceptance not reviewed. Main-text completion and section-language curation recorded; historical quantitative corpus flags preserved.,lung-preclinical-transcriptomic-therapy,SCLC;lurbinectedin;DDR;ATR;RNA-seq;PDX;lineage-subtype,de novo and transformed SCLC models,lung-preclinical-transcriptomic-therapy
2023,Dynamic Mutational Landscape of Cerebrospinal Fluid Circulating Tumor DNA and Predictors of Survival after Proton Craniospinal Irradiation for Leptomeningeal Metastases,Clinical Cancer Research,36449664,10.1158/1078-0432.ccr-22-2434,PMC9957915,clinical-correlative,Precision Medicine and Imaging,aacr_article_page,official_section,2026-09-07,included_existing_corpus,language_deep_read_2026-09-26-2023-completion,yes,yes,yes,2026-09-26: 2023 queue read; prior processing=newly_read; author_manuscript; main scientific text and visuals checked; see ccr-2023-36449664-language.md. Separate supplementary analyses not read; acceptance not reviewed. Main-text completion and section-language curation recorded; historical quantitative corpus flags preserved.,thoracic-enriched-CSF-biomarker,CSF-cfDNA;leptomeningeal-metastasis;proton-CSI;CCF;clonal-evolution;concordance,mixed leptomeningeal metastases;9/14 NSCLC,thoracic-enriched-CSF-biomarker
2023,Dynamics of Sequence and Structural Cell-Free DNA Landscapes in Small-Cell Lung Cancer,Clinical Cancer Research,37071497,10.1158/1078-0432.ccr-22-2242,PMC10261918,retrospective-clinical,Translational Cancer Mechanisms and Therapy,publisher_pdf_header,official_section,2026-09-07,included_existing_corpus,language_deep_read_2026-09-26-2023-completion,yes,yes,yes,2026-09-26: 2023 queue read; prior processing=newly_read; publisher_typeset_pdf; main scientific text and visuals checked; see ccr-2023-37071497-language.md. Separate supplementary analyses not read; acceptance not reviewed. Main-text completion and section-language curation recorded; historical quantitative corpus flags preserved.,lung-longitudinal-liquid-biopsy,SCLC;cfDNA;targeted-sequencing;copy-number;clonal-hematopoiesis;response,SCLC; mixed treatment lines and regimens,lung-longitudinal-liquid-biopsy
2023,Early Changes in Circulating Cell-Free KRAS G12C Predict Response to Adagrasib in KRAS Mutant Non-Small Cell Lung Cancer Patients,Clinical Cancer Research,37279096,10.1158/1078-0432.ccr-23-0795,PMC10527102,clinical-correlative,Precision Medicine and Imaging,aacr_article_page,official_section,2026-09-07,included_existing_corpus,language_deep_read_2026-09-26-2023-completion,yes,yes,yes,2026-09-26: 2023 queue read; prior processing=newly_read; author_manuscript; main scientific text and visuals checked; see ccr-2023-37279096-language.md. Separate supplementary analyses not read; acceptance not reviewed. Main-text completion and section-language curation recorded; historical quantitative corpus flags preserved.,lung-serial-liquid-biopsy,KRAS-G12C;ctDNA;ddPCR;adagrasib;early-response;survival,advanced KRAS G12C-mutant NSCLC,lung-serial-liquid-biopsy
2023,Efficacy of Osimertinib in Patients with Lung Cancer Positive for Uncommon EGFR Exon 19 Deletion Mutations,Clinical Cancer Research,36913537,10.1158/1078-0432.ccr-22-3497,PMC10493186,retrospective-clinical,Translational Cancer Mechanisms and Therapy,aacr_article_page,official_section,2026-09-07,included_existing_corpus,language_deep_read_2026-09-26-2023-completion,yes,yes,yes,2026-09-26: 2023 queue read; prior processing=newly_read; author_manuscript; main scientific text and visuals checked; see ccr-2023-36913537-language.md. Separate supplementary analyses not read; acceptance not reviewed. Main-text completion and section-language curation recorded; historical quantitative corpus flags preserved.,lung-clinicogenomic-variant-stratification,uncommon-EGFR;GENIE;osimertinib;allelic-context;real-world-PFS;genomics,EGFR-mutant NSCLC,lung-clinicogenomic-variant-stratification
2023,Entinostat Enhances the Efficacy of Chemotherapy in Small Cell Lung Cancer Through S-phase Arrest and Decreased Base Excision Repair,Clinical Cancer Research,37725585,10.1158/1078-0432.ccr-23-1795,PMC10644001,preclinical / translational,Translational Cancer Mechanisms and Therapy,publisher_pdf_header,official_section,2026-09-07,included_existing_corpus,language_deep_read_2026-09-26-2023-completion,yes,yes,yes,2026-09-26: 2023 queue read; prior processing=newly_read; publisher_typeset_pdf; main scientific text and visuals checked; see ccr-2023-37725585-language.md. Separate supplementary analyses not read; acceptance not reviewed. Main-text completion and section-language curation recorded; historical quantitative corpus flags preserved.,lung-preclinical-proteomic-response,SCLC;entinostat;cisplatin;proteomics;BER;HSA;comet-assay,SCLC cell lines and one H841 xenograft,lung-preclinical-proteomic-response
2023,Facts and Hopes on RAS Inhibitors and Cancer Immunotherapy,Clinical Cancer Research,37581538,10.1158/1078-0432.ccr-22-3655,PMC10722141,review,Review,publisher_pdf_header,official_section,2026-09-07,excluded_review_background_only,background_review_read_excluded_from_original_corpus,yes,no,no,"2026-09-26: 2023 queue read; prior processing=newly_read; publisher_typeset_pdf; main scientific text and visuals checked; see ccr-2023-37581538-background.md. Separate supplementary analyses not read; acceptance not reviewed. Genre corrected; background only, excluded from reusable original-study catalog.",background-review-only,RAS;immunotherapy;review,mixed RAS-mutant cancers,background-review-only
2023,FDA Approval Summary: Amivantamab for the Treatment of Patients with Non-Small Cell Lung Cancer with EGFR Exon 20 Insertion Mutations,Clinical Cancer Research,37022784,10.1158/1078-0432.ccr-22-3713,PMC10523842,regulatory analysis,CCR Drug Updates,aacr_article_page,official_section,2026-09-07,included_existing_corpus,language_deep_read_2026-09-26-2023-completion,yes,yes,yes,2026-09-26: 2023 queue read; prior processing=newly_read; author_manuscript; main scientific text and visuals checked; see ccr-2023-37022784-language.md. Separate supplementary analyses not read; acceptance not reviewed. Main-text completion and section-language curation recorded; historical quantitative corpus flags preserved.,lung-regulatory-targeted-therapy,EGFR-exon20ins;MET;bispecific-antibody;ORR;DOR;infusion-reaction;companion-diagnostic,platinum-pretreated EGFR exon20 insertion NSCLC,lung-regulatory-targeted-therapy
2023,FDA Approval Summary: Atezolizumab as Adjuvant Treatment following Surgical Resection and Platinum-Based Chemotherapy for Stage II to IIIA NSCLC,Clinical Cancer Research,36951523,10.1158/1078-0432.ccr-22-3699,PMC10440223,regulatory analysis,CCR Drug Updates,aacr_article_page,official_section,2026-09-07,included_existing_corpus,language_deep_read_2026-09-26-2023-completion,yes,yes,yes,2026-09-26: 2023 queue read; prior processing=newly_read; author_manuscript; main scientific text and visuals checked; see ccr-2023-36951523-language.md. Separate supplementary analyses not read; acceptance not reviewed. Main-text completion and section-language curation recorded; historical quantitative corpus flags preserved.,lung-regulatory-randomized-immunotherapy,adjuvant-immunotherapy;PD-L1;hierarchical-testing;DFS;OS;assay-cutoff;safety,resected stage II–IIIA NSCLC after platinum chemotherapy,lung-regulatory-randomized-immunotherapy
2023,FDA Approval Summary: Mobocertinib for Metastatic Non-Small Cell Lung Cancer with EGFR Exon 20 Insertion Mutations,Clinical Cancer Research,36112541,10.1158/1078-0432.ccr-22-2072,PMC9898076,regulatory analysis,CCR Drug Updates,aacr_article_page,official_section,2026-09-07,included_existing_corpus,language_deep_read_2026-09-26-2023-completion,yes,yes,yes,2026-09-26: 2023 queue read; prior processing=newly_read; author_manuscript; main scientific text and visuals checked; see ccr-2023-36112541-language.md. Separate supplementary analyses not read; acceptance not reviewed. Main-text completion and section-language curation recorded; historical quantitative corpus flags preserved.,lung-historical-regulatory-targeted-therapy,EGFR-exon20ins;oral-TKI;BICR;response-duration;QTc;exposure-safety;regulatory-analysis,platinum-pretreated EGFR exon20 insertion NSCLC,lung-historical-regulatory-targeted-therapy
2023,FDA Approval Summary: Selpercatinib for the Treatment of Advanced RET Fusion-Positive Solid Tumors,Clinical Cancer Research,37265412,10.1158/1078-0432.ccr-23-0459,PMC10524590,regulatory analysis,CCR Drug Updates,aacr_article_page,official_section,2026-09-23,included_existing_corpus,language_deep_read_2026-09-26-2023-completion,yes,no,no,"PMID 37265412 verified against PubMed/DOI; an earlier legacy join incorrectly recorded 37219515. FDA approval summary/regulatory analysis, not an independent clinical trial or narrative review. | 2026-09-26: 2023 queue read; prior processing=pdf_acquired_not_deep_read; author_manuscript; main scientific text and visuals checked; see ccr-2023-37265412-language.md. Separate supplementary analyses not read; acceptance not reviewed. Main-text completion and section-language curation recorded; historical quantitative corpus flags preserved.",FDA approval summary / regulatory analysis,RET-fusion;basket-trial;BIRC;ORR;DOR;regulatory-analysis;safety,RET fusion-positive solid tumors; separate NSCLC update,regulatory-analysis
2023,Five-Year Clinical Outcomes after Neoadjuvant Nivolumab in Resectable Non-Small Cell Lung Cancer,Clinical Cancer Research,36794455,10.1158/1078-0432.ccr-22-2994,PMC9932577,clinical trial,Research Briefs: Clinical Trial Brief Reports,publisher_pdf_header,official_section,2026-09-07,included_existing_corpus,language_deep_read_2026-09-26-2023-completion,yes,yes,yes,2026-09-26: 2023 queue read; prior processing=newly_read; publisher_typeset_pdf; main scientific text and visuals checked; see ccr-2023-36794455-language.md. Separate supplementary analyses not read; acceptance not reviewed. Main-text completion and section-language curation recorded; historical quantitative corpus flags preserved.,lung-long-term-clinical-followup,neoadjuvant-immunotherapy;MPR;pCR;RVT;RFS;PD-L1;WES;STK11-incidental-case,resectable stage I–IIIA NSCLC,lung-long-term-clinical-followup
2023,IL6 Mediates Suppression of T- and NK-cell Function in EMT-associated TKI-resistant EGFR-mutant NSCLC,Clinical Cancer Research,36595561,10.1158/1078-0432.ccr-22-3379,PMC10290888,preclinical / translational,Translational Cancer Mechanisms and Therapy,aacr_article_page,official_section,2026-09-07,included_existing_corpus,language_deep_read_2026-09-26-2023-completion,yes,yes,yes,2026-09-26: 2023 queue read; prior processing=newly_read; author_manuscript; main scientific text and visuals checked; see ccr-2023-36595561-language.md. Separate supplementary analyses not read; acceptance not reviewed. Main-text completion and section-language curation recorded; historical quantitative corpus flags preserved.,lung-preclinical-immunotherapy-mechanism,EGFR;IL6;PD1;immune-suppression;doxycycline-withdrawal;cytokine;NK,EGFR-mutant NSCLC models and small paired patient series,lung-preclinical-immunotherapy-mechanism
2023,Immunogenomic Landscape of Neuroendocrine Prostate Cancer,Clinical Cancer Research,37223924,10.1158/1078-0432.ccr-22-3743,PMC10524949,retrospective-clinical,Translational Cancer Mechanisms and Therapy,aacr_article_page,official_section,2026-09-07,included_existing_corpus,language_deep_read_2026-09-26-2023-completion,yes,yes,yes,2026-09-26: 2023 queue read; prior processing=newly_read; author_manuscript; main scientific text and visuals checked; see ccr-2023-37223924-language.md. Separate supplementary analyses not read; acceptance not reviewed. Main-text completion and section-language curation recorded; historical quantitative corpus flags preserved.,cross-tumor-immunogenomic-methods,NEPC;WES;bulk-RNA-seq;WGCNA;immune-signature;SCLC-comparator,neuroendocrine prostate cancer with SCLC comparator,cross-tumor-immunogenomic-methods
2023,Novel Lymphocyte-Independent Antitumor Activity by PD-1 Blocking Antibody against PD-1+ Chemoresistant Lung Cancer Cells,Clinical Cancer Research,36165915,10.1158/1078-0432.ccr-22-0761,PMC9890136,preclinical / translational,Translational Cancer Mechanisms and Therapy,publisher_pdf_header,official_section,2026-09-07,included_existing_corpus,language_deep_read_2026-09-26-2023-completion,yes,yes,yes,2026-09-26: 2023 queue read; prior processing=newly_read; publisher_typeset_pdf; main scientific text and visuals checked; see ccr-2023-36165915-language.md. Separate supplementary analyses not read; acceptance not reviewed. Main-text completion and section-language curation recorded; historical quantitative corpus flags preserved.,lung-preclinical-cell-intrinsic-signaling,tumor-intrinsic-PD1;NSCLC;RNA-seq;stem-like-state;cisplatin;NSG,NSCLC cell-line/xenograft systems; issue2023 online2022,lung-preclinical-cell-intrinsic-signaling
2023,"Old Dog, New Trick: A Tumor-Intrinsic Role for PD-1 in Chemoresistant Tumor Subclones",Clinical Cancer Research,36383142,10.1158/1078-0432.ccr-22-3022,PMC9898080,commentary,CCR Translations,aacr_article_page,official_section,2026-09-07,excluded_commentary_legacy_index_only,newly_read,yes,no,no,commentary without standard section headings; full page-level text reviewed,,,,
2023,"Osimertinib and Selpercatinib Efficacy, Safety, and Resistance in a Multicenter, Prospectively Treated Cohort of EGFR-Mutant and RET Fusion-Positive Lung Cancers",Clinical Cancer Research,36996322,10.1158/1078-0432.ccr-22-2189,PMC10524391,retrospective-clinical,Clinical Trials: Targeted Therapy,aacr_article_page,official_section,2026-09-07,included_existing_corpus,language_deep_read_2026-09-26-2023-completion,yes,yes,yes,2026-09-26: 2023 queue read; prior processing=newly_read; author_manuscript; main scientific text and visuals checked; see ccr-2023-36996322-language.md. Separate supplementary analyses not read; acceptance not reviewed. Main-text completion and section-language curation recorded; historical quantitative corpus flags preserved.,lung-retrospective-targeted-combination,EGFR;acquired-RET-fusion;osimertinib;selpercatinib;resistance;compassionate-use,EGFR-mutant NSCLC with acquired RET fusion,lung-retrospective-targeted-combination
2023,Patient-Reported Outcomes as Interradiographic Predictors of Response in Non-Small Cell Lung Cancer,Clinical Cancer Research,37233986,10.1158/1078-0432.ccr-23-0396,PMC10425729,clinical trial / PRO,Translational Cancer Mechanisms and Therapy,publisher_pdf_header,official_section,2026-09-07,included_existing_corpus,language_deep_read_2026-09-26-2023-completion,yes,yes,yes,2026-09-26: 2023 queue read; prior processing=newly_read; publisher_typeset_pdf; main scientific text and visuals checked; see ccr-2023-37233986-language.md. Separate supplementary analyses not read; acceptance not reviewed. Main-text completion and section-language curation recorded; historical quantitative corpus flags preserved.,lung-exploratory-clinical-prediction-method,patient-reported-outcomes;longitudinal-monitoring;interradiographic-prediction;insomnia;accuracy;lead-time;validation,NSCLC receiving immune checkpoint inhibitors,lung-exploratory-clinical-prediction-method
2023,"Phase II Study of Docetaxel and Trametinib in Patients with KRAS Mutation Positive Recurrent Non-Small Cell Lung Cancer (NSCLC; SWOG S1507, NCT-02642042)",Clinical Cancer Research,37233987,10.1158/1078-0432.ccr-22-3947,PMC10526968,clinical trial,Clinical Trials: Targeted Therapy,aacr_article_page,official_section,2026-09-07,included_existing_corpus,language_deep_read_2026-09-26-2023-completion,yes,yes,yes,2026-09-26: 2023 queue read; prior processing=newly_read; author_manuscript; main scientific text and visuals checked; see ccr-2023-37233987-language.md. Separate supplementary analyses not read; acceptance not reviewed. Main-text completion and section-language curation recorded; historical quantitative corpus flags preserved.,lung-clinical-co-mutation-exploratory,KRAS;STK11;TP53;docetaxel;trametinib;two-stage-design;co-mutation,KRAS-mutant advanced NSCLC,lung-clinical-co-mutation-exploratory
2023,Randomized Trial of Tepotinib Plus Gefitinib versus Chemotherapy in EGFR-Mutant NSCLC with EGFR Inhibitor Resistance Due to MET Amplification: INSIGHT Final Analysis,Clinical Cancer Research,36971777,10.1158/1078-0432.ccr-22-3318,PMC10183805,clinical trial,Clinical Trials: Targeted Therapy,publisher_pdf_header,official_section,2026-09-07,included_existing_corpus,language_deep_read_2026-09-26-2023-completion,yes,yes,yes,2026-09-26: 2023 queue read; prior processing=newly_read; publisher_typeset_pdf; main scientific text and visuals checked; see ccr-2023-36971777-language.md. Separate supplementary analyses not read; acceptance not reviewed. Main-text completion and section-language curation recorded; historical quantitative corpus flags preserved.,lung-randomized-biomarker-subgroup,EGFR;MET-amplification;FISH;GCN;IHC;randomized-phase-II;90-percent-CI;subgroup-analysis,EGFR-mutant T790M-negative NSCLC after first/second-generation EGFR TKI,lung-randomized-biomarker-subgroup
2023,Targeting BCL2 Overcomes Resistance and Augments Response to Aurora Kinase B Inhibition by AZD2811 in Small Cell Lung Cancer,Clinical Cancer Research,37289191,10.1158/1078-0432.ccr-23-0375,PMC10527398,preclinical / translational,Translational Cancer Mechanisms and Therapy,aacr_article_page,official_section,2026-09-07,included_existing_corpus,language_deep_read_2026-09-26-2023-completion,yes,yes,yes,2026-09-26: 2023 queue read; prior processing=newly_read; author_manuscript; main scientific text and visuals checked; see ccr-2023-37289191-language.md. Separate supplementary analyses not read; acceptance not reviewed. Main-text completion and section-language curation recorded; historical quantitative corpus flags preserved.,lung-preclinical-biomarker-combination,SCLC;BCL2;AURKB;RPPA;RNA-expression;Bliss;isogenic-perturbation;schedule,SCLC preclinical models,lung-preclinical-biomarker-combination
2023,Targeting KRAS-Mutated NSCLC: Novel TKIs and Beyond,Clinical Cancer Research,37466928,10.1158/1078-0432.ccr-23-1658,PMC10530517,commentary,CCR Translations,aacr_article_page,official_section,2026-09-07,excluded_commentary_legacy_index_only,newly_read,yes,no,no,commentary without standard section headings; full page-level text reviewed,,,,
2023,Targeting Replication Stress and Chemotherapy Resistance with a Combination of Sacituzumab Govitecan and Berzosertib: A Phase I Clinical Trial,Clinical Cancer Research,37227187,10.1158/1078-0432.CCR-23-0536,PMC10524218,phase I clinical trial,Clinical Trials: Targeted Therapy,aacr_article_page,official_section,2026-09-24,included_existing_corpus,language_deep_read_2026-09-24,yes,no,no,"Supplied main text and all main figures/tables read 2026-09-24; source-specific physical-page evidence in ccr-2023-37227187-language.md; external supplements not supplied; separate acceptance review not performed. Correct PMID37227187, not legacy37154821. Twelve-patient3+3 study: no DLT does not mean no grade4 laboratory toxicity. Two RECIST PRs are distinct from metabolic response with RECIST SD. Small exploratory WES/RNA comparisons, patient5 label conflict and dosage-unit typo prevent broad efficacy or mechanistic claims.",phase I clinical trial,sacituzumab-govitecan;berzosertib;ATR;TROP2-ADC;replication-stress;WES;bulk-RNA;dose-escalation;safety,advanced solid tumors;SCLC;NSCLC transformation;neuroendocrine prostate cancer,primary-clinical
2023,"The GENIE BPC NSCLC Cohort: A Real-World Repository Integrating Standardized Clinical and Genomic Data for 1,846 Patients with Non-Small Cell Lung Cancer",Clinical Cancer Research,37223888,10.1158/1078-0432.ccr-23-0580,PMC10472103,clinical trial,Translational Cancer Mechanisms and Therapy,publisher_pdf_header,official_section,2026-09-07,included_existing_corpus,language_deep_read_2026-09-26-2023-completion,yes,yes,yes,2026-09-26: 2023 queue read; prior processing=newly_read; publisher_typeset_pdf; main scientific text and visuals checked; see ccr-2023-37223888-language.md. Separate supplementary analyses not read; acceptance not reviewed. Main-text completion and section-language curation recorded; historical quantitative corpus flags preserved.,lung-clinicogenomic-real-world-resource,clinicogenomics;GENIE-BPC;PRISSMM;STK11;KEAP1;KRAS;TMB-harmonization;left-truncation;real-world-endpoints,NSCLC across stages and treatment settings,lung-clinicogenomic-real-world-resource
2023,Tumor Dynamic Model-Based Decision Support for Phase Ib/II Combination Studies: A Retrospective Assessment Based on Resampling of the Phase III Study IMpower150,Clinical Cancer Research,36595566,10.1158/1078-0432.ccr-22-2323,PMC10023325,computational-modeling,Clinical Trials: Immunotherapy,aacr_article_page,official_section,2026-09-07,included_existing_corpus,language_deep_read_2026-09-26-2023-completion,yes,yes,yes,2026-09-26: 2023 queue read; prior processing=newly_read; author_manuscript; main scientific text and visuals checked; see ccr-2023-36595566-language.md. Separate supplementary analyses not read; acceptance not reviewed. Main-text completion and section-language curation recorded; historical quantitative corpus flags preserved.,lung-pharmacometrics-methodology,tumor-growth-inhibition;NONMEM;resampling;KG;KS;go-no-go;IMpower150,advanced NSCLC trial-data simulation,lung-pharmacometrics-methodology
2023,Tumor Mutational Burden as a Predictor of Survival with Durvalumab and/or Tremelimumab Treatment in Recurrent or Metastatic Head and Neck Squamous Cell Carcinoma,Clinical Cancer Research,36806911,10.1158/1078-0432.ccr-22-2765,PMC10233352,clinical-correlative,Clinical Trials: Immunotherapy,publisher_pdf_header,official_section,2026-09-07,included_existing_corpus,language_deep_read_2026-09-26-2023-completion,yes,yes,yes,2026-09-26: 2023 queue read; prior processing=newly_read; publisher_typeset_pdf; main scientific text and visuals checked; see ccr-2023-36806911-language.md. Separate supplementary analyses not read; acceptance not reviewed. Main-text completion and section-language curation recorded; historical quantitative corpus flags preserved.,cross-tumor-biomarker-methods,TMB;durvalumab;tremelimumab;WES;plasma-panel;cutoff;HNSCC,recurrent/metastatic HNSCC; not lung cancer,cross-tumor-biomarker-methods
2023,Type 2 Diabetes Mellitus and Efficacy Outcomes from Immune Checkpoint Blockade in Patients with Cancer,Clinical Cancer Research,37125965,10.1158/1078-0432.ccr-22-3116,,retrospective-clinical,Translational Cancer Mechanisms and Therapy,aacr_article_page,official_section,2026-09-07,included_existing_corpus,language_deep_read_2026-09-26-2023-completion,yes,yes,yes,2026-09-26: 2023 queue read; prior processing=newly_read; accepted_author_manuscript_with_separate_main_figures; main scientific text and visuals checked; see ccr-2023-37125965-language.md. Separate supplementary analyses not read; acceptance not reviewed. Main-text completion and section-language curation recorded; historical quantitative corpus flags preserved.,cross-tumor-observational-comorbidity,ICI;diabetes;metformin;PSM;frailty-model;targeted-transcriptomics;confounding,mixed advanced solid tumors; NSCLC majority,cross-tumor-observational-comorbidity
2023,"Upregulation of Indoleamine 2,3-Dioxygenase 1 in Tumor Cells and Tertiary Lymphoid Structures is a Hallmark of Inflamed Non-Small Cell Lung Cancer",Clinical Cancer Research,37756581,10.1158/1078-0432.ccr-23-1928,PMC10690088,translational-mixed,Translational Cancer Mechanisms and Therapy,publisher_pdf_header,official_section,2026-09-07,included_existing_corpus,language_deep_read_2026-09-26-2023-completion,yes,yes,yes,2026-09-26: 2023 queue read; prior processing=newly_read; publisher_typeset_pdf; main scientific text and visuals checked; see ccr-2023-37756581-language.md. Separate supplementary analyses not read; acceptance not reviewed. Main-text completion and section-language curation recorded; historical quantitative corpus flags preserved.,lung-multimodal-immunobiology,IDO1;TLS;bulk-RNA-seq;tonsil-scRNA;GeoMx-sarcoma;mIF;deconvolution;ICI,NSCLC clinical/mIF cohorts; tonsillar scRNA and sarcoma spatial comparators,lung-multimodal-immunobiology
2024,A Dysfunctional T-cell Gene Signature for Predicting Nonresponse to PD-1 Blockade in Non-small Cell Lung Cancer That Is Suitable for Routine Clinical Diagnostics,Clinical Cancer Research,38088895,10.1158/1078-0432.ccr-23-1061,PMC10870113,retrospective expression-signature validation,Precision Medicine and Imaging,publisher_pdf_header,official_section,2026-09-07,included_existing_corpus,main_text_deep_read_complete,yes,yes,yes, | 2026-09-23: actual supplied main text and all applicable main figures/tables read. Evidence: ccr-2024-38088895-language.md. Supplements not supplied; acceptance recheck not performed. Role: primary-translational.,retrospective expression-signature validation,targeted-RNA-expression;NanoString;gene-signature;immunotherapy;diagnostic-performance,NSCLC,primary-translational
2024,"A Phase I First-in-Human Study of ABBV-011, a Seizure-Related Homolog Protein 6-Targeting Antibody-Drug Conjugate, in Patients with Small Cell Lung Cancer",Clinical Cancer Research,39287821,10.1158/1078-0432.ccr-24-1547,PMC11565168,first-in-human phase-I ADC trial,Clinical Trials: Targeted Therapy,publisher_pdf_header,official_section,2026-09-07,included_existing_corpus,main_text_deep_read_complete,yes,yes,yes, | 2026-09-23: actual supplied main text and all applicable main figures/tables read. Evidence: ccr-2024-39287821-language.md. Supplements not supplied; acceptance recheck not performed. Role: primary-clinical.,first-in-human phase-I ADC trial,SEZ6;ADC;ABBV-011;IHC;PK;hepatic-toxicity,SCLC,primary-clinical
2024,"A Phase I/II Study of Valemetostat (DS-3201b), an EZH1/2 Inhibitor, in Combination with Irinotecan in Patients with Recurrent Small-Cell Lung Cancer",Clinical Cancer Research,38940666,10.1158/1078-0432.ccr-23-3383,PMC11371507,safety-limited phase-I-II trial,Research Briefs: Clinical Trial Brief Reports,aacr_article_page,official_section,2026-09-07,included_existing_corpus,main_text_deep_read_complete,yes,yes,yes, | 2026-09-23: actual supplied main text and all applicable main figures/tables read. Evidence: ccr-2024-38940666-language.md. Supplements not supplied; acceptance recheck not performed. Role: primary-clinical.,safety-limited phase-I-II trial,EZH1-EZH2;valemetostat;irinotecan;IHC;dose-limiting-toxicity,recurrent-SCLC,primary-clinical
2024,A Small Molecule with Big Impact: MRTX1133 Targets the KRASG12D Mutation in Pancreatic Cancer,Clinical Cancer Research,37831007,10.1158/1078-0432.ccr-23-2098,PMC10922474,narrative review,Review,aacr_article_page,official_section,2026-09-07,excluded_review_background_only,background_read_complete,yes,no,no, | 2026-09-23: actual supplied main text and all applicable main figures/tables read. Evidence: ccr-2024-37831007-background.md. Supplements not supplied; acceptance recheck not performed. Role: background-review-only.,narrative review,KRAS;MRTX1133;targeted-therapy;review,pancreatic-cancer;KRAS-G12D,background-review-only
2024,Biomarker Identification and Risk Prediction Model Development for Differentiated Thyroid Carcinoma Lung Metastasis Based on Primary Lesion Proteomics,Clinical Cancer Research,38723277,10.1158/1078-0432.ccr-23-3806,PMC11247316,retrospective proteomic risk-model study,Translational Cancer Mechanisms and Therapy,publisher_pdf_header,official_section,2026-09-07,included_existing_corpus,main_text_deep_read_complete,yes,yes,yes, | 2026-09-23: actual supplied main text and all applicable main figures/tables read. Evidence: ccr-2024-38723277-language.md. Supplements not supplied; acceptance recheck not performed. Role: cross-tumor-methodology.,retrospective proteomic risk-model study,proteomics;FFPE;metastasis;prediction-model;bioinformatics,thyroid-primary-with-lung-metastasis;not-NSCLC,cross-tumor-methodology
2024,Circulating Tumor DNA Dynamics Reveal KRAS G12C Mutation Heterogeneity and Response to Treatment with the KRAS G12C Inhibitor Divarasib in Solid Tumors,Clinical Cancer Research,38995268,10.1158/1078-0432.ccr-24-0255,PMC11369623,phase-I translational biomarker analysis,Precision Medicine and Imaging,publisher_pdf_header,official_section,2026-09-07,included_existing_corpus,main_text_deep_read_complete,yes,yes,yes, | 2026-09-23: actual supplied main text and all applicable main figures/tables read. Evidence: ccr-2024-38995268-language.md. Supplements not supplied; acceptance recheck not performed. Role: primary-translational.,phase-I translational biomarker analysis,ctDNA;KRAS-G12C;clonality;divarasib;molecular-response,NSCLC;colorectal;other-solid-tumors,primary-translational
2024,Circulating Tumor DNA Enables Sensitive Detection of Actionable Gene Fusions and Rearrangements Across Cancer Types,Clinical Cancer Research,38060240,10.1158/1078-0432.ccr-23-2693,PMC10870120,retrospective liquid-biopsy analytical study,Precision Medicine and Imaging,publisher_pdf_header,official_section,2026-09-07,included_existing_corpus,main_text_deep_read_complete,yes,yes,yes, | 2026-09-23: actual supplied main text and all applicable main figures/tables read. Evidence: ccr-2024-38060240-language.md. Supplements not supplied; acceptance recheck not performed. Role: pan-cancer-methodology.,retrospective liquid-biopsy analytical study,ctDNA;gene-fusions;rearrangements;assay-concordance;targeted-therapy,pan-cancer-including-NSCLC,pan-cancer-methodology
2024,Combining Genomic Biomarkers to Guide Immunotherapy in Non-Small Cell Lung Cancer,Clinical Cancer Research,38300729,10.1158/1078-0432.ccr-23-4027,PMC10982639,retrospective discovery-validation genomics,Precision Medicine and Imaging,publisher_pdf_header,official_section,2026-09-07,included_existing_corpus,main_text_deep_read_complete,yes,yes,yes, | 2026-09-23: actual supplied main text and all applicable main figures/tables read. Evidence: ccr-2024-38300729-language.md. Supplements not supplied; acceptance recheck not performed. Role: primary-translational.,retrospective discovery-validation genomics,STK11;KEAP1;EGFR;TMB;WGS;immunotherapy;genomic-rule,NSCLC,primary-translational
2024,Detecting Small Cell Transformation in Patients with Advanced EGFR Mutant Lung Adenocarcinoma through Epigenomic cfDNA Profiling,Clinical Cancer Research,38912901,10.1158/1078-0432.ccr-24-0466,PMC11369616,preclinical discovery and cfDNA feasibility,Precision Medicine and Imaging,publisher_pdf_header,official_section,2026-09-07,included_existing_corpus,main_text_deep_read_complete,yes,yes,yes, | 2026-09-23: actual supplied main text and all applicable main figures/tables read. Evidence: ccr-2024-38912901-language.md. Supplements not supplied; acceptance recheck not performed. Role: primary-translational.,preclinical discovery and cfDNA feasibility,cfDNA;epigenomics;bulk-RNA;PDX;lineage-transformation,EGFR-mutant-lung-adenocarcinoma;SCLC-transformation,primary-translational
2024,Development of a [89Zr]Zr-labeled Human Antibody using a Novel Phage-displayed Human scFv Library,Clinical Cancer Research,38277241,10.1158/1078-0432.ccr-23-3647,PMC10984770,preclinical antibody PET development,Precision Medicine and Imaging,aacr_article_page,official_section,2026-09-07,included_existing_corpus,main_text_deep_read_complete,yes,yes,yes, | 2026-09-23: actual supplied main text and all applicable main figures/tables read. Evidence: ccr-2024-38277241-language.md. Supplements not supplied; acceptance recheck not performed. Role: primary-preclinical.,preclinical antibody PET development,phage-display;TIP1;immuno-PET;antibody;binding-assay,lung-cancer-xenografts,primary-preclinical
2024,DICER1-Related Tumor Predisposition: Identification of At-risk Individuals and Recommended Surveillance Strategies,Clinical Cancer Research,39400264,10.1158/1078-0432.ccr-24-1532,PMC11649450,pooled registry analysis plus recommendations,Translational Cancer Mechanisms and Therapy,aacr_article_page,official_section,2026-09-07,included_existing_corpus,main_text_deep_read_complete,yes,yes,yes, | 2026-09-23: actual supplied main text and all applicable main figures/tables read. Evidence: ccr-2024-39400264-language.md. Supplements not supplied; acceptance recheck not performed. Role: registry-and-recommendations.,pooled registry analysis plus recommendations,germline-genomics;penetrance;surveillance;registry;variant-interpretation,germline-DICER1-multitumor-predisposition,registry-and-recommendations
2024,"Diffuse Pleural Mesotheliomas with Genomic Near-Haploidization: A Newly Recognized Subset with Distinct Clinical, Histologic, and Molecular Features",Clinical Cancer Research,38630790,10.1158/1078-0432.ccr-24-0085,PMC11216861,clinicopathologic genomic subtype characterization,Precision Medicine and Imaging,aacr_article_page,official_section,2026-09-07,included_existing_corpus,main_text_deep_read_complete,yes,yes,yes, | 2026-09-23: actual supplied main text and all applicable main figures/tables read. Evidence: ccr-2024-38630790-language.md. Supplements not supplied; acceptance recheck not performed. Role: thoracic-adjacent-methodology.,clinicopathologic genomic subtype characterization,copy-number;near-haploidization;LOH;genomics;methylation;pathology,pleural-mesothelioma;not-NSCLC,thoracic-adjacent-methodology
2024,Durvalumab ± Tremelimumab + Platinum-Etoposide in Extensive-Stage Small Cell Lung Cancer (CASPIAN): Outcomes by PD-L1 Expression and Tissue Tumor Mutational Burden,Clinical Cancer Research,37801329,10.1158/1078-0432.ccr-23-1689,PMC10870117,randomized-trial biomarker analysis,Precision Medicine and Imaging,publisher_pdf_header,official_section,2026-09-07,included_existing_corpus,main_text_deep_read_complete,yes,yes,yes, | 2026-09-23: actual supplied main text and all applicable main figures/tables read. Evidence: ccr-2024-37801329-language.md. Supplements not supplied; acceptance recheck not performed. Role: primary-translational.,randomized-trial biomarker analysis,immunotherapy;TMB;PD-L1;interaction;survival,ES-SCLC,primary-translational
2024,Elucidating the Heterogeneity of Immunotherapy Response and Immune-Related Toxicities by Longitudinal ctDNA and Immune Cell Compartment Tracking in Lung Cancer,Clinical Cancer Research,37939140,10.1158/1078-0432.ccr-23-1469,PMC10792359,longitudinal observational immune monitoring,Precision Medicine and Imaging,publisher_pdf_header,official_section,2026-09-07,included_existing_corpus,main_text_deep_read_complete,yes,yes,yes, | 2026-09-23: actual supplied main text and all applicable main figures/tables read. Evidence: ccr-2024-37939140-language.md. Supplements not supplied; acceptance recheck not performed. Role: primary-translational.,longitudinal observational immune monitoring,ctDNA;TCR-repertoire;targeted-proteomics;immune-toxicity;immunotherapy,lung-cancer,primary-translational
2024,Facts and Hopes in Neoadjuvant Immunotherapy: Current Approvals and Emerging Evidence,Clinical Cancer Research,37955563,10.1158/1078-0432.ccr-23-0583,PMC10984792,narrative review,Review,aacr_article_page,official_section,2026-09-07,excluded_review_background_only,background_read_complete,yes,no,no, | 2026-09-23: actual supplied main text and all applicable main figures/tables read. Evidence: ccr-2024-37955563-background.md. Supplements not supplied; acceptance recheck not performed. Role: background-review-only.,narrative review,neoadjuvant;immunotherapy;pathologic-response;review,multiple-solid-tumors;neoadjuvant-immunotherapy,background-review-only
2024,FDA Approval Summary: Repotrectinib for Locally Advanced or Metastatic ROS1-Positive Non-Small Cell Lung Cancer,Clinical Cancer Research,38875108,10.1158/1078-0432.ccr-24-0949,PMC11326972,independent FDA regulatory analysis,CCR Drug Updates,aacr_article_page,official_section,2026-09-07,included_existing_corpus,main_text_deep_read_complete,yes,yes,yes, | 2026-09-23: actual supplied main text and all applicable main figures/tables read. Evidence: ccr-2024-38875108-language.md. Supplements not supplied; acceptance recheck not performed. Role: regulatory-analysis.,independent FDA regulatory analysis,repotrectinib;ROS1;response-durability;CNS;safety;benefit-risk,ROS1-positive-NSCLC,regulatory-analysis
2024,Measurement of ctDNA Tumor Fraction Identifies Informative Negative Liquid Biopsy Results and Informs Value of Tissue Confirmation,Clinical Cancer Research,38526394,10.1158/1078-0432.ccr-23-3321,PMC11145175,retrospective tumor-fraction diagnostic study,Precision Medicine and Imaging,publisher_pdf_header,official_section,2026-09-07,included_existing_corpus,main_text_deep_read_complete,yes,yes,yes, | 2026-09-23: actual supplied main text and all applicable main figures/tables read. Evidence: ccr-2024-38526394-language.md. Supplements not supplied; acceptance recheck not performed. Role: pan-cancer-methodology.,retrospective tumor-fraction diagnostic study,ctDNA;tumor-fraction;negative-test;genomics;real-world,pan-cancer-including-NSCLC,pan-cancer-methodology
2024,Molecular and Pathologic Characterization of YAP1-Expressing Small Cell Lung Cancer Cell Lines Leads to Reclassification as SMARCA4-Deficient Malignancies,Clinical Cancer Research,38180245,10.1158/1078-0432.ccr-23-2360,PMC11061608,integrative model reclassification,Translational Cancer Mechanisms and Therapy,publisher_pdf_header,official_section,2026-09-07,included_existing_corpus,main_text_deep_read_complete,yes,yes,yes, | 2026-09-23: actual supplied main text and all applicable main figures/tables read. Evidence: ccr-2024-38180245-language.md. Supplements not supplied; acceptance recheck not performed. Role: primary-preclinical.,integrative model reclassification,cell-line-genomics;bulk-RNA;proteomics;pathology;SMARCA4;YAP1,SMARCA4-deficient-thoracic-malignancies;historically-SCLC-labelled-models,primary-preclinical
2024,Multi-omics Analysis Reveals Immune Features Associated with Immunotherapy Benefit in Patients with Squamous Cell Lung Cancer from Phase III Lung-MAP S1400I Trial,Clinical Cancer Research,38277235,10.1158/1078-0432.ccr-23-0251,PMC11016892,randomized-trial retrospective multiomics,Translational Cancer Mechanisms and Therapy,publisher_pdf_header,official_section,2026-09-07,included_existing_corpus,main_text_deep_read_complete,yes,yes,yes, | 2026-09-23: actual supplied main text and all applicable main figures/tables read. Evidence: ccr-2024-38277235-language.md. Supplements not supplied; acceptance recheck not performed. Role: primary-translational.,randomized-trial retrospective multiomics,Lung-MAP;targeted-RNA-expression;NanoString;WES;targeted-proteomics;spatial-imaging;immune-deconvolution;immunotherapy,lung-squamous-cell-carcinoma,primary-translational
2024,Novel Approach to Accelerate Lung Cancer Research: Lung-MAP and the Potential of Public-Private Partnerships,Clinical Cancer Research,37903180,10.1158/1078-0432.ccr-23-2690,PMC10767300,narrative infrastructure special report,Special Report,publisher_pdf_header,official_section,2026-09-07,excluded_background_synthesis,background_read_complete,yes,no,no, | 2026-09-23: actual supplied main text and all applicable main figures/tables read. Evidence: ccr-2024-37903180-background.md. Supplements not supplied; acceptance recheck not performed. Role: background-synthesis-only.,narrative infrastructure special report,master-protocol;Lung-MAP;trial-access;research-governance,lung-cancer-research-platform,background-synthesis-only
2024,Novel Combinations of Immunotherapies or DNA Damage Repair Inhibitors in Platinum-Refractory Extensive-Stage Small Cell Lung Cancer: The Phase II BALTIC Study,Clinical Cancer Research,39017667,10.1158/1078-0432.ccr-24-0013,PMC11393542,nonrandomized phase-II multiarm trial,Clinical Trials: Immunotherapy,publisher_pdf_header,official_section,2026-09-07,included_existing_corpus,main_text_deep_read_complete,yes,yes,yes, | 2026-09-23: actual supplied main text and all applicable main figures/tables read. Evidence: ccr-2024-39017667-language.md. Supplements not supplied; acceptance recheck not performed. Role: primary-clinical.,nonrandomized phase-II multiarm trial,immunotherapy;DDR;ctDNA;targeted-proteomics;safety;BALTIC,platinum-refractory-ES-SCLC,primary-clinical
2024,Objective Analysis and Clinical Significance of the Spatial Tumor-Infiltrating Lymphocyte Patterns in Non-Small Cell Lung Cancer,Clinical Cancer Research,38127300,10.1158/1078-0432.ccr-23-2457,PMC10922461,retrospective spatial-pathology analysis,Precision Medicine and Imaging,aacr_article_page,official_section,2026-09-07,included_existing_corpus,main_text_deep_read_complete,yes,yes,yes, | 2026-09-23: actual supplied main text and all applicable main figures/tables read. Evidence: ccr-2024-38127300-language.md. Supplements not supplied; acceptance recheck not performed. Role: primary-translational.,retrospective spatial-pathology analysis,spatial-imaging;TIL;digital-pathology;survival;immunotherapy,NSCLC,primary-translational
2024,Pharmacologic Inhibition of EIF4A Blocks NRF2 Synthesis to Prevent Osteosarcoma Metastasis,Clinical Cancer Research,39078310,10.1158/1078-0432.ccr-24-1317,PMC11443218,preclinical translation and metastasis study,Translational Cancer Mechanisms and Therapy,publisher_pdf_header,official_section,2026-09-07,included_existing_corpus,main_text_deep_read_complete,yes,yes,yes, | 2026-09-23: actual supplied main text and all applicable main figures/tables read. Evidence: ccr-2024-39078310-language.md. Supplements not supplied; acceptance recheck not performed. Role: cross-tumor-methodology.,preclinical translation and metastasis study,EIF4A;NRF2;bulk-RNA;proteomics;polysomes;PuMA;oxidative-stress,osteosarcoma-lung-metastasis;not-NSCLC,cross-tumor-methodology
2024,Phase I/II Study of Combined BCL-xL and MEK Inhibition with Navitoclax and Trametinib in KRAS or NRAS Mutant Advanced Solid Tumors,Clinical Cancer Research,38456660,10.1158/1078-0432.ccr-23-3135,PMC11061595,single-arm phase-I-II combination trial,Clinical Trials: Targeted Therapy,publisher_pdf_header,official_section,2026-09-07,included_existing_corpus,main_text_deep_read_complete,yes,yes,yes, | 2026-09-23: actual supplied main text and all applicable main figures/tables read. Evidence: ccr-2024-38456660-language.md. Supplements not supplied; acceptance recheck not performed. Role: primary-clinical.,single-arm phase-I-II combination trial,BCL-xL;MEK;navitoclax;trametinib;dose-finding;safety,RAS-mutant-solid-tumors-including-NSCLC,primary-clinical
2024,Phase II Study of Durvalumab Immediately after Completion of Chemoradiotherapy in Unresectable Stage III Non-small Cell Lung Cancer: TORG1937 (DATE Study),Clinical Cancer Research,38165684,10.1158/1078-0432.ccr-23-2568,PMC10940851,single-arm phase-II trial,Research Briefs: Clinical Trial Brief Reports,publisher_pdf_header,official_section,2026-09-07,included_existing_corpus,main_text_deep_read_complete,yes,yes,yes, | 2026-09-23: actual supplied main text and all applicable main figures/tables read. Evidence: ccr-2024-38165684-language.md. Supplements not supplied; acceptance recheck not performed. Role: primary-clinical.,single-arm phase-II trial,chemoradiotherapy;durvalumab;safety;survival-time-origin,unresectable-stage-III-NSCLC,primary-clinical
2024,Platinum-Based Chemotherapy Attenuates the Effector Response of CD8 T Cells to Concomitant PD-1 Blockade,Clinical Cancer Research,37992307,10.1158/1078-0432.ccr-23-1316,PMC11061601,preclinical immune-timing study,Translational Cancer Mechanisms and Therapy,publisher_pdf_header,official_section,2026-09-07,included_existing_corpus,main_text_deep_read_complete,yes,yes,yes, | 2026-09-23: actual supplied main text and all applicable main figures/tables read. Evidence: ccr-2024-37992307-language.md. Supplements not supplied; acceptance recheck not performed. Role: cross-tumor-methodology.,preclinical immune-timing study,flow-cytometry;CD8;platinum;PD-1;immune-timing,LCMV-mouse-infection-model;not-lung-tumor,cross-tumor-methodology
2024,"Safety, Efficacy, and Biomarker Analysis of Crizotinib in MET-Mutated Non-Small Cell Lung Cancer-Results from the Drug Rediscovery Protocol",Clinical Cancer Research,39352721,10.1158/1078-0432.ccr-24-1925,,prospective repurposing cohort with exploratory omics,Clinical Trials: Targeted Therapy,aacr_article_page,official_section,2026-09-07,included_existing_corpus,main_text_deep_read_complete,yes,yes,yes, | 2026-09-23: actual supplied main text and all applicable main figures/tables read. Evidence: ccr-2024-39352721-language.md. Supplements not supplied; acceptance recheck not performed. Role: primary-translational.,prospective repurposing cohort with exploratory omics,MET-exon14;crizotinib;WGS;bulk-RNA;multiple-testing;safety,MET-mutant-NSCLC,primary-translational
2024,"Targeted Therapies, Novel Antibodies, and Immunotherapies in Advanced Non-Small Cell Lung Cancer: Clinical Evidence and Drug Approval Patterns",Clinical Cancer Research,39177967,10.1158/1078-0432.ccr-24-0741,PMC11528205,narrative regulatory review,Review,publisher_pdf_header,official_section,2026-09-07,excluded_review_background_only,background_read_complete,yes,no,no, | 2026-09-23: actual supplied main text and all applicable main figures/tables read. Evidence: ccr-2024-39177967-background.md. Supplements not supplied; acceptance recheck not performed. Role: background-review-only.,narrative regulatory review,targeted-therapy;immunotherapy;drug-approval;review,advanced-NSCLC,background-review-only
2024,Targeting AKR1B10 by Drug Repurposing with Epalrestat Overcomes Chemoresistance in Non-Small Cell Lung Cancer Patient-Derived Tumor Organoids,Clinical Cancer Research,39017606,10.1158/1078-0432.ccr-23-3980,PMC11369614,preclinical organoid drug repurposing,Translational Cancer Mechanisms and Therapy,publisher_pdf_header,official_section,2026-09-07,included_existing_corpus,main_text_deep_read_complete,yes,yes,yes, | 2026-09-23: actual supplied main text and all applicable main figures/tables read. Evidence: ccr-2024-39017606-language.md. Supplements not supplied; acceptance recheck not performed. Role: primary-preclinical.,preclinical organoid drug repurposing,organoids;bulk-RNA;WES;AKR1B10;epalrestat;chemoresistance,NSCLC-organoids-and-xenografts,primary-preclinical
2024,TROP2 Is Associated with Primary Resistance to Immune Checkpoint Inhibition in Patients with Advanced Non-Small Cell Lung Cancer,Clinical Cancer Research,38048058,10.1158/1078-0432.ccr-23-2566,PMC10870116,retrospective multimodal biomarker analysis,Research Briefs: Precision Medicine and Therapeutics,publisher_pdf_header,official_section,2026-09-07,included_existing_corpus,main_text_deep_read_complete,yes,yes,yes, | 2026-09-23: actual supplied main text and all applicable main figures/tables read. Evidence: ccr-2024-38048058-language.md. Supplements not supplied; acceptance recheck not performed. Role: primary-translational.,retrospective multimodal biomarker analysis,bulk-RNA;plasma-proteomics;multiplex-imaging;TROP2;immunotherapy,NSCLC,primary-translational
2024,Tumor-Specific Activity of Precision Medicines in the NCI-MATCH Trial,Clinical Cancer Research,38109210,10.1158/1078-0432.ccr-23-0983,PMC10922532,secondary quantitative basket-trial reanalysis,Precision Medicine and Imaging,aacr_article_page,official_section,2026-09-07,included_existing_corpus,main_text_deep_read_complete,yes,yes,yes, | 2026-09-23: actual supplied main text and all applicable main figures/tables read. Evidence: ccr-2024-38109210-language.md. Supplements not supplied; acceptance recheck not performed. Role: secondary-data-reanalysis.,secondary quantitative basket-trial reanalysis,NCI-MATCH;histology;resampling;multiple-testing;precision-oncology,pan-cancer-including-lung-subgroup,secondary-data-reanalysis
2024,Urinary Metabolite Diagnostic and Prognostic Liquid Biopsy Biomarkers of Lung Cancer in Nonsmokers and Tobacco Smokers,Clinical Cancer Research,38837903,10.1158/1078-0432.ccr-24-0637,PMC11325153,retrospective diagnostic-prognostic validation,Translational Cancer Mechanisms and Therapy,publisher_pdf_header,official_section,2026-09-07,included_existing_corpus,main_text_deep_read_complete,yes,yes,yes, | 2026-09-23: actual supplied main text and all applicable main figures/tables read. Evidence: ccr-2024-38837903-language.md. Supplements not supplied; acceptance recheck not performed. Role: primary-translational.,retrospective diagnostic-prognostic validation,urine-metabolites;liquid-biopsy;LC-MS;diagnosis;prognosis,lung-cancer,primary-translational
2024,YAP1 Status Defines Two Intrinsic Subtypes of LCNEC with Distinct Molecular Features and Therapeutic Vulnerabilities,Clinical Cancer Research,39150543,10.1158/1078-0432.ccr-24-0361,PMC11479841,integrative LCNEC multiomics and therapy models,Translational Cancer Mechanisms and Therapy,aacr_article_page,official_section,2026-09-07,included_existing_corpus,main_text_deep_read_complete,yes,yes,yes, | 2026-09-23: actual supplied main text and all applicable main figures/tables read. Evidence: ccr-2024-39150543-language.md. Supplements not supplied; acceptance recheck not performed. Role: primary-translational.,integrative LCNEC multiomics and therapy models,YAP1;STK11;KEAP1;SMARCA4;bulk-RNA;single-cell;RRBS;RPPA;CAR-T,pulmonary-LCNEC;SCLC-comparators,primary-translational
2025,68Ga-NK224 PET/CT for Noninvasive Evaluation of PD-L1 Expression and Intertumor Heterogeneity: A Translational Exploratory Study,Clinical Cancer Research,40343815,10.1158/1078-0432.ccr-25-0160,PMC12260512,preclinical / translational,Precision Medicine and Imaging,publisher_pdf_header,official_section,2026-09-07,included_existing_corpus,newly_read,yes,yes,yes,,,,,
2025,Aberrant Activation of Wound-Healing Programs within the Metastatic Niche Facilitates Lung Colonization by Osteosarcoma Cells,Clinical Cancer Research,39540841,10.1158/1078-0432.ccr-24-0049,PMC11739783,preclinical / translational,Translational Cancer Mechanisms and Therapy,publisher_pdf_header,official_section,2026-09-07,included_existing_corpus,main_text_deep_read_complete,yes,yes,yes, | 2026-09-23: actual supplied main text and all main figures/tables read; source-version-specific; supplements not supplied; acceptance not reviewed. Evidence: ccr-2025-omics-methods-2026-09-23-language.md. Disease scope: osteosarcoma;lung-metastasis-not-primary-lung-cancer. Role: cross-tumor-methodology.,,,,
2025,Ad-SGE-DKK3 Gene Therapy Overcomes Resistance to Immune Checkpoint Blockade in Pleural Mesothelioma,Clinical Cancer Research,40208070,10.1158/1078-0432.ccr-24-4024,PMC12237568,clinical trial,Clinical Trials: Immunotherapy,aacr_article_page,official_section,2026-09-07,included_existing_corpus,newly_read,yes,yes,yes,,,,,
2025,Combined Targeting of PD-1 and TIM-3 in Patients with Locally Advanced or Metastatic Non-Small Cell Lung Cancer: AMBER Part 2B,Clinical Cancer Research,40552922,10.1158/1078-0432.ccr-25-0806,PMC12351275,clinical trial,Clinical Trials: Immunotherapy,publisher_pdf_header,official_section,2026-09-07,included_existing_corpus,newly_read,yes,yes,yes,,,,,
2025,ctDNA Clearance as an Early Indicator of Improved Clinical Outcomes in Advanced NSCLC Treated with TKI: Findings from an Aggregate Analysis of Eight Clinical Trials,Clinical Cancer Research,40261185,10.1158/1078-0432.ccr-24-3612,PMC12130803,pooled patient-level biomarker analysis,Precision Medicine and Imaging,publisher_pdf_header,official_section,2026-09-07,included_existing_corpus,language_deep_read_2026-09-20-genomics,yes,yes,yes,Main text and all main figures/tables read2026-09-20; liquid-biopsy;ctDNA-clearance;TKI;landmark-analysis;internal-validation;survival. Separate supplements not supplied; acceptance recheck pending. See ccr-2025-genomics-2026-09-20-language.md#pmid-40261185.,,,,
2025,D3-GPC2-Directed CAR T Cells Are Safe and Efficacious in Preclinical Models of Neuroblastoma and Small Cell Lung Cancer,Clinical Cancer Research,41026583,10.1158/1078-0432.ccr-25-0089,PMC12699724,clinical trial,Translational Mechanisms and Therapy,aacr_article_page,official_section,2026-09-07,included_existing_corpus,newly_read,yes,yes,yes,,,,,
2025,Divergent Clinical and Immunologic Outcomes Based on STK11 Co-mutation Status in Resectable KRAS-Mutant Lung Cancers Following Neoadjuvant Immune Checkpoint Blockade,Clinical Cancer Research,39545922,10.1158/1078-0432.ccr-24-2983,PMC11739779,translational / resistance,Precision Medicine and Imaging,publisher_pdf_header,official_section,2026-09-07,included_existing_corpus,newly_read,yes,yes,yes,,,,,
2025,Early ctDNA Dynamics Inform First-Line Therapy in Patients with Extensive-Stage Small Cell Lung Cancer,Clinical Cancer Research,40788282,10.1158/1078-0432.ccr-25-2011,PMC12833919,biomarker / liquid biopsy,Research Briefs: Precision Medicine and Therapeutics,aacr_article_page,official_section,2026-09-07,included_existing_corpus,newly_read,yes,yes,yes,,,,,
2025,Elevated ctDNA Tumor Fraction Is Associated with Improved Mutation Detection but Worse Overall Survival in Advanced Non-Small Cell Lung Cancer: A Lung-MAP Study,Clinical Cancer Research,40465842,10.1158/1078-0432.ccr-24-3658,PMC12842961,paired liquid-biopsy biomarker analysis,Translational Cancer Mechanisms and Therapy,aacr_article_page,official_section,2026-09-07,included_existing_corpus,language_deep_read_2026-09-20-genomics,yes,yes,yes,Main text and all main figures/tables read2026-09-20; genomics;STK11;liquid-biopsy;tumor-fraction;copy-number;concordance;survival. Separate supplements not supplied; acceptance recheck pending. See ccr-2025-genomics-2026-09-20-language.md#pmid-40465842.,,,,
2025,Factors Associated with Disease Progression after Discontinuation of Immune Checkpoint Inhibitors for Immune-Related Toxicity in Patients with Advanced Non-Small Cell Lung Cancer,Clinical Cancer Research,40247431,10.1158/1078-0432.ccr-24-2990,PMC12709584,translational / mixed,Precision Medicine and Imaging,aacr_article_page,official_section,2026-09-07,included_existing_corpus,newly_read,yes,yes,yes,,,,,
2025,First-Line MET Tyrosine Kinase Inhibitors versus Immunotherapy ± Chemotherapy for Patients with MET Exon 14 Skipping Mutant Metastatic NSCLC,Clinical Cancer Research,40864503,10.1158/1078-0432.ccr-25-1735,PMC12616240,clinical trial,Translational Mechanisms and Therapy,publisher_pdf_header,official_section,2026-09-07,included_existing_corpus,newly_read,yes,yes,yes,,,,,
2025,Follow-up Analysis Enhances Understanding of Molecular Residual Disease in Localized Non-Small Cell Lung Cancer,Clinical Cancer Research,39853318,10.1158/1078-0432.ccr-24-2909,PMC11959268,longitudinal MRD cohort update,Precision Medicine and Imaging,publisher_pdf_header,official_section,2026-09-07,included_existing_corpus,language_deep_read_2026-09-20-genomics,yes,yes,yes,Main text and all main figures/tables read2026-09-20; liquid-biopsy;MRD;postoperative-NSCLC;landmark-analysis;propensity-matching;survival. Separate supplements not supplied; acceptance recheck pending. See ccr-2025-genomics-2026-09-20-language.md#pmid-39853318.,,,,
2025,Impact of Co-mutations and Transcriptional Signatures in Non-Small Cell Lung Cancer Patients Treated with Adagrasib in the KRYSTAL-1 Trial,Clinical Cancer Research,39804166,10.1158/1078-0432.ccr-24-2310,PMC11911804,exploratory clinical biomarker and preclinical study,Precision Medicine and Imaging,publisher_pdf_header,official_section,2026-09-07,included_existing_corpus,language_deep_read_2026-09-20-genomics,yes,yes,yes,Main text and all main figures/tables read2026-09-20; genomics;co-mutation;STK11;KEAP1;NRF2;targeted-transcriptomics;CRISPR;targeted-therapy;survival. Separate supplements not supplied; acceptance recheck pending. See ccr-2025-genomics-2026-09-20-language.md#pmid-39804166.,,,,
2025,In Situ RAS:RAF Binding Correlates with Response to KRASG12C Inhibitors in KRASG12C-Mutant Non-Small Cell Lung Cancer,Clinical Cancer Research,39836411,10.1158/1078-0432.ccr-24-3714,PMC11924342,functional biomarker and preclinical study,Translational Cancer Mechanisms and Therapy,aacr_article_page,official_section,2026-09-07,included_existing_corpus,language_deep_read_2026-09-20-genomics,yes,yes,yes,Main text and all main figures/tables read2026-09-20; KRAS-G12C;functional-biomarker;protein-proximity;preclinical;PDX;targeted-therapy. Separate supplements not supplied; acceptance recheck pending. See ccr-2025-genomics-2026-09-20-language.md#pmid-39836411.,,,,
2025,"Izalontamab (SI-B001), a Novel EGFRxHER3 Bispecific Antibody in Patients with Locally Advanced or Metastatic Epithelial Tumor: Results from First-in-Human Phase I/Ib Study",Clinical Cancer Research,40260627,10.1158/1078-0432.ccr-25-0206,PMC12580768,clinical trial,Clinical Trials: Molecularly Targeted Therapy,publisher_pdf_header,official_section,2026-09-07,included_existing_corpus,main_text_deep_read_complete,yes,yes,yes, | 2026-09-23: actual supplied main text and all main figures/tables read; source-version-specific; supplements not supplied; acceptance not reviewed. Evidence: ccr-2025-clinical-2026-09-23-language.md. Disease scope: NSCLC;NPC;HNSCC;other-epithelial-tumors. Role: basket-with-lung-cohort.,,,,
2025,Liquid and Tissue Biopsies for Identifying MET Exon 14 Skipping NSCLC: Analyses from the Phase II VISION Study of Tepotinib,Clinical Cancer Research,40310449,10.1158/1078-0432.ccr-24-4097,PMC12209826,single-arm clinical trial biomarker analysis,Precision Medicine and Imaging,publisher_pdf_header,official_section,2026-09-07,included_existing_corpus,language_deep_read_2026-09-20-genomics,yes,yes,yes,Main text and all main figures/tables read2026-09-20; genomics;liquid-biopsy;MET-exon14;co-alterations;tumor-shedding;targeted-therapy. Separate supplements not supplied; acceptance recheck pending. See ccr-2025-genomics-2026-09-20-language.md#pmid-40310449.,,,,
2025,LRP1b Loss Predicts Sensitivity to Immunotherapy in Patients with NSCLC: An Analysis of the Phase III CheckMate-026 Randomized Trial,Clinical Cancer Research,41065506,10.1158/1078-0432.ccr-25-0952,PMC12702137,clinical trial,Novel Biomarkers and Precision Medicine,aacr_article_page,official_section,2026-09-07,included_existing_corpus,newly_read,yes,yes,yes,,,,,
2025,Multidimensional Analysis of B7 Homolog 3 RNA Expression in Small Cell Lung Cancer Molecular Subtypes,Clinical Cancer Research,40553459,10.1158/1078-0432.ccr-24-3981,PMC12351277,clinical trial,Research Briefs: Precision Medicine and Therapeutics,publisher_pdf_header,official_section,2026-09-07,included_existing_corpus,newly_read,yes,yes,yes,,,,,
2025,Phase I Dose-Escalation Trial Combining Olaparib and Thoracic Radiotherapy in Extensive-Stage Small Cell Lung Cancer,Clinical Cancer Research,40880183,10.1158/1078-0432.ccr-24-4342,PMC13032723,clinical trial,Clinical Trials: Novel Mechanisms,aacr_article_page,official_section,2026-09-07,included_existing_corpus,main_text_deep_read_complete,yes,yes,yes, | 2026-09-23: actual supplied main text and all main figures/tables read; source-version-specific; supplements not supplied; acceptance not reviewed. Evidence: ccr-2025-clinical-2026-09-23-language.md. Disease scope: SCLC. Role: lung-original-research.,,,,
2025,Phase I Study of ROR1-Specific CAR-T Cells in Advanced Hematopoietic and Epithelial Malignancies,Clinical Cancer Research,39466024,10.1158/1078-0432.ccr-24-2172,PMC11788652,preclinical / translational,Clinical Trials: Immunotherapy,publisher_pdf_header,official_section,2026-09-07,included_existing_corpus,newly_read,yes,yes,yes,,,,,
2025,"Phase I/II Trial of Exportin 1 Inhibitor Selinexor plus Docetaxel in Previously Treated, Advanced KRAS-Mutant Non-Small Cell Lung Cancer",Clinical Cancer Research,39651955,10.1158/1078-0432.ccr-24-1722,PMC11832340,clinical trial,Clinical Trials: Targeted Therapy,aacr_article_page,official_section,2026-09-07,included_existing_corpus,main_text_deep_read_complete,yes,yes,yes, | 2026-09-23: actual supplied main text and all main figures/tables read; source-version-specific; supplements not supplied; acceptance not reviewed. Evidence: ccr-2025-clinical-2026-09-23-language.md. Disease scope: KRAS-mutant-NSCLC. Role: lung-original-research.,,,,
2025,Phase II Open-Label Trial of Brentuximab Vedotin with Pembrolizumab in PD-1-Pretreated Metastatic Non-Small Cell Lung Cancer and Metastatic Cutaneous Melanoma,Clinical Cancer Research,39786430,10.1158/1078-0432.ccr-24-1478,PMC11873802,translational / resistance,Clinical Trials: Immunotherapy,publisher_pdf_header,official_section,2026-09-07,included_existing_corpus,newly_read,yes,yes,yes,,,,,
2025,"Preclinical Evaluation of DB-1419, a Novel Bifunctional and Bispecific Anti-B7-H3 × PD-L1 Antibody-Drug Conjugate",Clinical Cancer Research,40499141,10.1158/1078-0432.ccr-25-0634,PMC12351279,translational / resistance,Translational Cancer Mechanisms and Therapy,publisher_pdf_header,official_section,2026-09-07,included_existing_corpus,newly_read,yes,yes,yes,,,,,
2025,"Pretargeted Trop-2 ImmunoPET for Rapid, Selective Detection of Pancreatic Tumors",Clinical Cancer Research,39841860,10.1158/1078-0432.ccr-24-3098,PMC12213220,preclinical / translational,Precision Medicine and Imaging,aacr_article_page,official_section,2026-09-07,included_existing_corpus,main_text_deep_read_complete,yes,yes,yes, | 2026-09-23: actual supplied main text and all main figures/tables read; source-version-specific; supplements not supplied; acceptance not reviewed. Evidence: ccr-2025-omics-methods-2026-09-23-language.md. Disease scope: pancreatic;ovarian;prostate;Calu6-lung-negative-control. Role: cross-tumor-methodology-with-lung-control.,,,,
2025,Quantitative Protein Expression of Antibody-Drug Conjugate Targets in EGFR Mutated and Wild-type Non-Small Cell Lung Cancer,Clinical Cancer Research,40047548,10.1158/1078-0432.ccr-24-3347,PMC12213210,quantitative protein biomarker study,Translational Cancer Mechanisms and Therapy,aacr_article_page,official_section,2026-09-07,included_existing_corpus,language_deep_read_2026-09-20-genomics,yes,yes,yes,Main text and all main figures/tables read2026-09-20; genotype-stratification;targeted-protein-quantification;QIF;mass-spectrometry-calibration;ADC-targets;EGFR. Separate supplements not supplied; acceptance recheck pending. See ccr-2025-genomics-2026-09-20-language.md#pmid-40047548.,,,,
2025,Randomized Phase III Study of EGFR Tyrosine Kinase Inhibitor and Intercalated Platinum-Doublet Chemotherapy for Non-Small Cell Lung Cancer Harboring EGFR Mutation,Clinical Cancer Research,40162917,10.1158/1078-0432.ccr-24-3532,PMC12163600,clinical trial,Clinical Trials: Targeted Therapy,publisher_pdf_header,official_section,2026-09-07,included_existing_corpus,main_text_deep_read_complete,yes,yes,yes, | 2026-09-23: actual supplied main text and all main figures/tables read; source-version-specific; supplements not supplied; acceptance not reviewed. Evidence: ccr-2025-clinical-2026-09-23-language.md. Disease scope: EGFR-mutant-NSCLC. Role: lung-original-research.,,,,
2025,RORing CAR T Cells in Solid and Hematologic Cancers: Same but Different,Clinical Cancer Research,39625823,10.1158/1078-0432.ccr-24-3688,PMC7617067,commentary,CCR Translations,aacr_article_page,official_section,2026-09-07,excluded_commentary_legacy_index_only,newly_read,yes,no,no,commentary without standard section headings; full page-level text reviewed,,,,
2025,Round-Robin Comparison of RET Rearrangement Detection in ctDNA: A Novel Method for Limited Clinical Samples,Clinical Cancer Research,39887260,10.1158/1078-0432.ccr-24-3747,PMC12163596,comparative analytical assay study,Precision Medicine and Imaging,publisher_pdf_header,official_section,2026-09-07,included_existing_corpus,language_deep_read_2026-09-20-genomics,yes,yes,yes,Main text and all main figures/tables read2026-09-20; genomics;liquid-biopsy;RET-fusion;assay-concordance;analytical-sensitivity. Separate supplements not supplied; acceptance recheck pending. See ccr-2025-genomics-2026-09-20-language.md#pmid-39887260.,,,,
2025,Safety and Tolerability of Letetresgene Autoleucel (GSK3377794): Pilot Studies in Patients with Advanced Non-Small Cell Lung Cancer,Clinical Cancer Research,39576208,10.1158/1078-0432.ccr-24-1591,PMC11788651,translational / resistance,Clinical Trials: Immunotherapy,publisher_pdf_header,official_section,2026-09-07,included_existing_corpus,newly_read,yes,yes,yes,,,,,
2025,Seizure-Related Homolog Protein 6 (SEZ6): Biology and Therapeutic Target in Neuroendocrine Carcinomas,Clinical Cancer Research,40911432,10.1158/1078-0432.ccr-25-2090,PMC12416755,review,Review,aacr_article_page,official_section,2026-09-07,excluded_review_background_only,background_review_read_excluded_from_original_corpus,yes,no,no, | 2026-09-23: actual supplied main text and all main figures/tables read; source-version-specific; supplements not supplied; acceptance not reviewed. Evidence: ccr-2025-sez6-review-background.md. Disease scope: SCLC;neuroendocrine-neoplasms. Role: background-review-only.,,,,
2025,Smoking-Associated Carcinogen-Induced Inflammation Promotes Lung Carcinogenesis via IRAK4 Activation,Clinical Cancer Research,39704655,10.1158/1078-0432.ccr-24-2182,PMC11832316,preclinical / translational,Translational Cancer Mechanisms and Therapy,aacr_article_page,official_section,2026-09-07,included_existing_corpus,main_text_deep_read_complete,yes,yes,yes, | 2026-09-23: actual supplied main text and all main figures/tables read; source-version-specific; supplements not supplied; acceptance not reviewed. Evidence: ccr-2025-omics-methods-2026-09-23-language.md. Disease scope: SCLC-human-IHC;NSCLC-cell-models;murine-lung-carcinogenesis. Role: lung-original-research.,,,,
2025,"STX-721, a Covalent EGFR/HER2 Exon 20 Inhibitor, Utilizes Exon 20-Mutant Dynamic Protein States and Achieves Unique Mutant Selectivity Across Human Cancer Models",Clinical Cancer Research,40465424,10.1158/1078-0432.ccr-24-3833,PMC12260510,preclinical / translational,Translational Cancer Mechanisms and Therapy,publisher_pdf_header,official_section,2026-09-07,included_existing_corpus,main_text_deep_read_complete,yes,yes,yes, | 2026-09-23: actual supplied main text and all main figures/tables read; source-version-specific; supplements not supplied; acceptance not reviewed. Evidence: ccr-2025-omics-methods-2026-09-23-language.md. Disease scope: EGFR-HER2-mutant-NSCLC;sinonasal-comparator. Role: lung-original-research.,,,,
2025,Targeting AXL Inhibits the Growth and Metastasis of Prostate Cancer in Bone,Clinical Cancer Research,39879384,10.1158/1078-0432.ccr-24-3028,PMC11961319,preclinical / translational,Translational Cancer Mechanisms and Therapy,aacr_article_page,official_section,2026-09-07,included_existing_corpus,main_text_deep_read_complete,yes,yes,yes, | 2026-09-23: actual supplied main text and all main figures/tables read; source-version-specific; supplements not supplied; acceptance not reviewed. Evidence: ccr-2025-omics-methods-2026-09-23-language.md. Disease scope: prostate;CRPC;NEPC;bone-and-lung-metastases-not-NSCLC. Role: cross-tumor-methodology.,,,,
2025,Tarlatamab Exposure-Efficacy and Exposure-Safety Relationships to Inform Dose Selection in Patients with Small Cell Lung Cancer,Clinical Cancer Research,40928991,10.1158/1078-0432.ccr-25-2134,PMC12616239,clinical trial,Clinical Trials: Immunotherapy,publisher_pdf_header,official_section,2026-09-07,included_existing_corpus,newly_read,yes,yes,yes,,,,,
2025,The Activity of EGFR CAR NK and CAR T Cells against EGFR Inhibitor-Resistant NSCLC and Drug-Tolerant Persister Cells,Clinical Cancer Research,40828417,10.1158/1078-0432.ccr-25-1693,PMC13051404,translational / resistance,Translational Mechanisms and Therapy,aacr_article_page,official_section,2026-09-07,included_existing_corpus,newly_read,yes,yes,yes,,,,,
2025,"Tremelimumab plus Durvalumab prior to Chemoradiotherapy in Unresectable, Locally Advanced Non-Small Cell Lung Cancer: The Induction Trial",Clinical Cancer Research,39821070,10.1158/1078-0432.ccr-24-3476,PMC11911803,translational / mixed,Clinical Trials: Immunotherapy,publisher_pdf_header,official_section,2026-09-07,included_existing_corpus,newly_read,yes,yes,yes,,,,,
2026,A Noninvasive Circulating Tumor DNA Methylation Classifier to Identify Benign Pulmonary Nodules,Clinical Cancer Research,42113010,10.1158/1078-0432.ccr-25-4520,PMC13473858,diagnostic / biomarker,Novel Biomarkers and Precision Medicine,publisher_pdf_header,official_section,2026-09-07,included_existing_corpus,language_deep_read_2026-09-19-pending15,yes,yes,yes,2026-09-19 initial main-text and main-figure/table language read completed; previous corpus-processing status=previously_read_skipped; section-language asset=ccr-2026-09-19-pending15-language.md; source-recheck acceptance not performed; separate supplements not supplied; no new STK11 highlight; legacy quantitative inclusion flags unchanged,,,,
2026,A Phase 2 Basket Trial of Ado-Trastuzumab Emtansine for Patients with HER2 Amplified Cancers: A Non-Randomized Clinical Trial,Clinical Cancer Research,42658187,10.1158/1078-0432.ccr-26-1566,,clinical trial,Research Article,aacr_article_page,official_generic_online_first,2026-09-07,included_existing_corpus,language_deep_read_2026-09-19-pending15,yes,no,no,2026-09 research-only supplement; source text screened for qualitative profile calibration; excluded from legacy quantitative section and phrase-bank statistics; 2026-09-19 initial main-text and main-figure/table language read completed; previous corpus-processing status=newly_read; section-language asset=ccr-2026-09-19-pending15-language.md; source-recheck acceptance not performed; separate supplements not supplied; no new STK11 highlight; legacy quantitative inclusion flags unchanged,,,,
2026,A Phase II Study of Stereotactic Ablative Radiotherapy plus Atezolizumab plus Tiragolumab in Treatment-Naïve Patients with Advanced Non-Small Cell Lung Cancer,Clinical Cancer Research,42008740,10.1158/1078-0432.ccr-25-4990,PMC13376880,clinical trial,Clinical Trials: Immunotherapy,publisher_pdf_header,official_section,2026-09-07,included_existing_corpus,previously_read_skipped,yes,yes,yes,,,,,
2026,ADC Target Profiling in NSCLC: Generalizable AI Separates TROP-2 and cMET Phenotypes,Clinical Cancer Research,41945491,10.1158/1078-0432.ccr-25-4513,PMC13325400,observational / epidemiology,Artificial Intelligence and Computational Oncology,publisher_pdf_header,official_section,2026-09-07,included_existing_corpus,language_deep_read_2026-09-19-pending15,yes,yes,yes,2026-09-19 initial main-text and main-figure/table language read completed; previous corpus-processing status=previously_read_skipped; section-language asset=ccr-2026-09-19-pending15-language.md; source-recheck acceptance not performed; separate supplements not supplied; no new STK11 highlight; legacy quantitative inclusion flags unchanged,,,,
2026,"Association of Blood Levels of Forever Plastics with Lung Cancer Mortality among Ever Smokers in the Prostate, Lung, Colorectal, and Ovarian (PLCO) Cohort Study",Clinical Cancer Research,41779007,10.1158/1078-0432.ccr-25-3846,PMC13120709,clinical trial,Novel Biomarkers and Precision Medicine,aacr_article_page,official_section,2026-09-07,included_existing_corpus,language_deep_read_2026-09-19-pending15,yes,yes,yes,2026-09-19 initial main-text and main-figure/table language read completed; previous corpus-processing status=previously_read_skipped; section-language asset=ccr-2026-09-19-pending15-language.md; source-recheck acceptance not performed; separate supplements not supplied; no new STK11 highlight; legacy quantitative inclusion flags unchanged,,,,
2026,Clinical Outcomes and Predictors of Response to PD-(L)1 Blockade in Patients with NSCLC without Actionable Genomic Alterations Who Never Used Tobacco,Clinical Cancer Research,42149140,10.1158/1078-0432.ccr-25-4793,,observational / epidemiology,Translational Mechanisms and Therapy,aacr_article_page,official_section,2026-09-07,included_existing_corpus,newly_read,yes,no,no,2026-09 research-only supplement; source text screened for qualitative profile calibration; excluded from legacy quantitative section and phrase-bank statistics,,,,
2026,Clinical significance of EGFR amplification in patients with EGFR-mutated metastatic non-small cell lung cancer receiving first-line osimertinib,Clinical Cancer Research,42446521,10.1158/1078-0432.ccr-26-0924,,translational / resistance,Research Briefs: Precision Medicine and Therapeutics,aacr_article_page,official_section,2026-09-07,included_existing_corpus,language_deep_read_2026-09-19-pending15,yes,no,no,2026-09 research-only supplement; source text screened for qualitative profile calibration; excluded from legacy quantitative section and phrase-bank statistics; 2026-09-19 initial main-text and main-figure/table language read completed; previous corpus-processing status=newly_read; section-language asset=ccr-2026-09-19-pending15-language.md; source-recheck acceptance not performed; separate supplements not supplied; no new STK11 highlight; legacy quantitative inclusion flags unchanged,,,,
2026,Decoding B-cell Signatures of Complete Pathologic Response to Perioperative Chemoimmunotherapy in Non-Small Cell Lung Cancer,Clinical Cancer Research,41805895,10.1158/1078-0432.ccr-25-3315,PMC13080320,clinical trial,Novel Biomarkers and Precision Medicine,publisher_pdf_header,official_section,2026-09-07,included_existing_corpus,previously_read_skipped,yes,yes,yes,,,,,
2026,Early Detriment Analysis of First-Line Nivolumab plus Ipilimumab-Based Therapy in Patients with Metastatic Non-Small Cell Lung Cancer,Clinical Cancer Research,42360104,10.1158/1078-0432.ccr-25-0942,PMC13473860,clinical trial,Clinical Trials: Immunotherapy,publisher_pdf_header,official_section,2026-09-07,included_existing_corpus,previously_read_skipped,yes,yes,yes,,,,,
2026,Epigenetic Instability-Based Metrics in Cell-Free DNA for Early Cancer Detection,Clinical Cancer Research,41591979,10.1158/1078-0432.ccr-25-3384,PMC13080316,diagnostic / biomarker,Novel Biomarkers and Precision Medicine,publisher_pdf_header,official_section,2026-09-07,included_existing_corpus,language_deep_read_2026-09-19-pending15,yes,yes,yes,2026-09-19 initial main-text and main-figure/table language read completed; previous corpus-processing status=previously_read_skipped; section-language asset=ccr-2026-09-19-pending15-language.md; source-recheck acceptance not performed; separate supplements not supplied; no new STK11 highlight; legacy quantitative inclusion flags unchanged,,,,
2026,ERK1/2 Inhibitor Ulixertinib in Pan-cancer Patients with BRAF Fusions or Non-V600E/K Mutations: Results from the NCI-MATCH ECOG-ACRIN Trial (EAY131) Subprotocol Z1L,Clinical Cancer Research,42578969,10.1158/1078-0432.ccr-24-0951,,clinical trial,Research Article,aacr_article_page,official_generic_online_first,2026-09-07,included_existing_corpus,language_deep_read_2026-09-19-pending15,yes,no,no,2026-09 research-only supplement; source text screened for qualitative profile calibration; excluded from legacy quantitative section and phrase-bank statistics; 2026-09-19 initial main-text and main-figure/table language read completed; previous corpus-processing status=newly_read; section-language asset=ccr-2026-09-19-pending15-language.md; source-recheck acceptance not performed; separate supplements not supplied; no new STK11 highlight; legacy quantitative inclusion flags unchanged,,,,
2026,FDA Approval Summary: Tarlatamab for the Treatment of Extensive-Stage Small Cell Lung Cancer,Clinical Cancer Research,41587109,10.1158/1078-0432.ccr-25-2287,PMC13034989,clinical trial,CCR Drug Updates,aacr_article_page,official_section,2026-09-07,included_existing_corpus,previously_read_skipped,yes,yes,yes,,,,,
2026,Genomic Profiling of Epidermal Growth Factor Receptor Mutation-Positive Non-Small Cell Lung Cancer after Progression on First-line Osimertinib: Phase II ORCHARD Study,Clinical Cancer Research,41790029,10.1158/1078-0432.ccr-25-4540,PMC13530993,translational / resistance,Clinical Trials: Molecularly Targeted Therapy,publisher_pdf_header,official_section,2026-09-07,included_existing_corpus,language_deep_read_2026-09-19-pending15,yes,no,no,2026-09 research-only supplement; source text screened for qualitative profile calibration; excluded from legacy quantitative section and phrase-bank statistics; 2026-09-19 initial main-text and main-figure/table language read completed; previous corpus-processing status=newly_read; section-language asset=ccr-2026-09-19-pending15-language.md; source-recheck acceptance not performed; separate supplements not supplied; no new STK11 highlight; legacy quantitative inclusion flags unchanged,,,,
2026,Improving Anti-CTLA-4 Therapies through Peptide Masking and Fragment Crystallizable Non-fucosylation: Preclinical Characterization of Three Novel Antibodies,Clinical Cancer Research,41837748,10.1158/1078-0432.ccr-25-1230,PMC13367003,preclinical / translational,Translational Mechanisms and Therapy,publisher_pdf_header,official_section,2026-09-07,included_existing_corpus,previously_read_skipped,yes,yes,yes,,,,,
2026,Incidence of B-cell Malignancies in Patients with Lung Cancer Receiving PD-1 Blockade Therapy,Clinical Cancer Research,42148884,10.1158/1078-0432.ccr-25-3406,PMC13376877,preclinical / translational,Translational Mechanisms and Therapy,publisher_pdf_header,official_section,2026-09-07,included_existing_corpus,previously_read_skipped,yes,yes,yes,,,,,
2026,Intratumoral Immune Heterogeneity Drives Divergent Outcomes to PD-(L)1 Blockade in Lung Cancer,Clinical Cancer Research,42456046,10.1158/1078-0432.ccr-26-1466,,translational / mixed,Novel Biomarkers and Precision Medicine,aacr_article_page,official_section,2026-09-07,included_existing_corpus,newly_read,yes,no,no,2026-09 research-only supplement; source text screened for qualitative profile calibration; excluded from legacy quantitative section and phrase-bank statistics,,,,
2026,Ionizing Radiation Enhances Prognostically Significant Cellular Immunity Programs in the Brain Metastasis Microenvironment,Clinical Cancer Research,41817317,10.1158/1078-0432.ccr-25-3525,PMC13223553,clinical trial,Translational Mechanisms and Therapy,publisher_pdf_header,official_section,2026-09-07,included_existing_corpus,previously_read_skipped,yes,yes,yes,,,,,
2026,Irreversible Electroporation Enhances Solid Tumor Infiltration and Selective Cancer Cell Lysis by CAR T Cells,Clinical Cancer Research,41920765,10.1158/1078-0432.ccr-25-4159,PMC13154003,clinical trial,Translational Mechanisms and Therapy,aacr_article_page,official_section,2026-09-07,included_existing_corpus,previously_read_skipped,yes,yes,yes,,,,,
2026,"JIN-A02, a Mutant-Selective Fourth-Generation EGFR Inhibitor, Overcomes C797S-Mediated Resistance and Demonstrates Intracranial Activity in NSCLC",Clinical Cancer Research,41649868,10.1158/1078-0432.ccr-25-3720,PMC13133602,clinical trial,Translational Mechanisms and Therapy,publisher_pdf_header,official_section,2026-09-07,included_existing_corpus,previously_read_skipped,yes,yes,yes,,,,,
2026,Landmark ctDNA molecular response represents an early predictor of immunotherapy outcomes in lung cancer: A clinical validity study,Clinical Cancer Research,42489696,10.1158/1078-0432.ccr-26-0656,,biomarker / liquid biopsy,Novel Biomarkers and Precision Medicine,publisher_pdf_header,official_section,2026-09-07,included_existing_corpus,newly_read,yes,no,no,2026-09 research-only supplement; source text screened for qualitative profile calibration; excluded from legacy quantitative section and phrase-bank statistics,,,,
2026,Landscape of Genomic Mechanisms of Resistance to Selective RET Inhibitors in RET-Altered Solid Tumors: Analysis of the RETgistry Global Consortium,Clinical Cancer Research,41537704,10.1158/1078-0432.ccr-25-4382,PMC12912800,translational / resistance,Translational Mechanisms and Therapy,aacr_article_page,official_section,2026-09-07,included_existing_corpus,language_deep_read_2026-09-19-pending15,yes,yes,yes,2026-09-19 initial main-text and main-figure/table language read completed; previous corpus-processing status=previously_read_skipped; section-language asset=ccr-2026-09-19-pending15-language.md; source-recheck acceptance not performed; separate supplements not supplied; no new STK11 highlight; legacy quantitative inclusion flags unchanged,,,,
2026,Low-Dose Intestinal Irradiation Enhances the Efficacy and Prognosis of PD-1 Blockade in Metastatic Non-Small Cell Lung Cancer,Clinical Cancer Research,41849236,10.1158/1078-0432.ccr-25-4153,PMC13473865,clinical trial,Novel Biomarkers and Precision Medicine,publisher_pdf_header,official_section,2026-09-07,included_existing_corpus,previously_read_skipped,yes,yes,yes,,,,,
2026,Mature Outcomes and Patterns of Failure in the Phase II FLARE-RT Trial of Biological Image-Guided and Risk-Adaptive Chemoradiation for Unresectable NSCLC,Clinical Cancer Research,42207168,10.1158/1078-0432.ccr-25-2626,PMC13403945,clinical trial,Clinical Trials: Molecularly Targeted Therapy,aacr_article_page,official_section,2026-09-07,included_existing_corpus,language_deep_read_2026-09-19-pending15,yes,yes,yes,2026-09-19 initial main-text and main-figure/table language read completed; previous corpus-processing status=previously_read_skipped; section-language asset=ccr-2026-09-19-pending15-language.md; source-recheck acceptance not performed; separate supplements not supplied; no new STK11 highlight; legacy quantitative inclusion flags unchanged,,,,
2026,Minimal Residual Disease Enhances Prognostic Stratification beyond Pathologic Response in Resectable Non-Small Cell Lung Cancer,Clinical Cancer Research,41537692,10.1158/1078-0432.ccr-25-2958,PMC13056293,clinical trial,Novel Biomarkers and Precision Medicine,publisher_pdf_header,official_section,2026-09-07,included_existing_corpus,previously_read_skipped,yes,yes,yes,,,,,
2026,Mitochondrial Imaging Detects Early Cardiac Changes Following Cancer Immunotherapy,Clinical Cancer Research,42126592,10.1158/1078-0432.ccr-26-0277,PMC13188887,observational / epidemiology,Research Briefs: Precision Medicine and Therapeutics,aacr_article_page,official_section,2026-09-07,included_existing_corpus,previously_read_skipped,yes,yes,yes,,,,,
2026,Osimertinib Plus Gefitinib in Patients with EGFR-Mutated Advanced Non-Small Cell Lung Cancer and EGFR (C797X) Mutation Following First-Line Osimertinib: ORCHARD,Clinical Cancer Research,42440354,10.1158/1078-0432.ccr-26-0704,,clinical trial,Clinical Trials: Molecularly Targeted Therapy,publisher_pdf_header,official_section,2026-09-07,included_existing_corpus,language_deep_read_2026-09-19-pending15,yes,no,no,2026-09 research-only supplement; source text screened for qualitative profile calibration; excluded from legacy quantitative section and phrase-bank statistics; 2026-09-19 initial main-text and main-figure/table language read completed; previous corpus-processing status=newly_read; section-language asset=ccr-2026-09-19-pending15-language.md; source-recheck acceptance not performed; separate supplements not supplied; no new STK11 highlight; legacy quantitative inclusion flags unchanged,,,,
2026,Patient-Reported Outcomes in FLAURA2: Osimertinib with or without Chemotherapy in Patients with Previously Untreated EGFR-Mutated Advanced Non-Small Cell Lung Cancer,Clinical Cancer Research,41801128,10.1158/1078-0432.ccr-25-3431,PMC13223547,clinical trial / PRO,Clinical Trials: Molecularly Targeted Therapy,publisher_pdf_header,official_section,2026-09-07,included_existing_corpus,language_deep_read_2026-09-19-pending15,yes,yes,yes,2026-09-19 initial main-text and main-figure/table language read completed; previous corpus-processing status=previously_read_skipped; section-language asset=ccr-2026-09-19-pending15-language.md; source-recheck acceptance not performed; separate supplements not supplied; no new STK11 highlight; legacy quantitative inclusion flags unchanged,,,,
2026,Presenting features and outcomes to standard systemic therapies in patients with MTAP-deleted advanced non-small cell lung cancer,Clinical Cancer Research,42405849,10.1158/1078-0432.ccr-26-0188,PMC13422915,translational / mixed,Novel Biomarkers and Precision Medicine,aacr_article_page,official_section,2026-09-07,included_existing_corpus,previously_read_skipped,yes,yes,yes,,,,,
2026,Pulsed Electric Field Ablation Reprograms Tumor Immunity and Stimulates Germinal Center Formation in Tertiary Lymphoid Structures in Patients with Non-Small Cell Lung Cancer,Clinical Cancer Research,42307634,10.1158/1078-0432.ccr-25-3847,PMC13530995,translational / mixed,Clinical Trials: Novel Mechanisms,publisher_pdf_header,official_section,2026-09-07,included_existing_corpus,language_deep_read_2026-09-19-pending15,yes,no,no,2026-09 research-only supplement; source text screened for qualitative profile calibration; excluded from legacy quantitative section and phrase-bank statistics; 2026-09-19 initial main-text and main-figure/table language read completed; previous corpus-processing status=newly_read; section-language asset=ccr-2026-09-19-pending15-language.md; source-recheck acceptance not performed; separate supplements not supplied; no new STK11 highlight; legacy quantitative inclusion flags unchanged,,,,
2026,Rilvegostomig for Metastatic Non-Small-Cell Lung Cancer: A First-In-Human Phase I/II Clinical Study,Clinical Cancer Research,42574065,10.1158/1078-0432.ccr-26-0333,,clinical trial,Research Article,aacr_article_page,official_generic_online_first,2026-09-07,included_existing_corpus,newly_read,yes,no,no,2026-09 research-only supplement; source text screened for qualitative profile calibration; excluded from legacy quantitative section and phrase-bank statistics,,,,
2026,Role of ctDNA Tumor Fraction in Selecting Immunotherapy Based Regimens in Advanced Non-small Cell Lung Cancer,Clinical Cancer Research,42440365,10.1158/1078-0432.ccr-25-3917,,biomarker / liquid biopsy,Novel Biomarkers and Precision Medicine,publisher_pdf_header,official_section,2026-09-07,included_existing_corpus,newly_read,yes,no,no,2026-09 research-only supplement; source text screened for qualitative profile calibration; excluded from legacy quantitative section and phrase-bank statistics,,,,
2026,RRAS and RRAS2 Mutations Are Recurrent Oncogenic Drivers in Lung Cancer and Are Sensitive to the Pan-RAS Inhibitor RMC-6236,Clinical Cancer Research,41543339,10.1158/1078-0432.ccr-25-2734,PMC12978839,preclinical / translational,Translational Mechanisms and Therapy,aacr_article_page,official_section,2026-09-07,included_existing_corpus,language_deep_read_2026-09-19-pending15,yes,yes,yes,2026-09-19 initial main-text and main-figure/table language read completed; previous corpus-processing status=previously_read_skipped; section-language asset=ccr-2026-09-19-pending15-language.md; source-recheck acceptance not performed; separate supplements not supplied; no new STK11 highlight; legacy quantitative inclusion flags unchanged,,,,
2026,Sequential Immune Activation of Effector T Cells as Biomarkers of Response to Durvalumab in Patients with Locally Advanced NSCLC,Clinical Cancer Research,42189883,10.1158/1078-0432.ccr-25-3991,PMC13530998,observational / epidemiology,Novel Biomarkers and Precision Medicine,publisher_pdf_header,official_section,2026-09-07,included_existing_corpus,newly_read,yes,no,no,2026-09 research-only supplement; source text screened for qualitative profile calibration; excluded from legacy quantitative section and phrase-bank statistics,,,,
2026,Subcutaneously Administered Tislelizumab in Locally Advanced or Metastatic Non-Small Cell Lung Cancer: Pharmacokinetics and Safety Results from the BGB-A317-103 Phase I Study,Clinical Cancer Research,41671081,10.1158/1078-0432.ccr-25-2173,PMC13133601,translational / mixed,Clinical Trials: Immunotherapy,publisher_pdf_header,official_section,2026-09-07,included_existing_corpus,previously_read_skipped,yes,yes,yes,,,,,
2026,The genomic landscape and treatment outcomes associated with CDKN2A/MTAP loss in patients with non-small cell lung cancer,Clinical Cancer Research,42507545,10.1158/1078-0432.ccr-26-0771,,translational / mixed,Translational Mechanisms and Therapy,publisher_pdf_header,official_section,2026-09-07,included_existing_corpus,newly_read,yes,no,no,2026-09 research-only supplement; source text screened for qualitative profile calibration; excluded from legacy quantitative section and phrase-bank statistics,,,,
2026,"The pan-tumor landscape, allelic status, and genomic complexity of SMARCA4 alterations",Clinical Cancer Research,42599160,10.1158/1078-0432.ccr-26-1069,,translational / mixed,Research Briefs: Precision Medicine and Therapeutics,aacr_article_page,official_section,2026-09-07,included_existing_corpus,language_deep_read_2026-09-19-pending15,yes,no,no,2026-09 research-only supplement; source text screened for qualitative profile calibration; excluded from legacy quantitative section and phrase-bank statistics; 2026-09-19 initial main-text and main-figure/table language read completed; previous corpus-processing status=newly_read; section-language asset=ccr-2026-09-19-pending15-language.md; source-recheck acceptance not performed; separate supplements not supplied; no new STK11 highlight; legacy quantitative inclusion flags unchanged,,,,
2026,Utilizing machine learning to identify multimodal signatures for patients who would benefit from the addition of tremelimumab to durvalumab and chemotherapy (TRIDENT),Clinical Cancer Research,42485106,10.1158/1078-0432.ccr-25-3729,,diagnostic / biomarker,Novel Biomarkers and Precision Medicine,publisher_pdf_header,official_section,2026-09-07,included_existing_corpus,newly_read,yes,no,no,2026-09 research-only supplement; source text screened for qualitative profile calibration; excluded from legacy quantitative section and phrase-bank statistics,,,,
2021,NRF2 Activation Promotes Aggressive Lung Cancer and Associates with Poor Clinical Outcomes,Clinical Cancer Research,33077574,10.1158/1078-0432.ccr-20-1985,PMC10867786,translational / mixed,Translational Cancer Mechanisms and Therapy,publisher_pdf_header,official_section,2026-09-12,included_original_research,language_deep_read_2026-09-12,yes,no,no,Formal issue 2021; online 2020-10-19; main PDF 13 physical pages including publisher information page; section-indexed language catalog included; main figures and table visually checked; supplements not independently reviewed,,,,
2026,Osimertinib After Definitive Chemoradiotherapy in Unresectable Stage III EGFR-Mutated NSCLC: Subsequent Treatments and PPO From the Phase III LAURA Study,Clinical Cancer Research,42714840,10.1158/1078-0432.ccr-25-4523,,clinical trial,,,pending_official_verification,,included_original_research,language_deep_read_2026-09-12,yes,no,no,Online 2026-09-09; manuscript p6 declares Clinical Trials: Molecularly Targeted Therapy but website section unverified; main PDF 34 pages including image-only figures pp32-34 visually checked; section-indexed language catalog included; supplements not independently reviewed,,,,
2026,Ceralasertib plus durvalumab in Ras mutant and Ras wild type advanced non-small cell lung cancer: Two cohorts of the phase II platform National Lung Matrix Trial,Clinical Cancer Research,42714874,10.1158/1078-0432.ccr-26-1365,,translational / mixed,,,pending_official_verification,,included_original_research,language_deep_read_2026-09-12,yes,no,no,Online 2026-09-09; main PDF 38 pages including figures pp33-38 visually checked; official CCR section unverified; section-indexed language catalog included; supplements not independently reviewed,,,,
2026,"Associations of Baseline Neutrophil-to-Lymphocyte Ratio with Efficacy and Toxicity of the B7H3 ADC YL201, Linked to Interleukin-6: Analysis of the Phase 1/1b Trial",Clinical Cancer Research,42714875,10.1158/1078-0432.ccr-26-1896,,diagnostic / biomarker,,,pending_official_verification,,included_original_research,language_deep_read_2026-09-12,yes,no,no,Online 2026-09-09; main PDF 33 pages including image-only figures pp32-33 visually checked; official CCR section unverified; targeted plasma PEA not proteome sequencing; section-indexed language catalog included; supplements not independently reviewed,,,,
2026,The SOS1 Inhibitor BI 1701963 as Monotherapy or in Combination with Trametinib in Patients with KRAS Mutation-Positive Solid Tumors,Clinical Cancer Research,42048384,10.1158/1078-0432.ccr-25-3725,PMC13430219,clinical trial,Clinical Trials: Molecularly Targeted Therapy,publisher_pdf_header,official_section,2026-09-19,included_original_research,language_deep_read_2026-09-19,yes,no,no,Main PDF 11 pages; complete article plus main figures and tables reviewed; section-indexed language catalog included; supplements not independently reviewed,,,,
2026,Divergent Tumor Immune Microenvironment and Response to Neoadjuvant Chemoimmunotherapy in Resectable Non-Small Cell Lung Cancer: A Single-Arm Phase II Trial,Clinical Cancer Research,42440361,10.1158/1078-0432.ccr-25-4222,,clinical trial,Clinical Trials: Immunotherapy,publisher_pdf_header,official_section,2026-09-19,included_original_research,language_deep_read_2026-09-19,yes,no,no,Main PDF 13 pages; complete article plus spatial-profiling figures and tables reviewed; section-indexed language catalog included; supplements not independently reviewed,,,,
2026,Evaluation of MET Detection Methods and Cutoffs in EGFR-Mutated Non-small Cell Lung Cancer Following Disease Progression on Osimertinib in the Phase II SAVANNAH Study,Clinical Cancer Research,42752799,10.1158/1078-0432.ccr-26-0604,,diagnostic / biomarker,Novel Biomarkers and Precision Medicine,publisher_pdf_header,official_section,2026-09-19,included_original_research,language_deep_read_2026-09-19,yes,no,no,Accepted main manuscript 39 pages; complete text plus figures and tables reviewed; assay-specific analysis sets and cutoff limitations preserved; supplements not independently reviewed,,,,
2026,Intrathecal Allogeneic B7-H3-Targeted CAR Gamma Delta T Cells for Leptomeningeal Metastasis from Solid Tumors: Safety Efficacy and Immunologic Dynamics in a Phase I Trial,Clinical Cancer Research,42207176,10.1158/1078-0432.ccr-26-0738,,clinical trial,Clinical Trials: Cellular and Gene Therapy,publisher_pdf_header,official_section,2026-09-19,included_original_research,language_deep_read_2026-09-19,yes,no,no,Main PDF 13 pages; complete three-patient phase I article plus main figures and tables reviewed; proof-of-concept limits preserved; supplements not independently reviewed,,,,
2026,Early ctDNA Stratifies Survival in Locally Advanced and Oligometastatic Lung Cancer Treated with Radiotherapy,Clinical Cancer Research,42059900,10.1158/1078-0432.ccr-25-4983,,diagnostic / biomarker,Novel Biomarkers and Precision Medicine,aacr_article_page,official_section,2026-09-19,included_original_research,language_deep_read_2026-09-19,yes,no,no,Accepted main manuscript 44 pages; complete text plus figures reviewed; discovery and external-validation cohorts kept separate; supplements not independently reviewed,,,,
2026,Efficacy and Safety of Necitumumab and Pembrolizumab Combination Therapy in Advanced Non-Small-Cell Lung Cancer with at Least 50 Percent PD-L1 Expression: A Nonrandomized Phase II Trial,Clinical Cancer Research,42507540,10.1158/1078-0432.ccr-25-2751,,clinical trial,Clinical Trials: Immunotherapy,aacr_article_page,official_section,2026-09-19,included_original_research,language_deep_read_2026-09-19,yes,no,no,Accepted main manuscript 38 pages; complete text plus figures and tables reviewed; single-arm and pulmonary-toxicity limits preserved; supplements not independently reviewed,,,,
2026,Locus-Specific Human Endogenous Retrovirus ERVK18 Expression Indicates an Inflamed Microenvironment and Favorable Immunotherapy Outcome in Small Cell Lung Cancer,Clinical Cancer Research,41784525,10.1158/1078-0432.ccr-25-3302,,diagnostic / biomarker,Novel Biomarkers and Precision Medicine,publisher_pdf_header,official_section,2026-09-19,included_original_research,language_deep_read_2026-09-19,yes,no,no,Main PDF 16 pages; complete multi-cohort transcriptomic single-cell and spatial article reviewed; locus and subfamily signals kept distinct; supplements not independently reviewed,,,,
2026,Molecular and Clinical Characteristics of Patients with Non-Small Cell Lung Cancer Harboring KRAS Q61 Mutations to Assess Therapeutic Responses,Clinical Cancer Research,42268349,10.1158/1078-0432.ccr-26-0133,,translational / mixed,Translational Mechanisms and Therapy,aacr_article_page,official_section,2026-09-19,included_user_priority,language_deep_read_2026-09-19,yes,no,no,User-designated STK11 framework highlight; accepted main manuscript 24 pages; complete clinicogenomic and treatment-outcome article plus figures and tables reviewed; supplements not independently reviewed,,,,
2026,Molecular and Clinical Characteristics of Patients with Non-Small Cell Lung Cancer Harboring KRAS G12V Mutations,Clinical Cancer Research,41417462,10.1158/1078-0432.ccr-25-2581,,translational / mixed,Translational Mechanisms and Therapy,publisher_pdf_header,official_section,2026-09-19,included_user_priority,language_deep_read_2026-09-19,yes,no,no,User-designated STK11 framework highlight; main PDF 10 pages; complete clinicogenomic immune and treatment-outcome article plus figures and tables reviewed; supplements not independently reviewed,,,,
2026,Crizotinib in Patients with Tumors with MET Amplification or Exon 14 Deletion: Results from the NCI-MATCH ECOG-ACRIN Trial Subprotocols C1 and C2,Clinical Cancer Research,41556942,10.1158/1078-0432.ccr-25-1247,PMC12969797,clinical trial,Clinical Trials: Molecularly Targeted Therapy,aacr_article_page,official_section,2026-09-19,included_original_research,language_deep_read_2026-09-19,yes,no,no,Author manuscript 21 pages; complete article plus main figures and tables reviewed; subprotocol analysis sets and molecular-classification limits preserved; supplements not independently reviewed,,,,
2026,Dual Inhibition of TRIP13 and Aurora A Induces Mitotic DNA Damage and Concurrent Pyroptotic-Apoptotic Cell Death in Rb-Deficient Cancer Cells,Clinical Cancer Research,42013305,10.1158/1078-0432.ccr-25-4712,PMC13189064,preclinical,Translational Mechanisms and Therapy,aacr_article_page,official_section,2026-09-19,included_original_research,language_deep_read_2026-09-19,yes,no,no,Author manuscript 36 pages; complete mechanistic article plus main figures reviewed; preclinical inference boundary preserved; supplements not independently reviewed,,,,
2026,Retreatment with First-Generation Selective RET Inhibitors in RET-Rearranged NSCLC Pretreated with Selpercatinib or Pralsetinib: Results from the RET-MAP Registry,Clinical Cancer Research,41945500,10.1158/1078-0432.ccr-25-4814,,translational / mixed,Research Briefs: Precision Medicine and Therapeutics,aacr_article_page,official_section,2026-09-19,included_original_research,language_deep_read_2026-09-19,yes,no,no,Accepted main manuscript 19 pages; complete registry article plus main figures and table reviewed; toxicity-switch and progression-rechallenge strata preserved; supplements not independently reviewed,,,,
2026,The Efficacy and Safety of Tislelizumab plus Anlotinib as First-Line Treatment in Advanced Pulmonary Sarcomatoid Carcinoma: A Single-Arm Phase II Trial,Clinical Cancer Research,41894181,10.1158/1078-0432.ccr-25-4770,,clinical trial,Clinical Trials: Immunotherapy,publisher_pdf_header,official_section,2026-09-19,included_original_research,language_deep_read_2026-09-19,yes,no,no,Main PDF 9 pages; complete phase II article plus main figures and tables reviewed; rare-disease single-arm limits preserved; supplements not independently reviewed,,,,
2026,ZW191 an FRalpha-Targeted Topoisomerase 1 Inhibitor ADC with a Differentiated Antitumor Efficacy and Tolerability Profile,Clinical Cancer Research,42007996,10.1158/1078-0432.ccr-25-4691,,preclinical,New Drugs on the Horizon,aacr_article_page,official_section,2026-09-19,included_original_research,language_deep_read_2026-09-19,yes,no,no,Accepted main manuscript 43 pages; complete ADC engineering pharmacology xenograft and toxicology article plus figures reviewed; clinical claims kept preliminary; supplements not independently reviewed,,,,
2026,Targeting CD24 Activates Macrophages to Reduce Tumor Burden in Preclinical Models of Solid Tumors,Clinical Cancer Research,42478960,10.1158/1078-0432.ccr-26-0481,PMC13530989,preclinical,New Drugs on the Horizon,publisher_pdf_header,official_section,2026-09-19,included_original_research,language_deep_read_2026-09-19-batch2,yes,no,no,Main PDF 22 pages; complete main article plus main figures tables and captions reviewed; supplements not supplied or independently reviewed; Macrophage-dependent anti-CD24 preclinical activity; no established human efficacy safety or formal combination synergy,,,,
2026,The Pan-Tumor Landscape of Gene Amplifications and Copy Number Amplification Ratio for Established and Emerging Clinical Targets,Clinical Cancer Research,41870274,10.1158/1078-0432.ccr-25-4018,PMC13320176,translational / mixed,Novel Biomarkers and Precision Medicine,publisher_pdf_header,official_section,2026-09-19,included_original_research,language_deep_read_2026-09-19-batch2,yes,no,no,Main PDF 14 pages; complete main article plus main figures tables and captions reviewed; supplements not supplied or independently reviewed; STK11 framework highlight; CN/ploidy-normalized AmpRatio and NSCLC STK11 co-alteration context; not STK11 treatment validation,,,,
2026,"Safety, Pharmacokinetics, Pharmacodynamics, and Preliminary Efficacy from a First-in-Human Study of Volrustomig, a Novel PD-1/CTLA-4 Bispecific Antibody",Clinical Cancer Research,41701940,10.1158/1078-0432.ccr-25-3447,PMC13376882,clinical trial,Clinical Trials: Immunotherapy,publisher_pdf_header,official_section,2026-09-19,included_original_research,language_deep_read_2026-09-19-batch2,yes,no,no,Main PDF 15 pages; complete main article plus main figures tables and captions reviewed; supplements not supplied or independently reviewed; First-in-human PD-1/CTLA-4 bispecific; preliminary activity pharmacology and safety with nonrandomized comparison limits,,,,
2026,"A First-in-Human Phase I Clinical Trial Evaluating Clinical Activity and Proof of Mechanism of Tobemstomig, a PD-1-LAG-3 Bispecific Antibody, in Patients with CPI-Experienced Melanoma",Clinical Cancer Research,41945490,10.1158/1078-0432.ccr-25-4478,,clinical trial,Clinical Trials: Immunotherapy,aacr_article_page,official_section,2026-09-19,included_original_research,language_deep_read_2026-09-19-batch2,yes,no,no,Main PDF 56 pages; complete main article plus main figures tables and captions reviewed; supplements not supplied or independently reviewed; Accepted main manuscript; CPI-experienced melanoma NSCLC and ESCC cohorts; paired single-nucleus RNA and patient-level pseudobulk; no causal cross-study comparison,,,,
2026,plasmaCHORD: A Machine Learning Approach to Distinguish Clonal Hematopoiesis-Derived Variants in Liquid Biopsies from Patients with Solid Tumors,Clinical Cancer Research,42001480,10.1158/1078-0432.ccr-25-0976,PMC13133610,translational / mixed,Novel Biomarkers and Precision Medicine,publisher_pdf_header,official_section,2026-09-19,included_original_research,language_deep_read_2026-09-19-batch2,yes,no,no,Main PDF 16 pages; complete main article plus main figures tables and captions reviewed; supplements not supplied or independently reviewed; CH variant-origin classification; variant-versus-patient denominators and model validation limits retained,,,,
2026,Efficacy and CNS Toxicity of Nivolumab and Ipilimumab in Rare Cancer Brain Metastases: A Multicenter Basket Trial Analysis (NCI/SWOG S1609),Clinical Cancer Research,41378983,10.1158/1078-0432.ccr-25-2900,PMC13176817,clinical trial,Research Briefs: Clinical Trial Brief Reports,publisher_pdf_header,official_section,2026-09-19,included_original_research,language_deep_read_2026-09-19-batch2,yes,no,no,Main PDF 6 pages; complete main article plus main figures tables and captions reviewed; supplements not supplied or independently reviewed; Rare-cancer basket brain-metastasis subgroup; denominator and small-sample limitations retained; first online 2025 and issue year 2026,,,,
2026,Cergutuzumab Amunaleukin in Combination with Atezolizumab in Patients with Carcinoembryonic Antigen-Positive Advanced/Metastatic Solid Tumors,Clinical Cancer Research,41252574,10.1158/1078-0432.ccr-25-2440,PMC12869162,clinical trial,Clinical Trials: Immunotherapy,publisher_pdf_header,official_section,2026-09-19,included_original_research,language_deep_read_2026-09-19-batch2,yes,no,no,Main PDF 12 pages; complete main article plus main figures tables and captions reviewed; supplements not supplied or independently reviewed; Phase I safety pharmacodynamics anti-drug antibodies and limited clinical activity; first online 2025 and issue year 2026,,,,
2026,Broad Utility of Ultrasensitive Analysis of ctDNA Dynamics across Solid Tumors Treated with Immunotherapy,Clinical Cancer Research,41400436,10.1158/1078-0432.ccr-25-2312,PMC12809116,translational / mixed,Novel Biomarkers and Precision Medicine,publisher_pdf_header,official_section,2026-09-19,included_original_research,language_deep_read_2026-09-19-batch2,yes,no,no,Main PDF 17 pages; complete main article plus main figures tables and captions reviewed; supplements not supplied or independently reviewed; Serial ultrasensitive ctDNA and immunotherapy; prognostic associations not treatment-predictive utility; first online 2025 and issue year 2026,,,,
2025,Phase I/II Investigator-Initiated Study of Olaparib and Temozolomide in SCLC: Final Analysis and CNS Outcomes,Clinical Cancer Research,39470668,10.1158/1078-0432.ccr-24-2350,,original research,Clinical Trials: Targeted Therapy,publisher_pdf_header,official_section,2026-09-19,included_original_research,language_deep_read_2026-09-19-2025-intake,yes,no,no,"Supplied main PDF 10 pages, main figures/tables/captions read; supplements not supplied; initial read complete, acceptance recheck pending. sclc-parp-temozolomide-cns-efficacy-safety. Issue year2025; first-online date not verified in this intake; language catalog curated, legacy statistical pipelines not rerun.",,,,
2025,"MAPK Pathway-Activating Alteration and Immunotherapy Efficacy in Squamous Cell Lung Carcinoma: Results from the Randomized, Prospective SQUINT Trial",Clinical Cancer Research,39836372,10.1158/1078-0432.ccr-24-2077,,original research,Clinical Trials: Immunotherapy,publisher_pdf_header,official_section,2026-09-19,included_original_research,language_deep_read_2026-09-19-2025-intake,yes,no,no,"Supplied main PDF 10 pages, main figures/tables/captions read; supplements not supplied; initial read complete, acceptance recheck pending. mapk-genomics-immunotherapy-multiplex-if-survival. Issue year2025; first-online date not verified in this intake; language catalog curated, legacy statistical pipelines not rerun.",,,,
2025,Analysis of Shared Variants between Cancer Biospecimens,Clinical Cancer Research,39561276,10.1158/1078-0432.ccr-24-1583,PMC11747808,original research,Precision Medicine and Imaging,aacr_article_page,official_section,2026-09-19,included_original_research,language_deep_read_2026-09-19-2025-intake,yes,no,no,"Supplied main PDF 22 pages, main figures/tables/captions read; supplements not supplied; initial read complete, acceptance recheck pending. shared-variant-computational-genomics-diagnostic-relatedness. Issue year2025; first-online date not verified in this intake; language catalog curated, legacy statistical pipelines not rerun.",,,,
2025,Longitudinal Blood Immune-Inflammatory and Radiomic Profiling to Decode Different Patterns of Acquired Resistance to Immunotherapy in Patients with NSCLC,Clinical Cancer Research,39670974,10.1158/1078-0432.ccr-24-1926,,original research,Precision Medicine and Imaging,publisher_pdf_header,official_section,2026-09-19,included_original_research,language_deep_read_2026-09-19-2025-intake,yes,no,no,"Supplied main PDF 13 pages, main figures/tables/captions read; supplements not supplied; initial read complete, acceptance recheck pending. longitudinal-immune-radiomics-acquired-resistance. Issue year2025; first-online date not verified in this intake; language catalog curated, legacy statistical pipelines not rerun.",,,,
2025,"Effects of CVA21, an Oncolytic Virus, in Combination with Pembrolizumab on Immunogenicity and the Tumor Microenvironment in Advanced NSCLC: A Phase I/II Trial",Clinical Cancer Research,40932352,10.1158/1078-0432.ccr-25-1449,,original research,Clinical Trials: Immunotherapy,publisher_pdf_header,official_section,2026-09-19,included_original_research,language_deep_read_2026-09-19-2025-intake,yes,no,no,"Supplied main PDF 11 pages, main figures/tables/captions read; supplements not supplied; initial read complete, acceptance recheck pending. oncolytic-virus-immunotherapy-wgs-spatial-proteomics. Issue year2025; first-online date September 11, 2025; language catalog curated, legacy statistical pipelines not rerun.",,,,
2025,YAP Regulates HER3 Signaling-Driven Adaptive Resistance to RET Inhibitors in RET-Aberrant Cancers,Clinical Cancer Research,39495173,10.1158/1078-0432.ccr-24-1762,,original research,Translational Cancer Mechanisms and Therapy,publisher_pdf_header,official_section,2026-09-19,included_original_research,language_deep_read_2026-09-19-2025-intake,yes,no,no,"Supplied main PDF 15 pages, main figures/tables/captions read; supplements not supplied; initial read complete, acceptance recheck pending. ret-her3-yap-bulk-rna-perturbation-xenograft. Issue year2025; first-online date not verified in this intake; language catalog curated, legacy statistical pipelines not rerun.",,,,
2025,Amplification of Extrachromosomal MYC Paralogs Shapes Immunosuppressive Tumor Microenvironment in Small Cell Lung Cancer,Clinical Cancer Research,40299768,10.1158/1078-0432.ccr-24-3399,,original research,Translational Mechanisms and Therapy,publisher_pdf_header,official_section,2026-09-19,included_original_research,language_deep_read_2026-09-19-2025-intake,yes,no,no,"Supplied main PDF 14 pages, main figures/tables/captions read; supplements not supplied; initial read complete, acceptance recheck pending. ecdna-myc-copy-number-bulk-rna-spatial-proteomics. Issue year2025; first-online date April 29, 2025; language catalog curated, legacy statistical pipelines not rerun.",,,,
2025,Multiomics and Single-Cell Insights Reveal a Lysophosphatidic Acid-Mediated Resistant Mechanism to Third-generation EGFR-TKI in Non-Small Cell Lung Cancer,Clinical Cancer Research,40853904,10.1158/1078-0432.ccr-25-0993,,original research,Translational Mechanisms and Therapy,publisher_pdf_header,official_section,2026-09-19,included_original_research,language_deep_read_2026-09-19-2025-intake,yes,no,no,"Supplied main PDF 18 pages, main figures/tables/captions read; supplements not supplied; initial read complete, acceptance recheck pending. metabolomics-bulk-rna-proteomics-single-cell-egfr-resistance. Issue year2025; first-online date August 25, 2025; language catalog curated, legacy statistical pipelines not rerun.",,,,
2025,"Characterization of Plasma Cell-Free DNA Variants as of Tumor or Clonal Hematopoiesis Origin in 16,812 Advanced Cancer Patients",Clinical Cancer Research,39932457,10.1158/1078-0432.ccr-24-3335,PMC12209822,retrospective molecular profiling,Precision Medicine and Imaging,publisher_pdf_header,official_section,2026-09-20,included_original_research,language_deep_read_2026-09-20-genomics,yes,no,no,Main text and all main figures/tables read2026-09-20; genomics;liquid-biopsy;clonal-hematopoiesis;matched-normal;variant-attribution. Separate supplements not supplied; acceptance recheck pending. See ccr-2025-genomics-2026-09-20-language.md#pmid-39932457.,,,,
2025,Molecular Characterization of NUT Carcinoma: A Report from the NUT Carcinoma Registry,Clinical Cancer Research,40704901,10.1158/1078-0432.ccr-25-1071,PMC12373430,registry molecular characterization,Precision Medicine and Imaging,https://aacrjournals.org/clincancerres/article/31/18/3922/764533/Molecular-Characterization-of-NUT-Carcinoma-A,official_section,2026-09-20,included_original_research,language_deep_read_2026-09-20-genomics,yes,no,no,Main text and all main figures/tables read2026-09-20; genomics;NUTM1-fusion;rare-thoracic-cancer;co-alterations;diagnostic-sensitivity. Separate supplements not supplied; acceptance recheck pending. See ccr-2025-genomics-2026-09-20-language.md#pmid-40704901.,,,,
2025,Concordance between Tumor Tissue and Plasma DNA Genotyping in the NCI-MATCH Trial (EAY131),Clinical Cancer Research,40388547,10.1158/1078-0432.ccr-24-3531,PMC12383705,paired tissue-plasma genotyping study,Precision Medicine and Imaging,https://aacrjournals.org/clincancerres/article/doi/10.1158/1078-0432.CCR-24-3531/762511,official_section,2026-09-20,included_original_research,language_deep_read_2026-09-20-genomics,yes,no,no,Main text and all main figures/tables read2026-09-20; genomics;liquid-biopsy;tissue-plasma-concordance;actionable-alterations;trial-selection. Separate supplements not supplied; acceptance recheck pending. See ccr-2025-genomics-2026-09-20-language.md#pmid-40388547.,,,,
2025,Metabolic Tumor Volume Assessed by 18F FDG-PET CT Scan as a Predictive Biomarker for Immune Checkpoint Blockers in Advanced NSCLC and Its Biological Correlates,Clinical Cancer Research,39437011,10.1158/1078-0432.ccr-24-1993,,observational imaging biomarker with multiomic correlates,Precision Medicine and Imaging,publisher_pdf_header,official_section,2026-09-20,included_original_research,language_deep_read_2026-09-20-genomics,yes,no,no,Main text and all main figures/tables read2026-09-20; imaging;immunotherapy;genomics;bulk-transcriptomics;targeted-proteomics;metagenomics;interaction-analysis. Separate supplements not supplied; acceptance recheck pending. See ccr-2025-genomics-2026-09-20-language.md#pmid-39437011.,,,,
2025,Noninvasive Multicancer Detection Using DNA Hypomethylation of LINE-1 Retrotransposons,Clinical Cancer Research,39620930,10.1158/1078-0432.ccr-24-2669,PMC11959274,diagnostic classifier development and validation,Precision Medicine and Imaging,publisher_pdf_header,official_section,2026-09-20,included_original_research,language_deep_read_2026-09-20-genomics,yes,no,no,Main text and all main figures/tables read2026-09-20; epigenomics;liquid-biopsy;LINE1;hypomethylation;machine-learning;copy-number;multicancer-detection. Separate supplements not supplied; acceptance recheck pending. See ccr-2025-genomics-2026-09-20-language.md#pmid-39620930.,,,,
2026,First-Line Sacituzumab Govitecan Plus Pembrolizumab and Carboplatin in Metastatic Non-Small Cell Lung Cancer: Nonsquamous and Squamous Cohorts of the EVOKE-02 Study,Clinical Cancer Research,41961582,10.1158/1078-0432.CCR-25-4485,,clinical trial,Clinical Trials: Molecularly Targeted Therapy,https://aacrjournals.org/clincancerres/issue/32/14,official_section,2026-09-23,included_original_research,main_text_deep_read_complete,yes,yes,yes, | 2026-09-23: actual supplied main text and all main figures/tables read; source-version-specific; supplements not supplied; acceptance not reviewed. Evidence: ccr-2026-09-23-intake-language.md. Disease scope: NSCLC. Role: lung-original-research.,,,,
2025,"Phase I/II Study of Tifcemalimab, an Anti-B and T-Lymphocyte Attenuator Antibody, in Combination with Toripalimab in Previously Treated Advanced Lung Cancer",Clinical Cancer Research,40378060,10.1158/1078-0432.CCR-25-0022,,clinical trial,Clinical Trials: Immunotherapy,supplied publisher PDF page 1; https://doi.org/10.1158/1078-0432.CCR-25-0022,official_section,2026-09-23,included_original_research,main_text_deep_read_complete,yes,yes,yes, | 2026-09-23: actual supplied main text and all main figures/tables read; source-version-specific; supplements not supplied; acceptance not reviewed. Evidence: ccr-2026-09-23-intake-language.md. Disease scope: NSCLC;SCLC. Role: lung-original-research.,,,,
2026,The Impact of Concordance between Liquid and Tissue Biopsy for Actionable Mutations: Insights from the ROME Trial,Clinical Cancer Research,40833744,10.1158/1078-0432.ccr-25-0430,,randomized-trial post hoc concordance analysis,Clinical Trials: Molecularly Targeted Therapy,supplied_publisher_pdf_header,official_section,2026-09-23,included_original_research,main_text_deep_read_complete,yes,,, | 2026-09-23: actual supplied main text and all applicable main figures/tables read. Evidence: ccr-2026-40833744-language.md. Supplements not supplied; acceptance recheck not performed. Role: pan-cancer-methodology.,randomized-trial post hoc concordance analysis,ROME;ctDNA;NGS;concordance;molecular-matching;survival,pan-cancer;NSCLC31-of400,pan-cancer-methodology
2026,Comprehensive Genomic and Transcriptomic Characterization of MTAP Loss across Advanced Solid Tumors,Clinical Cancer Research,42148883,10.1158/1078-0432.ccr-25-4936,,observational genomic-transcriptomic study,Novel Biomarkers and Precision Medicine,supplied_publisher_pdf_header,official_section,2026-09-23,included_original_research,main_text_deep_read_complete,yes,,, | 2026-09-23: actual supplied main text and all applicable main figures/tables read. Evidence: ccr-2026-42148883-language.md. Supplements not supplied; acceptance recheck not performed. Role: cross-tumor-methodology.,observational genomic-transcriptomic study,MTAP;copy-number;bulk-RNA;deconvolution;pathway-enrichment;ICI-outcomes,advanced-solid-tumors;no-explicit-primary-lung-cohort,cross-tumor-methodology
2026,Network-Integrated Platform for Clinical Trial Navigation from the New South Wales Early Phase Clinical Trials Alliance,Clinical Cancer Research,42484497,10.1158/1078-0432.ccr-26-0733,,prospective trial navigation feasibility,Clinical Trials: Molecularly Targeted Therapy,supplied_publisher_pdf_header,official_section,2026-09-23,included_original_research,main_text_deep_read_complete,yes,,, | 2026-09-23: actual supplied main text and all applicable main figures/tables read. Evidence: ccr-2026-42484497-language.md. Supplements not supplied; acceptance recheck not performed. Role: pan-cancer-implementation.,prospective trial navigation feasibility,ctDNA;precision-oncology;trial-matching;feasibility;implementation,pan-cancer;NSCLC19-of101,pan-cancer-implementation
2026,Germline Pathogenic Variant Prediction Model for Tumor-Only Sequencing Based on Japanese Clinicogenomic Database,Clinical Cancer Research,41403154,10.1158/1078-0432.ccr-25-2985,,clinicogenomic germline prediction model,Novel Biomarkers and Precision Medicine,supplied_publisher_pdf_header,official_section,2026-09-23,included_original_research,main_text_deep_read_complete,yes,,, | 2026-09-23: actual supplied main text and all applicable main figures/tables read. Evidence: ccr-2026-41403154-language.md. Supplements not supplied; acceptance recheck not performed. Role: pan-cancer-methodology.,clinicogenomic germline prediction model,germline;VAF;purity;machine-learning;nomogram;calibration,Japanese-pan-cancer-including-lung,pan-cancer-methodology
2026,Application of a Translational Research Platform to Unveil Efficacy Signals and Mechanisms of Resistance of FGFR Inhibitors in Multiple FGFR-Altered Solid Tumors,Clinical Cancer Research,42440358,10.1158/1078-0432.CCR-26-0300,,integrative translational platform,Novel Biomarkers and Precision Medicine,publisher_typeset_pdf_header_p1,official_section,2026-09-24,included_user_supplied_original_research_scope_exception,language_deep_read_2026-09-24,yes,no,no,Supplied main text and all main figures/tables read 2026-09-24; source-specific physical-page evidence in ccr-2026-42440358-language.md; external supplements not supplied; separate acceptance review not performed. FISH RNA protein denominators differ; Figure2E RNA/protein counts conflict with prose; Figure3 variant labels and Figure6 correlation captions conflict. Copy gain is not protein activity or functional FGFR dependence; small selected clinical/model subsets do not validate STK11 treatment benefit.,integrative translational platform,FGFR;copy-number;bulk-transcriptomics;targeted-protein-assays;FACT;PDX;functional-bioinformatics;targeted-therapy;resistance,multiple solid tumors; lung subgroup; breast-enriched retrospective subset,pan-cancer-translational-methods
2026,Safety and Efficacy of Ceralasertib plus Olaparib for Advanced/Metastatic Triple-Negative Breast Cancer in Three Molecular Strata: The Phase II VIOLETTE Study,Clinical Cancer Research,42765908,10.1158/1078-0432.CCR-26-1066,,randomized phase II trial,,supplied_manuscript_p1_declares_Clinical_Trials_Targeted_Therapy;official_web_section_not_verified,pending_official_verification,,included_user_supplied_original_research_scope_exception,language_deep_read_2026-09-24,yes,no,no,"Supplied main text and all main figures/tables read 2026-09-24; source-specific physical-page evidence in ccr-2026-42765908-language.md; external supplements not supplied; separate acceptance review not performed. All primary PFS strata were negative. Preserve randomized versus treated denominators and90% CIs. The non-HRRm response finding is secondary/unconfirmed, not proof of primary efficacy; HRRm panel negativity is not functional repair proficiency. Adavosertib arm stopped for toxicity.",randomized phase II trial,VIOLETTE;ATR;PARP;WEE1;homologous-recombination;BRCA;molecular-strata;negative-primary-endpoint;90%-CI;safety,triple-negative breast cancer;not-lung-cancer,cross-tumor-clinical-methods
2026,Molecular and Clinical Determinants of Targeted Therapy Treatment in Biliary Tract Cancer,Clinical Cancer Research,42360806,10.1158/1078-0432.CCR-26-0428,PMC13420548,retrospective clinicogenomic cohort,Translational Mechanisms and Therapy,https://aacrjournals.org/clincancerres/article/doi/10.1158/1078-0432.CCR-26-0428/787038/p/Molecular-and-Clinical-Determinants-of-Targeted,official_section,2026-09-24,included_user_supplied_original_research_scope_exception,language_deep_read_2026-09-24,yes,no,no,"Supplied main text and all main figures/tables read 2026-09-24; source-specific physical-page evidence in ccr-2026-42360806-language.md; external supplements not supplied; separate acceptance review not performed. Separate1254patients/1285samples, actionable and eligible cohorts, and different PFS/OS analysis sets. PFS difference is nonrandomized; OS was not significant. Table2 IDH median/CI is impossible; do not reuse. Co-alteration and resistance cases are exploratory; mutation loss is not amplification loss.",retrospective clinicogenomic cohort,clinicogenomics;MSK-IMPACT;FACETS;OncoKB;co-alteration;targeted-therapy;longitudinal-resistance;survival,biliary tract cancer;iCCA;eCCA;gallbladder cancer;not-lung-cancer,cross-tumor-clinicogenomic-methods
2026,High-Sensitivity ctDNA Analysis Uncovers Relevant Signals Missed by NGS in Pancreatic Cancer,Clinical Cancer Research,42377115,10.1158/1078-0432.CCR-26-0609,PMC13405252,prospective observational assay comparison,Research Briefs: Precision Medicine and Therapeutics,https://aacrjournals.org/clincancerres/article/32/18/4105/787857/High-Sensitivity-ctDNA-Analysis-Uncovers-Relevant?searchresult=1,official_section,2026-09-24,included_user_supplied_original_research_scope_exception,language_deep_read_2026-09-24,yes,no,no,Supplied main text and all main figures/tables read 2026-09-24; source-specific physical-page evidence in ccr-2026-42377115-language.md; external supplements not supplied; separate acceptance review not performed. Use assay-specific denominators17/99 and63/97; paired and time-point sets differ. Dual-positive median10.9 versus10.1 conflicts; withhold. Post-treatment comparisons are nonsignificant; dynamic-covariate adjustment attenuates baseline associations. More positive tests do not establish clinical utility or treatment prediction.,prospective observational assay comparison,ctDNA;KRAS;ddPCR;NGS;analytical-sensitivity;paired-assay;survival;neoadjuvant-therapy,localized pancreatic ductal adenocarcinoma;not-lung-cancer,cross-tumor-liquid-biopsy-methods
2026,Spatial Configuration of Pancreatic Cancer Is Associated with Disease Recurrence after Neoadjuvant Therapy and Curative-Intent Resection,Clinical Cancer Research,42456051,10.1158/1078-0432.CCR-25-4968,PMC13525901,retrospective computational pathology cohort,Artificial Intelligence and Computational Oncology,https://aacrjournals.org/clincancerres/article/32/18/4196/787873/Spatial-Configuration-of-Pancreatic-Cancer-Is,official_section,2026-09-24,included_user_supplied_original_research_scope_exception,language_deep_read_2026-09-24,yes,no,no,"Supplied main text and all main figures/tables read 2026-09-24; source-specific physical-page evidence in ccr-2026-42456051-language.md; external supplements not supplied; separate acceptance review not performed. H&E spatial pathology is not spatial transcriptomics or single-cell RNA. Outcome-informed model development lacks external validation. Shape-index formula, risk cutoffs and adjusted CIs conflict across text/figures/table. DFS includes recurrence or death; TIL fractions differ from densities; immune-exclusion-like morphology is not immunotherapy resistance.",retrospective computational pathology cohort,AI-pathology;spatial-histology;whole-slide-image;segmentation;bioinformatics;lymphocyte-distribution;RPTR;Cox;prognosis,post-neoadjuvant resected pancreatic ductal adenocarcinoma;CAP2/3;not-lung-cancer,cross-tumor-spatial-pathology-methods
2026,"The Genomic Landscape of MYC-, MYCL-, and MYCN-Amplified Solid Tumors",Clinical Cancer Research,42340371,10.1158/1078-0432.CCR-25-4102,,pan-cancer genomic and transcriptomic analysis,Novel Biomarkers and Precision Medicine,https://aacrjournals.org/clincancerres/article/doi/10.1158/1078-0432.CCR-25-4102/786177/The-Genomic-Landscape-of-MYC-MYCL-and-MYCN,official_section,2026-09-24,included_user_supplied_original_research_scope_exception,language_deep_read_2026-09-24,yes,no,no,"Supplied main text and all main figures/tables read 2026-09-24; source-specific physical-page evidence in ccr-2026-42340371-language.md; external supplements not supplied; separate acceptance review not performed. 68920/10683 are starting cohorts;45468/8477 analytical units differ. Raw copy number, ploidy subtraction and AmpRatio are not interchangeable. ecDNA is algorithm-inferred. Pancreatic survival findings have nominal P.043/.040 but both BH P.14. No functional drug-dependence or STK11 validation; RNA is not protein activity.",pan-cancer genomic and transcriptomic analysis,MYC;MYCL;MYCN;copy-number;focality;FACETS;ecDNA-inference;co-alteration;bulk-RNA;ssGSEA;lasso;FDR,pan-cancer;lung adenocarcinoma;NSCLC;lung neuroendocrine subgroups,pan-cancer-genomic-methods
2024,Transcriptional Phenocopies of Deleterious KEAP1 Mutations Correlate with Survival Outcomes in Lung Cancer Treated with Immunotherapy,Clinical Cancer Research,38980931,10.1158/1078-0432.CCR-24-0626,,retrospective clinical biomarker and genomic-transcriptomic analysis,Precision Medicine and Imaging,https://aacrjournals.org/clincancerres/article/30/19/4397/748547/Transcriptional-Phenocopies-of-Deleterious-KEAP1,official_section,2026-09-24,included_original_research,language_deep_read_2026-09-24,yes,no,no,"Supplied main text and every main figure/table read 2026-09-24; physical-page evidence in ccr-2024-38980931-language.md. Separate supplements not supplied; acceptance recheck not performed. KEAPness is an expression phenotype, not STK11 mutation status. Outcome-optimized threshold is not prospectively prespecified; exact clinical cutoff is absent. Figure4 n314 conflicts with Methods matched n312. Docetaxel associations preclude an established ICI-specific predictive claim; no treatment interaction is shown. Bulk/multiregion inference is not single-cell, spatial transcriptomics or proteomics.",retrospective clinical biomarker and genomic-transcriptomic analysis,KEAP1;KEAPness;STK11-context;bulk-transcriptomics;genomics;bioinformatics;immune-state-inference;immunotherapy;docetaxel;survival;multiregion-evolution;positive-selection,NSCLC;lung-cancer;pan-cancer-extension,lung-clinical-genomic-transcriptomic-biomarker
2021,STK11/LKB1 Mutations in NSCLC Are Associated with KEAP1/NRF2-Dependent Radiotherapy Resistance Targetable by Glutaminase Inhibition,Clinical Cancer Research,33323404,10.1158/1078-0432.CCR-20-2859,PMC8138942,retrospective clinicogenomic radiotherapy cohort and mechanistic preclinical study,Translational Cancer Mechanisms and Therapy,https://aacrjournals.org/clincancerres/article/27/6/1720/671868/STK11-LKB1-Mutations-in-NSCLC-Are-Associated-with,official_section,2026-09-24,included_original_research,language_deep_read_2026-09-24,yes,no,no,"Supplied main text and every main figure/table read 2026-09-24; physical-page evidence in ccr-2021-33323404-language.md. Separate supplements not supplied; acceptance recheck not performed. Clinical stageIII n164 includes only12 STK11-mutant cases, with endpoint-specific n162 for LRR/DM. KEAP1 was not clinically assayed. The cohort predates routine durvalumab. Table5 adjusts OS for age only alongside STK11; DM and several experimental contrasts are nonsignificant. DCFDA/MitoSOX protocols, restored-LKB1 DER .8/.9 and xenograft denominators conflict. CB-839+RT evidence is in vitro, not patient benefit or proven drug synergy. Online2020, issue2021.",retrospective clinicogenomic radiotherapy cohort and mechanistic preclinical study,STK11;LKB1;KEAP1;NRF2;clinicogenomics;radiotherapy;competing-risks;Cox;isogenic-models;clonogenic-survival;redox;glutaminase;CB-839;xenografts,stage-I-III-NSCLC;stage-III-clinical-analysis;lung-cancer-models,lung-clinical-preclinical-radiotherapy-mechanism
2023,A Large-Scale Prospective Concordance Study of Plasma- and Tissue-Based Next-Generation Targeted Sequencing for Advanced Non–Small Cell Lung Cancer (LC-SCRUM-Liquid),Clinical Cancer Research,36201167,10.1158/1078-0432.CCR-22-1749,,prospective paired-sample molecular concordance study,Precision Medicine and Imaging,publisher_typeset_pdf_header_p1,official_section,2026-09-26,included_original_research,language_deep_read_2026-09-26,yes,no,no,"Supplied main text and all main figures/tables read 2026-09-26. Preserve paired-sample and assay-specific denominators, DNA-versus-fusion PPA, and turnaround-time definitions. The matched-therapy subset is nonrandomized and does not establish comparative clinical utility. Separate supplements were not supplied; acceptance recheck was not performed.",prospective paired-sample molecular concordance study,plasma-cfDNA;tissue-NGS;concordance;PPA;driver-detection;turnaround-time;matched-therapy,advanced/recurrent NSCLC,lung-precision-diagnostics-clinical
2023,Allogeneic CAR T Cells Targeting DLL3 Are Efficacious and Safe in Preclinical Models of Small Cell Lung Cancer,Clinical Cancer Research,36692420,10.1158/1078-0432.CCR-22-2293,,preclinical cellular-therapy engineering study,Translational Cancer Mechanisms and Therapy,publisher_typeset_pdf_header_p1,official_section,2026-09-26,included_original_research,language_deep_read_2026-09-26,yes,no,no,Supplied main text and all main figures/tables read 2026-09-26. The study compares engineered CAR constructs across in-vitro and mouse models; low antigen-density activity and serial killing remain preclinical. Pituitary infiltration without observed damage is not proof of clinical safety. Separate supplements were not supplied; acceptance recheck was not performed.,preclinical cellular-therapy engineering study,DLL3;allogeneic-CAR-T;antigen-density;serial-killing;xenograft;safety-switch;pituitary,SCLC;neuroendocrine-tumor models,lung-preclinical-cellular-therapy
2026,"Camonsertib, an ATRi, in Combination with Low-Dose Gemcitabine in Solid Tumors with DNA Damage Response Aberrations: Preclinical and Phase Ib Results",Clinical Cancer Research,41563386,10.1158/1078-0432.CCR-25-2240,,preclinical and phase Ib dose-escalation study,Clinical Trials: Molecularly Targeted Therapy,publisher_typeset_pdf_header_p1,official_section,2026-09-26,included_user_supplied_original_research_scope_exception,language_deep_read_2026-09-26,yes,no,no,Supplied main text and all main figures/tables read 2026-09-26. The phase Ib cohort contains only three NSCLC patients and reports no lung-specific efficacy analysis. Myelosuppression drove schedule and dose modification; activity is preliminary. Preserve the source's ctDNA evaluability denominator conflict (35 versus 36). Separate supplements were not supplied; acceptance recheck was not performed.,preclinical and phase Ib dose-escalation study,ATR;camonsertib;gemcitabine;DDR;ATM;BRCA;ctDNA;dose-optimization;safety,advanced solid tumors;NSCLC subgroup n=3;no lung-specific efficacy analysis,cross-tumor-clinical-methods
2026,TAPISTRY: A Phase II Study of Atezolizumab in Patients with Tumor Mutational Burden–High Tumors,Clinical Cancer Research,41511400,10.1158/1078-0432.CCR-25-3336,,phase II multicohort basket trial,Clinical Trials: Immunotherapy,publisher_typeset_pdf_header_p1,official_section,2026-09-26,included_user_supplied_original_research_scope_exception,language_deep_read_2026-09-26,yes,no,no,"Supplied main text and all main figures/tables read 2026-09-26. Preserve enrolled, treated, efficacy-evaluable and threshold-specific analysis sets. The study is single-arm, assay-dependent and tumor-agnostic; eight lung-cancer patients do not support lung-specific efficacy claims. Separate supplements were not supplied; acceptance recheck was not performed.",phase II multicohort basket trial,TMB;atezolizumab;basket-trial;assay-harmonization;PD-L1;ORR;PFS;safety,TMB-high solid tumors;NSCLC n=6;SCLC n=2;no lung-specific efficacy analysis,cross-tumor-clinical-methods
2022,"Clinical, Pathologic, and Molecular Prognostic Factors in Patients with Early-Stage EGFR-Mutant NSCLC",Clinical Cancer Research,35838647,10.1158/1078-0432.CCR-22-0879,,retrospective clinicogenomic and transcriptomic prognostic study,Translational Cancer Mechanisms and Therapy,publisher_typeset_pdf_header_p1,official_section,2026-09-26,included_original_research,language_deep_read_2026-09-26,yes,no,no,"Supplied main text and all main figures/tables read 2026-09-26. The full resection cohort and molecularly profiled subset have different denominators; APOBEC analyses use a still smaller subset. Associations are prognostic, not predictive, and the cohort did not evaluate adjuvant EGFR-TKI benefit. Separate supplements were not supplied; acceptance recheck was not performed.",retrospective clinicogenomic and transcriptomic prognostic study,EGFR;resection;RFS;WES;WTS;RNA-subtype;TP53;APOBEC;prognostic-model,resected early-stage EGFR-mutant NSCLC,lung-clinical-genomic-transcriptomic-prognostic
2021,Treatment Outcomes and Clinical Characteristics of Patients with KRAS-G12C Mutant Non-Small Cell Lung Cancer,Clinical Cancer Research,33558425,10.1158/1078-0432.CCR-20-4023,,retrospective clinicogenomic treatment-outcomes study,Precision Medicine and Imaging,aacr_article_page,official_section,2026-09-26,included_original_research,language_deep_read_2026-09-26,yes,no,no,Supplied main text and all main figures/tables read 2026-09-26. KRAS G12C and non-G12C comparisons are retrospective; similar immunotherapy and platinum outcomes do not prove equivalence. Preserve PFS versus time-to-treatment-discontinuation and nonsignificant PD-L1-high trends. Separate supplements were not supplied; acceptance recheck was not performed.,retrospective clinicogenomic treatment-outcomes study,KRAS-G12C;STK11;KEAP1;TP53;PD-L1;TMB;immunotherapy;platinum;PFS;TTD,advanced KRAS-mutant NSCLC,lung-clinical-genomic-treatment-outcomes
2021,KRASG12C Mutation Is Associated with Increased Risk of Recurrence in Surgically Resected Lung Adenocarcinoma,Clinical Cancer Research,33593884,10.1158/1078-0432.CCR-20-4772,,retrospective resection cohort with external genomic validation,Translational Cancer Mechanisms and Therapy,aacr_article_page,official_section,2026-09-26,included_original_research,language_deep_read_2026-09-26,yes,no,no,Supplied main text and all main figures/tables read 2026-09-26. The stage-adjusted recurrence association is based on limited events; co-mutation analyses are exploratory and correction-sensitive. External data support direction rather than identical absolute disease-free survival. Separate supplements were not supplied; acceptance recheck was not performed.,retrospective resection cohort with external genomic validation,KRAS-G12C;resection;DFS;recurrence;STK11;KEAP1;clonality;APOBEC;external-cohort,surgically resected lung adenocarcinoma,lung-clinical-genomic-prognostic
2021,"Implication of Cancer-Associated Fibroblast Subtypes on Cancer Pathogenesis, Prognosis, and Immunotherapy Resistance",Clinical Cancer Research,33622705,10.1158/1078-0432.CCR-20-4226,,pan-cancer single-cell and bulk-transcriptomic bioinformatics study,Translational Cancer Mechanisms and Therapy,aacr_article_page,official_section,2026-09-26,included_user_supplied_original_research_scope_exception,language_deep_read_2026-09-26,yes,no,no,Supplied main text and all main figures/tables read 2026-09-26. The six-CAF-state framework is computational and associative; multiregion bulk inference is not spatial transcriptomics. Preserve the reported percentage inconsistency and absence of experimental validation. Separate supplements were not supplied; acceptance recheck was not performed.,pan-cancer single-cell and bulk-transcriptomic bioinformatics study,CAF;scRNA-seq;bulk-RNA;CIBERSORTx;SCENIC;GSEA;immunotherapy-resistance;pan-cancer,melanoma;HNSCC;lung cancer;cross-tumor,cross-tumor-transcriptomic-bioinformatics
2021,Response to Standard Therapies and Comprehensive Genomic Analysis for Patients with Lung Adenocarcinoma with EGFR Exon 20 Insertions,Clinical Cancer Research,33685865,10.1158/1078-0432.CCR-20-4650,,retrospective clinicogenomic treatment-outcomes study,Translational Cancer Mechanisms and Therapy,aacr_article_page,official_section,2026-09-26,included_original_research,language_deep_read_2026-09-26,yes,no,no,Supplied main text and all main figures/tables read 2026-09-26. Treatment findings derive from a historical retrospective cohort and use time to treatment discontinuation for several comparisons. Low TMB/PD-L1 and outcome associations do not constitute current treatment guidance. Separate supplements were not supplied; acceptance recheck was not performed.,retrospective clinicogenomic treatment-outcomes study,EGFR-exon20;genomics;TMB;PD-L1;immunotherapy;platinum;TTD;historical-cohort,EGFR exon 20 insertion lung adenocarcinoma,lung-clinical-genomic-treatment-outcomes
2021,Spectrum of Mechanisms of Resistance to Crizotinib and Lorlatinib in ROS1 Fusion-Positive Lung Cancer,Clinical Cancer Research,33685866,10.1158/1078-0432.CCR-21-0032,,clinical resistance cohort with functional preclinical validation,Translational Cancer Mechanisms and Therapy,aacr_article_page,official_section,2026-09-26,included_original_research,language_deep_read_2026-09-26,yes,no,no,"Supplied main text and all main figures/tables read 2026-09-26. Post-treatment biopsy and plasma subsets have different denominators and selection constraints. Ba/F3 and structural results support mutation-specific resistance; the cabozantinib observation is a single case, not a clinical efficacy estimate. Separate supplements were not supplied; acceptance recheck was not performed.",clinical resistance cohort with functional preclinical validation,ROS1;crizotinib;lorlatinib;resistance;G2032R;L2086F;plasma;tissue;BaF3;cabozantinib,ROS1 fusion-positive NSCLC,lung-clinical-preclinical-resistance
2021,Comprehensive Molecular and Clinicopathologic Analysis of 200 Pulmonary Invasive Mucinous Adenocarcinomas Identifies Distinct Characteristics of Molecular Subtypes,Clinical Cancer Research,33947695,10.1158/1078-0432.CCR-21-0423,,retrospective molecular and clinicopathologic cohort,Translational Cancer Mechanisms and Therapy,aacr_article_page,official_section,2026-09-26,included_original_research,language_deep_read_2026-09-26,yes,no,no,Supplied main text and all main figures/tables read 2026-09-26. Driver frequencies arise from a selected retrospective cohort; fusion enrichment is conditional on KRAS-wild-type tumors. Treated NRG1 cases are descriptive and cannot establish efficacy; the rare STK11 fusion is not a recurrent STK11 framework. Separate supplements were not supplied; acceptance recheck was not performed.,retrospective molecular and clinicopathologic cohort,invasive-mucinous-adenocarcinoma;KRAS;NRG1;ERBB2;fusion;DNA-RNA;WES;WTS;pathology,pulmonary invasive mucinous adenocarcinoma,lung-clinical-genomic-pathology
2024,Spatially Preserved Multi-Region Transcriptomic Subtyping and Biomarkers of Chemoimmunotherapy Outcome in Extensive-Stage Small Cell Lung Cancer,Clinical Cancer Research,38630755,10.1158/1078-0432.CCR-24-0104,,retrospective spatial multi-region transcriptomic biomarker study,Translational Cancer Mechanisms and Therapy,publisher_typeset_pdf_header_p1,official_section,2026-09-26,included_original_research,language_deep_read_2026-09-26,yes,no,no,"Supplied main text and all main figures/tables read 2026-09-26. The two retrospective cohorts include 58 patients and 296 ROIs; subtype heterogeneity was not associated with outcome. Long-benefit immune signals are exploratory, without a non-immunotherapy control, and the assay is mRNA-based rather than proteomic. Separate supplements were not supplied; acceptance recheck was not performed.",retrospective spatial multi-region transcriptomic biomarker study,ES-SCLC;GeoMx;spatial-transcriptomics;multi-region;subtype-heterogeneity;IFN-gamma;antigen-presentation;metabolism;chemoimmunotherapy,extensive-stage SCLC treated with chemoimmunotherapy,lung-spatial-transcriptomic-immunotherapy-biomarker
2021,Transcriptional Subtypes Resolve Tumor Heterogeneity and Identify Vulnerabilities to MEK Inhibition in Lung Adenocarcinoma,Clinical Cancer Research,33023953,10.1158/1078-0432.CCR-20-1835,,integrative transcriptomic and multimodel translational study,Translational Cancer Mechanisms and Therapy,publisher_typeset_pdf_header_p1,official_section,2026-09-26,included_original_research,language_deep_read_2026-09-26,yes,no,no,"Supplied main text and all main figures/tables read 2026-09-26. The MUC/PRO/MES transcriptional states integrate cohorts, cell lines, drug screens and PDXs. Functional STK11/KEAP1 deficiency in the PRO state is not identical to mutation status; the clinical combination subset is small and nonrandomized. Separate supplements were not supplied; acceptance recheck was not performed.",integrative transcriptomic and multimodel translational study,lung-adenocarcinoma;NMF;transcriptional-subtypes;STK11;KEAP1;MEK;cobimetinib;cell-lines;PDX;drug-screen,lung adenocarcinoma;cell-line and PDX models,lung-translational-transcriptomic-multimodel
2024,Transcriptomic Heterogeneity of EGFR-Mutant Non–Small Cell Lung Cancer Evolution Toward Small-Cell Lung Cancer,Clinical Cancer Research,39150541,10.1158/1078-0432.CCR-24-0160,,spatial transcriptomic lineage-plasticity study with preclinical validation,Translational Cancer Mechanisms and Therapy,publisher_typeset_pdf_header_p1,official_section,2026-09-26,included_original_research,language_deep_read_2026-09-26,yes,no,no,"Supplied main text and all main figures/tables read 2026-09-26. Clinical histories and spatial ROIs support lineage-plasticity hypotheses but not treatment efficacy. Fimepinostat activity is model-specific, with one organoid and one small xenograft experiment, and must not be presented as clinical benefit. Separate supplements were not supplied; acceptance recheck was not performed.",spatial transcriptomic lineage-plasticity study with preclinical validation,EGFR;small-cell-transformation;GeoMx;spatial-transcriptomics;lineage-plasticity;HDAC;PI3K;fimepinostat;osimertinib;organoid;xenograft,EGFR-mutant NSCLC transforming toward SCLC,lung-spatial-transcriptomic-preclinical-resistance
