pmid,year,title,eligibility,reading_stage,main_read_completed_on,review_status,coverage_check,evidence_check,results_check,language_check,traceability_check,transfer_check,supplement_status,reading_evidence,review_record,reviewer_id,review_method,reviewed_on,note
32709715,2020,The Genomic Landscape of SMARCA4 Alterations and Associations with Outcomes in Patients with Lung Cancer,included,main_text_deep_read_complete,2026-09-14,in_progress,not_reaudited,not_reaudited,not_reaudited,not_reaudited,not_reaudited,not_reaudited,not_supplied,ccr-deep-reading-ledger.md;ccr-2026-09-14-atm-smarca4-stk11-priority-language.md,stk11-highlight-bounded-recheck-2026-09-19.md#pmid-32709715,codex-current-session,same_agent_source_recheck,2026-09-19,Migrated from journal reading ledger on 2026-09-19; no new source recheck; six acceptance gates not reassessed. Bounded abstract/high-risk source sample recorded; not full six-gate acceptance.
34140403,2021,"A Phase I Study of APX005M and Cabiralizumab with or without Nivolumab in Patients with Melanoma, Kidney Cancer, or Non-Small Cell Lung Cancer Resistant to Anti-PD-1/PD-L1",included,main_text_deep_read_complete,2026-09-26,not_reviewed,pending,pending,pending,pending,pending,pending,not_supplied,ccr-deep-reading-ledger.md;ccr-2021-34140403-language.md;ccr-2021-34140403-evidence.md,,,,,"Complete supplied main text and main figures/tables read. Evidence, section-language and source caveats recorded. Supplementary files not supplied. Acceptance recheck remains incomplete."
33323402,2021,Cross-Site Concordance Evaluation of Tumor DNA and RNA Sequencing Platforms for the CIMAC-CIDC Network,included,main_text_deep_read_complete,2026-09-26,not_reviewed,pending,pending,pending,pending,pending,pending,not_supplied,ccr-deep-reading-ledger.md;ccr-2021-33323402-language.md;ccr-2021-33323402-evidence.md,,,,,"Complete supplied main text and main figures/tables read. Evidence, section-language and source caveats recorded. Supplementary files not supplied. Acceptance recheck remains incomplete."
34244291,2021,Immunotherapy-Mediated Thyroid Dysfunction: Genetic Risk and Impact on Outcomes with PD-1 Blockade in Non-Small Cell Lung Cancer,included,main_text_deep_read_complete,2026-09-26,not_reviewed,pending,pending,pending,pending,pending,pending,not_supplied,ccr-deep-reading-ledger.md;ccr-2021-34244291-language.md;ccr-2021-34244291-evidence.md,,,,,"Complete supplied main text and main figures/tables read. Evidence, section-language and source caveats recorded. Supplementary files not supplied. Acceptance recheck remains incomplete."
34261696,2021,Integrative Profiling of T790M-Negative EGFR-Mutated NSCLC Reveals Pervasive Lineage Transition and Therapeutic Opportunities,included,main_text_deep_read_complete,2026-09-26,not_reviewed,pending,pending,pending,pending,pending,pending,not_supplied,ccr-deep-reading-ledger.md;ccr-2021-34261696-language.md;ccr-2021-34261696-evidence.md,,,,,"Complete supplied main text and main figures/tables read. Evidence, section-language and source caveats recorded. Supplementary files not supplied. Acceptance recheck remains incomplete."
34551906,2021,Outcome and Immune Correlates of a Phase II Trial of High-Dose Interleukin-2 and Stereotactic Ablative Radiotherapy for Metastatic Renal Cell Carcinoma,included,main_text_deep_read_complete,2026-09-26,not_reviewed,pending,pending,pending,pending,pending,pending,not_supplied,ccr-deep-reading-ledger.md;ccr-2021-34551906-language.md;ccr-2021-34551906-evidence.md,,,,,"Complete supplied main text and main figures/tables read. Evidence, section-language and source caveats recorded. Supplementary files not supplied. Acceptance recheck remains incomplete."
34426443,2021,"Phase I Study of 2- or 3-Week Dosing of Telisotuzumab Vedotin, an Antibody-Drug Conjugate Targeting c-Met, Monotherapy in Patients with Advanced Non-Small Cell Lung Carcinoma",included,main_text_deep_read_complete,2026-09-26,not_reviewed,pending,pending,pending,pending,pending,pending,not_supplied,ccr-deep-reading-ledger.md;ccr-2021-34426443-language.md;ccr-2021-34426443-evidence.md,,,,,"Complete supplied main text and main figures/tables read. Evidence, section-language and source caveats recorded. Supplementary files not supplied. Acceptance recheck remains incomplete."
34376534,2021,Pretreatment Tissue TCR Repertoire Evenness Is Associated with Complete Pathologic Response in Patients with NSCLC Receiving Neoadjuvant Chemoimmunotherapy,included,main_text_deep_read_complete,2026-09-26,not_reviewed,pending,pending,pending,pending,pending,pending,not_supplied,ccr-deep-reading-ledger.md;ccr-2021-34376534-language.md;ccr-2021-34376534-evidence.md,,,,,"Complete supplied main text and main figures/tables read. Evidence, section-language and source caveats recorded. Supplementary files not supplied. Acceptance recheck remains incomplete."
34301751,2021,RELAY Subgroup Analyses by EGFR Ex19del and Ex21L858R Mutations for Ramucirumab Plus Erlotinib in Metastatic Non-Small Cell Lung Cancer,included,main_text_deep_read_complete,2026-09-26,not_reviewed,pending,pending,pending,pending,pending,pending,not_supplied,ccr-deep-reading-ledger.md;ccr-2021-34301751-language.md;ccr-2021-34301751-evidence.md,,,,,"Complete supplied main text and main figures/tables read. Evidence, section-language and source caveats recorded. Supplementary files not supplied. Acceptance recheck remains incomplete."
34518312,2021,Spatial Mapping and Immunomodulatory Role of the OX40/OX40L Pathway in Human Non-Small Cell Lung Cancer,included,main_text_deep_read_complete,2026-09-26,not_reviewed,pending,pending,pending,pending,pending,pending,not_supplied,ccr-deep-reading-ledger.md;ccr-2021-34518312-language.md;ccr-2021-34518312-evidence.md,,,,,"Complete supplied main text and main figures/tables read. Evidence, section-language and source caveats recorded. Supplementary files not supplied. Acceptance recheck remains incomplete."
34407972,2021,Upregulation of C/EBPα Inhibits Suppressive Activity of Myeloid Cells and Potentiates Antitumor Response in Mice and Patients with Cancer,included,main_text_deep_read_complete,2026-09-26,not_reviewed,pending,pending,pending,pending,pending,pending,not_supplied,ccr-deep-reading-ledger.md;ccr-2021-34407972-language.md;ccr-2021-34407972-evidence.md,,,,,"Complete supplied main text and main figures/tables read. Evidence, section-language and source caveats recorded. Supplementary files not supplied. Acceptance recheck remains incomplete."
36190329,2022,A (Controlled) Spill of IL2 for Localized Treatment of Mesothelioma,excluded,indexed,,not_reviewed,pending,pending,pending,pending,pending,pending,not_recorded,ccr-deep-reading-ledger.md,,,,,Legacy excluded-genre index only; not eligible for future language learning.
35792882,2022,A Cathepsin-Targeted Quenched Activity-Based Probe Facilitates Enhanced Detection of Human Tumors during Resection,included,main_text_deep_read_complete,2026-09-26,not_reviewed,pending,pending,pending,pending,pending,pending,not_supplied,ccr-deep-reading-ledger.md;ccr-2022-35792882-language.md;ccr-2022-35792882-evidence.md,,,,,"Complete supplied main text and main figures/tables read. Evidence, section-language and source caveats recorded. Supplementary files not supplied. Acceptance recheck remains incomplete."
34740925,2022,A Novel Third-generation EGFR Tyrosine Kinase Inhibitor Abivertinib for EGFR T790M-mutant Non-Small Cell Lung Cancer: a Multicenter Phase I/II Study,included,main_text_deep_read_complete,2026-09-26,not_reviewed,pending,pending,pending,pending,pending,pending,not_supplied,ccr-deep-reading-ledger.md;ccr-2022-34740925-language.md;ccr-2022-34740925-evidence.md,,,,,"Complete supplied main text and main figures/tables read. Evidence, section-language and source caveats recorded. Supplementary files not supplied. Acceptance recheck remains incomplete."
34702773,2022,A Phase 0 Trial of Ceritinib in Patients with Brain Metastases and Recurrent Glioblastoma,included,main_text_deep_read_complete,2026-09-26,not_reviewed,pending,pending,pending,pending,pending,pending,not_supplied,ccr-deep-reading-ledger.md;ccr-2022-34702773-language.md;ccr-2022-34702773-evidence.md,,,,,"Complete supplied main text and main figures/tables read. Evidence, section-language and source caveats recorded. Supplementary files not supplied. Acceptance recheck remains incomplete."
35247924,2022,"A Phase I Study Investigating AZD8186, a Potent and Selective Inhibitor of PI3Kβ/δ, in Patients with Advanced Solid Tumors",included,main_text_deep_read_complete,2026-09-26,not_reviewed,pending,pending,pending,pending,pending,pending,not_supplied,ccr-deep-reading-ledger.md;ccr-2022-35247924-language.md;ccr-2022-35247924-evidence.md,,,,,"Complete supplied main text and main figures/tables read. Evidence, section-language and source caveats recorded. Supplementary files not supplied. Acceptance recheck remains incomplete."
35980349,2022,A Randomized Comparison of Nivolumab versus Nivolumab + Docetaxel for Previously Treated Advanced or Recurrent ICI-Naïve Non-Small Cell Lung Cancer: TORG1630,included,main_text_deep_read_complete,2026-09-26,not_reviewed,pending,pending,pending,pending,pending,pending,not_supplied,ccr-deep-reading-ledger.md;ccr-2022-35980349-language.md;ccr-2022-35980349-evidence.md,,,,,"Complete supplied main text and main figures/tables read. Evidence, section-language and source caveats recorded. Supplementary files not supplied. Acceptance recheck remains incomplete."
34921023,2022,A Randomized Phase II Study Comparing Nivolumab with Carboplatin-Pemetrexed for EGFR-Mutated NSCLC with Resistance to EGFR Tyrosine Kinase Inhibitors (WJOG8515L),included,main_text_deep_read_complete,2026-09-26,not_reviewed,pending,pending,pending,pending,pending,pending,not_supplied,ccr-deep-reading-ledger.md;ccr-2022-34921023-language.md;ccr-2022-34921023-evidence.md,,,,,"Complete supplied main text and main figures/tables read. Evidence, section-language and source caveats recorded. Supplementary files not supplied. Acceptance recheck remains incomplete."
35993913,2022,Activation of Adaptive and Innate Immune Cells via Localized IL2 Cytokine Factories Eradicates Mesothelioma Tumors,included,main_text_deep_read_complete,2026-09-26,not_reviewed,pending,pending,pending,pending,pending,pending,not_supplied,ccr-deep-reading-ledger.md;ccr-2022-35993913-language.md;ccr-2022-35993913-evidence.md,,,,,"Complete supplied main text and main figures/tables read. Evidence, section-language and source caveats recorded. Supplementary files not supplied. Acceptance recheck remains incomplete."
35404402,2022,Activity of Adagrasib (MRTX849) in Brain Metastases: Preclinical Models and Clinical Data from Patients with KRASG12C-Mutant Non-Small Cell Lung Cancer,included,main_text_deep_read_complete,2026-09-26,not_reviewed,pending,pending,pending,pending,pending,pending,not_supplied,ccr-deep-reading-ledger.md;ccr-2022-35404402-language.md;ccr-2022-35404402-evidence.md,,,,,"Complete supplied main text and main figures/tables read. Evidence, section-language and source caveats recorded. Supplementary files not supplied. Acceptance recheck remains incomplete."
34740922,2022,Adding Base-Excision Repair Inhibitor TRC102 to Standard Pemetrexed-Platinum-Radiation in Patients with Advanced Nonsquamous Non-Small Cell Lung Cancer: Results of a Phase I Trial,included,main_text_deep_read_complete,2026-09-26,not_reviewed,pending,pending,pending,pending,pending,pending,not_supplied,ccr-deep-reading-ledger.md;ccr-2022-34740922-language.md;ccr-2022-34740922-evidence.md,,,,,"Complete supplied main text and main figures/tables read. Evidence, section-language and source caveats recorded. Supplementary files not supplied. Acceptance recheck remains incomplete."
35512219,2022,All About That Ras: Novel Fusion Drives Ras Pathway Activation in Lung Cancer,excluded,indexed,,not_reviewed,pending,pending,pending,pending,pending,pending,not_recorded,ccr-deep-reading-ledger.md,,,,,Legacy excluded-genre index only; not eligible for future language learning.
35394532,2022,An Ascendant Challenge: Central Nervous System Metastases in ALK+ Lung Cancers,excluded,indexed,,not_reviewed,pending,pending,pending,pending,pending,pending,not_recorded,ccr-deep-reading-ledger.md,,,,,Legacy excluded-genre index only; not eligible for future language learning.
34686497,2022,Association of PD-1/PD-L1 Co-location with Immunotherapy Outcomes in Non-Small Cell Lung Cancer,included,main_text_deep_read_complete,2026-09-26,not_reviewed,pending,pending,pending,pending,pending,pending,not_supplied,ccr-deep-reading-ledger.md;ccr-2022-34686497-language.md;ccr-2022-34686497-evidence.md,,,,,"Complete supplied main text and main figures/tables read. Evidence, section-language and source caveats recorded. Supplementary files not supplied. Acceptance recheck remains incomplete."
35275991,2022,Circulating Cell-free DNA as a Prognostic Biomarker in Patients with Advanced ALK+ Non-small Cell Lung Cancer in the Global Phase III ALEX Trial,included,main_text_deep_read_complete,2026-09-26,not_reviewed,pending,pending,pending,pending,pending,pending,not_supplied,ccr-deep-reading-ledger.md;ccr-2022-35275991-language.md;ccr-2022-35275991-evidence.md,,,,,"Complete supplied main text and main figures/tables read. Evidence, section-language and source caveats recorded. Supplementary files not supplied. Acceptance recheck remains incomplete."
35713632,2022,Circulating Tumor DNA Kinetics Predict Progression-Free and Overall Survival in EGFR TKI-Treated Patients with EGFR-Mutant NSCLC (SWOG S1403),included,main_text_deep_read_complete,2026-09-26,not_reviewed,pending,pending,pending,pending,pending,pending,not_supplied,ccr-deep-reading-ledger.md;ccr-2022-35713632-language.md;ccr-2022-35713632-evidence.md,,,,,"Complete supplied main text and main figures/tables read. Evidence, section-language and source caveats recorded. Supplementary files not supplied. Acceptance recheck remains incomplete."
35091439,2022,Comparative Analysis and Isoform-Specific Therapeutic Vulnerabilities of KRAS Mutations in Non-Small Cell Lung Cancer,included,main_text_deep_read_complete,2026-09-26,not_reviewed,pending,pending,pending,pending,pending,pending,not_supplied,ccr-deep-reading-ledger.md;ccr-2022-35091439-language.md;ccr-2022-35091439-evidence.md,,,,,"Complete supplied main text and main figures/tables read. Evidence, section-language and source caveats recorded. Supplementary files not supplied. Acceptance recheck remains incomplete."
35101883,2022,"Continuation of Pembrolizumab with Additional Chemotherapy after Progression with PD-1/PD-L1 Inhibitor Monotherapy in Patients with Advanced NSCLC: A Randomized, Placebo-Controlled Phase II Study",included,main_text_deep_read_complete,2026-09-26,not_reviewed,pending,pending,pending,pending,pending,pending,not_supplied,ccr-deep-reading-ledger.md;ccr-2022-35101883-language.md;ccr-2022-35101883-evidence.md,,,,,"Complete supplied main text and main figures/tables read. Evidence, section-language and source caveats recorded. Supplementary files not supplied. Acceptance recheck remains incomplete."
35394499,2022,"Distinct Immune Gene Programs Associated with Host Tumor Immunity, Neoadjuvant Chemotherapy, and Chemoimmunotherapy in Resectable NSCLC",included,main_text_deep_read_complete,2026-09-26,not_reviewed,pending,pending,pending,pending,pending,pending,not_supplied,ccr-deep-reading-ledger.md;ccr-2022-35394499-language.md;ccr-2022-35394499-evidence.md,,,,,"Complete supplied main text and main figures/tables read. Evidence, section-language and source caveats recorded. Supplementary files not supplied. Acceptance recheck remains incomplete."
35091446,2022,Expanding Therapeutic Opportunities for Extrapulmonary Neuroendocrine Carcinoma,excluded,screened,,not_reviewed,pending,pending,pending,pending,pending,pending,not_supplied,ccr-2022-35091446-background.md,,,,,Background review read; excluded from original-study completion.
34462287,2022,FDA Approval Summary: Nivolumab in Combination with Ipilimumab for the Treatment of Unresectable Malignant Pleural Mesothelioma,included,main_text_deep_read_complete,2026-09-26,not_reviewed,pending,pending,pending,pending,pending,pending,not_supplied,ccr-deep-reading-ledger.md;ccr-2022-34462287-language.md;ccr-2022-34462287-evidence.md,,,,,"Complete supplied main text and main figures/tables read. Evidence, section-language and source caveats recorded. Supplementary files not supplied. Acceptance recheck remains incomplete."
34903582,2022,FDA Approval Summary: Sotorasib for KRAS G12C-Mutated Metastatic NSCLC,included,main_text_deep_read_complete,2026-09-26,not_reviewed,pending,pending,pending,pending,pending,pending,not_supplied,ccr-deep-reading-ledger.md;ccr-2022-34903582-language.md;ccr-2022-34903582-evidence.md,,,,,"Complete supplied main text and main figures/tables read. Evidence, section-language and source caveats recorded. Supplementary files not supplied. Acceptance recheck remains incomplete."
35699599,2022,First-In-Human Phase I Study of the OX40 Agonist MOXR0916 in Patients with Advanced Solid Tumors,included,main_text_deep_read_complete,2026-09-26,not_reviewed,pending,pending,pending,pending,pending,pending,not_supplied,ccr-deep-reading-ledger.md;ccr-2022-35699599-language.md;ccr-2022-35699599-evidence.md,,,,,"Complete supplied main text and main figures/tables read. Evidence, section-language and source caveats recorded. Supplementary files not supplied. Acceptance recheck remains incomplete."
35511938,2022,First-in-Human Phase I/II ICONIC Trial of the ICOS Agonist Vopratelimab Alone and with Nivolumab: ICOS-High CD4 T-Cell Populations and Predictors of Response,included,main_text_deep_read_complete,2026-09-26,not_reviewed,pending,pending,pending,pending,pending,pending,not_supplied,ccr-deep-reading-ledger.md;ccr-2022-35511938-language.md;ccr-2022-35511938-evidence.md,,,,,"Complete supplied main text and main figures/tables read. Evidence, section-language and source caveats recorded. Supplementary files not supplied. Acceptance recheck remains incomplete."
35012927,2022,Health-Related Quality of Life Outcomes in Patients with Resected Epidermal Growth Factor Receptor-Mutated Non-Small Cell Lung Cancer Who Received Adjuvant Osimertinib in the Phase III ADAURA Trial,included,main_text_deep_read_complete,2026-09-26,not_reviewed,pending,pending,pending,pending,pending,pending,not_supplied,ccr-deep-reading-ledger.md;ccr-2022-35012927-language.md;ccr-2022-35012927-evidence.md,,,,,"Complete supplied main text and main figures/tables read. Evidence, section-language and source caveats recorded. Supplementary files not supplied. Acceptance recheck remains incomplete."
35363308,2022,"Identification and Management of Pathogenic Variants in BRCA1, BRCA2, and PALB2 in a Tumor-Only Genomic Testing Program",included,main_text_deep_read_complete,2026-09-26,not_reviewed,pending,pending,pending,pending,pending,pending,not_supplied,ccr-deep-reading-ledger.md;ccr-2022-35363308-language.md;ccr-2022-35363308-evidence.md,,,,,"Complete supplied main text and main figures/tables read. Evidence, section-language and source caveats recorded. Supplementary files not supplied. Acceptance recheck remains incomplete."
35920742,2022,Inhibition of LSD1 with Bomedemstat Sensitizes Small Cell Lung Cancer to Immune Checkpoint Blockade and T-Cell Killing,included,main_text_deep_read_complete,2026-09-26,not_reviewed,pending,pending,pending,pending,pending,pending,not_supplied,ccr-deep-reading-ledger.md;ccr-2022-35920742-language.md;ccr-2022-35920742-evidence.md,,,,,"Complete supplied main text and main figures/tables read. Evidence, section-language and source caveats recorded. Supplementary files not supplied. Acceptance recheck remains incomplete."
36166003,2022,"Mass Cytometry Reveals Classical Monocytes, NK Cells, and ICOS+ CD4+ T Cells Associated with Pembrolizumab Efficacy in Patients with Lung Cancer",included,main_text_deep_read_complete,2026-09-26,not_reviewed,pending,pending,pending,pending,pending,pending,not_supplied,ccr-deep-reading-ledger.md;ccr-2022-36166003-language.md;ccr-2022-36166003-evidence.md,,,,,"Complete supplied main text and main figures/tables read. Evidence, section-language and source caveats recorded. Supplementary files not supplied. Acceptance recheck remains incomplete."
35486097,2022,Molecular Pathways and Mechanisms of BRAF in Cancer Therapy,excluded,screened,,not_reviewed,pending,pending,pending,pending,pending,pending,not_supplied,ccr-2022-35486097-background.md,,,,,Background review read; excluded from original-study completion.
35972732,2022,Monitoring Therapeutic Response to Anti-FAP CAR T Cells Using [18F]AlF-FAPI-74,included,main_text_deep_read_complete,2026-09-26,not_reviewed,pending,pending,pending,pending,pending,pending,not_supplied,ccr-deep-reading-ledger.md;ccr-2022-35972732-language.md;ccr-2022-35972732-evidence.md,,,,,"Complete supplied main text and main figures/tables read. Evidence, section-language and source caveats recorded. Supplementary files not supplied. Acceptance recheck remains incomplete."
35762926,2022,Nivolumab Retreatment in Non-Small Cell Lung Cancer Patients Who Responded to Prior Immune Checkpoint Inhibitors and Had ICI-Free Intervals (WJOG9616L),included,main_text_deep_read_complete,2026-09-26,not_reviewed,pending,pending,pending,pending,pending,pending,not_supplied,ccr-deep-reading-ledger.md;ccr-2022-35762926-language.md;ccr-2022-35762926-evidence.md,,,,,"Complete supplied main text and main figures/tables read. Evidence, section-language and source caveats recorded. Supplementary files not supplied. Acceptance recheck remains incomplete."
35727603,2022,Novel Radiomic Measurements of Tumor-Associated Vasculature Morphology on Clinical Imaging as a Biomarker of Treatment Response in Multiple Cancers,included,main_text_deep_read_complete,2026-09-26,not_reviewed,pending,pending,pending,pending,pending,pending,reviewed,ccr-deep-reading-ledger.md;ccr-2022-35727603-language.md;ccr-2022-35727603-evidence.md,,,,,"Complete supplied main text and main figures/tables read. Evidence, section-language and source caveats recorded. Embedded SupplementaryData physicalpages30–48 read, includingTablesS1–S22 andFiguresS1–S6; rawdata/code not reanalyzed. Exact acceptance/VOR version unverified; formal PMID title/authors/abstract matched. Acceptance recheck remains incomplete."
35852792,2022,PD-1T TILs as a Predictive Biomarker for Clinical Benefit to PD-1 Blockade in Patients with Advanced NSCLC,included,main_text_deep_read_complete,2026-09-26,not_reviewed,pending,pending,pending,pending,pending,pending,not_supplied,ccr-deep-reading-ledger.md;ccr-2022-35852792-language.md;ccr-2022-35852792-evidence.md,,,,,"Complete supplied main text and main figures/tables read. Evidence, section-language and source caveats recorded. Supplementary files not supplied. Acceptance recheck remains incomplete."
35254415,2022,"Phase I Study of Taminadenant (PBF509/NIR178), an Adenosine 2A Receptor Antagonist, with or without Spartalizumab (PDR001), in Patients with Advanced Non-Small Cell Lung Cancer",included,main_text_deep_read_complete,2026-09-26,not_reviewed,pending,pending,pending,pending,pending,pending,not_supplied,ccr-deep-reading-ledger.md;ccr-2022-35254415-language.md;ccr-2022-35254415-evidence.md,,,,,"Complete supplied main text and main figures/tables read. Evidence, section-language and source caveats recorded. Supplementary files not supplied. Acceptance recheck remains incomplete."
36044531,2022,"Phase Ia/b, Open-Label, Multicenter Study of AZD4635 (an Adenosine A2A Receptor Antagonist) as Monotherapy or Combined with Durvalumab, in Patients with Solid Tumors",included,main_text_deep_read_complete,2026-09-26,not_reviewed,pending,pending,pending,pending,pending,pending,not_supplied,ccr-deep-reading-ledger.md;ccr-2022-36044531-language.md;ccr-2022-36044531-evidence.md,,,,,"Complete supplied main text and main figures/tables read. Evidence, section-language and source caveats recorded. Supplementary files not supplied. Acceptance recheck remains incomplete."
36103258,2022,Quantitative Spatial Profiling of TILs as the Next Step beyond PD-L1 Testing for Immune Checkpoint Blockade,excluded,indexed,,not_reviewed,pending,pending,pending,pending,pending,pending,not_recorded,ccr-deep-reading-ledger.md,,,,,Legacy excluded-genre index only; not eligible for future language learning.
35046060,2022,Radioimmunotherapy Targeting Delta-like Ligand 3 in Small Cell Lung Cancer Exhibits Antitumor Efficacy with Low Toxicity,included,main_text_deep_read_complete,2026-09-26,not_reviewed,pending,pending,pending,pending,pending,pending,not_supplied,ccr-deep-reading-ledger.md;ccr-2022-35046060-language.md;ccr-2022-35046060-evidence.md,,,,,"Complete supplied main text and main figures/tables read. Evidence, section-language and source caveats recorded. Supplementary files not supplied. Acceptance recheck remains incomplete."
35247929,2022,RASGRF1 Fusions Activate Oncogenic RAS Signaling and Confer Sensitivity to MEK Inhibition,included,main_text_deep_read_complete,2026-09-26,not_reviewed,pending,pending,pending,pending,pending,pending,not_supplied,ccr-deep-reading-ledger.md;ccr-2022-35247929-language.md;ccr-2022-35247929-evidence.md,,,,,"Complete supplied main text and main figures/tables read. Evidence, section-language and source caveats recorded. Supplementary files not supplied. Acceptance recheck remains incomplete."
35792876,2022,Rb Tumor Suppressor in Small Cell Lung Cancer: Combined Genomic and IHC Analysis with a Description of a Distinct Rb-Proficient Subset,included,main_text_deep_read_complete,2026-09-26,not_reviewed,pending,pending,pending,pending,pending,pending,not_supplied,ccr-deep-reading-ledger.md;ccr-2022-35792876-language.md;ccr-2022-35792876-evidence.md,,,,,"Complete supplied main text and main figures/tables read. Evidence, section-language and source caveats recorded. Supplementary files not supplied. Acceptance recheck remains incomplete."
35511917,2022,"Replication of Overall Survival, Progression-Free Survival, and Overall Response in Chemotherapy Arms of Non-Small Cell Lung Cancer Trials Using Real-World Data",included,main_text_deep_read_complete,2026-09-26,not_reviewed,pending,pending,pending,pending,pending,pending,not_supplied,ccr-deep-reading-ledger.md;ccr-2022-35511917-language.md;ccr-2022-35511917-evidence.md,,,,,"Complete supplied main text and main figures/tables read. Evidence, section-language and source caveats recorded. Supplementary files not supplied. Acceptance recheck remains incomplete."
35767426,2022,Systemic and Oligo-Acquired Resistance to PD-(L)1 Blockade in Lung Cancer,included,main_text_deep_read_complete,2026-09-26,not_reviewed,pending,pending,pending,pending,pending,pending,not_supplied,ccr-deep-reading-ledger.md;ccr-2022-35767426-language.md;ccr-2022-35767426-evidence.md,,,,,"Complete supplied main text and main figures/tables read. Evidence, section-language and source caveats recorded. Supplementary files not supplied. Acceptance recheck remains incomplete."
35381070,2022,Targeting Podoplanin for the Treatment of Osteosarcoma,included,main_text_deep_read_complete,2026-09-26,not_reviewed,pending,pending,pending,pending,pending,pending,not_supplied,ccr-deep-reading-ledger.md;ccr-2022-35381070-language.md;ccr-2022-35381070-evidence.md,,,,,"Complete supplied main text and main figures/tables read. Evidence, section-language and source caveats recorded. Supplementary files not supplied. Acceptance recheck remains incomplete."
35165102,2022,Targeting the Ubiquitin-Proteasome System Using the UBA1 Inhibitor TAK-243 is a Potential Therapeutic Strategy for Small-Cell Lung Cancer,included,main_text_deep_read_complete,2026-09-26,not_reviewed,pending,pending,pending,pending,pending,pending,not_supplied,ccr-deep-reading-ledger.md;ccr-2022-35165102-language.md;ccr-2022-35165102-evidence.md,,,,,"Complete supplied main text and main figures/tables read. Evidence, section-language and source caveats recorded. Supplementary files not supplied. Acceptance recheck remains incomplete."
34789481,2022,Tepotinib Efficacy and Safety in Patients with MET Exon 14 Skipping NSCLC: Outcomes in Patient Subgroups from the VISION Study with Relevance for Clinical Practice,included,main_text_deep_read_complete,2026-09-26,not_reviewed,pending,pending,pending,pending,pending,pending,not_supplied,ccr-deep-reading-ledger.md;ccr-2022-34789481-language.md;ccr-2022-34789481-evidence.md,,,,,"Complete supplied main text and main figures/tables read. Evidence, section-language and source caveats recorded. Supplementary files not supplied. Acceptance recheck remains incomplete."
34285059,2022,The Liver-Immunity Nexus and Cancer Immunotherapy,excluded,screened,,not_reviewed,pending,pending,pending,pending,pending,pending,not_supplied,ccr-2022-34285059-background.md,,,,,Background review read; excluded from original-study completion.
34753780,2022,The Pan-Tumor Landscape of Targetable Kinase Fusions in Circulating Tumor DNA,included,main_text_deep_read_complete,2026-09-26,not_reviewed,pending,pending,pending,pending,pending,pending,not_supplied,ccr-deep-reading-ledger.md;ccr-2022-34753780-language.md;ccr-2022-34753780-evidence.md,,,,,"Complete supplied main text and main figures/tables read. Evidence, section-language and source caveats recorded. Supplementary files not supplied. Acceptance recheck remains incomplete."
35144967,2022,Updated Integrated Analysis of the Efficacy and Safety of Entrectinib in Patients With NTRK Fusion-Positive Solid Tumors,included,main_text_deep_read_complete,2026-09-26,not_reviewed,pending,pending,pending,pending,pending,pending,not_supplied,ccr-deep-reading-ledger.md;ccr-2022-35144967-language.md;ccr-2022-35144967-evidence.md,,,,,"Complete supplied main text and main figures/tables read. Evidence, section-language and source caveats recorded. Supplementary files not supplied. Acceptance recheck remains incomplete."
36378548,2023,A Phase I/II Trial of Oral SRA737 (a Chk1 Inhibitor) Given in Combination with Low-Dose Gemcitabine in Patients with Advanced Cancer,included,main_text_deep_read_complete,2026-09-26,not_reviewed,pending,pending,pending,pending,pending,pending,not_supplied,ccr-deep-reading-ledger.md;ccr-2023-36378548-language.md;ccr-2023-36378548-evidence.md,,,,,"Main scientific text and main figures/tables read; article-specific evidence and section language curated. Source inconsistencies are flagged, not silently repaired. Supplementary analyses and acceptance recheck remain incomplete."
36255391,2023,A Phase II Clinical Trial of Nivolumab and Temozolomide for Neuroendocrine Neoplasms,included,main_text_deep_read_complete,2026-09-26,not_reviewed,pending,pending,pending,pending,pending,pending,not_supplied,ccr-deep-reading-ledger.md;ccr-2023-36255391-language.md;ccr-2023-36255391-evidence.md,,,,,"Main scientific text and main figures/tables read; article-specific evidence and section language curated. Source inconsistencies are flagged, not silently repaired. Supplementary analyses and acceptance recheck remain incomplete."
36469573,2023,A Phase II Window of Opportunity Study of Neoadjuvant PD-L1 versus PD-L1 plus CTLA-4 Blockade for Patients with Malignant Pleural Mesothelioma,included,main_text_deep_read_complete,2026-09-26,not_reviewed,pending,pending,pending,pending,pending,pending,not_supplied,ccr-deep-reading-ledger.md;ccr-2023-36469573-language.md;ccr-2023-36469573-evidence.md,,,,,"Main scientific text and main figures/tables read; article-specific evidence and section language curated. Source inconsistencies are flagged, not silently repaired. Supplementary analyses and acceptance recheck remain incomplete."
37233991,2023,Association of Antifolate Response Signature Status and Clinical Activity of Pemetrexed-Platinum Chemotherapy in Non-Small Cell Lung Cancer: The Piedmont Study,included,main_text_deep_read_complete,2026-09-26,not_reviewed,pending,pending,pending,pending,pending,pending,not_supplied,ccr-deep-reading-ledger.md;ccr-2023-37233991-language.md;ccr-2023-37233991-evidence.md,,,,,"Main scientific text and main figures/tables read; article-specific evidence and section language curated. Source inconsistencies are flagged, not silently repaired. Supplementary analyses and acceptance recheck remain incomplete."
37733794,2023,ATM Mutations Associate with Distinct Co-Mutational Patterns and Therapeutic Vulnerabilities in NSCLC,included,main_text_deep_read_complete,2026-09-14,in_progress,not_reaudited,not_reaudited,not_reaudited,not_reaudited,not_reaudited,not_reaudited,not_supplied,ccr-deep-reading-ledger.md;ccr-2026-09-14-atm-smarca4-stk11-priority-language.md,stk11-highlight-bounded-recheck-2026-09-19.md#pmid-37733794,codex-current-session,same_agent_source_recheck,2026-09-19,Migrated from journal reading ledger on 2026-09-19; no new source recheck; six acceptance gates not reassessed. Bounded abstract/high-risk source sample recorded; not full six-gate acceptance.
37249619,2023,"BBT-176, a Novel Fourth-Generation Tyrosine Kinase Inhibitor for Osimertinib-Resistant EGFR Mutations in Non-Small Cell Lung Cancer",included,main_text_deep_read_complete,2026-09-26,not_reviewed,pending,pending,pending,pending,pending,pending,not_supplied,ccr-deep-reading-ledger.md;ccr-2023-37249619-language.md;ccr-2023-37249619-evidence.md,,,,,"Main scientific text and main figures/tables read; article-specific evidence and section language curated. Source inconsistencies are flagged, not silently repaired. Supplementary analyses and acceptance recheck remain incomplete."
35616593,2023,Breakthrough Therapy Designation Criteria Identify Drugs that Improve Clinical Outcomes for Patients: A Case for More Streamlined Coverage of Promising Therapies,excluded,screened,,not_reviewed,pending,pending,pending,pending,pending,pending,not_supplied,ccr-2023-35616593-background.md,,,,,Background read recorded separately; not original-study completion.
36729110,2023,Brief Report: Combination of Osimertinib and Dacomitinib to Mitigate Primary and Acquired Resistance in EGFR-Mutant Lung Adenocarcinomas,included,main_text_deep_read_complete,2026-09-26,not_reviewed,pending,pending,pending,pending,pending,pending,not_supplied,ccr-deep-reading-ledger.md;ccr-2023-36729110-language.md;ccr-2023-36729110-evidence.md,,,,,"Main scientific text and main figures/tables read; article-specific evidence and section language curated. Source inconsistencies are flagged, not silently repaired. Supplementary analyses and acceptance recheck remain incomplete."
37702716,2023,Circulating Tumor DNA Monitoring on Chemo-immunotherapy for Risk Stratification in Advanced Non-Small Cell Lung Cancer,included,main_text_deep_read_complete,2026-09-26,not_reviewed,pending,pending,pending,pending,pending,pending,not_supplied,ccr-deep-reading-ledger.md;ccr-2023-37702716-language.md;ccr-2023-37702716-evidence.md,,,,,"Main scientific text and main figures/tables read; article-specific evidence and section language curated. Source inconsistencies are flagged, not silently repaired. Supplementary analyses and acceptance recheck remain incomplete."
37432985,2023,Clinical and Molecular Features of Long-term Response to Immune Checkpoint Inhibitors in Patients with Advanced Non-Small Cell Lung Cancer,included,main_text_deep_read_complete,2026-09-26,not_reviewed,pending,pending,pending,pending,pending,pending,not_supplied,ccr-deep-reading-ledger.md;ccr-2023-37432985-language.md;ccr-2023-37432985-evidence.md,,,,,"Main scientific text and main figures/tables read; article-specific evidence and section language curated. Source inconsistencies are flagged, not silently repaired. Supplementary analyses and acceptance recheck remain incomplete."
37097610,2023,"Clinicopathologic, Genomic, and Immunophenotypic Landscape of ATM Mutations in Non-Small Cell Lung Cancer",included,main_text_deep_read_complete,2026-09-14,in_progress,not_reaudited,not_reaudited,not_reaudited,not_reaudited,not_reaudited,not_reaudited,not_supplied,ccr-deep-reading-ledger.md;ccr-2026-09-14-atm-smarca4-stk11-priority-language.md,stk11-highlight-bounded-recheck-2026-09-19.md#pmid-37097610,codex-current-session,same_agent_source_recheck,2026-09-19,Migrated from journal reading ledger on 2026-09-19; no new source recheck; six acceptance gates not reassessed. Bounded abstract/high-risk source sample recorded; not full six-gate acceptance.
36602782,2023,Combination Therapies Targeting ALK-aberrant Neuroblastoma in Preclinical Models,included,main_text_deep_read_complete,2026-09-26,not_reviewed,pending,pending,pending,pending,pending,pending,not_supplied,ccr-deep-reading-ledger.md;ccr-2023-36602782-language.md;ccr-2023-36602782-evidence.md,,,,,"Main scientific text and main figures/tables read; article-specific evidence and section language curated. Source inconsistencies are flagged, not silently repaired. Supplementary analyses and acceptance recheck remain incomplete."
36537918,2023,Crizotinib Has Preclinical Efficacy in Philadelphia-Negative Myeloproliferative Neoplasms,included,main_text_deep_read_complete,2026-09-26,not_reviewed,pending,pending,pending,pending,pending,pending,not_supplied,ccr-deep-reading-ledger.md;ccr-2023-36537918-language.md;ccr-2023-36537918-evidence.md,,,,,"Main scientific text and main figures/tables read; article-specific evidence and section language curated. Source inconsistencies are flagged, not silently repaired. Supplementary analyses and acceptance recheck remain incomplete."
37097069,2023,ctDNA Monitoring for Small Cell Lung Cancer: Ready for Prime Time?,excluded,indexed,,not_reviewed,pending,pending,pending,pending,pending,pending,not_recorded,ccr-deep-reading-ledger.md,,,,,Legacy excluded-genre index only; not eligible for future language learning.
37382635,2023,De Novo and Histologically Transformed Small-Cell Lung Cancer Is Sensitive to Lurbinectedin Treatment Through the Modulation of EMT and NOTCH Signaling Pathways,included,main_text_deep_read_complete,2026-09-26,not_reviewed,pending,pending,pending,pending,pending,pending,not_supplied,ccr-deep-reading-ledger.md;ccr-2023-37382635-language.md;ccr-2023-37382635-evidence.md,,,,,"Main scientific text and main figures/tables read; article-specific evidence and section language curated. Source inconsistencies are flagged, not silently repaired. Supplementary analyses and acceptance recheck remain incomplete."
36449664,2023,Dynamic Mutational Landscape of Cerebrospinal Fluid Circulating Tumor DNA and Predictors of Survival after Proton Craniospinal Irradiation for Leptomeningeal Metastases,included,main_text_deep_read_complete,2026-09-26,not_reviewed,pending,pending,pending,pending,pending,pending,not_supplied,ccr-deep-reading-ledger.md;ccr-2023-36449664-language.md;ccr-2023-36449664-evidence.md,,,,,"Main scientific text and main figures/tables read; article-specific evidence and section language curated. Source inconsistencies are flagged, not silently repaired. Supplementary analyses and acceptance recheck remain incomplete."
37071497,2023,Dynamics of Sequence and Structural Cell-Free DNA Landscapes in Small-Cell Lung Cancer,included,main_text_deep_read_complete,2026-09-26,not_reviewed,pending,pending,pending,pending,pending,pending,not_supplied,ccr-deep-reading-ledger.md;ccr-2023-37071497-language.md;ccr-2023-37071497-evidence.md,,,,,"Main scientific text and main figures/tables read; article-specific evidence and section language curated. Source inconsistencies are flagged, not silently repaired. Supplementary analyses and acceptance recheck remain incomplete."
37279096,2023,Early Changes in Circulating Cell-Free KRAS G12C Predict Response to Adagrasib in KRAS Mutant Non-Small Cell Lung Cancer Patients,included,main_text_deep_read_complete,2026-09-26,not_reviewed,pending,pending,pending,pending,pending,pending,not_supplied,ccr-deep-reading-ledger.md;ccr-2023-37279096-language.md;ccr-2023-37279096-evidence.md,,,,,"Main scientific text and main figures/tables read; article-specific evidence and section language curated. Source inconsistencies are flagged, not silently repaired. Supplementary analyses and acceptance recheck remain incomplete."
36913537,2023,Efficacy of Osimertinib in Patients with Lung Cancer Positive for Uncommon EGFR Exon 19 Deletion Mutations,included,main_text_deep_read_complete,2026-09-26,not_reviewed,pending,pending,pending,pending,pending,pending,not_supplied,ccr-deep-reading-ledger.md;ccr-2023-36913537-language.md;ccr-2023-36913537-evidence.md,,,,,"Main scientific text and main figures/tables read; article-specific evidence and section language curated. Source inconsistencies are flagged, not silently repaired. Supplementary analyses and acceptance recheck remain incomplete."
37725585,2023,Entinostat Enhances the Efficacy of Chemotherapy in Small Cell Lung Cancer Through S-phase Arrest and Decreased Base Excision Repair,included,main_text_deep_read_complete,2026-09-26,not_reviewed,pending,pending,pending,pending,pending,pending,not_supplied,ccr-deep-reading-ledger.md;ccr-2023-37725585-language.md;ccr-2023-37725585-evidence.md,,,,,"Main scientific text and main figures/tables read; article-specific evidence and section language curated. Source inconsistencies are flagged, not silently repaired. Supplementary analyses and acceptance recheck remain incomplete."
37581538,2023,Facts and Hopes on RAS Inhibitors and Cancer Immunotherapy,excluded,screened,,not_reviewed,pending,pending,pending,pending,pending,pending,not_supplied,ccr-2023-37581538-background.md,,,,,Background read recorded separately; not original-study completion.
37022784,2023,FDA Approval Summary: Amivantamab for the Treatment of Patients with Non-Small Cell Lung Cancer with EGFR Exon 20 Insertion Mutations,included,main_text_deep_read_complete,2026-09-26,not_reviewed,pending,pending,pending,pending,pending,pending,not_supplied,ccr-deep-reading-ledger.md;ccr-2023-37022784-language.md;ccr-2023-37022784-evidence.md,,,,,"Main scientific text and main figures/tables read; article-specific evidence and section language curated. Source inconsistencies are flagged, not silently repaired. Supplementary analyses and acceptance recheck remain incomplete."
36951523,2023,FDA Approval Summary: Atezolizumab as Adjuvant Treatment following Surgical Resection and Platinum-Based Chemotherapy for Stage II to IIIA NSCLC,included,main_text_deep_read_complete,2026-09-26,not_reviewed,pending,pending,pending,pending,pending,pending,not_supplied,ccr-deep-reading-ledger.md;ccr-2023-36951523-language.md;ccr-2023-36951523-evidence.md,,,,,"Main scientific text and main figures/tables read; article-specific evidence and section language curated. Source inconsistencies are flagged, not silently repaired. Supplementary analyses and acceptance recheck remain incomplete."
36112541,2023,FDA Approval Summary: Mobocertinib for Metastatic Non-Small Cell Lung Cancer with EGFR Exon 20 Insertion Mutations,included,main_text_deep_read_complete,2026-09-26,not_reviewed,pending,pending,pending,pending,pending,pending,not_supplied,ccr-deep-reading-ledger.md;ccr-2023-36112541-language.md;ccr-2023-36112541-evidence.md,,,,,"Main scientific text and main figures/tables read; article-specific evidence and section language curated. Source inconsistencies are flagged, not silently repaired. Supplementary analyses and acceptance recheck remain incomplete."
37265412,2023,FDA Approval Summary: Selpercatinib for the Treatment of Advanced RET Fusion-Positive Solid Tumors,included,main_text_deep_read_complete,2026-09-26,not_reviewed,pending,pending,pending,pending,pending,pending,not_supplied,ccr-deep-reading-ledger.md;ccr-2023-37265412-language.md;ccr-2023-37265412-evidence.md,,,,,"Main scientific text and main figures/tables read; article-specific evidence and section language curated. Source inconsistencies are flagged, not silently repaired. Supplementary analyses and acceptance recheck remain incomplete."
36794455,2023,Five-Year Clinical Outcomes after Neoadjuvant Nivolumab in Resectable Non-Small Cell Lung Cancer,included,main_text_deep_read_complete,2026-09-26,not_reviewed,pending,pending,pending,pending,pending,pending,not_supplied,ccr-deep-reading-ledger.md;ccr-2023-36794455-language.md;ccr-2023-36794455-evidence.md,,,,,"Main scientific text and main figures/tables read; article-specific evidence and section language curated. Source inconsistencies are flagged, not silently repaired. Supplementary analyses and acceptance recheck remain incomplete."
36595561,2023,IL6 Mediates Suppression of T- and NK-cell Function in EMT-associated TKI-resistant EGFR-mutant NSCLC,included,main_text_deep_read_complete,2026-09-26,not_reviewed,pending,pending,pending,pending,pending,pending,not_supplied,ccr-deep-reading-ledger.md;ccr-2023-36595561-language.md;ccr-2023-36595561-evidence.md,,,,,"Main scientific text and main figures/tables read; article-specific evidence and section language curated. Source inconsistencies are flagged, not silently repaired. Supplementary analyses and acceptance recheck remain incomplete."
37223924,2023,Immunogenomic Landscape of Neuroendocrine Prostate Cancer,included,main_text_deep_read_complete,2026-09-26,not_reviewed,pending,pending,pending,pending,pending,pending,not_supplied,ccr-deep-reading-ledger.md;ccr-2023-37223924-language.md;ccr-2023-37223924-evidence.md,,,,,"Main scientific text and main figures/tables read; article-specific evidence and section language curated. Source inconsistencies are flagged, not silently repaired. Supplementary analyses and acceptance recheck remain incomplete."
36165915,2023,Novel Lymphocyte-Independent Antitumor Activity by PD-1 Blocking Antibody against PD-1+ Chemoresistant Lung Cancer Cells,included,main_text_deep_read_complete,2026-09-26,not_reviewed,pending,pending,pending,pending,pending,pending,not_supplied,ccr-deep-reading-ledger.md;ccr-2023-36165915-language.md;ccr-2023-36165915-evidence.md,,,,,"Main scientific text and main figures/tables read; article-specific evidence and section language curated. Source inconsistencies are flagged, not silently repaired. Supplementary analyses and acceptance recheck remain incomplete."
36383142,2023,"Old Dog, New Trick: A Tumor-Intrinsic Role for PD-1 in Chemoresistant Tumor Subclones",excluded,indexed,,not_reviewed,pending,pending,pending,pending,pending,pending,not_recorded,ccr-deep-reading-ledger.md,,,,,Legacy excluded-genre index only; not eligible for future language learning.
36996322,2023,"Osimertinib and Selpercatinib Efficacy, Safety, and Resistance in a Multicenter, Prospectively Treated Cohort of EGFR-Mutant and RET Fusion-Positive Lung Cancers",included,main_text_deep_read_complete,2026-09-26,not_reviewed,pending,pending,pending,pending,pending,pending,not_supplied,ccr-deep-reading-ledger.md;ccr-2023-36996322-language.md;ccr-2023-36996322-evidence.md,,,,,"Main scientific text and main figures/tables read; article-specific evidence and section language curated. Source inconsistencies are flagged, not silently repaired. Supplementary analyses and acceptance recheck remain incomplete."
37233986,2023,Patient-Reported Outcomes as Interradiographic Predictors of Response in Non-Small Cell Lung Cancer,included,main_text_deep_read_complete,2026-09-26,not_reviewed,pending,pending,pending,pending,pending,pending,not_supplied,ccr-deep-reading-ledger.md;ccr-2023-37233986-language.md;ccr-2023-37233986-evidence.md,,,,,"Main scientific text and main figures/tables read; article-specific evidence and section language curated. Source inconsistencies are flagged, not silently repaired. Supplementary analyses and acceptance recheck remain incomplete."
37233987,2023,"Phase II Study of Docetaxel and Trametinib in Patients with KRAS Mutation Positive Recurrent Non-Small Cell Lung Cancer (NSCLC; SWOG S1507, NCT-02642042)",included,main_text_deep_read_complete,2026-09-26,not_reviewed,pending,pending,pending,pending,pending,pending,not_supplied,ccr-deep-reading-ledger.md;ccr-2023-37233987-language.md;ccr-2023-37233987-evidence.md,,,,,"Main scientific text and main figures/tables read; article-specific evidence and section language curated. Source inconsistencies are flagged, not silently repaired. Supplementary analyses and acceptance recheck remain incomplete."
36971777,2023,Randomized Trial of Tepotinib Plus Gefitinib versus Chemotherapy in EGFR-Mutant NSCLC with EGFR Inhibitor Resistance Due to MET Amplification: INSIGHT Final Analysis,included,main_text_deep_read_complete,2026-09-26,not_reviewed,pending,pending,pending,pending,pending,pending,not_supplied,ccr-deep-reading-ledger.md;ccr-2023-36971777-language.md;ccr-2023-36971777-evidence.md,,,,,"Main scientific text and main figures/tables read; article-specific evidence and section language curated. Source inconsistencies are flagged, not silently repaired. Supplementary analyses and acceptance recheck remain incomplete."
37289191,2023,Targeting BCL2 Overcomes Resistance and Augments Response to Aurora Kinase B Inhibition by AZD2811 in Small Cell Lung Cancer,included,main_text_deep_read_complete,2026-09-26,not_reviewed,pending,pending,pending,pending,pending,pending,not_supplied,ccr-deep-reading-ledger.md;ccr-2023-37289191-language.md;ccr-2023-37289191-evidence.md,,,,,"Main scientific text and main figures/tables read; article-specific evidence and section language curated. Source inconsistencies are flagged, not silently repaired. Supplementary analyses and acceptance recheck remain incomplete."
37466928,2023,Targeting KRAS-Mutated NSCLC: Novel TKIs and Beyond,excluded,indexed,,not_reviewed,pending,pending,pending,pending,pending,pending,not_recorded,ccr-deep-reading-ledger.md,,,,,Legacy excluded-genre index only; not eligible for future language learning.
37227187,2023,Targeting Replication Stress and Chemotherapy Resistance with a Combination of Sacituzumab Govitecan and Berzosertib: A Phase I Clinical Trial,included,main_text_deep_read_complete,2026-09-24,not_reviewed,pending,pending,pending,pending,pending,pending,not_supplied,ccr-deep-reading-ledger.md;ccr-2023-37227187-language.md,,,,,"Supplied main text and all main figures/tables read 2026-09-24; source-specific physical-page evidence in ccr-2023-37227187-language.md; external supplements not supplied; separate acceptance review not performed. Correct PMID37227187, not legacy37154821. Twelve-patient3+3 study: no DLT does not mean no grade4 laboratory toxicity. Two RECIST PRs are distinct from metabolic response with RECIST SD. Small exploratory WES/RNA comparisons, patient5 label conflict and dosage-unit typo prevent broad efficacy or mechanistic claims."
37223888,2023,"The GENIE BPC NSCLC Cohort: A Real-World Repository Integrating Standardized Clinical and Genomic Data for 1,846 Patients with Non-Small Cell Lung Cancer",included,main_text_deep_read_complete,2026-09-26,not_reviewed,pending,pending,pending,pending,pending,pending,not_supplied,ccr-deep-reading-ledger.md;ccr-2023-37223888-language.md;ccr-2023-37223888-evidence.md,,,,,"Main scientific text and main figures/tables read; article-specific evidence and section language curated. Source inconsistencies are flagged, not silently repaired. Supplementary analyses and acceptance recheck remain incomplete."
36595566,2023,Tumor Dynamic Model-Based Decision Support for Phase Ib/II Combination Studies: A Retrospective Assessment Based on Resampling of the Phase III Study IMpower150,included,main_text_deep_read_complete,2026-09-26,not_reviewed,pending,pending,pending,pending,pending,pending,not_supplied,ccr-deep-reading-ledger.md;ccr-2023-36595566-language.md;ccr-2023-36595566-evidence.md,,,,,"Main scientific text and main figures/tables read; article-specific evidence and section language curated. Source inconsistencies are flagged, not silently repaired. Supplementary analyses and acceptance recheck remain incomplete."
36806911,2023,Tumor Mutational Burden as a Predictor of Survival with Durvalumab and/or Tremelimumab Treatment in Recurrent or Metastatic Head and Neck Squamous Cell Carcinoma,included,main_text_deep_read_complete,2026-09-26,not_reviewed,pending,pending,pending,pending,pending,pending,not_supplied,ccr-deep-reading-ledger.md;ccr-2023-36806911-language.md;ccr-2023-36806911-evidence.md,,,,,"Main scientific text and main figures/tables read; article-specific evidence and section language curated. Source inconsistencies are flagged, not silently repaired. Supplementary analyses and acceptance recheck remain incomplete."
37125965,2023,Type 2 Diabetes Mellitus and Efficacy Outcomes from Immune Checkpoint Blockade in Patients with Cancer,included,main_text_deep_read_complete,2026-09-26,not_reviewed,pending,pending,pending,pending,pending,pending,not_supplied,ccr-deep-reading-ledger.md;ccr-2023-37125965-language.md;ccr-2023-37125965-evidence.md,,,,,"Main scientific text and main figures/tables read; article-specific evidence and section language curated. Source inconsistencies are flagged, not silently repaired. Supplementary analyses and acceptance recheck remain incomplete."
37756581,2023,"Upregulation of Indoleamine 2,3-Dioxygenase 1 in Tumor Cells and Tertiary Lymphoid Structures is a Hallmark of Inflamed Non-Small Cell Lung Cancer",included,main_text_deep_read_complete,2026-09-26,not_reviewed,pending,pending,pending,pending,pending,pending,not_supplied,ccr-deep-reading-ledger.md;ccr-2023-37756581-language.md;ccr-2023-37756581-evidence.md,,,,,"Main scientific text and main figures/tables read; article-specific evidence and section language curated. Source inconsistencies are flagged, not silently repaired. Supplementary analyses and acceptance recheck remain incomplete."
38088895,2024,A Dysfunctional T-cell Gene Signature for Predicting Nonresponse to PD-1 Blockade in Non-small Cell Lung Cancer That Is Suitable for Routine Clinical Diagnostics,included,main_text_deep_read_complete,2026-09-23,not_reviewed,pending,pending,pending,pending,pending,pending,not_supplied,ccr-2024-38088895-language.md,,,,,2026-09-23: Initial main-text and main-figure/table reading complete; no separate six-gate recheck. Source caveats and safe transfer recorded in linked asset.
39287821,2024,"A Phase I First-in-Human Study of ABBV-011, a Seizure-Related Homolog Protein 6-Targeting Antibody-Drug Conjugate, in Patients with Small Cell Lung Cancer",included,main_text_deep_read_complete,2026-09-23,not_reviewed,pending,pending,pending,pending,pending,pending,not_supplied,ccr-2024-39287821-language.md,,,,,2026-09-23: Initial main-text and main-figure/table reading complete; no separate six-gate recheck. Source caveats and safe transfer recorded in linked asset.
38940666,2024,"A Phase I/II Study of Valemetostat (DS-3201b), an EZH1/2 Inhibitor, in Combination with Irinotecan in Patients with Recurrent Small-Cell Lung Cancer",included,main_text_deep_read_complete,2026-09-23,not_reviewed,pending,pending,pending,pending,pending,pending,not_supplied,ccr-2024-38940666-language.md,,,,,2026-09-23: Initial main-text and main-figure/table reading complete; no separate six-gate recheck. Source caveats and safe transfer recorded in linked asset.
37831007,2024,A Small Molecule with Big Impact: MRTX1133 Targets the KRASG12D Mutation in Pancreatic Cancer,excluded,screened,,not_reviewed,pending,pending,pending,pending,pending,pending,not_supplied,ccr-2024-37831007-background.md,,,,,2026-09-23: Full background reading recorded in separate background register; not an original-study pending task.
38723277,2024,Biomarker Identification and Risk Prediction Model Development for Differentiated Thyroid Carcinoma Lung Metastasis Based on Primary Lesion Proteomics,included,main_text_deep_read_complete,2026-09-23,not_reviewed,pending,pending,pending,pending,pending,pending,not_supplied,ccr-2024-38723277-language.md,,,,,2026-09-23: Initial main-text and main-figure/table reading complete; no separate six-gate recheck. Source caveats and safe transfer recorded in linked asset.
38995268,2024,Circulating Tumor DNA Dynamics Reveal KRAS G12C Mutation Heterogeneity and Response to Treatment with the KRAS G12C Inhibitor Divarasib in Solid Tumors,included,main_text_deep_read_complete,2026-09-23,not_reviewed,pending,pending,pending,pending,pending,pending,not_supplied,ccr-2024-38995268-language.md,,,,,2026-09-23: Initial main-text and main-figure/table reading complete; no separate six-gate recheck. Source caveats and safe transfer recorded in linked asset.
38060240,2024,Circulating Tumor DNA Enables Sensitive Detection of Actionable Gene Fusions and Rearrangements Across Cancer Types,included,main_text_deep_read_complete,2026-09-23,not_reviewed,pending,pending,pending,pending,pending,pending,not_supplied,ccr-2024-38060240-language.md,,,,,2026-09-23: Initial main-text and main-figure/table reading complete; no separate six-gate recheck. Source caveats and safe transfer recorded in linked asset.
38300729,2024,Combining Genomic Biomarkers to Guide Immunotherapy in Non-Small Cell Lung Cancer,included,main_text_deep_read_complete,2026-09-23,not_reviewed,pending,pending,pending,pending,pending,pending,not_supplied,ccr-2024-38300729-language.md,,,,,2026-09-23: Initial main-text and main-figure/table reading complete; no separate six-gate recheck. Source caveats and safe transfer recorded in linked asset.
38912901,2024,Detecting Small Cell Transformation in Patients with Advanced EGFR Mutant Lung Adenocarcinoma through Epigenomic cfDNA Profiling,included,main_text_deep_read_complete,2026-09-23,not_reviewed,pending,pending,pending,pending,pending,pending,not_supplied,ccr-2024-38912901-language.md,,,,,2026-09-23: Initial main-text and main-figure/table reading complete; no separate six-gate recheck. Source caveats and safe transfer recorded in linked asset.
38277241,2024,Development of a [89Zr]Zr-labeled Human Antibody using a Novel Phage-displayed Human scFv Library,included,main_text_deep_read_complete,2026-09-23,not_reviewed,pending,pending,pending,pending,pending,pending,not_supplied,ccr-2024-38277241-language.md,,,,,2026-09-23: Initial main-text and main-figure/table reading complete; no separate six-gate recheck. Source caveats and safe transfer recorded in linked asset.
39400264,2024,DICER1-Related Tumor Predisposition: Identification of At-risk Individuals and Recommended Surveillance Strategies,included,main_text_deep_read_complete,2026-09-23,not_reviewed,pending,pending,pending,pending,pending,pending,not_supplied,ccr-2024-39400264-language.md,,,,,2026-09-23: Initial main-text and main-figure/table reading complete; no separate six-gate recheck. Source caveats and safe transfer recorded in linked asset.
38630790,2024,"Diffuse Pleural Mesotheliomas with Genomic Near-Haploidization: A Newly Recognized Subset with Distinct Clinical, Histologic, and Molecular Features",included,main_text_deep_read_complete,2026-09-23,not_reviewed,pending,pending,pending,pending,pending,pending,not_supplied,ccr-2024-38630790-language.md,,,,,2026-09-23: Initial main-text and main-figure/table reading complete; no separate six-gate recheck. Source caveats and safe transfer recorded in linked asset.
37801329,2024,Durvalumab ± Tremelimumab + Platinum-Etoposide in Extensive-Stage Small Cell Lung Cancer (CASPIAN): Outcomes by PD-L1 Expression and Tissue Tumor Mutational Burden,included,main_text_deep_read_complete,2026-09-23,not_reviewed,pending,pending,pending,pending,pending,pending,not_supplied,ccr-2024-37801329-language.md,,,,,2026-09-23: Initial main-text and main-figure/table reading complete; no separate six-gate recheck. Source caveats and safe transfer recorded in linked asset.
37939140,2024,Elucidating the Heterogeneity of Immunotherapy Response and Immune-Related Toxicities by Longitudinal ctDNA and Immune Cell Compartment Tracking in Lung Cancer,included,main_text_deep_read_complete,2026-09-23,not_reviewed,pending,pending,pending,pending,pending,pending,not_supplied,ccr-2024-37939140-language.md,,,,,2026-09-23: Initial main-text and main-figure/table reading complete; no separate six-gate recheck. Source caveats and safe transfer recorded in linked asset.
37955563,2024,Facts and Hopes in Neoadjuvant Immunotherapy: Current Approvals and Emerging Evidence,excluded,screened,,not_reviewed,pending,pending,pending,pending,pending,pending,not_supplied,ccr-2024-37955563-background.md,,,,,2026-09-23: Full background reading recorded in separate background register; not an original-study pending task.
38875108,2024,FDA Approval Summary: Repotrectinib for Locally Advanced or Metastatic ROS1-Positive Non-Small Cell Lung Cancer,included,main_text_deep_read_complete,2026-09-23,not_reviewed,pending,pending,pending,pending,pending,pending,not_supplied,ccr-2024-38875108-language.md,,,,,2026-09-23: Initial main-text and main-figure/table reading complete; no separate six-gate recheck. Source caveats and safe transfer recorded in linked asset.
38526394,2024,Measurement of ctDNA Tumor Fraction Identifies Informative Negative Liquid Biopsy Results and Informs Value of Tissue Confirmation,included,main_text_deep_read_complete,2026-09-23,not_reviewed,pending,pending,pending,pending,pending,pending,not_supplied,ccr-2024-38526394-language.md,,,,,2026-09-23: Initial main-text and main-figure/table reading complete; no separate six-gate recheck. Source caveats and safe transfer recorded in linked asset.
38180245,2024,Molecular and Pathologic Characterization of YAP1-Expressing Small Cell Lung Cancer Cell Lines Leads to Reclassification as SMARCA4-Deficient Malignancies,included,main_text_deep_read_complete,2026-09-23,not_reviewed,pending,pending,pending,pending,pending,pending,not_supplied,ccr-2024-38180245-language.md,,,,,2026-09-23: Initial main-text and main-figure/table reading complete; no separate six-gate recheck. Source caveats and safe transfer recorded in linked asset.
38277235,2024,Multi-omics Analysis Reveals Immune Features Associated with Immunotherapy Benefit in Patients with Squamous Cell Lung Cancer from Phase III Lung-MAP S1400I Trial,included,main_text_deep_read_complete,2026-09-23,not_reviewed,pending,pending,pending,pending,pending,pending,not_supplied,ccr-2024-38277235-language.md,,,,,2026-09-23: Initial main-text and main-figure/table reading complete; no separate six-gate recheck. Source caveats and safe transfer recorded in linked asset.
37903180,2024,Novel Approach to Accelerate Lung Cancer Research: Lung-MAP and the Potential of Public-Private Partnerships,excluded,screened,,not_reviewed,pending,pending,pending,pending,pending,pending,not_supplied,ccr-2024-37903180-background.md,,,,,2026-09-23: Full background reading recorded in separate background register; not an original-study pending task.
39017667,2024,Novel Combinations of Immunotherapies or DNA Damage Repair Inhibitors in Platinum-Refractory Extensive-Stage Small Cell Lung Cancer: The Phase II BALTIC Study,included,main_text_deep_read_complete,2026-09-23,not_reviewed,pending,pending,pending,pending,pending,pending,not_supplied,ccr-2024-39017667-language.md,,,,,2026-09-23: Initial main-text and main-figure/table reading complete; no separate six-gate recheck. Source caveats and safe transfer recorded in linked asset.
38127300,2024,Objective Analysis and Clinical Significance of the Spatial Tumor-Infiltrating Lymphocyte Patterns in Non-Small Cell Lung Cancer,included,main_text_deep_read_complete,2026-09-23,not_reviewed,pending,pending,pending,pending,pending,pending,not_supplied,ccr-2024-38127300-language.md,,,,,2026-09-23: Initial main-text and main-figure/table reading complete; no separate six-gate recheck. Source caveats and safe transfer recorded in linked asset.
39078310,2024,Pharmacologic Inhibition of EIF4A Blocks NRF2 Synthesis to Prevent Osteosarcoma Metastasis,included,main_text_deep_read_complete,2026-09-23,not_reviewed,pending,pending,pending,pending,pending,pending,not_supplied,ccr-2024-39078310-language.md,,,,,2026-09-23: Initial main-text and main-figure/table reading complete; no separate six-gate recheck. Source caveats and safe transfer recorded in linked asset.
38456660,2024,Phase I/II Study of Combined BCL-xL and MEK Inhibition with Navitoclax and Trametinib in KRAS or NRAS Mutant Advanced Solid Tumors,included,main_text_deep_read_complete,2026-09-23,not_reviewed,pending,pending,pending,pending,pending,pending,not_supplied,ccr-2024-38456660-language.md,,,,,2026-09-23: Initial main-text and main-figure/table reading complete; no separate six-gate recheck. Source caveats and safe transfer recorded in linked asset.
38165684,2024,Phase II Study of Durvalumab Immediately after Completion of Chemoradiotherapy in Unresectable Stage III Non-small Cell Lung Cancer: TORG1937 (DATE Study),included,main_text_deep_read_complete,2026-09-23,not_reviewed,pending,pending,pending,pending,pending,pending,not_supplied,ccr-2024-38165684-language.md,,,,,2026-09-23: Initial main-text and main-figure/table reading complete; no separate six-gate recheck. Source caveats and safe transfer recorded in linked asset.
37992307,2024,Platinum-Based Chemotherapy Attenuates the Effector Response of CD8 T Cells to Concomitant PD-1 Blockade,included,main_text_deep_read_complete,2026-09-23,not_reviewed,pending,pending,pending,pending,pending,pending,not_supplied,ccr-2024-37992307-language.md,,,,,2026-09-23: Initial main-text and main-figure/table reading complete; no separate six-gate recheck. Source caveats and safe transfer recorded in linked asset.
39352721,2024,"Safety, Efficacy, and Biomarker Analysis of Crizotinib in MET-Mutated Non-Small Cell Lung Cancer-Results from the Drug Rediscovery Protocol",included,main_text_deep_read_complete,2026-09-23,not_reviewed,pending,pending,pending,pending,pending,pending,not_supplied,ccr-2024-39352721-language.md,,,,,2026-09-23: Initial main-text and main-figure/table reading complete; no separate six-gate recheck. Source caveats and safe transfer recorded in linked asset.
39177967,2024,"Targeted Therapies, Novel Antibodies, and Immunotherapies in Advanced Non-Small Cell Lung Cancer: Clinical Evidence and Drug Approval Patterns",excluded,screened,,not_reviewed,pending,pending,pending,pending,pending,pending,not_supplied,ccr-2024-39177967-background.md,,,,,2026-09-23: Full background reading recorded in separate background register; not an original-study pending task.
39017606,2024,Targeting AKR1B10 by Drug Repurposing with Epalrestat Overcomes Chemoresistance in Non-Small Cell Lung Cancer Patient-Derived Tumor Organoids,included,main_text_deep_read_complete,2026-09-23,not_reviewed,pending,pending,pending,pending,pending,pending,not_supplied,ccr-2024-39017606-language.md,,,,,2026-09-23: Initial main-text and main-figure/table reading complete; no separate six-gate recheck. Source caveats and safe transfer recorded in linked asset.
38048058,2024,TROP2 Is Associated with Primary Resistance to Immune Checkpoint Inhibition in Patients with Advanced Non-Small Cell Lung Cancer,included,main_text_deep_read_complete,2026-09-23,not_reviewed,pending,pending,pending,pending,pending,pending,not_supplied,ccr-2024-38048058-language.md,,,,,2026-09-23: Initial main-text and main-figure/table reading complete; no separate six-gate recheck. Source caveats and safe transfer recorded in linked asset.
38109210,2024,Tumor-Specific Activity of Precision Medicines in the NCI-MATCH Trial,included,main_text_deep_read_complete,2026-09-23,not_reviewed,pending,pending,pending,pending,pending,pending,not_supplied,ccr-2024-38109210-language.md,,,,,2026-09-23: Initial main-text and main-figure/table reading complete; no separate six-gate recheck. Source caveats and safe transfer recorded in linked asset.
38837903,2024,Urinary Metabolite Diagnostic and Prognostic Liquid Biopsy Biomarkers of Lung Cancer in Nonsmokers and Tobacco Smokers,included,main_text_deep_read_complete,2026-09-23,not_reviewed,pending,pending,pending,pending,pending,pending,not_supplied,ccr-2024-38837903-language.md,,,,,2026-09-23: Initial main-text and main-figure/table reading complete; no separate six-gate recheck. Source caveats and safe transfer recorded in linked asset.
39150543,2024,YAP1 Status Defines Two Intrinsic Subtypes of LCNEC with Distinct Molecular Features and Therapeutic Vulnerabilities,included,main_text_deep_read_complete,2026-09-23,not_reviewed,pending,pending,pending,pending,pending,pending,not_supplied,ccr-2024-39150543-language.md,,,,,2026-09-23: Initial main-text and main-figure/table reading complete; no separate six-gate recheck. Source caveats and safe transfer recorded in linked asset.
40343815,2025,68Ga-NK224 PET/CT for Noninvasive Evaluation of PD-L1 Expression and Intertumor Heterogeneity: A Translational Exploratory Study,included,main_text_deep_read_complete,2026-09-08,not_reviewed,not_reaudited,not_reaudited,not_reaudited,not_reaudited,not_reaudited,not_reaudited,not_recorded,ccr-deep-reading-ledger.md;ccr-2025-immunotherapy-fulltext-language.md;ccr-phrase-patterns.md,,,,,Migrated from journal reading ledger on 2026-09-19; no new source recheck; six acceptance gates not reassessed.
39540841,2025,Aberrant Activation of Wound-Healing Programs within the Metastatic Niche Facilitates Lung Colonization by Osteosarcoma Cells,included,main_text_deep_read_complete,2026-09-23,not_reviewed,pending,pending,pending,pending,pending,pending,not_supplied,ccr-2025-omics-methods-2026-09-23-language.md,,,,,2026-09-23: Initial main-text and main-figure/table read; no separate six-gate source recheck. Source inconsistencies and transfer limits recorded in linked evidence.
40208070,2025,Ad-SGE-DKK3 Gene Therapy Overcomes Resistance to Immune Checkpoint Blockade in Pleural Mesothelioma,included,main_text_deep_read_complete,2026-09-08,not_reviewed,not_reaudited,not_reaudited,not_reaudited,not_reaudited,not_reaudited,not_reaudited,not_recorded,ccr-deep-reading-ledger.md;ccr-2025-immunotherapy-fulltext-language.md;ccr-phrase-patterns.md,,,,,Migrated from journal reading ledger on 2026-09-19; no new source recheck; six acceptance gates not reassessed.
40552922,2025,Combined Targeting of PD-1 and TIM-3 in Patients with Locally Advanced or Metastatic Non-Small Cell Lung Cancer: AMBER Part 2B,included,main_text_deep_read_complete,2026-09-08,not_reviewed,not_reaudited,not_reaudited,not_reaudited,not_reaudited,not_reaudited,not_reaudited,not_recorded,ccr-deep-reading-ledger.md;ccr-2025-immunotherapy-fulltext-language.md;ccr-phrase-patterns.md,,,,,Migrated from journal reading ledger on 2026-09-19; no new source recheck; six acceptance gates not reassessed.
40261185,2025,ctDNA Clearance as an Early Indicator of Improved Clinical Outcomes in Advanced NSCLC Treated with TKI: Findings from an Aggregate Analysis of Eight Clinical Trials,included,main_text_deep_read_complete,2026-09-20,not_reviewed,pending,pending,pending,pending,pending,pending,not_supplied,ccr-2025-genomics-2026-09-20-language.md#pmid-40261185;ccr-2025-genomics-2026-09-20-manifest.csv,,,,,Initial full main-text and visual main-figure/table reading with section language; not a separate acceptance source recheck.
41026583,2025,D3-GPC2-Directed CAR T Cells Are Safe and Efficacious in Preclinical Models of Neuroblastoma and Small Cell Lung Cancer,included,main_text_deep_read_complete,2026-09-08,not_reviewed,not_reaudited,not_reaudited,not_reaudited,not_reaudited,not_reaudited,not_reaudited,not_recorded,ccr-deep-reading-ledger.md;ccr-2025-immunotherapy-fulltext-language.md;ccr-phrase-patterns.md,,,,,Migrated from journal reading ledger on 2026-09-19; no new source recheck; six acceptance gates not reassessed.
39545922,2025,Divergent Clinical and Immunologic Outcomes Based on STK11 Co-mutation Status in Resectable KRAS-Mutant Lung Cancers Following Neoadjuvant Immune Checkpoint Blockade,included,main_text_deep_read_complete,2026-09-08,not_reviewed,not_reaudited,not_reaudited,not_reaudited,not_reaudited,not_reaudited,not_reaudited,not_recorded,ccr-deep-reading-ledger.md;ccr-2025-immunotherapy-fulltext-language.md;ccr-phrase-patterns.md,,,,,Migrated from journal reading ledger on 2026-09-19; no new source recheck; six acceptance gates not reassessed.
40788282,2025,Early ctDNA Dynamics Inform First-Line Therapy in Patients with Extensive-Stage Small Cell Lung Cancer,included,main_text_deep_read_complete,2026-09-08,not_reviewed,not_reaudited,not_reaudited,not_reaudited,not_reaudited,not_reaudited,not_reaudited,not_recorded,ccr-deep-reading-ledger.md;ccr-2025-immunotherapy-fulltext-language.md;ccr-phrase-patterns.md,,,,,Migrated from journal reading ledger on 2026-09-19; no new source recheck; six acceptance gates not reassessed.
40465842,2025,Elevated ctDNA Tumor Fraction Is Associated with Improved Mutation Detection but Worse Overall Survival in Advanced Non-Small Cell Lung Cancer: A Lung-MAP Study,included,main_text_deep_read_complete,2026-09-20,not_reviewed,pending,pending,pending,pending,pending,pending,not_supplied,ccr-2025-genomics-2026-09-20-language.md#pmid-40465842;ccr-2025-genomics-2026-09-20-manifest.csv,,,,,Initial full main-text and visual main-figure/table reading with section language; not a separate acceptance source recheck.
40247431,2025,Factors Associated with Disease Progression after Discontinuation of Immune Checkpoint Inhibitors for Immune-Related Toxicity in Patients with Advanced Non-Small Cell Lung Cancer,included,main_text_deep_read_complete,2026-09-08,not_reviewed,not_reaudited,not_reaudited,not_reaudited,not_reaudited,not_reaudited,not_reaudited,not_recorded,ccr-deep-reading-ledger.md;ccr-2025-immunotherapy-fulltext-language.md;ccr-phrase-patterns.md,,,,,Migrated from journal reading ledger on 2026-09-19; no new source recheck; six acceptance gates not reassessed.
40864503,2025,First-Line MET Tyrosine Kinase Inhibitors versus Immunotherapy ± Chemotherapy for Patients with MET Exon 14 Skipping Mutant Metastatic NSCLC,included,main_text_deep_read_complete,2026-09-08,not_reviewed,not_reaudited,not_reaudited,not_reaudited,not_reaudited,not_reaudited,not_reaudited,not_recorded,ccr-deep-reading-ledger.md;ccr-2025-immunotherapy-fulltext-language.md;ccr-phrase-patterns.md,,,,,Migrated from journal reading ledger on 2026-09-19; no new source recheck; six acceptance gates not reassessed.
39853318,2025,Follow-up Analysis Enhances Understanding of Molecular Residual Disease in Localized Non-Small Cell Lung Cancer,included,main_text_deep_read_complete,2026-09-20,not_reviewed,pending,pending,pending,pending,pending,pending,not_supplied,ccr-2025-genomics-2026-09-20-language.md#pmid-39853318;ccr-2025-genomics-2026-09-20-manifest.csv,,,,,Initial full main-text and visual main-figure/table reading with section language; not a separate acceptance source recheck.
39804166,2025,Impact of Co-mutations and Transcriptional Signatures in Non-Small Cell Lung Cancer Patients Treated with Adagrasib in the KRYSTAL-1 Trial,included,main_text_deep_read_complete,2026-09-20,not_reviewed,pending,pending,pending,pending,pending,pending,not_supplied,ccr-2025-genomics-2026-09-20-language.md#pmid-39804166;ccr-2025-genomics-2026-09-20-manifest.csv,,,,,Initial full main-text and visual main-figure/table reading with section language; not a separate acceptance source recheck.
39836411,2025,In Situ RAS:RAF Binding Correlates with Response to KRASG12C Inhibitors in KRASG12C-Mutant Non-Small Cell Lung Cancer,included,main_text_deep_read_complete,2026-09-20,not_reviewed,pending,pending,pending,pending,pending,pending,not_supplied,ccr-2025-genomics-2026-09-20-language.md#pmid-39836411;ccr-2025-genomics-2026-09-20-manifest.csv,,,,,Initial full main-text and visual main-figure/table reading with section language; not a separate acceptance source recheck.
40260627,2025,"Izalontamab (SI-B001), a Novel EGFRxHER3 Bispecific Antibody in Patients with Locally Advanced or Metastatic Epithelial Tumor: Results from First-in-Human Phase I/Ib Study",included,main_text_deep_read_complete,2026-09-23,not_reviewed,pending,pending,pending,pending,pending,pending,not_supplied,ccr-2025-clinical-2026-09-23-language.md,,,,,2026-09-23: Initial main-text and main-figure/table read; no separate six-gate source recheck. Source inconsistencies and transfer limits recorded in linked evidence.
40310449,2025,Liquid and Tissue Biopsies for Identifying MET Exon 14 Skipping NSCLC: Analyses from the Phase II VISION Study of Tepotinib,included,main_text_deep_read_complete,2026-09-20,not_reviewed,pending,pending,pending,pending,pending,pending,not_supplied,ccr-2025-genomics-2026-09-20-language.md#pmid-40310449;ccr-2025-genomics-2026-09-20-manifest.csv,,,,,Initial full main-text and visual main-figure/table reading with section language; not a separate acceptance source recheck.
41065506,2025,LRP1b Loss Predicts Sensitivity to Immunotherapy in Patients with NSCLC: An Analysis of the Phase III CheckMate-026 Randomized Trial,included,main_text_deep_read_complete,2026-09-08,not_reviewed,not_reaudited,not_reaudited,not_reaudited,not_reaudited,not_reaudited,not_reaudited,not_recorded,ccr-deep-reading-ledger.md;ccr-2025-immunotherapy-fulltext-language.md;ccr-phrase-patterns.md,,,,,Migrated from journal reading ledger on 2026-09-19; no new source recheck; six acceptance gates not reassessed.
40553459,2025,Multidimensional Analysis of B7 Homolog 3 RNA Expression in Small Cell Lung Cancer Molecular Subtypes,included,main_text_deep_read_complete,2026-09-08,not_reviewed,not_reaudited,not_reaudited,not_reaudited,not_reaudited,not_reaudited,not_reaudited,not_recorded,ccr-deep-reading-ledger.md;ccr-2025-immunotherapy-fulltext-language.md;ccr-phrase-patterns.md,,,,,Migrated from journal reading ledger on 2026-09-19; no new source recheck; six acceptance gates not reassessed.
40880183,2025,Phase I Dose-Escalation Trial Combining Olaparib and Thoracic Radiotherapy in Extensive-Stage Small Cell Lung Cancer,included,main_text_deep_read_complete,2026-09-23,not_reviewed,pending,pending,pending,pending,pending,pending,not_supplied,ccr-2025-clinical-2026-09-23-language.md,,,,,2026-09-23: Initial main-text and main-figure/table read; no separate six-gate source recheck. Source inconsistencies and transfer limits recorded in linked evidence.
39466024,2025,Phase I Study of ROR1-Specific CAR-T Cells in Advanced Hematopoietic and Epithelial Malignancies,included,main_text_deep_read_complete,2026-09-08,not_reviewed,not_reaudited,not_reaudited,not_reaudited,not_reaudited,not_reaudited,not_reaudited,not_recorded,ccr-deep-reading-ledger.md;ccr-2025-immunotherapy-fulltext-language.md;ccr-phrase-patterns.md,,,,,Migrated from journal reading ledger on 2026-09-19; no new source recheck; six acceptance gates not reassessed.
39651955,2025,"Phase I/II Trial of Exportin 1 Inhibitor Selinexor plus Docetaxel in Previously Treated, Advanced KRAS-Mutant Non-Small Cell Lung Cancer",included,main_text_deep_read_complete,2026-09-23,not_reviewed,pending,pending,pending,pending,pending,pending,not_supplied,ccr-2025-clinical-2026-09-23-language.md,,,,,2026-09-23: Initial main-text and main-figure/table read; no separate six-gate source recheck. Source inconsistencies and transfer limits recorded in linked evidence.
39786430,2025,Phase II Open-Label Trial of Brentuximab Vedotin with Pembrolizumab in PD-1-Pretreated Metastatic Non-Small Cell Lung Cancer and Metastatic Cutaneous Melanoma,included,main_text_deep_read_complete,2026-09-08,not_reviewed,not_reaudited,not_reaudited,not_reaudited,not_reaudited,not_reaudited,not_reaudited,not_recorded,ccr-deep-reading-ledger.md;ccr-2025-immunotherapy-fulltext-language.md;ccr-phrase-patterns.md,,,,,Migrated from journal reading ledger on 2026-09-19; no new source recheck; six acceptance gates not reassessed.
40499141,2025,"Preclinical Evaluation of DB-1419, a Novel Bifunctional and Bispecific Anti-B7-H3 × PD-L1 Antibody-Drug Conjugate",included,main_text_deep_read_complete,2026-09-08,not_reviewed,not_reaudited,not_reaudited,not_reaudited,not_reaudited,not_reaudited,not_reaudited,not_recorded,ccr-deep-reading-ledger.md;ccr-2025-immunotherapy-fulltext-language.md;ccr-phrase-patterns.md,,,,,Migrated from journal reading ledger on 2026-09-19; no new source recheck; six acceptance gates not reassessed.
39841860,2025,"Pretargeted Trop-2 ImmunoPET for Rapid, Selective Detection of Pancreatic Tumors",included,main_text_deep_read_complete,2026-09-23,not_reviewed,pending,pending,pending,pending,pending,pending,not_supplied,ccr-2025-omics-methods-2026-09-23-language.md,,,,,2026-09-23: Initial main-text and main-figure/table read; no separate six-gate source recheck. Source inconsistencies and transfer limits recorded in linked evidence.
40047548,2025,Quantitative Protein Expression of Antibody-Drug Conjugate Targets in EGFR Mutated and Wild-type Non-Small Cell Lung Cancer,included,main_text_deep_read_complete,2026-09-20,not_reviewed,pending,pending,pending,pending,pending,pending,not_supplied,ccr-2025-genomics-2026-09-20-language.md#pmid-40047548;ccr-2025-genomics-2026-09-20-manifest.csv,,,,,Initial full main-text and visual main-figure/table reading with section language; not a separate acceptance source recheck.
40162917,2025,Randomized Phase III Study of EGFR Tyrosine Kinase Inhibitor and Intercalated Platinum-Doublet Chemotherapy for Non-Small Cell Lung Cancer Harboring EGFR Mutation,included,main_text_deep_read_complete,2026-09-23,not_reviewed,pending,pending,pending,pending,pending,pending,not_supplied,ccr-2025-clinical-2026-09-23-language.md,,,,,2026-09-23: Initial main-text and main-figure/table read; no separate six-gate source recheck. Source inconsistencies and transfer limits recorded in linked evidence.
39625823,2025,RORing CAR T Cells in Solid and Hematologic Cancers: Same but Different,excluded,indexed,,not_reviewed,pending,pending,pending,pending,pending,pending,not_recorded,ccr-deep-reading-ledger.md,,,,,Legacy excluded-genre index only; not eligible for future language learning.
39887260,2025,Round-Robin Comparison of RET Rearrangement Detection in ctDNA: A Novel Method for Limited Clinical Samples,included,main_text_deep_read_complete,2026-09-20,not_reviewed,pending,pending,pending,pending,pending,pending,not_supplied,ccr-2025-genomics-2026-09-20-language.md#pmid-39887260;ccr-2025-genomics-2026-09-20-manifest.csv,,,,,Initial full main-text and visual main-figure/table reading with section language; not a separate acceptance source recheck.
39576208,2025,Safety and Tolerability of Letetresgene Autoleucel (GSK3377794): Pilot Studies in Patients with Advanced Non-Small Cell Lung Cancer,included,main_text_deep_read_complete,2026-09-08,not_reviewed,not_reaudited,not_reaudited,not_reaudited,not_reaudited,not_reaudited,not_reaudited,not_recorded,ccr-deep-reading-ledger.md;ccr-2025-immunotherapy-fulltext-language.md;ccr-phrase-patterns.md,,,,,Migrated from journal reading ledger on 2026-09-19; no new source recheck; six acceptance gates not reassessed.
40911432,2025,Seizure-Related Homolog Protein 6 (SEZ6): Biology and Therapeutic Target in Neuroendocrine Carcinomas,excluded,screened,,not_reviewed,pending,pending,pending,pending,pending,pending,not_supplied,ccr-2025-sez6-review-background.md,,,,,2026-09-23: Background review fully read; original-study ledger intentionally not promoted. See background record for actual reading completion date.
39704655,2025,Smoking-Associated Carcinogen-Induced Inflammation Promotes Lung Carcinogenesis via IRAK4 Activation,included,main_text_deep_read_complete,2026-09-23,not_reviewed,pending,pending,pending,pending,pending,pending,not_supplied,ccr-2025-omics-methods-2026-09-23-language.md,,,,,2026-09-23: Initial main-text and main-figure/table read; no separate six-gate source recheck. Source inconsistencies and transfer limits recorded in linked evidence.
40465424,2025,"STX-721, a Covalent EGFR/HER2 Exon 20 Inhibitor, Utilizes Exon 20-Mutant Dynamic Protein States and Achieves Unique Mutant Selectivity Across Human Cancer Models",included,main_text_deep_read_complete,2026-09-23,not_reviewed,pending,pending,pending,pending,pending,pending,not_supplied,ccr-2025-omics-methods-2026-09-23-language.md,,,,,2026-09-23: Initial main-text and main-figure/table read; no separate six-gate source recheck. Source inconsistencies and transfer limits recorded in linked evidence.
39879384,2025,Targeting AXL Inhibits the Growth and Metastasis of Prostate Cancer in Bone,included,main_text_deep_read_complete,2026-09-23,not_reviewed,pending,pending,pending,pending,pending,pending,not_supplied,ccr-2025-omics-methods-2026-09-23-language.md,,,,,2026-09-23: Initial main-text and main-figure/table read; no separate six-gate source recheck. Source inconsistencies and transfer limits recorded in linked evidence.
40928991,2025,Tarlatamab Exposure-Efficacy and Exposure-Safety Relationships to Inform Dose Selection in Patients with Small Cell Lung Cancer,included,main_text_deep_read_complete,2026-09-08,not_reviewed,not_reaudited,not_reaudited,not_reaudited,not_reaudited,not_reaudited,not_reaudited,not_recorded,ccr-deep-reading-ledger.md;ccr-2025-immunotherapy-fulltext-language.md;ccr-phrase-patterns.md,,,,,Migrated from journal reading ledger on 2026-09-19; no new source recheck; six acceptance gates not reassessed.
40828417,2025,The Activity of EGFR CAR NK and CAR T Cells against EGFR Inhibitor-Resistant NSCLC and Drug-Tolerant Persister Cells,included,main_text_deep_read_complete,2026-09-08,not_reviewed,not_reaudited,not_reaudited,not_reaudited,not_reaudited,not_reaudited,not_reaudited,not_recorded,ccr-deep-reading-ledger.md;ccr-2025-immunotherapy-fulltext-language.md;ccr-phrase-patterns.md,,,,,Migrated from journal reading ledger on 2026-09-19; no new source recheck; six acceptance gates not reassessed.
39821070,2025,"Tremelimumab plus Durvalumab prior to Chemoradiotherapy in Unresectable, Locally Advanced Non-Small Cell Lung Cancer: The Induction Trial",included,main_text_deep_read_complete,2026-09-08,not_reviewed,not_reaudited,not_reaudited,not_reaudited,not_reaudited,not_reaudited,not_reaudited,not_recorded,ccr-deep-reading-ledger.md;ccr-2025-immunotherapy-fulltext-language.md;ccr-phrase-patterns.md,,,,,Migrated from journal reading ledger on 2026-09-19; no new source recheck; six acceptance gates not reassessed.
42113010,2026,A Noninvasive Circulating Tumor DNA Methylation Classifier to Identify Benign Pulmonary Nodules,included,main_text_deep_read_complete,2026-09-19,not_reviewed,pending,pending,pending,pending,pending,pending,not_supplied,ccr-deep-reading-ledger.md;ccr-2026-09-19-pending15-language.md#pmid-42113010;ccr-2026-09-19-pending15-manifest.csv,,,,,"Initial main-text, main-figure/table and section-language read completed 2026-09-19; source inconsistencies and claim limits recorded. This is not a second-pass acceptance recheck; six gates remain pending. No independent review or unsupplied-supplement review claimed."
42658187,2026,A Phase 2 Basket Trial of Ado-Trastuzumab Emtansine for Patients with HER2 Amplified Cancers: A Non-Randomized Clinical Trial,included,main_text_deep_read_complete,2026-09-19,not_reviewed,pending,pending,pending,pending,pending,pending,not_supplied,ccr-deep-reading-ledger.md;ccr-2026-09-19-pending15-language.md#pmid-42658187;ccr-2026-09-19-pending15-manifest.csv,,,,,"Initial main-text, main-figure/table and section-language read completed 2026-09-19; source inconsistencies and claim limits recorded. This is not a second-pass acceptance recheck; six gates remain pending. No independent review or unsupplied-supplement review claimed."
42008740,2026,A Phase II Study of Stereotactic Ablative Radiotherapy plus Atezolizumab plus Tiragolumab in Treatment-Naïve Patients with Advanced Non-Small Cell Lung Cancer,included,main_text_deep_read_complete,2026-09-08,not_reviewed,not_reaudited,not_reaudited,not_reaudited,not_reaudited,not_reaudited,not_reaudited,not_recorded,ccr-deep-reading-ledger.md;ccr-2026-immunotherapy-fulltext-language.md;ccr-phrase-patterns.md,,,,,Migrated from journal reading ledger on 2026-09-19; no new source recheck; six acceptance gates not reassessed.
41945491,2026,ADC Target Profiling in NSCLC: Generalizable AI Separates TROP-2 and cMET Phenotypes,included,main_text_deep_read_complete,2026-09-19,not_reviewed,pending,pending,pending,pending,pending,pending,not_supplied,ccr-deep-reading-ledger.md;ccr-2026-09-19-pending15-language.md#pmid-41945491;ccr-2026-09-19-pending15-manifest.csv,,,,,"Initial main-text, main-figure/table and section-language read completed 2026-09-19; source inconsistencies and claim limits recorded. This is not a second-pass acceptance recheck; six gates remain pending. No independent review or unsupplied-supplement review claimed."
41779007,2026,"Association of Blood Levels of Forever Plastics with Lung Cancer Mortality among Ever Smokers in the Prostate, Lung, Colorectal, and Ovarian (PLCO) Cohort Study",included,main_text_deep_read_complete,2026-09-19,not_reviewed,pending,pending,pending,pending,pending,pending,not_supplied,ccr-deep-reading-ledger.md;ccr-2026-09-19-pending15-language.md#pmid-41779007;ccr-2026-09-19-pending15-manifest.csv,,,,,"Initial main-text, main-figure/table and section-language read completed 2026-09-19; source inconsistencies and claim limits recorded. This is not a second-pass acceptance recheck; six gates remain pending. No independent review or unsupplied-supplement review claimed."
42149140,2026,Clinical Outcomes and Predictors of Response to PD-(L)1 Blockade in Patients with NSCLC without Actionable Genomic Alterations Who Never Used Tobacco,included,main_text_deep_read_complete,2026-09-08,not_reviewed,not_reaudited,not_reaudited,not_reaudited,not_reaudited,not_reaudited,not_reaudited,not_recorded,ccr-deep-reading-ledger.md;ccr-2026-immunotherapy-fulltext-language.md;ccr-phrase-patterns.md,,,,,Migrated from journal reading ledger on 2026-09-19; no new source recheck; six acceptance gates not reassessed.
42446521,2026,Clinical significance of EGFR amplification in patients with EGFR-mutated metastatic non-small cell lung cancer receiving first-line osimertinib,included,main_text_deep_read_complete,2026-09-19,not_reviewed,pending,pending,pending,pending,pending,pending,not_supplied,ccr-deep-reading-ledger.md;ccr-2026-09-19-pending15-language.md#pmid-42446521;ccr-2026-09-19-pending15-manifest.csv,,,,,"Initial main-text, main-figure/table and section-language read completed 2026-09-19; source inconsistencies and claim limits recorded. This is not a second-pass acceptance recheck; six gates remain pending. No independent review or unsupplied-supplement review claimed."
41805895,2026,Decoding B-cell Signatures of Complete Pathologic Response to Perioperative Chemoimmunotherapy in Non-Small Cell Lung Cancer,included,main_text_deep_read_complete,2026-09-08,not_reviewed,not_reaudited,not_reaudited,not_reaudited,not_reaudited,not_reaudited,not_reaudited,not_recorded,ccr-deep-reading-ledger.md;ccr-2026-immunotherapy-fulltext-language.md;ccr-phrase-patterns.md,,,,,Migrated from journal reading ledger on 2026-09-19; no new source recheck; six acceptance gates not reassessed.
42360104,2026,Early Detriment Analysis of First-Line Nivolumab plus Ipilimumab-Based Therapy in Patients with Metastatic Non-Small Cell Lung Cancer,included,main_text_deep_read_complete,2026-09-08,not_reviewed,not_reaudited,not_reaudited,not_reaudited,not_reaudited,not_reaudited,not_reaudited,not_recorded,ccr-deep-reading-ledger.md;ccr-2026-immunotherapy-fulltext-language.md;ccr-phrase-patterns.md,,,,,Migrated from journal reading ledger on 2026-09-19; no new source recheck; six acceptance gates not reassessed.
41591979,2026,Epigenetic Instability-Based Metrics in Cell-Free DNA for Early Cancer Detection,included,main_text_deep_read_complete,2026-09-19,not_reviewed,pending,pending,pending,pending,pending,pending,not_supplied,ccr-deep-reading-ledger.md;ccr-2026-09-19-pending15-language.md#pmid-41591979;ccr-2026-09-19-pending15-manifest.csv,,,,,"Initial main-text, main-figure/table and section-language read completed 2026-09-19; source inconsistencies and claim limits recorded. This is not a second-pass acceptance recheck; six gates remain pending. No independent review or unsupplied-supplement review claimed."
42578969,2026,ERK1/2 Inhibitor Ulixertinib in Pan-cancer Patients with BRAF Fusions or Non-V600E/K Mutations: Results from the NCI-MATCH ECOG-ACRIN Trial (EAY131) Subprotocol Z1L,included,main_text_deep_read_complete,2026-09-19,not_reviewed,pending,pending,pending,pending,pending,pending,not_supplied,ccr-deep-reading-ledger.md;ccr-2026-09-19-pending15-language.md#pmid-42578969;ccr-2026-09-19-pending15-manifest.csv,,,,,"Initial main-text, main-figure/table and section-language read completed 2026-09-19; source inconsistencies and claim limits recorded. This is not a second-pass acceptance recheck; six gates remain pending. No independent review or unsupplied-supplement review claimed."
41587109,2026,FDA Approval Summary: Tarlatamab for the Treatment of Extensive-Stage Small Cell Lung Cancer,included,main_text_deep_read_complete,2026-09-08,not_reviewed,not_reaudited,not_reaudited,not_reaudited,not_reaudited,not_reaudited,not_reaudited,not_recorded,ccr-deep-reading-ledger.md;ccr-2026-immunotherapy-fulltext-language.md;ccr-phrase-patterns.md,,,,,Migrated from journal reading ledger on 2026-09-19; no new source recheck; six acceptance gates not reassessed.
41790029,2026,Genomic Profiling of Epidermal Growth Factor Receptor Mutation-Positive Non-Small Cell Lung Cancer after Progression on First-line Osimertinib: Phase II ORCHARD Study,included,main_text_deep_read_complete,2026-09-19,not_reviewed,pending,pending,pending,pending,pending,pending,not_supplied,ccr-deep-reading-ledger.md;ccr-2026-09-19-pending15-language.md#pmid-41790029;ccr-2026-09-19-pending15-manifest.csv,,,,,"Initial main-text, main-figure/table and section-language read completed 2026-09-19; source inconsistencies and claim limits recorded. This is not a second-pass acceptance recheck; six gates remain pending. No independent review or unsupplied-supplement review claimed."
41837748,2026,Improving Anti-CTLA-4 Therapies through Peptide Masking and Fragment Crystallizable Non-fucosylation: Preclinical Characterization of Three Novel Antibodies,included,main_text_deep_read_complete,2026-09-07,not_reviewed,not_reaudited,not_reaudited,not_reaudited,not_reaudited,not_reaudited,not_reaudited,not_recorded,ccr-deep-reading-ledger.md;ccr-2026-translational-mechanisms-fulltext-language.md;ccr-phrase-patterns.md,,,,,Migrated from journal reading ledger on 2026-09-19; no new source recheck; six acceptance gates not reassessed.
42148884,2026,Incidence of B-cell Malignancies in Patients with Lung Cancer Receiving PD-1 Blockade Therapy,included,main_text_deep_read_complete,2026-09-07,not_reviewed,not_reaudited,not_reaudited,not_reaudited,not_reaudited,not_reaudited,not_reaudited,not_recorded,ccr-deep-reading-ledger.md;ccr-2026-translational-mechanisms-fulltext-language.md;ccr-phrase-patterns.md,,,,,Migrated from journal reading ledger on 2026-09-19; no new source recheck; six acceptance gates not reassessed.
42456046,2026,Intratumoral Immune Heterogeneity Drives Divergent Outcomes to PD-(L)1 Blockade in Lung Cancer,included,main_text_deep_read_complete,2026-09-08,not_reviewed,not_reaudited,not_reaudited,not_reaudited,not_reaudited,not_reaudited,not_reaudited,not_recorded,ccr-deep-reading-ledger.md;ccr-2026-immunotherapy-fulltext-language.md;ccr-phrase-patterns.md,,,,,Migrated from journal reading ledger on 2026-09-19; no new source recheck; six acceptance gates not reassessed.
41817317,2026,Ionizing Radiation Enhances Prognostically Significant Cellular Immunity Programs in the Brain Metastasis Microenvironment,included,main_text_deep_read_complete,2026-09-07,not_reviewed,not_reaudited,not_reaudited,not_reaudited,not_reaudited,not_reaudited,not_reaudited,not_recorded,ccr-deep-reading-ledger.md;ccr-2026-translational-mechanisms-fulltext-language.md;ccr-phrase-patterns.md,,,,,Migrated from journal reading ledger on 2026-09-19; no new source recheck; six acceptance gates not reassessed.
41920765,2026,Irreversible Electroporation Enhances Solid Tumor Infiltration and Selective Cancer Cell Lysis by CAR T Cells,included,main_text_deep_read_complete,2026-09-08,not_reviewed,not_reaudited,not_reaudited,not_reaudited,not_reaudited,not_reaudited,not_reaudited,not_recorded,ccr-deep-reading-ledger.md;ccr-2026-immunotherapy-fulltext-language.md;ccr-phrase-patterns.md,,,,,Migrated from journal reading ledger on 2026-09-19; no new source recheck; six acceptance gates not reassessed.
41649868,2026,"JIN-A02, a Mutant-Selective Fourth-Generation EGFR Inhibitor, Overcomes C797S-Mediated Resistance and Demonstrates Intracranial Activity in NSCLC",included,main_text_deep_read_complete,2026-09-07,not_reviewed,not_reaudited,not_reaudited,not_reaudited,not_reaudited,not_reaudited,not_reaudited,not_recorded,ccr-deep-reading-ledger.md;ccr-2026-translational-mechanisms-fulltext-language.md;ccr-phrase-patterns.md,,,,,Migrated from journal reading ledger on 2026-09-19; no new source recheck; six acceptance gates not reassessed.
42489696,2026,Landmark ctDNA molecular response represents an early predictor of immunotherapy outcomes in lung cancer: A clinical validity study,included,main_text_deep_read_complete,2026-09-08,not_reviewed,not_reaudited,not_reaudited,not_reaudited,not_reaudited,not_reaudited,not_reaudited,not_recorded,ccr-deep-reading-ledger.md;ccr-2026-immunotherapy-fulltext-language.md;ccr-phrase-patterns.md,,,,,Migrated from journal reading ledger on 2026-09-19; no new source recheck; six acceptance gates not reassessed.
41537704,2026,Landscape of Genomic Mechanisms of Resistance to Selective RET Inhibitors in RET-Altered Solid Tumors: Analysis of the RETgistry Global Consortium,included,main_text_deep_read_complete,2026-09-19,not_reviewed,pending,pending,pending,pending,pending,pending,not_supplied,ccr-deep-reading-ledger.md;ccr-2026-09-19-pending15-language.md#pmid-41537704;ccr-2026-09-19-pending15-manifest.csv,,,,,"Initial main-text, main-figure/table and section-language read completed 2026-09-19; source inconsistencies and claim limits recorded. This is not a second-pass acceptance recheck; six gates remain pending. No independent review or unsupplied-supplement review claimed."
41849236,2026,Low-Dose Intestinal Irradiation Enhances the Efficacy and Prognosis of PD-1 Blockade in Metastatic Non-Small Cell Lung Cancer,included,main_text_deep_read_complete,2026-09-08,not_reviewed,not_reaudited,not_reaudited,not_reaudited,not_reaudited,not_reaudited,not_reaudited,not_recorded,ccr-deep-reading-ledger.md;ccr-2026-immunotherapy-fulltext-language.md;ccr-phrase-patterns.md,,,,,Migrated from journal reading ledger on 2026-09-19; no new source recheck; six acceptance gates not reassessed.
42207168,2026,Mature Outcomes and Patterns of Failure in the Phase II FLARE-RT Trial of Biological Image-Guided and Risk-Adaptive Chemoradiation for Unresectable NSCLC,included,main_text_deep_read_complete,2026-09-19,not_reviewed,pending,pending,pending,pending,pending,pending,not_supplied,ccr-deep-reading-ledger.md;ccr-2026-09-19-pending15-language.md#pmid-42207168;ccr-2026-09-19-pending15-manifest.csv,,,,,"Initial main-text, main-figure/table and section-language read completed 2026-09-19; source inconsistencies and claim limits recorded. This is not a second-pass acceptance recheck; six gates remain pending. No independent review or unsupplied-supplement review claimed."
41537692,2026,Minimal Residual Disease Enhances Prognostic Stratification beyond Pathologic Response in Resectable Non-Small Cell Lung Cancer,included,main_text_deep_read_complete,2026-09-08,not_reviewed,not_reaudited,not_reaudited,not_reaudited,not_reaudited,not_reaudited,not_reaudited,not_recorded,ccr-deep-reading-ledger.md;ccr-2026-immunotherapy-fulltext-language.md;ccr-phrase-patterns.md,,,,,Migrated from journal reading ledger on 2026-09-19; no new source recheck; six acceptance gates not reassessed.
42126592,2026,Mitochondrial Imaging Detects Early Cardiac Changes Following Cancer Immunotherapy,included,main_text_deep_read_complete,2026-09-08,not_reviewed,not_reaudited,not_reaudited,not_reaudited,not_reaudited,not_reaudited,not_reaudited,not_recorded,ccr-deep-reading-ledger.md;ccr-2026-immunotherapy-fulltext-language.md;ccr-phrase-patterns.md,,,,,Migrated from journal reading ledger on 2026-09-19; no new source recheck; six acceptance gates not reassessed.
42440354,2026,Osimertinib Plus Gefitinib in Patients with EGFR-Mutated Advanced Non-Small Cell Lung Cancer and EGFR (C797X) Mutation Following First-Line Osimertinib: ORCHARD,included,main_text_deep_read_complete,2026-09-19,not_reviewed,pending,pending,pending,pending,pending,pending,not_supplied,ccr-deep-reading-ledger.md;ccr-2026-09-19-pending15-language.md#pmid-42440354;ccr-2026-09-19-pending15-manifest.csv,,,,,"Initial main-text, main-figure/table and section-language read completed 2026-09-19; source inconsistencies and claim limits recorded. This is not a second-pass acceptance recheck; six gates remain pending. No independent review or unsupplied-supplement review claimed."
41801128,2026,Patient-Reported Outcomes in FLAURA2: Osimertinib with or without Chemotherapy in Patients with Previously Untreated EGFR-Mutated Advanced Non-Small Cell Lung Cancer,included,main_text_deep_read_complete,2026-09-19,not_reviewed,pending,pending,pending,pending,pending,pending,not_supplied,ccr-deep-reading-ledger.md;ccr-2026-09-19-pending15-language.md#pmid-41801128;ccr-2026-09-19-pending15-manifest.csv,,,,,"Initial main-text, main-figure/table and section-language read completed 2026-09-19; source inconsistencies and claim limits recorded. This is not a second-pass acceptance recheck; six gates remain pending. No independent review or unsupplied-supplement review claimed."
42405849,2026,Presenting features and outcomes to standard systemic therapies in patients with MTAP-deleted advanced non-small cell lung cancer,included,main_text_deep_read_complete,2026-09-08,not_reviewed,not_reaudited,not_reaudited,not_reaudited,not_reaudited,not_reaudited,not_reaudited,not_recorded,ccr-deep-reading-ledger.md;ccr-2026-immunotherapy-fulltext-language.md;ccr-phrase-patterns.md,,,,,Migrated from journal reading ledger on 2026-09-19; no new source recheck; six acceptance gates not reassessed.
42307634,2026,Pulsed Electric Field Ablation Reprograms Tumor Immunity and Stimulates Germinal Center Formation in Tertiary Lymphoid Structures in Patients with Non-Small Cell Lung Cancer,included,main_text_deep_read_complete,2026-09-19,not_reviewed,pending,pending,pending,pending,pending,pending,not_supplied,ccr-deep-reading-ledger.md;ccr-2026-09-19-pending15-language.md#pmid-42307634;ccr-2026-09-19-pending15-manifest.csv,,,,,"Initial main-text, main-figure/table and section-language read completed 2026-09-19; source inconsistencies and claim limits recorded. This is not a second-pass acceptance recheck; six gates remain pending. No independent review or unsupplied-supplement review claimed."
42574065,2026,Rilvegostomig for Metastatic Non-Small-Cell Lung Cancer: A First-In-Human Phase I/II Clinical Study,included,main_text_deep_read_complete,2026-09-08,not_reviewed,not_reaudited,not_reaudited,not_reaudited,not_reaudited,not_reaudited,not_reaudited,not_recorded,ccr-deep-reading-ledger.md;ccr-2026-immunotherapy-fulltext-language.md;ccr-phrase-patterns.md,,,,,Migrated from journal reading ledger on 2026-09-19; no new source recheck; six acceptance gates not reassessed.
42440365,2026,Role of ctDNA Tumor Fraction in Selecting Immunotherapy Based Regimens in Advanced Non-small Cell Lung Cancer,included,main_text_deep_read_complete,2026-09-08,not_reviewed,not_reaudited,not_reaudited,not_reaudited,not_reaudited,not_reaudited,not_reaudited,not_recorded,ccr-deep-reading-ledger.md;ccr-2026-immunotherapy-fulltext-language.md;ccr-phrase-patterns.md,,,,,Migrated from journal reading ledger on 2026-09-19; no new source recheck; six acceptance gates not reassessed.
41543339,2026,RRAS and RRAS2 Mutations Are Recurrent Oncogenic Drivers in Lung Cancer and Are Sensitive to the Pan-RAS Inhibitor RMC-6236,included,main_text_deep_read_complete,2026-09-19,not_reviewed,pending,pending,pending,pending,pending,pending,not_supplied,ccr-deep-reading-ledger.md;ccr-2026-09-19-pending15-language.md#pmid-41543339;ccr-2026-09-19-pending15-manifest.csv,,,,,"Initial main-text, main-figure/table and section-language read completed 2026-09-19; source inconsistencies and claim limits recorded. This is not a second-pass acceptance recheck; six gates remain pending. No independent review or unsupplied-supplement review claimed."
42189883,2026,Sequential Immune Activation of Effector T Cells as Biomarkers of Response to Durvalumab in Patients with Locally Advanced NSCLC,included,main_text_deep_read_complete,2026-09-08,not_reviewed,not_reaudited,not_reaudited,not_reaudited,not_reaudited,not_reaudited,not_reaudited,not_recorded,ccr-deep-reading-ledger.md;ccr-2026-immunotherapy-fulltext-language.md;ccr-phrase-patterns.md,,,,,Migrated from journal reading ledger on 2026-09-19; no new source recheck; six acceptance gates not reassessed.
41671081,2026,Subcutaneously Administered Tislelizumab in Locally Advanced or Metastatic Non-Small Cell Lung Cancer: Pharmacokinetics and Safety Results from the BGB-A317-103 Phase I Study,included,main_text_deep_read_complete,2026-09-08,not_reviewed,not_reaudited,not_reaudited,not_reaudited,not_reaudited,not_reaudited,not_reaudited,not_recorded,ccr-deep-reading-ledger.md;ccr-2026-immunotherapy-fulltext-language.md;ccr-phrase-patterns.md,,,,,Migrated from journal reading ledger on 2026-09-19; no new source recheck; six acceptance gates not reassessed.
42507545,2026,The genomic landscape and treatment outcomes associated with CDKN2A/MTAP loss in patients with non-small cell lung cancer,included,main_text_deep_read_complete,2026-09-07,not_reviewed,not_reaudited,not_reaudited,not_reaudited,not_reaudited,not_reaudited,not_reaudited,not_recorded,ccr-deep-reading-ledger.md;ccr-2026-translational-mechanisms-fulltext-language.md;ccr-phrase-patterns.md,,,,,Migrated from journal reading ledger on 2026-09-19; no new source recheck; six acceptance gates not reassessed.
42599160,2026,"The pan-tumor landscape, allelic status, and genomic complexity of SMARCA4 alterations",included,main_text_deep_read_complete,2026-09-19,not_reviewed,pending,pending,pending,pending,pending,pending,not_supplied,ccr-deep-reading-ledger.md;ccr-2026-09-19-pending15-language.md#pmid-42599160;ccr-2026-09-19-pending15-manifest.csv,,,,,"Initial main-text, main-figure/table and section-language read completed 2026-09-19; source inconsistencies and claim limits recorded. This is not a second-pass acceptance recheck; six gates remain pending. No independent review or unsupplied-supplement review claimed."
42485106,2026,Utilizing machine learning to identify multimodal signatures for patients who would benefit from the addition of tremelimumab to durvalumab and chemotherapy (TRIDENT),included,main_text_deep_read_complete,2026-09-08,not_reviewed,not_reaudited,not_reaudited,not_reaudited,not_reaudited,not_reaudited,not_reaudited,not_recorded,ccr-deep-reading-ledger.md;ccr-2026-immunotherapy-fulltext-language.md;ccr-phrase-patterns.md,,,,,Migrated from journal reading ledger on 2026-09-19; no new source recheck; six acceptance gates not reassessed.
33077574,2021,NRF2 Activation Promotes Aggressive Lung Cancer and Associates with Poor Clinical Outcomes,included,main_text_deep_read_complete,2026-09-12,not_reviewed,not_reaudited,not_reaudited,not_reaudited,not_reaudited,not_reaudited,not_reaudited,not_supplied,ccr-deep-reading-ledger.md;ccr-2026-09-12-supplement-language.md,,,,,Migrated from journal reading ledger on 2026-09-19; no new source recheck; six acceptance gates not reassessed.
42714840,2026,Osimertinib After Definitive Chemoradiotherapy in Unresectable Stage III EGFR-Mutated NSCLC: Subsequent Treatments and PPO From the Phase III LAURA Study,included,main_text_deep_read_complete,2026-09-12,not_reviewed,not_reaudited,not_reaudited,not_reaudited,not_reaudited,not_reaudited,not_reaudited,not_supplied,ccr-deep-reading-ledger.md;ccr-2026-09-12-supplement-language.md,,,,,Migrated from journal reading ledger on 2026-09-19; no new source recheck; six acceptance gates not reassessed.
42714874,2026,Ceralasertib plus durvalumab in Ras mutant and Ras wild type advanced non-small cell lung cancer: Two cohorts of the phase II platform National Lung Matrix Trial,included,main_text_deep_read_complete,2026-09-12,not_reviewed,not_reaudited,not_reaudited,not_reaudited,not_reaudited,not_reaudited,not_reaudited,not_supplied,ccr-deep-reading-ledger.md;ccr-2026-09-12-supplement-language.md,,,,,Migrated from journal reading ledger on 2026-09-19; no new source recheck; six acceptance gates not reassessed.
42714875,2026,"Associations of Baseline Neutrophil-to-Lymphocyte Ratio with Efficacy and Toxicity of the B7H3 ADC YL201, Linked to Interleukin-6: Analysis of the Phase 1/1b Trial",included,main_text_deep_read_complete,2026-09-12,not_reviewed,not_reaudited,not_reaudited,not_reaudited,not_reaudited,not_reaudited,not_reaudited,not_supplied,ccr-deep-reading-ledger.md;ccr-2026-09-12-supplement-language.md,,,,,Migrated from journal reading ledger on 2026-09-19; no new source recheck; six acceptance gates not reassessed.
42048384,2026,The SOS1 Inhibitor BI 1701963 as Monotherapy or in Combination with Trametinib in Patients with KRAS Mutation-Positive Solid Tumors,included,main_text_deep_read_complete,2026-09-19,not_reviewed,not_reaudited,not_reaudited,not_reaudited,not_reaudited,not_reaudited,not_reaudited,not_supplied,ccr-deep-reading-ledger.md;ccr-2026-09-19-supplement-language.md,,,,,Migrated from journal reading ledger on 2026-09-19; no new source recheck; six acceptance gates not reassessed.
42440361,2026,Divergent Tumor Immune Microenvironment and Response to Neoadjuvant Chemoimmunotherapy in Resectable Non-Small Cell Lung Cancer: A Single-Arm Phase II Trial,included,main_text_deep_read_complete,2026-09-19,not_reviewed,not_reaudited,not_reaudited,not_reaudited,not_reaudited,not_reaudited,not_reaudited,not_supplied,ccr-deep-reading-ledger.md;ccr-2026-09-19-supplement-language.md,,,,,Migrated from journal reading ledger on 2026-09-19; no new source recheck; six acceptance gates not reassessed.
42752799,2026,Evaluation of MET Detection Methods and Cutoffs in EGFR-Mutated Non-small Cell Lung Cancer Following Disease Progression on Osimertinib in the Phase II SAVANNAH Study,included,main_text_deep_read_complete,2026-09-19,not_reviewed,not_reaudited,not_reaudited,not_reaudited,not_reaudited,not_reaudited,not_reaudited,not_supplied,ccr-deep-reading-ledger.md;ccr-2026-09-19-supplement-language.md,,,,,Migrated from journal reading ledger on 2026-09-19; no new source recheck; six acceptance gates not reassessed.
42207176,2026,Intrathecal Allogeneic B7-H3-Targeted CAR Gamma Delta T Cells for Leptomeningeal Metastasis from Solid Tumors: Safety Efficacy and Immunologic Dynamics in a Phase I Trial,included,main_text_deep_read_complete,2026-09-19,not_reviewed,not_reaudited,not_reaudited,not_reaudited,not_reaudited,not_reaudited,not_reaudited,not_supplied,ccr-deep-reading-ledger.md;ccr-2026-09-19-supplement-language.md,,,,,Migrated from journal reading ledger on 2026-09-19; no new source recheck; six acceptance gates not reassessed.
42059900,2026,Early ctDNA Stratifies Survival in Locally Advanced and Oligometastatic Lung Cancer Treated with Radiotherapy,included,main_text_deep_read_complete,2026-09-19,not_reviewed,not_reaudited,not_reaudited,not_reaudited,not_reaudited,not_reaudited,not_reaudited,not_supplied,ccr-deep-reading-ledger.md;ccr-2026-09-19-supplement-language.md,,,,,Migrated from journal reading ledger on 2026-09-19; no new source recheck; six acceptance gates not reassessed.
42507540,2026,Efficacy and Safety of Necitumumab and Pembrolizumab Combination Therapy in Advanced Non-Small-Cell Lung Cancer with at Least 50 Percent PD-L1 Expression: A Nonrandomized Phase II Trial,included,main_text_deep_read_complete,2026-09-19,not_reviewed,not_reaudited,not_reaudited,not_reaudited,not_reaudited,not_reaudited,not_reaudited,not_supplied,ccr-deep-reading-ledger.md;ccr-2026-09-19-supplement-language.md,,,,,Migrated from journal reading ledger on 2026-09-19; no new source recheck; six acceptance gates not reassessed.
41784525,2026,Locus-Specific Human Endogenous Retrovirus ERVK18 Expression Indicates an Inflamed Microenvironment and Favorable Immunotherapy Outcome in Small Cell Lung Cancer,included,main_text_deep_read_complete,2026-09-19,not_reviewed,not_reaudited,not_reaudited,not_reaudited,not_reaudited,not_reaudited,not_reaudited,not_supplied,ccr-deep-reading-ledger.md;ccr-2026-09-19-supplement-language.md,,,,,Migrated from journal reading ledger on 2026-09-19; no new source recheck; six acceptance gates not reassessed.
42268349,2026,Molecular and Clinical Characteristics of Patients with Non-Small Cell Lung Cancer Harboring KRAS Q61 Mutations to Assess Therapeutic Responses,included,main_text_deep_read_complete,2026-09-19,in_progress,not_reaudited,not_reaudited,not_reaudited,not_reaudited,not_reaudited,not_reaudited,not_supplied,ccr-deep-reading-ledger.md;ccr-2026-09-19-supplement-language.md,stk11-highlight-bounded-recheck-2026-09-19.md#pmid-42268349,codex-current-session,same_agent_source_recheck,2026-09-19,Migrated from journal reading ledger on 2026-09-19; no new source recheck; six acceptance gates not reassessed. Bounded abstract/high-risk source sample recorded; not full six-gate acceptance.
41417462,2026,Molecular and Clinical Characteristics of Patients with Non-Small Cell Lung Cancer Harboring KRAS G12V Mutations,included,main_text_deep_read_complete,2026-09-19,in_progress,not_reaudited,not_reaudited,not_reaudited,not_reaudited,not_reaudited,not_reaudited,not_supplied,ccr-deep-reading-ledger.md;ccr-2026-09-19-supplement-language.md,stk11-highlight-bounded-recheck-2026-09-19.md#pmid-41417462,codex-current-session,same_agent_source_recheck,2026-09-19,Migrated from journal reading ledger on 2026-09-19; no new source recheck; six acceptance gates not reassessed. Bounded abstract/high-risk source sample recorded; not full six-gate acceptance.
41556942,2026,Crizotinib in Patients with Tumors with MET Amplification or Exon 14 Deletion: Results from the NCI-MATCH ECOG-ACRIN Trial Subprotocols C1 and C2,included,main_text_deep_read_complete,2026-09-19,not_reviewed,not_reaudited,not_reaudited,not_reaudited,not_reaudited,not_reaudited,not_reaudited,not_supplied,ccr-deep-reading-ledger.md;ccr-2026-09-19-supplement-language.md,,,,,Migrated from journal reading ledger on 2026-09-19; no new source recheck; six acceptance gates not reassessed.
42013305,2026,Dual Inhibition of TRIP13 and Aurora A Induces Mitotic DNA Damage and Concurrent Pyroptotic-Apoptotic Cell Death in Rb-Deficient Cancer Cells,included,main_text_deep_read_complete,2026-09-19,not_reviewed,not_reaudited,not_reaudited,not_reaudited,not_reaudited,not_reaudited,not_reaudited,not_supplied,ccr-deep-reading-ledger.md;ccr-2026-09-19-supplement-language.md,,,,,Migrated from journal reading ledger on 2026-09-19; no new source recheck; six acceptance gates not reassessed.
41945500,2026,Retreatment with First-Generation Selective RET Inhibitors in RET-Rearranged NSCLC Pretreated with Selpercatinib or Pralsetinib: Results from the RET-MAP Registry,included,main_text_deep_read_complete,2026-09-19,not_reviewed,not_reaudited,not_reaudited,not_reaudited,not_reaudited,not_reaudited,not_reaudited,not_supplied,ccr-deep-reading-ledger.md;ccr-2026-09-19-supplement-language.md,,,,,Migrated from journal reading ledger on 2026-09-19; no new source recheck; six acceptance gates not reassessed.
41894181,2026,The Efficacy and Safety of Tislelizumab plus Anlotinib as First-Line Treatment in Advanced Pulmonary Sarcomatoid Carcinoma: A Single-Arm Phase II Trial,included,main_text_deep_read_complete,2026-09-19,not_reviewed,not_reaudited,not_reaudited,not_reaudited,not_reaudited,not_reaudited,not_reaudited,not_supplied,ccr-deep-reading-ledger.md;ccr-2026-09-19-supplement-language.md,,,,,Migrated from journal reading ledger on 2026-09-19; no new source recheck; six acceptance gates not reassessed.
42007996,2026,ZW191 an FRalpha-Targeted Topoisomerase 1 Inhibitor ADC with a Differentiated Antitumor Efficacy and Tolerability Profile,included,main_text_deep_read_complete,2026-09-19,not_reviewed,not_reaudited,not_reaudited,not_reaudited,not_reaudited,not_reaudited,not_reaudited,not_supplied,ccr-deep-reading-ledger.md;ccr-2026-09-19-supplement-language.md,,,,,Migrated from journal reading ledger on 2026-09-19; no new source recheck; six acceptance gates not reassessed.
42478960,2026,Targeting CD24 Activates Macrophages to Reduce Tumor Burden in Preclinical Models of Solid Tumors,included,main_text_deep_read_complete,2026-09-19,not_reviewed,not_reaudited,not_reaudited,not_reaudited,not_reaudited,not_reaudited,not_reaudited,not_supplied,ccr-deep-reading-ledger.md;ccr-2026-09-19-batch2-language.md,,,,,Migrated from journal reading ledger on 2026-09-19; no new source recheck; six acceptance gates not reassessed.
41870274,2026,The Pan-Tumor Landscape of Gene Amplifications and Copy Number Amplification Ratio for Established and Emerging Clinical Targets,included,main_text_deep_read_complete,2026-09-19,in_progress,not_reaudited,not_reaudited,not_reaudited,not_reaudited,not_reaudited,not_reaudited,not_supplied,ccr-deep-reading-ledger.md;ccr-2026-09-19-batch2-language.md,stk11-highlight-bounded-recheck-2026-09-19.md#pmid-41870274,codex-current-session,same_agent_source_recheck,2026-09-19,Migrated from journal reading ledger on 2026-09-19; no new source recheck; six acceptance gates not reassessed. Bounded abstract/high-risk source sample recorded; not full six-gate acceptance.
41701940,2026,"Safety, Pharmacokinetics, Pharmacodynamics, and Preliminary Efficacy from a First-in-Human Study of Volrustomig, a Novel PD-1/CTLA-4 Bispecific Antibody",included,main_text_deep_read_complete,2026-09-19,not_reviewed,not_reaudited,not_reaudited,not_reaudited,not_reaudited,not_reaudited,not_reaudited,not_supplied,ccr-deep-reading-ledger.md;ccr-2026-09-19-batch2-language.md,,,,,Migrated from journal reading ledger on 2026-09-19; no new source recheck; six acceptance gates not reassessed.
41945490,2026,"A First-in-Human Phase I Clinical Trial Evaluating Clinical Activity and Proof of Mechanism of Tobemstomig, a PD-1-LAG-3 Bispecific Antibody, in Patients with CPI-Experienced Melanoma",included,main_text_deep_read_complete,2026-09-19,not_reviewed,not_reaudited,not_reaudited,not_reaudited,not_reaudited,not_reaudited,not_reaudited,not_supplied,ccr-deep-reading-ledger.md;ccr-2026-09-19-batch2-language.md,,,,,Migrated from journal reading ledger on 2026-09-19; no new source recheck; six acceptance gates not reassessed.
42001480,2026,plasmaCHORD: A Machine Learning Approach to Distinguish Clonal Hematopoiesis-Derived Variants in Liquid Biopsies from Patients with Solid Tumors,included,main_text_deep_read_complete,2026-09-19,not_reviewed,not_reaudited,not_reaudited,not_reaudited,not_reaudited,not_reaudited,not_reaudited,not_supplied,ccr-deep-reading-ledger.md;ccr-2026-09-19-batch2-language.md,,,,,Migrated from journal reading ledger on 2026-09-19; no new source recheck; six acceptance gates not reassessed.
41378983,2026,Efficacy and CNS Toxicity of Nivolumab and Ipilimumab in Rare Cancer Brain Metastases: A Multicenter Basket Trial Analysis (NCI/SWOG S1609),included,main_text_deep_read_complete,2026-09-19,not_reviewed,not_reaudited,not_reaudited,not_reaudited,not_reaudited,not_reaudited,not_reaudited,not_supplied,ccr-deep-reading-ledger.md;ccr-2026-09-19-batch2-language.md,,,,,Migrated from journal reading ledger on 2026-09-19; no new source recheck; six acceptance gates not reassessed.
41252574,2026,Cergutuzumab Amunaleukin in Combination with Atezolizumab in Patients with Carcinoembryonic Antigen-Positive Advanced/Metastatic Solid Tumors,included,main_text_deep_read_complete,2026-09-19,not_reviewed,not_reaudited,not_reaudited,not_reaudited,not_reaudited,not_reaudited,not_reaudited,not_supplied,ccr-deep-reading-ledger.md;ccr-2026-09-19-batch2-language.md,,,,,Migrated from journal reading ledger on 2026-09-19; no new source recheck; six acceptance gates not reassessed.
41400436,2026,Broad Utility of Ultrasensitive Analysis of ctDNA Dynamics across Solid Tumors Treated with Immunotherapy,included,main_text_deep_read_complete,2026-09-19,not_reviewed,not_reaudited,not_reaudited,not_reaudited,not_reaudited,not_reaudited,not_reaudited,not_supplied,ccr-deep-reading-ledger.md;ccr-2026-09-19-batch2-language.md,,,,,Migrated from journal reading ledger on 2026-09-19; no new source recheck; six acceptance gates not reassessed.
39470668,2025,Phase I/II Investigator-Initiated Study of Olaparib and Temozolomide in SCLC: Final Analysis and CNS Outcomes,included,main_text_deep_read_complete,2026-09-19,not_reviewed,pending,pending,pending,pending,pending,pending,not_supplied,ccr-2025-2026-09-19-intake-language.md#pmid-39470668;ccr-2025-2026-09-19-intake-manifest.csv,,,,,Initial main-text and visual figure/table read with section-aware language and source-conflict record; not a separate six-gate source recheck.
39836372,2025,"MAPK Pathway-Activating Alteration and Immunotherapy Efficacy in Squamous Cell Lung Carcinoma: Results from the Randomized, Prospective SQUINT Trial",included,main_text_deep_read_complete,2026-09-19,not_reviewed,pending,pending,pending,pending,pending,pending,not_supplied,ccr-2025-2026-09-19-intake-language.md#pmid-39836372;ccr-2025-2026-09-19-intake-manifest.csv,,,,,Initial main-text and visual figure/table read with section-aware language and source-conflict record; not a separate six-gate source recheck.
39561276,2025,Analysis of Shared Variants between Cancer Biospecimens,included,main_text_deep_read_complete,2026-09-19,not_reviewed,pending,pending,pending,pending,pending,pending,not_supplied,ccr-2025-2026-09-19-intake-language.md#pmid-39561276;ccr-2025-2026-09-19-intake-manifest.csv,,,,,Initial main-text and visual figure/table read with section-aware language and source-conflict record; not a separate six-gate source recheck.
39670974,2025,Longitudinal Blood Immune-Inflammatory and Radiomic Profiling to Decode Different Patterns of Acquired Resistance to Immunotherapy in Patients with NSCLC,included,main_text_deep_read_complete,2026-09-19,not_reviewed,pending,pending,pending,pending,pending,pending,not_supplied,ccr-2025-2026-09-19-intake-language.md#pmid-39670974;ccr-2025-2026-09-19-intake-manifest.csv,,,,,Initial main-text and visual figure/table read with section-aware language and source-conflict record; not a separate six-gate source recheck.
40932352,2025,"Effects of CVA21, an Oncolytic Virus, in Combination with Pembrolizumab on Immunogenicity and the Tumor Microenvironment in Advanced NSCLC: A Phase I/II Trial",included,main_text_deep_read_complete,2026-09-19,not_reviewed,pending,pending,pending,pending,pending,pending,not_supplied,ccr-2025-2026-09-19-intake-language.md#pmid-40932352;ccr-2025-2026-09-19-intake-manifest.csv,,,,,Initial main-text and visual figure/table read with section-aware language and source-conflict record; not a separate six-gate source recheck.
39495173,2025,YAP Regulates HER3 Signaling-Driven Adaptive Resistance to RET Inhibitors in RET-Aberrant Cancers,included,main_text_deep_read_complete,2026-09-19,not_reviewed,pending,pending,pending,pending,pending,pending,not_supplied,ccr-2025-2026-09-19-intake-language.md#pmid-39495173;ccr-2025-2026-09-19-intake-manifest.csv,,,,,Initial main-text and visual figure/table read with section-aware language and source-conflict record; not a separate six-gate source recheck.
40299768,2025,Amplification of Extrachromosomal MYC Paralogs Shapes Immunosuppressive Tumor Microenvironment in Small Cell Lung Cancer,included,main_text_deep_read_complete,2026-09-19,not_reviewed,pending,pending,pending,pending,pending,pending,not_supplied,ccr-2025-2026-09-19-intake-language.md#pmid-40299768;ccr-2025-2026-09-19-intake-manifest.csv,,,,,Initial main-text and visual figure/table read with section-aware language and source-conflict record; not a separate six-gate source recheck.
40853904,2025,Multiomics and Single-Cell Insights Reveal a Lysophosphatidic Acid-Mediated Resistant Mechanism to Third-generation EGFR-TKI in Non-Small Cell Lung Cancer,included,main_text_deep_read_complete,2026-09-19,not_reviewed,pending,pending,pending,pending,pending,pending,not_supplied,ccr-2025-2026-09-19-intake-language.md#pmid-40853904;ccr-2025-2026-09-19-intake-manifest.csv,,,,,Initial main-text and visual figure/table read with section-aware language and source-conflict record; not a separate six-gate source recheck.
39932457,2025,"Characterization of Plasma Cell-Free DNA Variants as of Tumor or Clonal Hematopoiesis Origin in 16,812 Advanced Cancer Patients",included,main_text_deep_read_complete,2026-09-20,not_reviewed,pending,pending,pending,pending,pending,pending,not_supplied,ccr-2025-genomics-2026-09-20-language.md#pmid-39932457;ccr-2025-genomics-2026-09-20-manifest.csv,,,,,Initial full main-text and visual main-figure/table reading with section language; not a separate acceptance source recheck.
40704901,2025,Molecular Characterization of NUT Carcinoma: A Report from the NUT Carcinoma Registry,included,main_text_deep_read_complete,2026-09-20,not_reviewed,pending,pending,pending,pending,pending,pending,not_supplied,ccr-2025-genomics-2026-09-20-language.md#pmid-40704901;ccr-2025-genomics-2026-09-20-manifest.csv,,,,,Initial full main-text and visual main-figure/table reading with section language; not a separate acceptance source recheck.
40388547,2025,Concordance between Tumor Tissue and Plasma DNA Genotyping in the NCI-MATCH Trial (EAY131),included,main_text_deep_read_complete,2026-09-20,not_reviewed,pending,pending,pending,pending,pending,pending,not_supplied,ccr-2025-genomics-2026-09-20-language.md#pmid-40388547;ccr-2025-genomics-2026-09-20-manifest.csv,,,,,Initial full main-text and visual main-figure/table reading with section language; not a separate acceptance source recheck.
39437011,2025,Metabolic Tumor Volume Assessed by 18F FDG-PET CT Scan as a Predictive Biomarker for Immune Checkpoint Blockers in Advanced NSCLC and Its Biological Correlates,included,main_text_deep_read_complete,2026-09-20,not_reviewed,pending,pending,pending,pending,pending,pending,not_supplied,ccr-2025-genomics-2026-09-20-language.md#pmid-39437011;ccr-2025-genomics-2026-09-20-manifest.csv,,,,,Initial full main-text and visual main-figure/table reading with section language; not a separate acceptance source recheck.
39620930,2025,Noninvasive Multicancer Detection Using DNA Hypomethylation of LINE-1 Retrotransposons,included,main_text_deep_read_complete,2026-09-20,not_reviewed,pending,pending,pending,pending,pending,pending,not_supplied,ccr-2025-genomics-2026-09-20-language.md#pmid-39620930;ccr-2025-genomics-2026-09-20-manifest.csv,,,,,Initial full main-text and visual main-figure/table reading with section language; not a separate acceptance source recheck.
41961582,2026,First-Line Sacituzumab Govitecan Plus Pembrolizumab and Carboplatin in Metastatic Non-Small Cell Lung Cancer: Nonsquamous and Squamous Cohorts of the EVOKE-02 Study,included,main_text_deep_read_complete,2026-09-23,not_reviewed,pending,pending,pending,pending,pending,pending,not_supplied,ccr-2026-09-23-intake-language.md,,,,,2026-09-23: Initial main-text and main-figure/table read; no separate six-gate source recheck. Source inconsistencies and transfer limits recorded in linked evidence.
40378060,2025,"Phase I/II Study of Tifcemalimab, an Anti-B and T-Lymphocyte Attenuator Antibody, in Combination with Toripalimab in Previously Treated Advanced Lung Cancer",included,main_text_deep_read_complete,2026-09-23,not_reviewed,pending,pending,pending,pending,pending,pending,not_supplied,ccr-2026-09-23-intake-language.md,,,,,2026-09-23: Initial main-text and main-figure/table read; no separate six-gate source recheck. Source inconsistencies and transfer limits recorded in linked evidence.
40833744,2026,The Impact of Concordance between Liquid and Tissue Biopsy for Actionable Mutations: Insights from the ROME Trial,included,main_text_deep_read_complete,2026-09-23,not_reviewed,pending,pending,pending,pending,pending,pending,not_supplied,ccr-2026-40833744-language.md,,,,,2026-09-23: Initial main-text and main-figure/table reading complete; no separate six-gate recheck. Source caveats and safe transfer recorded in linked asset.
42148883,2026,Comprehensive Genomic and Transcriptomic Characterization of MTAP Loss across Advanced Solid Tumors,included,main_text_deep_read_complete,2026-09-23,not_reviewed,pending,pending,pending,pending,pending,pending,not_supplied,ccr-2026-42148883-language.md,,,,,2026-09-23: Initial main-text and main-figure/table reading complete; no separate six-gate recheck. Source caveats and safe transfer recorded in linked asset.
42484497,2026,Network-Integrated Platform for Clinical Trial Navigation from the New South Wales Early Phase Clinical Trials Alliance,included,main_text_deep_read_complete,2026-09-23,not_reviewed,pending,pending,pending,pending,pending,pending,not_supplied,ccr-2026-42484497-language.md,,,,,2026-09-23: Initial main-text and main-figure/table reading complete; no separate six-gate recheck. Source caveats and safe transfer recorded in linked asset.
41403154,2026,Germline Pathogenic Variant Prediction Model for Tumor-Only Sequencing Based on Japanese Clinicogenomic Database,included,main_text_deep_read_complete,2026-09-23,not_reviewed,pending,pending,pending,pending,pending,pending,not_supplied,ccr-2026-41403154-language.md,,,,,2026-09-23: Initial main-text and main-figure/table reading complete; no separate six-gate recheck. Source caveats and safe transfer recorded in linked asset.
42440358,2026,Application of a Translational Research Platform to Unveil Efficacy Signals and Mechanisms of Resistance of FGFR Inhibitors in Multiple FGFR-Altered Solid Tumors,included,main_text_deep_read_complete,2026-09-24,not_reviewed,pending,pending,pending,pending,pending,pending,not_supplied,ccr-deep-reading-ledger.md;ccr-2026-42440358-language.md,,,,,Supplied main text and all main figures/tables read 2026-09-24; source-specific physical-page evidence in ccr-2026-42440358-language.md; external supplements not supplied; separate acceptance review not performed. FISH RNA protein denominators differ; Figure2E RNA/protein counts conflict with prose; Figure3 variant labels and Figure6 correlation captions conflict. Copy gain is not protein activity or functional FGFR dependence; small selected clinical/model subsets do not validate STK11 treatment benefit.
42765908,2026,Safety and Efficacy of Ceralasertib plus Olaparib for Advanced/Metastatic Triple-Negative Breast Cancer in Three Molecular Strata: The Phase II VIOLETTE Study,included,main_text_deep_read_complete,2026-09-24,not_reviewed,pending,pending,pending,pending,pending,pending,not_supplied,ccr-deep-reading-ledger.md;ccr-2026-42765908-language.md,,,,,"Supplied main text and all main figures/tables read 2026-09-24; source-specific physical-page evidence in ccr-2026-42765908-language.md; external supplements not supplied; separate acceptance review not performed. All primary PFS strata were negative. Preserve randomized versus treated denominators and90% CIs. The non-HRRm response finding is secondary/unconfirmed, not proof of primary efficacy; HRRm panel negativity is not functional repair proficiency. Adavosertib arm stopped for toxicity."
42360806,2026,Molecular and Clinical Determinants of Targeted Therapy Treatment in Biliary Tract Cancer,included,main_text_deep_read_complete,2026-09-24,not_reviewed,pending,pending,pending,pending,pending,pending,not_supplied,ccr-deep-reading-ledger.md;ccr-2026-42360806-language.md,,,,,"Supplied main text and all main figures/tables read 2026-09-24; source-specific physical-page evidence in ccr-2026-42360806-language.md; external supplements not supplied; separate acceptance review not performed. Separate1254patients/1285samples, actionable and eligible cohorts, and different PFS/OS analysis sets. PFS difference is nonrandomized; OS was not significant. Table2 IDH median/CI is impossible; do not reuse. Co-alteration and resistance cases are exploratory; mutation loss is not amplification loss."
42377115,2026,High-Sensitivity ctDNA Analysis Uncovers Relevant Signals Missed by NGS in Pancreatic Cancer,included,main_text_deep_read_complete,2026-09-24,not_reviewed,pending,pending,pending,pending,pending,pending,not_supplied,ccr-deep-reading-ledger.md;ccr-2026-42377115-language.md,,,,,Supplied main text and all main figures/tables read 2026-09-24; source-specific physical-page evidence in ccr-2026-42377115-language.md; external supplements not supplied; separate acceptance review not performed. Use assay-specific denominators17/99 and63/97; paired and time-point sets differ. Dual-positive median10.9 versus10.1 conflicts; withhold. Post-treatment comparisons are nonsignificant; dynamic-covariate adjustment attenuates baseline associations. More positive tests do not establish clinical utility or treatment prediction.
42456051,2026,Spatial Configuration of Pancreatic Cancer Is Associated with Disease Recurrence after Neoadjuvant Therapy and Curative-Intent Resection,included,main_text_deep_read_complete,2026-09-24,not_reviewed,pending,pending,pending,pending,pending,pending,not_supplied,ccr-deep-reading-ledger.md;ccr-2026-42456051-language.md,,,,,"Supplied main text and all main figures/tables read 2026-09-24; source-specific physical-page evidence in ccr-2026-42456051-language.md; external supplements not supplied; separate acceptance review not performed. H&E spatial pathology is not spatial transcriptomics or single-cell RNA. Outcome-informed model development lacks external validation. Shape-index formula, risk cutoffs and adjusted CIs conflict across text/figures/table. DFS includes recurrence or death; TIL fractions differ from densities; immune-exclusion-like morphology is not immunotherapy resistance."
42340371,2026,"The Genomic Landscape of MYC-, MYCL-, and MYCN-Amplified Solid Tumors",included,main_text_deep_read_complete,2026-09-24,not_reviewed,pending,pending,pending,pending,pending,pending,not_supplied,ccr-deep-reading-ledger.md;ccr-2026-42340371-language.md,,,,,"Supplied main text and all main figures/tables read 2026-09-24; source-specific physical-page evidence in ccr-2026-42340371-language.md; external supplements not supplied; separate acceptance review not performed. 68920/10683 are starting cohorts;45468/8477 analytical units differ. Raw copy number, ploidy subtraction and AmpRatio are not interchangeable. ecDNA is algorithm-inferred. Pancreatic survival findings have nominal P.043/.040 but both BH P.14. No functional drug-dependence or STK11 validation; RNA is not protein activity."
38980931,2024,Transcriptional Phenocopies of Deleterious KEAP1 Mutations Correlate with Survival Outcomes in Lung Cancer Treated with Immunotherapy,included,main_text_deep_read_complete,2026-09-24,not_reviewed,pending,pending,pending,pending,pending,pending,not_supplied,ccr-deep-reading-ledger.md;ccr-2024-38980931-language.md,,,,,"Supplied main text and every main figure/table read 2026-09-24; physical-page evidence in ccr-2024-38980931-language.md. Separate supplements not supplied; acceptance recheck not performed. KEAPness is an expression phenotype, not STK11 mutation status. Outcome-optimized threshold is not prospectively prespecified; exact clinical cutoff is absent. Figure4 n314 conflicts with Methods matched n312. Docetaxel associations preclude an established ICI-specific predictive claim; no treatment interaction is shown. Bulk/multiregion inference is not single-cell, spatial transcriptomics or proteomics."
33323404,2021,STK11/LKB1 Mutations in NSCLC Are Associated with KEAP1/NRF2-Dependent Radiotherapy Resistance Targetable by Glutaminase Inhibition,included,main_text_deep_read_complete,2026-09-24,not_reviewed,pending,pending,pending,pending,pending,pending,not_supplied,ccr-deep-reading-ledger.md;ccr-2021-33323404-language.md,,,,,"Supplied main text and every main figure/table read 2026-09-24; physical-page evidence in ccr-2021-33323404-language.md. Separate supplements not supplied; acceptance recheck not performed. Clinical stageIII n164 includes only12 STK11-mutant cases, with endpoint-specific n162 for LRR/DM. KEAP1 was not clinically assayed. The cohort predates routine durvalumab. Table5 adjusts OS for age only alongside STK11; DM and several experimental contrasts are nonsignificant. DCFDA/MitoSOX protocols, restored-LKB1 DER .8/.9 and xenograft denominators conflict. CB-839+RT evidence is in vitro, not patient benefit or proven drug synergy. Online2020, issue2021."
36201167,2023,A Large-Scale Prospective Concordance Study of Plasma- and Tissue-Based Next-Generation Targeted Sequencing for Advanced Non–Small Cell Lung Cancer (LC-SCRUM-Liquid),included,main_text_deep_read_complete,2026-09-26,not_reviewed,pending,pending,pending,pending,pending,pending,not_supplied,ccr-deep-reading-ledger.md;ccr-2023-36201167-language.md,,,,,"Supplied main text and all main figures/tables read 2026-09-26. Preserve paired-sample and assay-specific denominators, DNA-versus-fusion PPA, and turnaround-time definitions. The matched-therapy subset is nonrandomized and does not establish comparative clinical utility. Separate supplements were not supplied; acceptance recheck was not performed."
36692420,2023,Allogeneic CAR T Cells Targeting DLL3 Are Efficacious and Safe in Preclinical Models of Small Cell Lung Cancer,included,main_text_deep_read_complete,2026-09-26,not_reviewed,pending,pending,pending,pending,pending,pending,not_supplied,ccr-deep-reading-ledger.md;ccr-2023-36692420-language.md,,,,,Supplied main text and all main figures/tables read 2026-09-26. The study compares engineered CAR constructs across in-vitro and mouse models; low antigen-density activity and serial killing remain preclinical. Pituitary infiltration without observed damage is not proof of clinical safety. Separate supplements were not supplied; acceptance recheck was not performed.
41563386,2026,"Camonsertib, an ATRi, in Combination with Low-Dose Gemcitabine in Solid Tumors with DNA Damage Response Aberrations: Preclinical and Phase Ib Results",included,main_text_deep_read_complete,2026-09-26,not_reviewed,pending,pending,pending,pending,pending,pending,not_supplied,ccr-deep-reading-ledger.md;ccr-2026-41563386-language.md,,,,,Supplied main text and all main figures/tables read 2026-09-26. The phase Ib cohort contains only three NSCLC patients and reports no lung-specific efficacy analysis. Myelosuppression drove schedule and dose modification; activity is preliminary. Preserve the source's ctDNA evaluability denominator conflict (35 versus 36). Separate supplements were not supplied; acceptance recheck was not performed.
41511400,2026,TAPISTRY: A Phase II Study of Atezolizumab in Patients with Tumor Mutational Burden–High Tumors,included,main_text_deep_read_complete,2026-09-26,not_reviewed,pending,pending,pending,pending,pending,pending,not_supplied,ccr-deep-reading-ledger.md;ccr-2026-41511400-language.md,,,,,"Supplied main text and all main figures/tables read 2026-09-26. Preserve enrolled, treated, efficacy-evaluable and threshold-specific analysis sets. The study is single-arm, assay-dependent and tumor-agnostic; eight lung-cancer patients do not support lung-specific efficacy claims. Separate supplements were not supplied; acceptance recheck was not performed."
35838647,2022,"Clinical, Pathologic, and Molecular Prognostic Factors in Patients with Early-Stage EGFR-Mutant NSCLC",included,main_text_deep_read_complete,2026-09-26,not_reviewed,pending,pending,pending,pending,pending,pending,not_supplied,ccr-deep-reading-ledger.md;ccr-2022-35838647-language.md,,,,,"Supplied main text and all main figures/tables read 2026-09-26. The full resection cohort and molecularly profiled subset have different denominators; APOBEC analyses use a still smaller subset. Associations are prognostic, not predictive, and the cohort did not evaluate adjuvant EGFR-TKI benefit. Separate supplements were not supplied; acceptance recheck was not performed."
33558425,2021,Treatment Outcomes and Clinical Characteristics of Patients with KRAS-G12C Mutant Non-Small Cell Lung Cancer,included,main_text_deep_read_complete,2026-09-26,not_reviewed,pending,pending,pending,pending,pending,pending,not_supplied,ccr-deep-reading-ledger.md;ccr-2021-33558425-language.md,,,,,Supplied main text and all main figures/tables read 2026-09-26. KRAS G12C and non-G12C comparisons are retrospective; similar immunotherapy and platinum outcomes do not prove equivalence. Preserve PFS versus time-to-treatment-discontinuation and nonsignificant PD-L1-high trends. Separate supplements were not supplied; acceptance recheck was not performed.
33593884,2021,KRASG12C Mutation Is Associated with Increased Risk of Recurrence in Surgically Resected Lung Adenocarcinoma,included,main_text_deep_read_complete,2026-09-26,not_reviewed,pending,pending,pending,pending,pending,pending,not_supplied,ccr-deep-reading-ledger.md;ccr-2021-33593884-language.md,,,,,Supplied main text and all main figures/tables read 2026-09-26. The stage-adjusted recurrence association is based on limited events; co-mutation analyses are exploratory and correction-sensitive. External data support direction rather than identical absolute disease-free survival. Separate supplements were not supplied; acceptance recheck was not performed.
33622705,2021,"Implication of Cancer-Associated Fibroblast Subtypes on Cancer Pathogenesis, Prognosis, and Immunotherapy Resistance",included,main_text_deep_read_complete,2026-09-26,not_reviewed,pending,pending,pending,pending,pending,pending,not_supplied,ccr-deep-reading-ledger.md;ccr-2021-33622705-language.md,,,,,Supplied main text and all main figures/tables read 2026-09-26. The six-CAF-state framework is computational and associative; multiregion bulk inference is not spatial transcriptomics. Preserve the reported percentage inconsistency and absence of experimental validation. Separate supplements were not supplied; acceptance recheck was not performed.
33685865,2021,Response to Standard Therapies and Comprehensive Genomic Analysis for Patients with Lung Adenocarcinoma with EGFR Exon 20 Insertions,included,main_text_deep_read_complete,2026-09-26,not_reviewed,pending,pending,pending,pending,pending,pending,not_supplied,ccr-deep-reading-ledger.md;ccr-2021-33685865-language.md,,,,,Supplied main text and all main figures/tables read 2026-09-26. Treatment findings derive from a historical retrospective cohort and use time to treatment discontinuation for several comparisons. Low TMB/PD-L1 and outcome associations do not constitute current treatment guidance. Separate supplements were not supplied; acceptance recheck was not performed.
33685866,2021,Spectrum of Mechanisms of Resistance to Crizotinib and Lorlatinib in ROS1 Fusion-Positive Lung Cancer,included,main_text_deep_read_complete,2026-09-26,not_reviewed,pending,pending,pending,pending,pending,pending,not_supplied,ccr-deep-reading-ledger.md;ccr-2021-33685866-language.md,,,,,"Supplied main text and all main figures/tables read 2026-09-26. Post-treatment biopsy and plasma subsets have different denominators and selection constraints. Ba/F3 and structural results support mutation-specific resistance; the cabozantinib observation is a single case, not a clinical efficacy estimate. Separate supplements were not supplied; acceptance recheck was not performed."
33947695,2021,Comprehensive Molecular and Clinicopathologic Analysis of 200 Pulmonary Invasive Mucinous Adenocarcinomas Identifies Distinct Characteristics of Molecular Subtypes,included,main_text_deep_read_complete,2026-09-26,not_reviewed,pending,pending,pending,pending,pending,pending,not_supplied,ccr-deep-reading-ledger.md;ccr-2021-33947695-language.md,,,,,Supplied main text and all main figures/tables read 2026-09-26. Driver frequencies arise from a selected retrospective cohort; fusion enrichment is conditional on KRAS-wild-type tumors. Treated NRG1 cases are descriptive and cannot establish efficacy; the rare STK11 fusion is not a recurrent STK11 framework. Separate supplements were not supplied; acceptance recheck was not performed.
38630755,2024,Spatially Preserved Multi-Region Transcriptomic Subtyping and Biomarkers of Chemoimmunotherapy Outcome in Extensive-Stage Small Cell Lung Cancer,included,main_text_deep_read_complete,2026-09-26,not_reviewed,pending,pending,pending,pending,pending,pending,not_supplied,ccr-deep-reading-ledger.md;ccr-2024-38630755-language.md,,,,,"Supplied main text and all main figures/tables read 2026-09-26. The two retrospective cohorts include 58 patients and 296 ROIs; subtype heterogeneity was not associated with outcome. Long-benefit immune signals are exploratory, without a non-immunotherapy control, and the assay is mRNA-based rather than proteomic. Separate supplements were not supplied; acceptance recheck was not performed."
33023953,2021,Transcriptional Subtypes Resolve Tumor Heterogeneity and Identify Vulnerabilities to MEK Inhibition in Lung Adenocarcinoma,included,main_text_deep_read_complete,2026-09-26,not_reviewed,pending,pending,pending,pending,pending,pending,not_supplied,ccr-deep-reading-ledger.md;ccr-2021-33023953-language.md,,,,,"Supplied main text and all main figures/tables read 2026-09-26. The MUC/PRO/MES transcriptional states integrate cohorts, cell lines, drug screens and PDXs. Functional STK11/KEAP1 deficiency in the PRO state is not identical to mutation status; the clinical combination subset is small and nonrandomized. Separate supplements were not supplied; acceptance recheck was not performed."
39150541,2024,Transcriptomic Heterogeneity of EGFR-Mutant Non–Small Cell Lung Cancer Evolution Toward Small-Cell Lung Cancer,included,main_text_deep_read_complete,2026-09-26,not_reviewed,pending,pending,pending,pending,pending,pending,not_supplied,ccr-deep-reading-ledger.md;ccr-2024-39150541-language.md,,,,,"Supplied main text and all main figures/tables read 2026-09-26. Clinical histories and spatial ROIs support lineage-plasticity hypotheses but not treatment efficacy. Fimepinostat activity is model-specific, with one organoid and one small xenograft experiment, and must not be presented as clinical benefit. Separate supplements were not supplied; acceptance recheck was not performed."
