"entry_id","catalog_version","expression","primary_section","secondary_sections","function","domain","unit_type","evidence_tier","source_set","source_article_ids","provenance_granularity","source_asset","source_container","source_heading","source_line","reuse_status"
"CCRLANG-0001","2026-09-14","chemotherapy-refractory disease","introduction","abstract;methods;results;discussion;conclusion","terminology","clinical-oncology","vocabulary","mixed","ccr-2025-immunotherapy-17","39466024;39545922;39576208;39786430;39821070;40208070;40247431;40343815;40499141;40552922;40553459;40788282;40828417;40864503;40928991;41026583;41065506","batch-synthesis","ccr-2025-immunotherapy-fulltext-language.md","Vocabulary and collocation bank","Clinical oncology and treatment setting","99","conventional-term-or-collocation"
"CCRLANG-0002","2026-09-14","checkpoint-inhibitor-experienced population","introduction","abstract;methods;results;discussion;conclusion","terminology","clinical-oncology","vocabulary","mixed","ccr-2025-immunotherapy-17","39466024;39545922;39576208;39786430;39821070;40208070;40247431;40343815;40499141;40552922;40553459;40788282;40828417;40864503;40928991;41026583;41065506","batch-synthesis","ccr-2025-immunotherapy-fulltext-language.md","Vocabulary and collocation bank","Clinical oncology and treatment setting","100","conventional-term-or-collocation"
"CCRLANG-0003","2026-09-14","primary resistance","introduction","abstract;methods;results;discussion;conclusion","terminology","clinical-oncology","vocabulary","mixed","ccr-2025-immunotherapy-17","39466024;39545922;39576208;39786430;39821070;40208070;40247431;40343815;40499141;40552922;40553459;40788282;40828417;40864503;40928991;41026583;41065506","batch-synthesis","ccr-2025-immunotherapy-fulltext-language.md","Vocabulary and collocation bank","Clinical oncology and treatment setting","101","conventional-term-or-collocation"
"CCRLANG-0004","2026-09-14","acquired resistance","introduction","abstract;methods;results;discussion;conclusion","terminology","clinical-oncology","vocabulary","mixed","ccr-2025-immunotherapy-17","39466024;39545922;39576208;39786430;39821070;40208070;40247431;40343815;40499141;40552922;40553459;40788282;40828417;40864503;40928991;41026583;41065506","batch-synthesis","ccr-2025-immunotherapy-fulltext-language.md","Vocabulary and collocation bank","Clinical oncology and treatment setting","101","conventional-term-or-collocation"
"CCRLANG-0005","2026-09-14","primary-refractory","introduction","abstract;methods;results;discussion;conclusion","terminology","clinical-oncology","vocabulary","mixed","ccr-2025-immunotherapy-17","39466024;39545922;39576208;39786430;39821070;40208070;40247431;40343815;40499141;40552922;40553459;40788282;40828417;40864503;40928991;41026583;41065506","batch-synthesis","ccr-2025-immunotherapy-fulltext-language.md","Vocabulary and collocation bank","Clinical oncology and treatment setting","102","conventional-term-or-collocation"
"CCRLANG-0006","2026-09-14","secondary-refractory disease","introduction","abstract;methods;results;discussion;conclusion","terminology","clinical-oncology","vocabulary","mixed","ccr-2025-immunotherapy-17","39466024;39545922;39576208;39786430;39821070;40208070;40247431;40343815;40499141;40552922;40553459;40788282;40828417;40864503;40928991;41026583;41065506","batch-synthesis","ccr-2025-immunotherapy-fulltext-language.md","Vocabulary and collocation bank","Clinical oncology and treatment setting","102","conventional-term-or-collocation"
"CCRLANG-0007","2026-09-14","toxicity-related treatment discontinuation","introduction","abstract;methods;results;discussion;conclusion","terminology","clinical-oncology","vocabulary","mixed","ccr-2025-immunotherapy-17","39466024;39545922;39576208;39786430;39821070;40208070;40247431;40343815;40499141;40552922;40553459;40788282;40828417;40864503;40928991;41026583;41065506","batch-synthesis","ccr-2025-immunotherapy-fulltext-language.md","Vocabulary and collocation bank","Clinical oncology and treatment setting","103","conventional-term-or-collocation"
"CCRLANG-0008","2026-09-14","post-discontinuation disease control","introduction","abstract;methods;results;discussion;conclusion","terminology","clinical-oncology","vocabulary","mixed","ccr-2025-immunotherapy-17","39466024;39545922;39576208;39786430;39821070;40208070;40247431;40343815;40499141;40552922;40553459;40788282;40828417;40864503;40928991;41026583;41065506","batch-synthesis","ccr-2025-immunotherapy-fulltext-language.md","Vocabulary and collocation bank","Clinical oncology and treatment setting","104","conventional-term-or-collocation"
"CCRLANG-0009","2026-09-14","immune checkpoint inhibitor rechallenge","introduction","abstract;methods;results;discussion;conclusion","terminology","clinical-oncology","vocabulary","mixed","ccr-2025-immunotherapy-17","39466024;39545922;39576208;39786430;39821070;40208070;40247431;40343815;40499141;40552922;40553459;40788282;40828417;40864503;40928991;41026583;41065506","batch-synthesis","ccr-2025-immunotherapy-fulltext-language.md","Vocabulary and collocation bank","Clinical oncology and treatment setting","105","conventional-term-or-collocation"
"CCRLANG-0010","2026-09-14","unresectable locally advanced disease","introduction","abstract;methods;results;discussion;conclusion","terminology","clinical-oncology","vocabulary","mixed","ccr-2025-immunotherapy-17","39466024;39545922;39576208;39786430;39821070;40208070;40247431;40343815;40499141;40552922;40553459;40788282;40828417;40864503;40928991;41026583;41065506","batch-synthesis","ccr-2025-immunotherapy-fulltext-language.md","Vocabulary and collocation bank","Clinical oncology and treatment setting","106","conventional-term-or-collocation"
"CCRLANG-0011","2026-09-14","definitive concurrent chemoradiotherapy","introduction","abstract;methods;results;discussion;conclusion","terminology","clinical-oncology","vocabulary","mixed","ccr-2025-immunotherapy-17","39466024;39545922;39576208;39786430;39821070;40208070;40247431;40343815;40499141;40552922;40553459;40788282;40828417;40864503;40928991;41026583;41065506","batch-synthesis","ccr-2025-immunotherapy-fulltext-language.md","Vocabulary and collocation bank","Clinical oncology and treatment setting","107","conventional-term-or-collocation"
"CCRLANG-0012","2026-09-14","neoadjuvant immune checkpoint blockade","introduction","abstract;methods;results;discussion;conclusion","terminology","clinical-oncology","vocabulary","mixed","ccr-2025-immunotherapy-17","39466024;39545922;39576208;39786430;39821070;40208070;40247431;40343815;40499141;40552922;40553459;40788282;40828417;40864503;40928991;41026583;41065506","batch-synthesis","ccr-2025-immunotherapy-fulltext-language.md","Vocabulary and collocation bank","Clinical oncology and treatment setting","108","conventional-term-or-collocation"
"CCRLANG-0013","2026-09-14","nodal downstaging","introduction","abstract;methods;results;discussion;conclusion","terminology","clinical-oncology","vocabulary","mixed","ccr-2025-immunotherapy-17","39466024;39545922;39576208;39786430;39821070;40208070;40247431;40343815;40499141;40552922;40553459;40788282;40828417;40864503;40928991;41026583;41065506","batch-synthesis","ccr-2025-immunotherapy-fulltext-language.md","Vocabulary and collocation bank","Clinical oncology and treatment setting","109","conventional-term-or-collocation"
"CCRLANG-0014","2026-09-14","MET exon 14-skipping metastatic NSCLC","introduction","abstract;methods;results;discussion;conclusion","terminology","clinical-oncology","vocabulary","mixed","ccr-2025-immunotherapy-17","39466024;39545922;39576208;39786430;39821070;40208070;40247431;40343815;40499141;40552922;40553459;40788282;40828417;40864503;40928991;41026583;41065506","batch-synthesis","ccr-2025-immunotherapy-fulltext-language.md","Vocabulary and collocation bank","Clinical oncology and treatment setting","110","conventional-term-or-collocation"
"CCRLANG-0015","2026-09-14","real-world treatment effectiveness","introduction","abstract;methods;results;discussion;conclusion","terminology","clinical-oncology","vocabulary","mixed","ccr-2025-immunotherapy-17","39466024;39545922;39576208;39786430;39821070;40208070;40247431;40343815;40499141;40552922;40553459;40788282;40828417;40864503;40928991;41026583;41065506","batch-synthesis","ccr-2025-immunotherapy-fulltext-language.md","Vocabulary and collocation bank","Clinical oncology and treatment setting","111","conventional-term-or-collocation"
"CCRLANG-0016","2026-09-14","line-of-therapy sequencing","introduction","abstract;methods;results;discussion;conclusion","terminology","clinical-oncology","vocabulary","mixed","ccr-2025-immunotherapy-17","39466024;39545922;39576208;39786430;39821070;40208070;40247431;40343815;40499141;40552922;40553459;40788282;40828417;40864503;40928991;41026583;41065506","batch-synthesis","ccr-2025-immunotherapy-fulltext-language.md","Vocabulary and collocation bank","Clinical oncology and treatment setting","112","conventional-term-or-collocation"
"CCRLANG-0017","2026-09-14","durable clinical benefit","introduction","abstract;methods;results;discussion;conclusion","terminology","clinical-oncology","vocabulary","mixed","ccr-2025-immunotherapy-17","39466024;39545922;39576208;39786430;39821070;40208070;40247431;40343815;40499141;40552922;40553459;40788282;40828417;40864503;40928991;41026583;41065506","batch-synthesis","ccr-2025-immunotherapy-fulltext-language.md","Vocabulary and collocation bank","Clinical oncology and treatment setting","113","conventional-term-or-collocation"
"CCRLANG-0018","2026-09-14","screening attrition","introduction","abstract;methods;results;discussion;conclusion","terminology","clinical-oncology","vocabulary","mixed","ccr-2025-immunotherapy-17","39466024;39545922;39576208;39786430;39821070;40208070;40247431;40343815;40499141;40552922;40553459;40788282;40828417;40864503;40928991;41026583;41065506","batch-synthesis","ccr-2025-immunotherapy-fulltext-language.md","Vocabulary and collocation bank","Clinical oncology and treatment setting","114","conventional-term-or-collocation"
"CCRLANG-0019","2026-09-14","manufacturing feasibility","introduction","abstract;methods;results;discussion;conclusion","terminology","clinical-oncology","vocabulary","mixed","ccr-2025-immunotherapy-17","39466024;39545922;39576208;39786430;39821070;40208070;40247431;40343815;40499141;40552922;40553459;40788282;40828417;40864503;40928991;41026583;41065506","batch-synthesis","ccr-2025-immunotherapy-fulltext-language.md","Vocabulary and collocation bank","Clinical oncology and treatment setting","115","conventional-term-or-collocation"
"CCRLANG-0020","2026-09-14","treatment access and reimbursement constraints","introduction","abstract;methods;results;discussion;conclusion","terminology","clinical-oncology","vocabulary","mixed","ccr-2025-immunotherapy-17","39466024;39545922;39576208;39786430;39821070;40208070;40247431;40343815;40499141;40552922;40553459;40788282;40828417;40864503;40928991;41026583;41065506","batch-synthesis","ccr-2025-immunotherapy-fulltext-language.md","Vocabulary and collocation bank","Clinical oncology and treatment setting","116","conventional-term-or-collocation"
"CCRLANG-0021","2026-09-14","PD-(L)1 blockade","introduction","abstract;methods;results;discussion","terminology","immunotherapy","vocabulary","mixed","ccr-2025-immunotherapy-17","39466024;39545922;39576208;39786430;39821070;40208070;40247431;40343815;40499141;40552922;40553459;40788282;40828417;40864503;40928991;41026583;41065506","batch-synthesis","ccr-2025-immunotherapy-fulltext-language.md","Vocabulary and collocation bank","Immunotherapy and immune-state language","120","conventional-term-or-collocation"
"CCRLANG-0022","2026-09-14","dual-checkpoint blockade","introduction","abstract;methods;results;discussion","terminology","immunotherapy","vocabulary","mixed","ccr-2025-immunotherapy-17","39466024;39545922;39576208;39786430;39821070;40208070;40247431;40343815;40499141;40552922;40553459;40788282;40828417;40864503;40928991;41026583;41065506","batch-synthesis","ccr-2025-immunotherapy-fulltext-language.md","Vocabulary and collocation bank","Immunotherapy and immune-state language","120","conventional-term-or-collocation"
"CCRLANG-0023","2026-09-14","TIM-3 co-inhibitory pathway","introduction","abstract;methods;results;discussion","terminology","immunotherapy","vocabulary","mixed","ccr-2025-immunotherapy-17","39466024;39545922;39576208;39786430;39821070;40208070;40247431;40343815;40499141;40552922;40553459;40788282;40828417;40864503;40928991;41026583;41065506","batch-synthesis","ccr-2025-immunotherapy-fulltext-language.md","Vocabulary and collocation bank","Immunotherapy and immune-state language","121","conventional-term-or-collocation"
"CCRLANG-0024","2026-09-14","target occupancy","introduction","abstract;methods;results;discussion","terminology","immunotherapy","vocabulary","mixed","ccr-2025-immunotherapy-17","39466024;39545922;39576208;39786430;39821070;40208070;40247431;40343815;40499141;40552922;40553459;40788282;40828417;40864503;40928991;41026583;41065506","batch-synthesis","ccr-2025-immunotherapy-fulltext-language.md","Vocabulary and collocation bank","Immunotherapy and immune-state language","122","conventional-term-or-collocation"
"CCRLANG-0025","2026-09-14","unoccupied target availability","introduction","abstract;methods;results;discussion","terminology","immunotherapy","vocabulary","mixed","ccr-2025-immunotherapy-17","39466024;39545922;39576208;39786430;39821070;40208070;40247431;40343815;40499141;40552922;40553459;40788282;40828417;40864503;40928991;41026583;41065506","batch-synthesis","ccr-2025-immunotherapy-fulltext-language.md","Vocabulary and collocation bank","Immunotherapy and immune-state language","122","conventional-term-or-collocation"
"CCRLANG-0026","2026-09-14","immune-related adverse event","introduction","abstract;methods;results;discussion","terminology","immunotherapy","vocabulary","mixed","ccr-2025-immunotherapy-17","39466024;39545922;39576208;39786430;39821070;40208070;40247431;40343815;40499141;40552922;40553459;40788282;40828417;40864503;40928991;41026583;41065506","batch-synthesis","ccr-2025-immunotherapy-fulltext-language.md","Vocabulary and collocation bank","Immunotherapy and immune-state language","123","conventional-term-or-collocation"
"CCRLANG-0027","2026-09-14","immune-mediated toxicity","introduction","abstract;methods;results;discussion","terminology","immunotherapy","vocabulary","mixed","ccr-2025-immunotherapy-17","39466024;39545922;39576208;39786430;39821070;40208070;40247431;40343815;40499141;40552922;40553459;40788282;40828417;40864503;40928991;41026583;41065506","batch-synthesis","ccr-2025-immunotherapy-fulltext-language.md","Vocabulary and collocation bank","Immunotherapy and immune-state language","124","conventional-term-or-collocation"
"CCRLANG-0028","2026-09-14","T-cell reinvigoration","introduction","abstract;methods;results;discussion","terminology","immunotherapy","vocabulary","mixed","ccr-2025-immunotherapy-17","39466024;39545922;39576208;39786430;39821070;40208070;40247431;40343815;40499141;40552922;40553459;40788282;40828417;40864503;40928991;41026583;41065506","batch-synthesis","ccr-2025-immunotherapy-fulltext-language.md","Vocabulary and collocation bank","Immunotherapy and immune-state language","125","conventional-term-or-collocation"
"CCRLANG-0029","2026-09-14","checkpoint-expressing dysfunctional state","introduction","abstract;methods;results;discussion","terminology","immunotherapy","vocabulary","mixed","ccr-2025-immunotherapy-17","39466024;39545922;39576208;39786430;39821070;40208070;40247431;40343815;40499141;40552922;40553459;40788282;40828417;40864503;40928991;41026583;41065506","batch-synthesis","ccr-2025-immunotherapy-fulltext-language.md","Vocabulary and collocation bank","Immunotherapy and immune-state language","126","conventional-term-or-collocation"
"CCRLANG-0030","2026-09-14","tissue-resident cytotoxic phenotype","introduction","abstract;methods;results;discussion","terminology","immunotherapy","vocabulary","mixed","ccr-2025-immunotherapy-17","39466024;39545922;39576208;39786430;39821070;40208070;40247431;40343815;40499141;40552922;40553459;40788282;40828417;40864503;40928991;41026583;41065506","batch-synthesis","ccr-2025-immunotherapy-fulltext-language.md","Vocabulary and collocation bank","Immunotherapy and immune-state language","127","conventional-term-or-collocation"
"CCRLANG-0031","2026-09-14","effector-memory","introduction","abstract;methods;results;discussion","terminology","immunotherapy","vocabulary","mixed","ccr-2025-immunotherapy-17","39466024;39545922;39576208;39786430;39821070;40208070;40247431;40343815;40499141;40552922;40553459;40788282;40828417;40864503;40928991;41026583;41065506","batch-synthesis","ccr-2025-immunotherapy-fulltext-language.md","Vocabulary and collocation bank","Immunotherapy and immune-state language","128","conventional-term-or-collocation"
"CCRLANG-0032","2026-09-14","central-memory","introduction","abstract;methods;results;discussion","terminology","immunotherapy","vocabulary","mixed","ccr-2025-immunotherapy-17","39466024;39545922;39576208;39786430;39821070;40208070;40247431;40343815;40499141;40552922;40553459;40788282;40828417;40864503;40928991;41026583;41065506","batch-synthesis","ccr-2025-immunotherapy-fulltext-language.md","Vocabulary and collocation bank","Immunotherapy and immune-state language","128","conventional-term-or-collocation"
"CCRLANG-0033","2026-09-14","TEMRA phenotype","introduction","abstract;methods;results;discussion","terminology","immunotherapy","vocabulary","mixed","ccr-2025-immunotherapy-17","39466024;39545922;39576208;39786430;39821070;40208070;40247431;40343815;40499141;40552922;40553459;40788282;40828417;40864503;40928991;41026583;41065506","batch-synthesis","ccr-2025-immunotherapy-fulltext-language.md","Vocabulary and collocation bank","Immunotherapy and immune-state language","128","conventional-term-or-collocation"
"CCRLANG-0034","2026-09-14","partially exhausted T cell","introduction","abstract;methods;results;discussion","terminology","immunotherapy","vocabulary","mixed","ccr-2025-immunotherapy-17","39466024;39545922;39576208;39786430;39821070;40208070;40247431;40343815;40499141;40552922;40553459;40788282;40828417;40864503;40928991;41026583;41065506","batch-synthesis","ccr-2025-immunotherapy-fulltext-language.md","Vocabulary and collocation bank","Immunotherapy and immune-state language","129","conventional-term-or-collocation"
"CCRLANG-0035","2026-09-14","tumor-infiltrating lymphocyte abundance","introduction","abstract;methods;results;discussion","terminology","immunotherapy","vocabulary","mixed","ccr-2025-immunotherapy-17","39466024;39545922;39576208;39786430;39821070;40208070;40247431;40343815;40499141;40552922;40553459;40788282;40828417;40864503;40928991;41026583;41065506","batch-synthesis","ccr-2025-immunotherapy-fulltext-language.md","Vocabulary and collocation bank","Immunotherapy and immune-state language","130","conventional-term-or-collocation"
"CCRLANG-0036","2026-09-14","M1-like macrophage polarization","introduction","abstract;methods;results;discussion","terminology","immunotherapy","vocabulary","mixed","ccr-2025-immunotherapy-17","39466024;39545922;39576208;39786430;39821070;40208070;40247431;40343815;40499141;40552922;40553459;40788282;40828417;40864503;40928991;41026583;41065506","batch-synthesis","ccr-2025-immunotherapy-fulltext-language.md","Vocabulary and collocation bank","Immunotherapy and immune-state language","131","conventional-term-or-collocation"
"CCRLANG-0037","2026-09-14","contraction of M2-like tumor-associated macrophages","introduction","abstract;methods;results;discussion","terminology","immunotherapy","vocabulary","mixed","ccr-2025-immunotherapy-17","39466024;39545922;39576208;39786430;39821070;40208070;40247431;40343815;40499141;40552922;40553459;40788282;40828417;40864503;40928991;41026583;41065506","batch-synthesis","ccr-2025-immunotherapy-fulltext-language.md","Vocabulary and collocation bank","Immunotherapy and immune-state language","132","conventional-term-or-collocation"
"CCRLANG-0038","2026-09-14","inflamed tumor microenvironment","introduction","abstract;methods;results;discussion","terminology","immunotherapy","vocabulary","mixed","ccr-2025-immunotherapy-17","39466024;39545922;39576208;39786430;39821070;40208070;40247431;40343815;40499141;40552922;40553459;40788282;40828417;40864503;40928991;41026583;41065506","batch-synthesis","ccr-2025-immunotherapy-fulltext-language.md","Vocabulary and collocation bank","Immunotherapy and immune-state language","133","conventional-term-or-collocation"
"CCRLANG-0039","2026-09-14","immunosuppressive immune contexture","introduction","abstract;methods;results;discussion","terminology","immunotherapy","vocabulary","mixed","ccr-2025-immunotherapy-17","39466024;39545922;39576208;39786430;39821070;40208070;40247431;40343815;40499141;40552922;40553459;40788282;40828417;40864503;40928991;41026583;41065506","batch-synthesis","ccr-2025-immunotherapy-fulltext-language.md","Vocabulary and collocation bank","Immunotherapy and immune-state language","134","conventional-term-or-collocation"
"CCRLANG-0040","2026-09-14","immune-cell redistribution between blood and tumor","introduction","abstract;methods;results;discussion","terminology","immunotherapy","vocabulary","mixed","ccr-2025-immunotherapy-17","39466024;39545922;39576208;39786430;39821070;40208070;40247431;40343815;40499141;40552922;40553459;40788282;40828417;40864503;40928991;41026583;41065506","batch-synthesis","ccr-2025-immunotherapy-fulltext-language.md","Vocabulary and collocation bank","Immunotherapy and immune-state language","135","conventional-term-or-collocation"
"CCRLANG-0041","2026-09-14","tumor-specific adaptive immunity","introduction","abstract;methods;results;discussion","terminology","immunotherapy","vocabulary","mixed","ccr-2025-immunotherapy-17","39466024;39545922;39576208;39786430;39821070;40208070;40247431;40343815;40499141;40552922;40553459;40788282;40828417;40864503;40928991;41026583;41065506","batch-synthesis","ccr-2025-immunotherapy-fulltext-language.md","Vocabulary and collocation bank","Immunotherapy and immune-state language","136","conventional-term-or-collocation"
"CCRLANG-0042","2026-09-14","immunogenic cell death","introduction","abstract;methods;results;discussion","terminology","immunotherapy","vocabulary","mixed","ccr-2025-immunotherapy-17","39466024;39545922;39576208;39786430;39821070;40208070;40247431;40343815;40499141;40552922;40553459;40788282;40828417;40864503;40928991;41026583;41065506","batch-synthesis","ccr-2025-immunotherapy-fulltext-language.md","Vocabulary and collocation bank","Immunotherapy and immune-state language","137","conventional-term-or-collocation"
"CCRLANG-0043","2026-09-14","leukapheresis-to-infusion pathway","methods","introduction;results;discussion","terminology","cellular-therapy","vocabulary","mixed","ccr-2025-immunotherapy-17","39466024;39576208;40828417;41026583","subsection-synthesis","ccr-2025-immunotherapy-fulltext-language.md","Vocabulary and collocation bank","Cellular therapy, engineering, and manufacturing","141","conventional-term-or-collocation"
"CCRLANG-0044","2026-09-14","HLA and tumor-antigen screening","methods","introduction;results;discussion","terminology","cellular-therapy","vocabulary","mixed","ccr-2025-immunotherapy-17","39466024;39576208;40828417;41026583","subsection-synthesis","ccr-2025-immunotherapy-fulltext-language.md","Vocabulary and collocation bank","Cellular therapy, engineering, and manufacturing","142","conventional-term-or-collocation"
"CCRLANG-0045","2026-09-14","eligible-to-treated attrition","methods","introduction;results;discussion","terminology","cellular-therapy","vocabulary","mixed","ccr-2025-immunotherapy-17","39466024;39576208;40828417;41026583","subsection-synthesis","ccr-2025-immunotherapy-fulltext-language.md","Vocabulary and collocation bank","Cellular therapy, engineering, and manufacturing","143","conventional-term-or-collocation"
"CCRLANG-0046","2026-09-14","manufacturing failure","methods","introduction;results;discussion","terminology","cellular-therapy","vocabulary","mixed","ccr-2025-immunotherapy-17","39466024;39576208;40828417;41026583","subsection-synthesis","ccr-2025-immunotherapy-fulltext-language.md","Vocabulary and collocation bank","Cellular therapy, engineering, and manufacturing","144","conventional-term-or-collocation"
"CCRLANG-0047","2026-09-14","out-of-specification product","methods","introduction;results;discussion","terminology","cellular-therapy","vocabulary","mixed","ccr-2025-immunotherapy-17","39466024;39576208;40828417;41026583","subsection-synthesis","ccr-2025-immunotherapy-fulltext-language.md","Vocabulary and collocation bank","Cellular therapy, engineering, and manufacturing","144","conventional-term-or-collocation"
"CCRLANG-0048","2026-09-14","transduction efficiency","methods","introduction;results;discussion","terminology","cellular-therapy","vocabulary","mixed","ccr-2025-immunotherapy-17","39466024;39576208;40828417;41026583","subsection-synthesis","ccr-2025-immunotherapy-fulltext-language.md","Vocabulary and collocation bank","Cellular therapy, engineering, and manufacturing","145","conventional-term-or-collocation"
"CCRLANG-0049","2026-09-14","CAR-positive viable cell dose","methods","introduction;results;discussion","terminology","cellular-therapy","vocabulary","mixed","ccr-2025-immunotherapy-17","39466024;39576208;40828417;41026583","subsection-synthesis","ccr-2025-immunotherapy-fulltext-language.md","Vocabulary and collocation bank","Cellular therapy, engineering, and manufacturing","146","conventional-term-or-collocation"
"CCRLANG-0050","2026-09-14","second-generation","methods","introduction;results;discussion","terminology","cellular-therapy","vocabulary","mixed","ccr-2025-immunotherapy-17","39466024;39576208;40828417;41026583","subsection-synthesis","ccr-2025-immunotherapy-fulltext-language.md","Vocabulary and collocation bank","Cellular therapy, engineering, and manufacturing","147","conventional-term-or-collocation"
"CCRLANG-0051","2026-09-14","third-generation CAR construct","methods","introduction;results;discussion","terminology","cellular-therapy","vocabulary","mixed","ccr-2025-immunotherapy-17","39466024;39576208;40828417;41026583","subsection-synthesis","ccr-2025-immunotherapy-fulltext-language.md","Vocabulary and collocation bank","Cellular therapy, engineering, and manufacturing","147","conventional-term-or-collocation"
"CCRLANG-0052","2026-09-14","costimulatory domain","methods","introduction;results;discussion","terminology","cellular-therapy","vocabulary","mixed","ccr-2025-immunotherapy-17","39466024;39576208;40828417;41026583","subsection-synthesis","ccr-2025-immunotherapy-fulltext-language.md","Vocabulary and collocation bank","Cellular therapy, engineering, and manufacturing","148","conventional-term-or-collocation"
"CCRLANG-0053","2026-09-14","dominant-negative TGF-beta receptor","methods","introduction;results;discussion","terminology","cellular-therapy","vocabulary","mixed","ccr-2025-immunotherapy-17","39466024;39576208;40828417;41026583","subsection-synthesis","ccr-2025-immunotherapy-fulltext-language.md","Vocabulary and collocation bank","Cellular therapy, engineering, and manufacturing","149","conventional-term-or-collocation"
"CCRLANG-0054","2026-09-14","self-cleaving T2A peptide","methods","introduction;results;discussion","terminology","cellular-therapy","vocabulary","mixed","ccr-2025-immunotherapy-17","39466024;39576208;40828417;41026583","subsection-synthesis","ccr-2025-immunotherapy-fulltext-language.md","Vocabulary and collocation bank","Cellular therapy, engineering, and manufacturing","150","conventional-term-or-collocation"
"CCRLANG-0055","2026-09-14","effector-to-target ratio","methods","introduction;results;discussion","terminology","cellular-therapy","vocabulary","mixed","ccr-2025-immunotherapy-17","39466024;39576208;40828417;41026583","subsection-synthesis","ccr-2025-immunotherapy-fulltext-language.md","Vocabulary and collocation bank","Cellular therapy, engineering, and manufacturing","151","conventional-term-or-collocation"
"CCRLANG-0056","2026-09-14","antigen-dependent activation","methods","introduction;results;discussion","terminology","cellular-therapy","vocabulary","mixed","ccr-2025-immunotherapy-17","39466024;39576208;40828417;41026583","subsection-synthesis","ccr-2025-immunotherapy-fulltext-language.md","Vocabulary and collocation bank","Cellular therapy, engineering, and manufacturing","152","conventional-term-or-collocation"
"CCRLANG-0057","2026-09-14","CAR-independent natural cytotoxicity","methods","introduction;results;discussion","terminology","cellular-therapy","vocabulary","mixed","ccr-2025-immunotherapy-17","39466024;39576208;40828417;41026583","subsection-synthesis","ccr-2025-immunotherapy-fulltext-language.md","Vocabulary and collocation bank","Cellular therapy, engineering, and manufacturing","153","conventional-term-or-collocation"
"CCRLANG-0058","2026-09-14","target-antigen density","methods","introduction;results;discussion","terminology","cellular-therapy","vocabulary","mixed","ccr-2025-immunotherapy-17","39466024;39576208;40828417;41026583","subsection-synthesis","ccr-2025-immunotherapy-fulltext-language.md","Vocabulary and collocation bank","Cellular therapy, engineering, and manufacturing","154","conventional-term-or-collocation"
"CCRLANG-0059","2026-09-14","target-antigen loss","methods","introduction;results;discussion","terminology","cellular-therapy","vocabulary","mixed","ccr-2025-immunotherapy-17","39466024;39576208;40828417;41026583","subsection-synthesis","ccr-2025-immunotherapy-fulltext-language.md","Vocabulary and collocation bank","Cellular therapy, engineering, and manufacturing","155","conventional-term-or-collocation"
"CCRLANG-0060","2026-09-14","on-target/off-tumor reactivity","methods","introduction;results;discussion","terminology","cellular-therapy","vocabulary","mixed","ccr-2025-immunotherapy-17","39466024;39576208;40828417;41026583","subsection-synthesis","ccr-2025-immunotherapy-fulltext-language.md","Vocabulary and collocation bank","Cellular therapy, engineering, and manufacturing","156","conventional-term-or-collocation"
"CCRLANG-0061","2026-09-14","in vivo expansion and persistence","methods","introduction;results;discussion","terminology","cellular-therapy","vocabulary","mixed","ccr-2025-immunotherapy-17","39466024;39576208;40828417;41026583","subsection-synthesis","ccr-2025-immunotherapy-fulltext-language.md","Vocabulary and collocation bank","Cellular therapy, engineering, and manufacturing","157","conventional-term-or-collocation"
"CCRLANG-0062","2026-09-14","tumor trafficking and infiltration","methods","introduction;results;discussion","terminology","cellular-therapy","vocabulary","mixed","ccr-2025-immunotherapy-17","39466024;39576208;40828417;41026583","subsection-synthesis","ccr-2025-immunotherapy-fulltext-language.md","Vocabulary and collocation bank","Cellular therapy, engineering, and manufacturing","158","conventional-term-or-collocation"
"CCRLANG-0063","2026-09-14","anti-CAR immune response","methods","introduction;results;discussion","terminology","cellular-therapy","vocabulary","mixed","ccr-2025-immunotherapy-17","39466024;39576208;40828417;41026583","subsection-synthesis","ccr-2025-immunotherapy-fulltext-language.md","Vocabulary and collocation bank","Cellular therapy, engineering, and manufacturing","159","conventional-term-or-collocation"
"CCRLANG-0064","2026-09-14","xenogeneic graft-versus-host disease","methods","introduction;results;discussion","terminology","cellular-therapy","vocabulary","mixed","ccr-2025-immunotherapy-17","39466024;39576208;40828417;41026583","subsection-synthesis","ccr-2025-immunotherapy-fulltext-language.md","Vocabulary and collocation bank","Cellular therapy, engineering, and manufacturing","160","conventional-term-or-collocation"
"CCRLANG-0065","2026-09-14","off-the-shelf potential","methods","introduction;results;discussion","terminology","cellular-therapy","vocabulary","mixed","ccr-2025-immunotherapy-17","39466024;39576208;40828417;41026583","subsection-synthesis","ccr-2025-immunotherapy-fulltext-language.md","Vocabulary and collocation bank","Cellular therapy, engineering, and manufacturing","161","conventional-term-or-collocation"
"CCRLANG-0066","2026-09-14","NK-tailored signaling architecture","methods","introduction;results;discussion","terminology","cellular-therapy","vocabulary","mixed","ccr-2025-immunotherapy-17","39466024;39576208;40828417;41026583","subsection-synthesis","ccr-2025-immunotherapy-fulltext-language.md","Vocabulary and collocation bank","Cellular therapy, engineering, and manufacturing","162","conventional-term-or-collocation"
"CCRLANG-0067","2026-09-14","replication-incompetent adenoviral vector","methods","introduction;results;discussion;conclusion","terminology","drug-engineering-pharmacology","vocabulary","mixed","ccr-2025-immunotherapy-17","40208070;40499141;40928991","subsection-synthesis","ccr-2025-immunotherapy-fulltext-language.md","Vocabulary and collocation bank","ADC, gene therapy, and pharmacology","166","conventional-term-or-collocation"
"CCRLANG-0068","2026-09-14","intratumoral gene delivery","methods","introduction;results;discussion;conclusion","terminology","drug-engineering-pharmacology","vocabulary","mixed","ccr-2025-immunotherapy-17","40208070;40499141;40928991","subsection-synthesis","ccr-2025-immunotherapy-fulltext-language.md","Vocabulary and collocation bank","ADC, gene therapy, and pharmacology","167","conventional-term-or-collocation"
"CCRLANG-0069","2026-09-14","multiplicity of infection","methods","introduction;results;discussion;conclusion","terminology","drug-engineering-pharmacology","vocabulary","mixed","ccr-2025-immunotherapy-17","40208070;40499141;40928991","subsection-synthesis","ccr-2025-immunotherapy-fulltext-language.md","Vocabulary and collocation bank","ADC, gene therapy, and pharmacology","168","conventional-term-or-collocation"
"CCRLANG-0070","2026-09-14","bifunctional bispecific antibody-drug conjugate","methods","introduction;results;discussion;conclusion","terminology","drug-engineering-pharmacology","vocabulary","mixed","ccr-2025-immunotherapy-17","40208070;40499141;40928991","subsection-synthesis","ccr-2025-immunotherapy-fulltext-language.md","Vocabulary and collocation bank","ADC, gene therapy, and pharmacology","169","conventional-term-or-collocation"
"CCRLANG-0071","2026-09-14","drug-to-antibody ratio","methods","introduction;results;discussion;conclusion","terminology","drug-engineering-pharmacology","vocabulary","mixed","ccr-2025-immunotherapy-17","40208070;40499141;40928991","subsection-synthesis","ccr-2025-immunotherapy-fulltext-language.md","Vocabulary and collocation bank","ADC, gene therapy, and pharmacology","170","conventional-term-or-collocation"
"CCRLANG-0072","2026-09-14","tetrapeptide-based cleavable linker","methods","introduction;results;discussion;conclusion","terminology","drug-engineering-pharmacology","vocabulary","mixed","ccr-2025-immunotherapy-17","40208070;40499141;40928991","subsection-synthesis","ccr-2025-immunotherapy-fulltext-language.md","Vocabulary and collocation bank","ADC, gene therapy, and pharmacology","171","conventional-term-or-collocation"
"CCRLANG-0073","2026-09-14","topoisomerase I inhibitor payload","methods","introduction;results;discussion;conclusion","terminology","drug-engineering-pharmacology","vocabulary","mixed","ccr-2025-immunotherapy-17","40208070;40499141;40928991","subsection-synthesis","ccr-2025-immunotherapy-fulltext-language.md","Vocabulary and collocation bank","ADC, gene therapy, and pharmacology","172","conventional-term-or-collocation"
"CCRLANG-0074","2026-09-14","target-specific internalization","methods","introduction;results;discussion;conclusion","terminology","drug-engineering-pharmacology","vocabulary","mixed","ccr-2025-immunotherapy-17","40208070;40499141;40928991","subsection-synthesis","ccr-2025-immunotherapy-fulltext-language.md","Vocabulary and collocation bank","ADC, gene therapy, and pharmacology","173","conventional-term-or-collocation"
"CCRLANG-0075","2026-09-14","lysosomal trafficking and payload release","methods","introduction;results;discussion;conclusion","terminology","drug-engineering-pharmacology","vocabulary","mixed","ccr-2025-immunotherapy-17","40208070;40499141;40928991","subsection-synthesis","ccr-2025-immunotherapy-fulltext-language.md","Vocabulary and collocation bank","ADC, gene therapy, and pharmacology","174","conventional-term-or-collocation"
"CCRLANG-0076","2026-09-14","payload-mediated DNA damage","methods","introduction;results;discussion;conclusion","terminology","drug-engineering-pharmacology","vocabulary","mixed","ccr-2025-immunotherapy-17","40208070;40499141;40928991","subsection-synthesis","ccr-2025-immunotherapy-fulltext-language.md","Vocabulary and collocation bank","ADC, gene therapy, and pharmacology","175","conventional-term-or-collocation"
"CCRLANG-0077","2026-09-14","phosphorylated H2AX","methods","introduction;results;discussion;conclusion","terminology","drug-engineering-pharmacology","vocabulary","mixed","ccr-2025-immunotherapy-17","40208070;40499141;40928991","subsection-synthesis","ccr-2025-immunotherapy-fulltext-language.md","Vocabulary and collocation bank","ADC, gene therapy, and pharmacology","176","conventional-term-or-collocation"
"CCRLANG-0078","2026-09-14","cleaved PARP","methods","introduction;results;discussion;conclusion","terminology","drug-engineering-pharmacology","vocabulary","mixed","ccr-2025-immunotherapy-17","40208070;40499141;40928991","subsection-synthesis","ccr-2025-immunotherapy-fulltext-language.md","Vocabulary and collocation bank","ADC, gene therapy, and pharmacology","176","conventional-term-or-collocation"
"CCRLANG-0079","2026-09-14","bystander-killing effect","methods","introduction;results;discussion;conclusion","terminology","drug-engineering-pharmacology","vocabulary","mixed","ccr-2025-immunotherapy-17","40208070;40499141;40928991","subsection-synthesis","ccr-2025-immunotherapy-fulltext-language.md","Vocabulary and collocation bank","ADC, gene therapy, and pharmacology","177","conventional-term-or-collocation"
"CCRLANG-0080","2026-09-14","antibody-dependent cellular cytotoxicity","methods","introduction;results;discussion;conclusion","terminology","drug-engineering-pharmacology","vocabulary","mixed","ccr-2025-immunotherapy-17","40208070;40499141;40928991","subsection-synthesis","ccr-2025-immunotherapy-fulltext-language.md","Vocabulary and collocation bank","ADC, gene therapy, and pharmacology","178","conventional-term-or-collocation"
"CCRLANG-0081","2026-09-14","therapeutic index","methods","introduction;results;discussion;conclusion","terminology","drug-engineering-pharmacology","vocabulary","mixed","ccr-2025-immunotherapy-17","40208070;40499141;40928991","subsection-synthesis","ccr-2025-immunotherapy-fulltext-language.md","Vocabulary and collocation bank","ADC, gene therapy, and pharmacology","179","conventional-term-or-collocation"
"CCRLANG-0082","2026-09-14","therapeutic window","methods","introduction;results;discussion;conclusion","terminology","drug-engineering-pharmacology","vocabulary","mixed","ccr-2025-immunotherapy-17","40208070;40499141;40928991","subsection-synthesis","ccr-2025-immunotherapy-fulltext-language.md","Vocabulary and collocation bank","ADC, gene therapy, and pharmacology","179","conventional-term-or-collocation"
"CCRLANG-0083","2026-09-14","circulating linker-payload stability","methods","introduction;results;discussion;conclusion","terminology","drug-engineering-pharmacology","vocabulary","mixed","ccr-2025-immunotherapy-17","40208070;40499141;40928991","subsection-synthesis","ccr-2025-immunotherapy-fulltext-language.md","Vocabulary and collocation bank","ADC, gene therapy, and pharmacology","180","conventional-term-or-collocation"
"CCRLANG-0084","2026-09-14","highest nonseverely toxic dose","methods","introduction;results;discussion;conclusion","terminology","drug-engineering-pharmacology","vocabulary","mixed","ccr-2025-immunotherapy-17","40208070;40499141;40928991","subsection-synthesis","ccr-2025-immunotherapy-fulltext-language.md","Vocabulary and collocation bank","ADC, gene therapy, and pharmacology","181","conventional-term-or-collocation"
"CCRLANG-0085","2026-09-14","reversibility of toxic changes","methods","introduction;results;discussion;conclusion","terminology","drug-engineering-pharmacology","vocabulary","mixed","ccr-2025-immunotherapy-17","40208070;40499141;40928991","subsection-synthesis","ccr-2025-immunotherapy-fulltext-language.md","Vocabulary and collocation bank","ADC, gene therapy, and pharmacology","182","conventional-term-or-collocation"
"CCRLANG-0086","2026-09-14","whole-transcriptome sequencing","methods","abstract;introduction;results;discussion","terminology","genomics-transcriptomics-bioinformatics","vocabulary","mixed","ccr-2025-immunotherapy-17","39545922;39786430;40208070;40247431;40553459;40788282;40828417;40864503;41065506","subsection-synthesis","ccr-2025-immunotherapy-fulltext-language.md","Vocabulary and collocation bank","Transcriptomics, genomics, and bioinformatics","186","conventional-term-or-collocation"
"CCRLANG-0087","2026-09-14","transcripts per million","methods","abstract;introduction;results;discussion","terminology","genomics-transcriptomics-bioinformatics","vocabulary","mixed","ccr-2025-immunotherapy-17","39545922;39786430;40208070;40247431;40553459;40788282;40828417;40864503;41065506","subsection-synthesis","ccr-2025-immunotherapy-fulltext-language.md","Vocabulary and collocation bank","Transcriptomics, genomics, and bioinformatics","187","conventional-term-or-collocation"
"CCRLANG-0088","2026-09-14","gene-ratio classifier","methods","abstract;introduction;results;discussion","terminology","genomics-transcriptomics-bioinformatics","vocabulary","mixed","ccr-2025-immunotherapy-17","39545922;39786430;40208070;40247431;40553459;40788282;40828417;40864503;41065506","subsection-synthesis","ccr-2025-immunotherapy-fulltext-language.md","Vocabulary and collocation bank","Transcriptomics, genomics, and bioinformatics","188","conventional-term-or-collocation"
"CCRLANG-0089","2026-09-14","consensus subtype assignment","methods","abstract;introduction;results;discussion","terminology","genomics-transcriptomics-bioinformatics","vocabulary","mixed","ccr-2025-immunotherapy-17","39545922;39786430;40208070;40247431;40553459;40788282;40828417;40864503;41065506","subsection-synthesis","ccr-2025-immunotherapy-fulltext-language.md","Vocabulary and collocation bank","Transcriptomics, genomics, and bioinformatics","189","conventional-term-or-collocation"
"CCRLANG-0090","2026-09-14","equivocal subtype assignment","methods","abstract;introduction;results;discussion","terminology","genomics-transcriptomics-bioinformatics","vocabulary","mixed","ccr-2025-immunotherapy-17","39545922;39786430;40208070;40247431;40553459;40788282;40828417;40864503;41065506","subsection-synthesis","ccr-2025-immunotherapy-fulltext-language.md","Vocabulary and collocation bank","Transcriptomics, genomics, and bioinformatics","190","conventional-term-or-collocation"
"CCRLANG-0091","2026-09-14","bulk-RNA immune deconvolution","methods","abstract;introduction;results;discussion","terminology","genomics-transcriptomics-bioinformatics","vocabulary","mixed","ccr-2025-immunotherapy-17","39545922;39786430;40208070;40247431;40553459;40788282;40828417;40864503;41065506","subsection-synthesis","ccr-2025-immunotherapy-fulltext-language.md","Vocabulary and collocation bank","Transcriptomics, genomics, and bioinformatics","191","conventional-term-or-collocation"
"CCRLANG-0092","2026-09-14","estimated immune-cell abundance","methods","abstract;introduction;results;discussion","terminology","genomics-transcriptomics-bioinformatics","vocabulary","mixed","ccr-2025-immunotherapy-17","39545922;39786430;40208070;40247431;40553459;40788282;40828417;40864503;41065506","subsection-synthesis","ccr-2025-immunotherapy-fulltext-language.md","Vocabulary and collocation bank","Transcriptomics, genomics, and bioinformatics","192","conventional-term-or-collocation"
"CCRLANG-0093","2026-09-14","T-cell-inflamed gene signature","methods","abstract;introduction;results;discussion","terminology","genomics-transcriptomics-bioinformatics","vocabulary","mixed","ccr-2025-immunotherapy-17","39545922;39786430;40208070;40247431;40553459;40788282;40828417;40864503;41065506","subsection-synthesis","ccr-2025-immunotherapy-fulltext-language.md","Vocabulary and collocation bank","Transcriptomics, genomics, and bioinformatics","193","conventional-term-or-collocation"
"CCRLANG-0094","2026-09-14","IFN-gamma-related signature","methods","abstract;introduction;results;discussion","terminology","genomics-transcriptomics-bioinformatics","vocabulary","mixed","ccr-2025-immunotherapy-17","39545922;39786430;40208070;40247431;40553459;40788282;40828417;40864503;41065506","subsection-synthesis","ccr-2025-immunotherapy-fulltext-language.md","Vocabulary and collocation bank","Transcriptomics, genomics, and bioinformatics","194","conventional-term-or-collocation"
"CCRLANG-0095","2026-09-14","single-cell RNA and TCR sequencing","methods","abstract;introduction;results;discussion","terminology","genomics-transcriptomics-bioinformatics","vocabulary","mixed","ccr-2025-immunotherapy-17","39545922;39786430;40208070;40247431;40553459;40788282;40828417;40864503;41065506","subsection-synthesis","ccr-2025-immunotherapy-fulltext-language.md","Vocabulary and collocation bank","Transcriptomics, genomics, and bioinformatics","195","conventional-term-or-collocation"
"CCRLANG-0096","2026-09-14","pseudobulk differential expression","methods","abstract;introduction;results;discussion","terminology","genomics-transcriptomics-bioinformatics","vocabulary","mixed","ccr-2025-immunotherapy-17","39545922;39786430;40208070;40247431;40553459;40788282;40828417;40864503;41065506","subsection-synthesis","ccr-2025-immunotherapy-fulltext-language.md","Vocabulary and collocation bank","Transcriptomics, genomics, and bioinformatics","196","conventional-term-or-collocation"
"CCRLANG-0097","2026-09-14","clonotype-linked cell state","methods","abstract;introduction;results;discussion","terminology","genomics-transcriptomics-bioinformatics","vocabulary","mixed","ccr-2025-immunotherapy-17","39545922;39786430;40208070;40247431;40553459;40788282;40828417;40864503;41065506","subsection-synthesis","ccr-2025-immunotherapy-fulltext-language.md","Vocabulary and collocation bank","Transcriptomics, genomics, and bioinformatics","197","conventional-term-or-collocation"
"CCRLANG-0098","2026-09-14","mitochondrial and ribosomal read filtering","methods","abstract;introduction;results;discussion","terminology","genomics-transcriptomics-bioinformatics","vocabulary","mixed","ccr-2025-immunotherapy-17","39545922;39786430;40208070;40247431;40553459;40788282;40828417;40864503;41065506","subsection-synthesis","ccr-2025-immunotherapy-fulltext-language.md","Vocabulary and collocation bank","Transcriptomics, genomics, and bioinformatics","198","conventional-term-or-collocation"
"CCRLANG-0099","2026-09-14","batch-effect correction","methods","abstract;introduction;results;discussion","terminology","genomics-transcriptomics-bioinformatics","vocabulary","mixed","ccr-2025-immunotherapy-17","39545922;39786430;40208070;40247431;40553459;40788282;40828417;40864503;41065506","subsection-synthesis","ccr-2025-immunotherapy-fulltext-language.md","Vocabulary and collocation bank","Transcriptomics, genomics, and bioinformatics","199","conventional-term-or-collocation"
"CCRLANG-0100","2026-09-14","imputed gene expression","methods","abstract;introduction;results;discussion","terminology","genomics-transcriptomics-bioinformatics","vocabulary","mixed","ccr-2025-immunotherapy-17","39545922;39786430;40208070;40247431;40553459;40788282;40828417;40864503;41065506","subsection-synthesis","ccr-2025-immunotherapy-fulltext-language.md","Vocabulary and collocation bank","Transcriptomics, genomics, and bioinformatics","200","conventional-term-or-collocation"
"CCRLANG-0101","2026-09-14","whole-exome sequencing with matched germline","methods","abstract;introduction;results;discussion","terminology","genomics-transcriptomics-bioinformatics","vocabulary","mixed","ccr-2025-immunotherapy-17","39545922;39786430;40208070;40247431;40553459;40788282;40828417;40864503;41065506","subsection-synthesis","ccr-2025-immunotherapy-fulltext-language.md","Vocabulary and collocation bank","Transcriptomics, genomics, and bioinformatics","201","conventional-term-or-collocation"
"CCRLANG-0102","2026-09-14","hybrid-capture comprehensive genomic profiling","methods","abstract;introduction;results;discussion","terminology","genomics-transcriptomics-bioinformatics","vocabulary","mixed","ccr-2025-immunotherapy-17","39545922;39786430;40208070;40247431;40553459;40788282;40828417;40864503;41065506","subsection-synthesis","ccr-2025-immunotherapy-fulltext-language.md","Vocabulary and collocation bank","Transcriptomics, genomics, and bioinformatics","202","conventional-term-or-collocation"
"CCRLANG-0103","2026-09-14","known or likely deleterious alteration","methods","abstract;introduction;results;discussion","terminology","genomics-transcriptomics-bioinformatics","vocabulary","mixed","ccr-2025-immunotherapy-17","39545922;39786430;40208070;40247431;40553459;40788282;40828417;40864503;41065506","subsection-synthesis","ccr-2025-immunotherapy-fulltext-language.md","Vocabulary and collocation bank","Transcriptomics, genomics, and bioinformatics","203","conventional-term-or-collocation"
"CCRLANG-0104","2026-09-14","variant of unknown significance","methods","abstract;introduction;results;discussion","terminology","genomics-transcriptomics-bioinformatics","vocabulary","mixed","ccr-2025-immunotherapy-17","39545922;39786430;40208070;40247431;40553459;40788282;40828417;40864503;41065506","subsection-synthesis","ccr-2025-immunotherapy-fulltext-language.md","Vocabulary and collocation bank","Transcriptomics, genomics, and bioinformatics","204","conventional-term-or-collocation"
"CCRLANG-0105","2026-09-14","tumor mutational burden category","methods","abstract;introduction;results;discussion","terminology","genomics-transcriptomics-bioinformatics","vocabulary","mixed","ccr-2025-immunotherapy-17","39545922;39786430;40208070;40247431;40553459;40788282;40828417;40864503;41065506","subsection-synthesis","ccr-2025-immunotherapy-fulltext-language.md","Vocabulary and collocation bank","Transcriptomics, genomics, and bioinformatics","205","conventional-term-or-collocation"
"CCRLANG-0106","2026-09-14","public-dataset reanalysis","methods","abstract;introduction;results;discussion","terminology","genomics-transcriptomics-bioinformatics","vocabulary","mixed","ccr-2025-immunotherapy-17","39545922;39786430;40208070;40247431;40553459;40788282;40828417;40864503;41065506","subsection-synthesis","ccr-2025-immunotherapy-fulltext-language.md","Vocabulary and collocation bank","Transcriptomics, genomics, and bioinformatics","206","conventional-term-or-collocation"
"CCRLANG-0107","2026-09-14","epithelial-mesenchymal transition score","methods","abstract;introduction;results;discussion","terminology","genomics-transcriptomics-bioinformatics","vocabulary","mixed","ccr-2025-immunotherapy-17","39545922;39786430;40208070;40247431;40553459;40788282;40828417;40864503;41065506","subsection-synthesis","ccr-2025-immunotherapy-fulltext-language.md","Vocabulary and collocation bank","Transcriptomics, genomics, and bioinformatics","207","conventional-term-or-collocation"
"CCRLANG-0108","2026-09-14","estimated","methods","abstract;introduction;results;discussion","terminology","genomics-transcriptomics-bioinformatics","vocabulary","mixed","ccr-2025-immunotherapy-17","39545922;39786430;40208070;40247431;40553459;40788282;40828417;40864503;41065506","subsection-synthesis","ccr-2025-immunotherapy-fulltext-language.md","Vocabulary and collocation bank","Transcriptomics, genomics, and bioinformatics","209","conventional-term-or-collocation"
"CCRLANG-0109","2026-09-14","deconvolved","methods","abstract;introduction;results;discussion","terminology","genomics-transcriptomics-bioinformatics","vocabulary","mixed","ccr-2025-immunotherapy-17","39545922;39786430;40208070;40247431;40553459;40788282;40828417;40864503;41065506","subsection-synthesis","ccr-2025-immunotherapy-fulltext-language.md","Vocabulary and collocation bank","Transcriptomics, genomics, and bioinformatics","209","conventional-term-or-collocation"
"CCRLANG-0110","2026-09-14","imputed","methods","abstract;introduction;results;discussion","terminology","genomics-transcriptomics-bioinformatics","vocabulary","mixed","ccr-2025-immunotherapy-17","39545922;39786430;40208070;40247431;40553459;40788282;40828417;40864503;41065506","subsection-synthesis","ccr-2025-immunotherapy-fulltext-language.md","Vocabulary and collocation bank","Transcriptomics, genomics, and bioinformatics","209","conventional-term-or-collocation"
"CCRLANG-0111","2026-09-14","inferred","methods","abstract;introduction;results;discussion","terminology","genomics-transcriptomics-bioinformatics","vocabulary","mixed","ccr-2025-immunotherapy-17","39545922;39786430;40208070;40247431;40553459;40788282;40828417;40864503;41065506","subsection-synthesis","ccr-2025-immunotherapy-fulltext-language.md","Vocabulary and collocation bank","Transcriptomics, genomics, and bioinformatics","209","conventional-term-or-collocation"
"CCRLANG-0112","2026-09-14","immune infiltration was observed","methods","abstract;introduction;results;discussion","terminology","genomics-transcriptomics-bioinformatics","vocabulary","mixed","ccr-2025-immunotherapy-17","39545922;39786430;40208070;40247431;40553459;40788282;40828417;40864503;41065506","subsection-synthesis","ccr-2025-immunotherapy-fulltext-language.md","Vocabulary and collocation bank","Transcriptomics, genomics, and bioinformatics","209","conventional-term-or-collocation"
"CCRLANG-0113","2026-09-14","LRP1B alterations","methods","abstract;introduction;results;discussion","terminology","genomics-transcriptomics-bioinformatics","vocabulary","mixed","ccr-2025-immunotherapy-17","39545922;39786430;40208070;40247431;40553459;40788282;40828417;40864503;41065506","subsection-synthesis","ccr-2025-immunotherapy-fulltext-language.md","Vocabulary and collocation bank","Transcriptomics, genomics, and bioinformatics","209","conventional-term-or-collocation"
"CCRLANG-0114","2026-09-14","LRP1B loss","methods","abstract;introduction;results;discussion","terminology","genomics-transcriptomics-bioinformatics","vocabulary","mixed","ccr-2025-immunotherapy-17","39545922;39786430;40208070;40247431;40553459;40788282;40828417;40864503;41065506","subsection-synthesis","ccr-2025-immunotherapy-fulltext-language.md","Vocabulary and collocation bank","Transcriptomics, genomics, and bioinformatics","209","conventional-term-or-collocation"
"CCRLANG-0115","2026-09-14","global proteome profiling","methods","abstract;introduction;results;discussion","terminology","proteomics-immunopeptidomics","vocabulary","mixed","ccr-2025-immunotherapy-17","40208070","single-paper-synthesis","ccr-2025-immunotherapy-fulltext-language.md","Vocabulary and collocation bank","Proteomics and immunopeptidomics","213","conventional-term-or-collocation"
"CCRLANG-0116","2026-09-14","secretome profiling","methods","abstract;introduction;results;discussion","terminology","proteomics-immunopeptidomics","vocabulary","mixed","ccr-2025-immunotherapy-17","40208070","single-paper-synthesis","ccr-2025-immunotherapy-fulltext-language.md","Vocabulary and collocation bank","Proteomics and immunopeptidomics","214","conventional-term-or-collocation"
"CCRLANG-0117","2026-09-14","liquid chromatography-tandem mass spectrometry","methods","abstract;introduction;results;discussion","terminology","proteomics-immunopeptidomics","vocabulary","mixed","ccr-2025-immunotherapy-17","40208070","single-paper-synthesis","ccr-2025-immunotherapy-fulltext-language.md","Vocabulary and collocation bank","Proteomics and immunopeptidomics","215","conventional-term-or-collocation"
"CCRLANG-0118","2026-09-14","basic-pH reversed-phase fractionation","methods","abstract;introduction;results;discussion","terminology","proteomics-immunopeptidomics","vocabulary","mixed","ccr-2025-immunotherapy-17","40208070","single-paper-synthesis","ccr-2025-immunotherapy-fulltext-language.md","Vocabulary and collocation bank","Proteomics and immunopeptidomics","216","conventional-term-or-collocation"
"CCRLANG-0119","2026-09-14","differentially abundant secreted protein","methods","abstract;introduction;results;discussion","terminology","proteomics-immunopeptidomics","vocabulary","mixed","ccr-2025-immunotherapy-17","40208070","single-paper-synthesis","ccr-2025-immunotherapy-fulltext-language.md","Vocabulary and collocation bank","Proteomics and immunopeptidomics","217","conventional-term-or-collocation"
"CCRLANG-0120","2026-09-14","integrated transcriptomic-proteomic pathway analysis","methods","abstract;introduction;results;discussion","terminology","proteomics-immunopeptidomics","vocabulary","mixed","ccr-2025-immunotherapy-17","40208070","single-paper-synthesis","ccr-2025-immunotherapy-fulltext-language.md","Vocabulary and collocation bank","Proteomics and immunopeptidomics","218","conventional-term-or-collocation"
"CCRLANG-0121","2026-09-14","MHC class I immunopeptidomics","methods","abstract;introduction;results;discussion","terminology","proteomics-immunopeptidomics","vocabulary","mixed","ccr-2025-immunotherapy-17","40208070","single-paper-synthesis","ccr-2025-immunotherapy-fulltext-language.md","Vocabulary and collocation bank","Proteomics and immunopeptidomics","219","conventional-term-or-collocation"
"CCRLANG-0122","2026-09-14","MHC-bound ligand peptide","methods","abstract;introduction;results;discussion","terminology","proteomics-immunopeptidomics","vocabulary","mixed","ccr-2025-immunotherapy-17","40208070","single-paper-synthesis","ccr-2025-immunotherapy-fulltext-language.md","Vocabulary and collocation bank","Proteomics and immunopeptidomics","220","conventional-term-or-collocation"
"CCRLANG-0123","2026-09-14","target-decoy database search","methods","abstract;introduction;results;discussion","terminology","proteomics-immunopeptidomics","vocabulary","mixed","ccr-2025-immunotherapy-17","40208070","single-paper-synthesis","ccr-2025-immunotherapy-fulltext-language.md","Vocabulary and collocation bank","Proteomics and immunopeptidomics","221","conventional-term-or-collocation"
"CCRLANG-0124","2026-09-14","peptide-level false discovery rate","methods","abstract;introduction;results;discussion","terminology","proteomics-immunopeptidomics","vocabulary","mixed","ccr-2025-immunotherapy-17","40208070","single-paper-synthesis","ccr-2025-immunotherapy-fulltext-language.md","Vocabulary and collocation bank","Proteomics and immunopeptidomics","222","conventional-term-or-collocation"
"CCRLANG-0125","2026-09-14","neopeptide burden","methods","abstract;introduction;results;discussion","terminology","proteomics-immunopeptidomics","vocabulary","mixed","ccr-2025-immunotherapy-17","40208070","single-paper-synthesis","ccr-2025-immunotherapy-fulltext-language.md","Vocabulary and collocation bank","Proteomics and immunopeptidomics","223","conventional-term-or-collocation"
"CCRLANG-0126","2026-09-14","proximity extension assay","methods","abstract;introduction;results;discussion","terminology","proteomics-immunopeptidomics","vocabulary","mixed","ccr-2025-immunotherapy-17","40208070","single-paper-synthesis","ccr-2025-immunotherapy-fulltext-language.md","Vocabulary and collocation bank","Proteomics and immunopeptidomics","224","conventional-term-or-collocation"
"CCRLANG-0127","2026-09-14","high-throughput plasma-protein profiling","methods","abstract;introduction;results;discussion","terminology","proteomics-immunopeptidomics","vocabulary","mixed","ccr-2025-immunotherapy-17","40208070","single-paper-synthesis","ccr-2025-immunotherapy-fulltext-language.md","Vocabulary and collocation bank","Proteomics and immunopeptidomics","225","conventional-term-or-collocation"
"CCRLANG-0128","2026-09-14","cross-platform concordance","methods","abstract;introduction;results;discussion","terminology","proteomics-immunopeptidomics","vocabulary","mixed","ccr-2025-immunotherapy-17","40208070","single-paper-synthesis","ccr-2025-immunotherapy-fulltext-language.md","Vocabulary and collocation bank","Proteomics and immunopeptidomics","226","conventional-term-or-collocation"
"CCRLANG-0129","2026-09-14","orthogonal protein-level support","methods","abstract;introduction;results;discussion","terminology","proteomics-immunopeptidomics","vocabulary","mixed","ccr-2025-immunotherapy-17","40208070","single-paper-synthesis","ccr-2025-immunotherapy-fulltext-language.md","Vocabulary and collocation bank","Proteomics and immunopeptidomics","227","conventional-term-or-collocation"
"CCRLANG-0130","2026-09-14","cellular proteome","methods","abstract;introduction;results;discussion","terminology","proteomics-immunopeptidomics","vocabulary","mixed","ccr-2025-immunotherapy-17","40208070","single-paper-synthesis","ccr-2025-immunotherapy-fulltext-language.md","Vocabulary and collocation bank","Proteomics and immunopeptidomics","229","conventional-term-or-collocation"
"CCRLANG-0131","2026-09-14","conditioned-medium secretome","methods","abstract;introduction;results;discussion","terminology","proteomics-immunopeptidomics","vocabulary","mixed","ccr-2025-immunotherapy-17","40208070","single-paper-synthesis","ccr-2025-immunotherapy-fulltext-language.md","Vocabulary and collocation bank","Proteomics and immunopeptidomics","229","conventional-term-or-collocation"
"CCRLANG-0132","2026-09-14","MHC-I immunopeptidome","methods","abstract;introduction;results;discussion","terminology","proteomics-immunopeptidomics","vocabulary","mixed","ccr-2025-immunotherapy-17","40208070","single-paper-synthesis","ccr-2025-immunotherapy-fulltext-language.md","Vocabulary and collocation bank","Proteomics and immunopeptidomics","229","conventional-term-or-collocation"
"CCRLANG-0133","2026-09-14","plasma protein panel","methods","abstract;introduction;results;discussion","terminology","proteomics-immunopeptidomics","vocabulary","mixed","ccr-2025-immunotherapy-17","40208070","single-paper-synthesis","ccr-2025-immunotherapy-fulltext-language.md","Vocabulary and collocation bank","Proteomics and immunopeptidomics","229","conventional-term-or-collocation"
"CCRLANG-0134","2026-09-14","peptide-based radiotracer","methods","abstract;introduction;results;discussion","terminology","imaging-spatial-assays","vocabulary","mixed","ccr-2025-immunotherapy-17","39545922;39821070;40208070;40343815","subsection-synthesis","ccr-2025-immunotherapy-fulltext-language.md","Vocabulary and collocation bank","Imaging and spatially resolved assays","233","conventional-term-or-collocation"
"CCRLANG-0135","2026-09-14","radiochemical purity and stability","methods","abstract;introduction;results;discussion","terminology","imaging-spatial-assays","vocabulary","mixed","ccr-2025-immunotherapy-17","39545922;39821070;40208070;40343815","subsection-synthesis","ccr-2025-immunotherapy-fulltext-language.md","Vocabulary and collocation bank","Imaging and spatially resolved assays","234","conventional-term-or-collocation"
"CCRLANG-0136","2026-09-14","small-animal PET biodistribution","methods","abstract;introduction;results;discussion","terminology","imaging-spatial-assays","vocabulary","mixed","ccr-2025-immunotherapy-17","39545922;39821070;40208070;40343815","subsection-synthesis","ccr-2025-immunotherapy-fulltext-language.md","Vocabulary and collocation bank","Imaging and spatially resolved assays","235","conventional-term-or-collocation"
"CCRLANG-0137","2026-09-14","tumor-to-background ratio","methods","abstract;introduction;results;discussion","terminology","imaging-spatial-assays","vocabulary","mixed","ccr-2025-immunotherapy-17","39545922;39821070;40208070;40343815","subsection-synthesis","ccr-2025-immunotherapy-fulltext-language.md","Vocabulary and collocation bank","Imaging and spatially resolved assays","236","conventional-term-or-collocation"
"CCRLANG-0138","2026-09-14","maximum","methods","abstract;introduction;results;discussion","terminology","imaging-spatial-assays","vocabulary","mixed","ccr-2025-immunotherapy-17","39545922;39821070;40208070;40343815","subsection-synthesis","ccr-2025-immunotherapy-fulltext-language.md","Vocabulary and collocation bank","Imaging and spatially resolved assays","237","conventional-term-or-collocation"
"CCRLANG-0139","2026-09-14","mean standardized uptake value","methods","abstract;introduction;results;discussion","terminology","imaging-spatial-assays","vocabulary","mixed","ccr-2025-immunotherapy-17","39545922;39821070;40208070;40343815","subsection-synthesis","ccr-2025-immunotherapy-fulltext-language.md","Vocabulary and collocation bank","Imaging and spatially resolved assays","237","conventional-term-or-collocation"
"CCRLANG-0140","2026-09-14","whole-body target-expression assessment","methods","abstract;introduction;results;discussion","terminology","imaging-spatial-assays","vocabulary","mixed","ccr-2025-immunotherapy-17","39545922;39821070;40208070;40343815","subsection-synthesis","ccr-2025-immunotherapy-fulltext-language.md","Vocabulary and collocation bank","Imaging and spatially resolved assays","238","conventional-term-or-collocation"
"CCRLANG-0141","2026-09-14","interlesional","methods","abstract;introduction;results;discussion","terminology","imaging-spatial-assays","vocabulary","mixed","ccr-2025-immunotherapy-17","39545922;39821070;40208070;40343815","subsection-synthesis","ccr-2025-immunotherapy-fulltext-language.md","Vocabulary and collocation bank","Imaging and spatially resolved assays","239","conventional-term-or-collocation"
"CCRLANG-0142","2026-09-14","intrapatient heterogeneity","methods","abstract;introduction;results;discussion","terminology","imaging-spatial-assays","vocabulary","mixed","ccr-2025-immunotherapy-17","39545922;39821070;40208070;40343815","subsection-synthesis","ccr-2025-immunotherapy-fulltext-language.md","Vocabulary and collocation bank","Imaging and spatially resolved assays","239","conventional-term-or-collocation"
"CCRLANG-0143","2026-09-14","SUVmax coefficient of variation","methods","abstract;introduction;results;discussion","terminology","imaging-spatial-assays","vocabulary","mixed","ccr-2025-immunotherapy-17","39545922;39821070;40208070;40343815","subsection-synthesis","ccr-2025-immunotherapy-fulltext-language.md","Vocabulary and collocation bank","Imaging and spatially resolved assays","240","conventional-term-or-collocation"
"CCRLANG-0144","2026-09-14","paired PET and tissue IHC","methods","abstract;introduction;results;discussion","terminology","imaging-spatial-assays","vocabulary","mixed","ccr-2025-immunotherapy-17","39545922;39821070;40208070;40343815","subsection-synthesis","ccr-2025-immunotherapy-fulltext-language.md","Vocabulary and collocation bank","Imaging and spatially resolved assays","241","conventional-term-or-collocation"
"CCRLANG-0145","2026-09-14","serial target-occupancy imaging","methods","abstract;introduction;results;discussion","terminology","imaging-spatial-assays","vocabulary","mixed","ccr-2025-immunotherapy-17","39545922;39821070;40208070;40343815","subsection-synthesis","ccr-2025-immunotherapy-fulltext-language.md","Vocabulary and collocation bank","Imaging and spatially resolved assays","242","conventional-term-or-collocation"
"CCRLANG-0146","2026-09-14","absorbed dose","methods","abstract;introduction;results;discussion","terminology","imaging-spatial-assays","vocabulary","mixed","ccr-2025-immunotherapy-17","39545922;39821070;40208070;40343815","subsection-synthesis","ccr-2025-immunotherapy-fulltext-language.md","Vocabulary and collocation bank","Imaging and spatially resolved assays","243","conventional-term-or-collocation"
"CCRLANG-0147","2026-09-14","effective dose","methods","abstract;introduction;results;discussion","terminology","imaging-spatial-assays","vocabulary","mixed","ccr-2025-immunotherapy-17","39545922;39821070;40208070;40343815","subsection-synthesis","ccr-2025-immunotherapy-fulltext-language.md","Vocabulary and collocation bank","Imaging and spatially resolved assays","243","conventional-term-or-collocation"
"CCRLANG-0148","2026-09-14","board-certified dual-reader assessment","methods","abstract;introduction;results;discussion","terminology","imaging-spatial-assays","vocabulary","mixed","ccr-2025-immunotherapy-17","39545922;39821070;40208070;40343815","subsection-synthesis","ccr-2025-immunotherapy-fulltext-language.md","Vocabulary and collocation bank","Imaging and spatially resolved assays","244","conventional-term-or-collocation"
"CCRLANG-0149","2026-09-14","imaging mass cytometry","methods","abstract;introduction;results;discussion","terminology","imaging-spatial-assays","vocabulary","mixed","ccr-2025-immunotherapy-17","39545922;39821070;40208070;40343815","subsection-synthesis","ccr-2025-immunotherapy-fulltext-language.md","Vocabulary and collocation bank","Imaging and spatially resolved assays","245","conventional-term-or-collocation"
"CCRLANG-0150","2026-09-14","region of interest","methods","abstract;introduction;results;discussion","terminology","imaging-spatial-assays","vocabulary","mixed","ccr-2025-immunotherapy-17","39545922;39821070;40208070;40343815","subsection-synthesis","ccr-2025-immunotherapy-fulltext-language.md","Vocabulary and collocation bank","Imaging and spatially resolved assays","246","conventional-term-or-collocation"
"CCRLANG-0151","2026-09-14","intratumoral and peritumoral localization","methods","abstract;introduction;results;discussion","terminology","imaging-spatial-assays","vocabulary","mixed","ccr-2025-immunotherapy-17","39545922;39821070;40208070;40343815","subsection-synthesis","ccr-2025-immunotherapy-fulltext-language.md","Vocabulary and collocation bank","Imaging and spatially resolved assays","247","conventional-term-or-collocation"
"CCRLANG-0152","2026-09-14","incorporation bias","methods","abstract;introduction;results;discussion","terminology","imaging-spatial-assays","vocabulary","mixed","ccr-2025-immunotherapy-17","39545922;39821070;40208070;40343815","subsection-synthesis","ccr-2025-immunotherapy-fulltext-language.md","Vocabulary and collocation bank","Imaging and spatially resolved assays","248","conventional-term-or-collocation"
"CCRLANG-0153","2026-09-14","isogenic target-positive and target-negative cells","methods","introduction;results;discussion;conclusion","terminology","preclinical-translational-experiments","vocabulary","mixed","ccr-2025-immunotherapy-17","39466024;40208070;40343815;40499141;40828417;41026583","subsection-synthesis","ccr-2025-immunotherapy-fulltext-language.md","Vocabulary and collocation bank","Basic and translational experiments","254","conventional-term-or-collocation"
"CCRLANG-0154","2026-09-14","cell-binding and competition assay","methods","introduction;results;discussion;conclusion","terminology","preclinical-translational-experiments","vocabulary","mixed","ccr-2025-immunotherapy-17","39466024;40208070;40343815;40499141;40828417;41026583","subsection-synthesis","ccr-2025-immunotherapy-fulltext-language.md","Vocabulary and collocation bank","Basic and translational experiments","255","conventional-term-or-collocation"
"CCRLANG-0155","2026-09-14","receptor-blocking experiment","methods","introduction;results;discussion;conclusion","terminology","preclinical-translational-experiments","vocabulary","mixed","ccr-2025-immunotherapy-17","39466024;40208070;40343815;40499141;40828417;41026583","subsection-synthesis","ccr-2025-immunotherapy-fulltext-language.md","Vocabulary and collocation bank","Basic and translational experiments","256","conventional-term-or-collocation"
"CCRLANG-0156","2026-09-14","real-time impedance-based killing assay","methods","introduction;results;discussion;conclusion","terminology","preclinical-translational-experiments","vocabulary","mixed","ccr-2025-immunotherapy-17","39466024;40208070;40343815;40499141;40828417;41026583","subsection-synthesis","ccr-2025-immunotherapy-fulltext-language.md","Vocabulary and collocation bank","Basic and translational experiments","257","conventional-term-or-collocation"
"CCRLANG-0157","2026-09-14","luciferase-based cell-lysis assay","methods","introduction;results;discussion;conclusion","terminology","preclinical-translational-experiments","vocabulary","mixed","ccr-2025-immunotherapy-17","39466024;40208070;40343815;40499141;40828417;41026583","subsection-synthesis","ccr-2025-immunotherapy-fulltext-language.md","Vocabulary and collocation bank","Basic and translational experiments","258","conventional-term-or-collocation"
"CCRLANG-0158","2026-09-14","caspase-3/7 apoptosis assay","methods","introduction;results;discussion;conclusion","terminology","preclinical-translational-experiments","vocabulary","mixed","ccr-2025-immunotherapy-17","39466024;40208070;40343815;40499141;40828417;41026583","subsection-synthesis","ccr-2025-immunotherapy-fulltext-language.md","Vocabulary and collocation bank","Basic and translational experiments","259","conventional-term-or-collocation"
"CCRLANG-0159","2026-09-14","CFSE dilution assay","methods","introduction;results;discussion;conclusion","terminology","preclinical-translational-experiments","vocabulary","mixed","ccr-2025-immunotherapy-17","39466024;40208070;40343815;40499141;40828417;41026583","subsection-synthesis","ccr-2025-immunotherapy-fulltext-language.md","Vocabulary and collocation bank","Basic and translational experiments","260","conventional-term-or-collocation"
"CCRLANG-0160","2026-09-14","cytokine-release assay","methods","introduction;results;discussion;conclusion","terminology","preclinical-translational-experiments","vocabulary","mixed","ccr-2025-immunotherapy-17","39466024;40208070;40343815;40499141;40828417;41026583","subsection-synthesis","ccr-2025-immunotherapy-fulltext-language.md","Vocabulary and collocation bank","Basic and translational experiments","261","conventional-term-or-collocation"
"CCRLANG-0161","2026-09-14","flow-cytometric phenotyping","methods","introduction;results;discussion;conclusion","terminology","preclinical-translational-experiments","vocabulary","mixed","ccr-2025-immunotherapy-17","39466024;40208070;40343815;40499141;40828417;41026583","subsection-synthesis","ccr-2025-immunotherapy-fulltext-language.md","Vocabulary and collocation bank","Basic and translational experiments","262","conventional-term-or-collocation"
"CCRLANG-0162","2026-09-14","mass cytometry by time of flight","methods","introduction;results;discussion;conclusion","terminology","preclinical-translational-experiments","vocabulary","mixed","ccr-2025-immunotherapy-17","39466024;40208070;40343815;40499141;40828417;41026583","subsection-synthesis","ccr-2025-immunotherapy-fulltext-language.md","Vocabulary and collocation bank","Basic and translational experiments","263","conventional-term-or-collocation"
"CCRLANG-0163","2026-09-14","syngeneic immunocompetent model","methods","introduction;results;discussion;conclusion","terminology","preclinical-translational-experiments","vocabulary","mixed","ccr-2025-immunotherapy-17","39466024;40208070;40343815;40499141;40828417;41026583","subsection-synthesis","ccr-2025-immunotherapy-fulltext-language.md","Vocabulary and collocation bank","Basic and translational experiments","264","conventional-term-or-collocation"
"CCRLANG-0164","2026-09-14","cell-line-derived xenograft","methods","introduction;results;discussion;conclusion","terminology","preclinical-translational-experiments","vocabulary","mixed","ccr-2025-immunotherapy-17","39466024;40208070;40343815;40499141;40828417;41026583","subsection-synthesis","ccr-2025-immunotherapy-fulltext-language.md","Vocabulary and collocation bank","Basic and translational experiments","265","conventional-term-or-collocation"
"CCRLANG-0165","2026-09-14","patient-derived xenograft","methods","introduction;results;discussion;conclusion","terminology","preclinical-translational-experiments","vocabulary","mixed","ccr-2025-immunotherapy-17","39466024;40208070;40343815;40499141;40828417;41026583","subsection-synthesis","ccr-2025-immunotherapy-fulltext-language.md","Vocabulary and collocation bank","Basic and translational experiments","265","conventional-term-or-collocation"
"CCRLANG-0166","2026-09-14","PBMC-humanized xenograft","methods","introduction;results;discussion;conclusion","terminology","preclinical-translational-experiments","vocabulary","mixed","ccr-2025-immunotherapy-17","39466024;40208070;40343815;40499141;40828417;41026583","subsection-synthesis","ccr-2025-immunotherapy-fulltext-language.md","Vocabulary and collocation bank","Basic and translational experiments","266","conventional-term-or-collocation"
"CCRLANG-0167","2026-09-14","drug-tolerant persister cell","methods","introduction;results;discussion;conclusion","terminology","preclinical-translational-experiments","vocabulary","mixed","ccr-2025-immunotherapy-17","39466024;40208070;40343815;40499141;40828417;41026583","subsection-synthesis","ccr-2025-immunotherapy-fulltext-language.md","Vocabulary and collocation bank","Basic and translational experiments","267","conventional-term-or-collocation"
"CCRLANG-0168","2026-09-14","fully drug-resistant cell","methods","introduction;results;discussion;conclusion","terminology","preclinical-translational-experiments","vocabulary","mixed","ccr-2025-immunotherapy-17","39466024;40208070;40343815;40499141;40828417;41026583","subsection-synthesis","ccr-2025-immunotherapy-fulltext-language.md","Vocabulary and collocation bank","Basic and translational experiments","268","conventional-term-or-collocation"
"CCRLANG-0169","2026-09-14","pharmacologic blockade","methods","introduction;results;discussion;conclusion","terminology","preclinical-translational-experiments","vocabulary","mixed","ccr-2025-immunotherapy-17","39466024;40208070;40343815;40499141;40828417;41026583","subsection-synthesis","ccr-2025-immunotherapy-fulltext-language.md","Vocabulary and collocation bank","Basic and translational experiments","269","conventional-term-or-collocation"
"CCRLANG-0170","2026-09-14","genetic blockade","methods","introduction;results;discussion;conclusion","terminology","preclinical-translational-experiments","vocabulary","mixed","ccr-2025-immunotherapy-17","39466024;40208070;40343815;40499141;40828417;41026583","subsection-synthesis","ccr-2025-immunotherapy-fulltext-language.md","Vocabulary and collocation bank","Basic and translational experiments","269","conventional-term-or-collocation"
"CCRLANG-0171","2026-09-14","loss-of-function perturbation","methods","introduction;results;discussion;conclusion","terminology","preclinical-translational-experiments","vocabulary","mixed","ccr-2025-immunotherapy-17","39466024;40208070;40343815;40499141;40828417;41026583","subsection-synthesis","ccr-2025-immunotherapy-fulltext-language.md","Vocabulary and collocation bank","Basic and translational experiments","270","conventional-term-or-collocation"
"CCRLANG-0172","2026-09-14","rescue experiment","methods","introduction;results;discussion;conclusion","terminology","preclinical-translational-experiments","vocabulary","mixed","ccr-2025-immunotherapy-17","39466024;40208070;40343815;40499141;40828417;41026583","subsection-synthesis","ccr-2025-immunotherapy-fulltext-language.md","Vocabulary and collocation bank","Basic and translational experiments","270","conventional-term-or-collocation"
"CCRLANG-0173","2026-09-14","blinded histopathologic assessment","methods","introduction;results;discussion;conclusion","terminology","preclinical-translational-experiments","vocabulary","mixed","ccr-2025-immunotherapy-17","39466024;40208070;40343815;40499141;40828417;41026583","subsection-synthesis","ccr-2025-immunotherapy-fulltext-language.md","Vocabulary and collocation bank","Basic and translational experiments","271","conventional-term-or-collocation"
"CCRLANG-0174","2026-09-14","orthogonal assay confirmation","methods","introduction;results;discussion;conclusion","terminology","preclinical-translational-experiments","vocabulary","mixed","ccr-2025-immunotherapy-17","39466024;40208070;40343815;40499141;40828417;41026583","subsection-synthesis","ccr-2025-immunotherapy-fulltext-language.md","Vocabulary and collocation bank","Basic and translational experiments","272","conventional-term-or-collocation"
"CCRLANG-0175","2026-09-14","reduced tumor volume","methods","introduction;results;discussion;conclusion","terminology","preclinical-translational-experiments","vocabulary","mixed","ccr-2025-immunotherapy-17","39466024;40208070;40343815;40499141;40828417;41026583","subsection-synthesis","ccr-2025-immunotherapy-fulltext-language.md","Vocabulary and collocation bank","Basic and translational experiments","274","conventional-term-or-collocation"
"CCRLANG-0176","2026-09-14","delayed growth","methods","introduction;results;discussion;conclusion","terminology","preclinical-translational-experiments","vocabulary","mixed","ccr-2025-immunotherapy-17","39466024;40208070;40343815;40499141;40828417;41026583","subsection-synthesis","ccr-2025-immunotherapy-fulltext-language.md","Vocabulary and collocation bank","Basic and translational experiments","274","conventional-term-or-collocation"
"CCRLANG-0177","2026-09-14","induced regression","methods","introduction;results;discussion;conclusion","terminology","preclinical-translational-experiments","vocabulary","mixed","ccr-2025-immunotherapy-17","39466024;40208070;40343815;40499141;40828417;41026583","subsection-synthesis","ccr-2025-immunotherapy-fulltext-language.md","Vocabulary and collocation bank","Basic and translational experiments","274","conventional-term-or-collocation"
"CCRLANG-0178","2026-09-14","prolonged murine survival","methods","introduction;results;discussion;conclusion","terminology","preclinical-translational-experiments","vocabulary","mixed","ccr-2025-immunotherapy-17","39466024;40208070;40343815;40499141;40828417;41026583","subsection-synthesis","ccr-2025-immunotherapy-fulltext-language.md","Vocabulary and collocation bank","Basic and translational experiments","274","conventional-term-or-collocation"
"CCRLANG-0179","2026-09-14","eradicated","methods","introduction;results;discussion;conclusion","terminology","preclinical-translational-experiments","vocabulary","mixed","ccr-2025-immunotherapy-17","39466024;40208070;40343815;40499141;40828417;41026583","subsection-synthesis","ccr-2025-immunotherapy-fulltext-language.md","Vocabulary and collocation bank","Basic and translational experiments","274","conventional-term-or-collocation"
"CCRLANG-0180","2026-09-14","population pharmacokinetic model-derived exposure metric","methods","abstract;results;discussion;conclusion","terminology","pharmacokinetics-exposure-response","vocabulary","mixed","ccr-2025-immunotherapy-17","40343815;40499141;40928991","subsection-synthesis","ccr-2025-immunotherapy-fulltext-language.md","Vocabulary and collocation bank","Pharmacokinetics and exposure-response modeling","278","conventional-term-or-collocation"
"CCRLANG-0181","2026-09-14","average concentration over the first treatment cycle","methods","abstract;results;discussion;conclusion","terminology","pharmacokinetics-exposure-response","vocabulary","mixed","ccr-2025-immunotherapy-17","40343815;40499141;40928991","subsection-synthesis","ccr-2025-immunotherapy-fulltext-language.md","Vocabulary and collocation bank","Pharmacokinetics and exposure-response modeling","279","conventional-term-or-collocation"
"CCRLANG-0182","2026-09-14","maximum concentration","methods","abstract;results;discussion;conclusion","terminology","pharmacokinetics-exposure-response","vocabulary","mixed","ccr-2025-immunotherapy-17","40343815;40499141;40928991","subsection-synthesis","ccr-2025-immunotherapy-fulltext-language.md","Vocabulary and collocation bank","Pharmacokinetics and exposure-response modeling","280","conventional-term-or-collocation"
"CCRLANG-0183","2026-09-14","trough concentration","methods","abstract;results;discussion;conclusion","terminology","pharmacokinetics-exposure-response","vocabulary","mixed","ccr-2025-immunotherapy-17","40343815;40499141;40928991","subsection-synthesis","ccr-2025-immunotherapy-fulltext-language.md","Vocabulary and collocation bank","Pharmacokinetics and exposure-response modeling","280","conventional-term-or-collocation"
"CCRLANG-0184","2026-09-14","logistic Emax model","methods","abstract;results;discussion;conclusion","terminology","pharmacokinetics-exposure-response","vocabulary","mixed","ccr-2025-immunotherapy-17","40343815;40499141;40928991","subsection-synthesis","ccr-2025-immunotherapy-fulltext-language.md","Vocabulary and collocation bank","Pharmacokinetics and exposure-response modeling","281","conventional-term-or-collocation"
"CCRLANG-0185","2026-09-14","inhibitory Emax model","methods","abstract;results;discussion;conclusion","terminology","pharmacokinetics-exposure-response","vocabulary","mixed","ccr-2025-immunotherapy-17","40343815;40499141;40928991","subsection-synthesis","ccr-2025-immunotherapy-fulltext-language.md","Vocabulary and collocation bank","Pharmacokinetics and exposure-response modeling","282","conventional-term-or-collocation"
"CCRLANG-0186","2026-09-14","log-linear time-to-event model","methods","abstract;results;discussion;conclusion","terminology","pharmacokinetics-exposure-response","vocabulary","mixed","ccr-2025-immunotherapy-17","40343815;40499141;40928991","subsection-synthesis","ccr-2025-immunotherapy-fulltext-language.md","Vocabulary and collocation bank","Pharmacokinetics and exposure-response modeling","283","conventional-term-or-collocation"
"CCRLANG-0187","2026-09-14","exposure-efficacy relationship","methods","abstract;results;discussion;conclusion","terminology","pharmacokinetics-exposure-response","vocabulary","mixed","ccr-2025-immunotherapy-17","40343815;40499141;40928991","subsection-synthesis","ccr-2025-immunotherapy-fulltext-language.md","Vocabulary and collocation bank","Pharmacokinetics and exposure-response modeling","284","conventional-term-or-collocation"
"CCRLANG-0188","2026-09-14","exposure-safety relationship","methods","abstract;results;discussion;conclusion","terminology","pharmacokinetics-exposure-response","vocabulary","mixed","ccr-2025-immunotherapy-17","40343815;40499141;40928991","subsection-synthesis","ccr-2025-immunotherapy-fulltext-language.md","Vocabulary and collocation bank","Pharmacokinetics and exposure-response modeling","285","conventional-term-or-collocation"
"CCRLANG-0189","2026-09-14","efficacy plateau","methods","abstract;results;discussion;conclusion","terminology","pharmacokinetics-exposure-response","vocabulary","mixed","ccr-2025-immunotherapy-17","40343815;40499141;40928991","subsection-synthesis","ccr-2025-immunotherapy-fulltext-language.md","Vocabulary and collocation bank","Pharmacokinetics and exposure-response modeling","286","conventional-term-or-collocation"
"CCRLANG-0190","2026-09-14","near-maximal response","methods","abstract;results;discussion;conclusion","terminology","pharmacokinetics-exposure-response","vocabulary","mixed","ccr-2025-immunotherapy-17","40343815;40499141;40928991","subsection-synthesis","ccr-2025-immunotherapy-fulltext-language.md","Vocabulary and collocation bank","Pharmacokinetics and exposure-response modeling","286","conventional-term-or-collocation"
"CCRLANG-0191","2026-09-14","model selection by Bayesian information criterion","methods","abstract;results;discussion;conclusion","terminology","pharmacokinetics-exposure-response","vocabulary","mixed","ccr-2025-immunotherapy-17","40343815;40499141;40928991","subsection-synthesis","ccr-2025-immunotherapy-fulltext-language.md","Vocabulary and collocation bank","Pharmacokinetics and exposure-response modeling","287","conventional-term-or-collocation"
"CCRLANG-0192","2026-09-14","model predictive check","methods","abstract;results;discussion;conclusion","terminology","pharmacokinetics-exposure-response","vocabulary","mixed","ccr-2025-immunotherapy-17","40343815;40499141;40928991","subsection-synthesis","ccr-2025-immunotherapy-fulltext-language.md","Vocabulary and collocation bank","Pharmacokinetics and exposure-response modeling","288","conventional-term-or-collocation"
"CCRLANG-0193","2026-09-14","forward inclusion and backward elimination","methods","abstract;results;discussion;conclusion","terminology","pharmacokinetics-exposure-response","vocabulary","mixed","ccr-2025-immunotherapy-17","40343815;40499141;40928991","subsection-synthesis","ccr-2025-immunotherapy-fulltext-language.md","Vocabulary and collocation bank","Pharmacokinetics and exposure-response modeling","289","conventional-term-or-collocation"
"CCRLANG-0194","2026-09-14","covariate-based dose adjustment","methods","abstract;results;discussion;conclusion","terminology","pharmacokinetics-exposure-response","vocabulary","mixed","ccr-2025-immunotherapy-17","40343815;40499141;40928991","subsection-synthesis","ccr-2025-immunotherapy-fulltext-language.md","Vocabulary and collocation bank","Pharmacokinetics and exposure-response modeling","290","conventional-term-or-collocation"
"CCRLANG-0195","2026-09-14","totality of exposure-response evidence","methods","abstract;results;discussion;conclusion","terminology","pharmacokinetics-exposure-response","vocabulary","mixed","ccr-2025-immunotherapy-17","40343815;40499141;40928991","subsection-synthesis","ccr-2025-immunotherapy-fulltext-language.md","Vocabulary and collocation bank","Pharmacokinetics and exposure-response modeling","291","conventional-term-or-collocation"
"CCRLANG-0196","2026-09-14","objective response rate","results","abstract;methods;discussion;conclusion","terminology","efficacy-safety-statistics","vocabulary","mixed","ccr-2025-immunotherapy-17","39466024;39545922;39576208;39786430;39821070;40208070;40247431;40343815;40499141;40552922;40553459;40788282;40828417;40864503;40928991;41026583;41065506","batch-synthesis","ccr-2025-immunotherapy-fulltext-language.md","Vocabulary and collocation bank","Efficacy, safety, and statistical reporting","297","conventional-term-or-collocation"
"CCRLANG-0197","2026-09-14","disease control rate","results","abstract;methods;discussion;conclusion","terminology","efficacy-safety-statistics","vocabulary","mixed","ccr-2025-immunotherapy-17","39466024;39545922;39576208;39786430;39821070;40208070;40247431;40343815;40499141;40552922;40553459;40788282;40828417;40864503;40928991;41026583;41065506","batch-synthesis","ccr-2025-immunotherapy-fulltext-language.md","Vocabulary and collocation bank","Efficacy, safety, and statistical reporting","297","conventional-term-or-collocation"
"CCRLANG-0198","2026-09-14","duration of response","results","abstract;methods;discussion;conclusion","terminology","efficacy-safety-statistics","vocabulary","mixed","ccr-2025-immunotherapy-17","39466024;39545922;39576208;39786430;39821070;40208070;40247431;40343815;40499141;40552922;40553459;40788282;40828417;40864503;40928991;41026583;41065506","batch-synthesis","ccr-2025-immunotherapy-fulltext-language.md","Vocabulary and collocation bank","Efficacy, safety, and statistical reporting","298","conventional-term-or-collocation"
"CCRLANG-0199","2026-09-14","best overall response","results","abstract;methods;discussion;conclusion","terminology","efficacy-safety-statistics","vocabulary","mixed","ccr-2025-immunotherapy-17","39466024;39545922;39576208;39786430;39821070;40208070;40247431;40343815;40499141;40552922;40553459;40788282;40828417;40864503;40928991;41026583;41065506","batch-synthesis","ccr-2025-immunotherapy-fulltext-language.md","Vocabulary and collocation bank","Efficacy, safety, and statistical reporting","299","conventional-term-or-collocation"
"CCRLANG-0200","2026-09-14","investigator-assessed","results","abstract;methods;discussion;conclusion","terminology","efficacy-safety-statistics","vocabulary","mixed","ccr-2025-immunotherapy-17","39466024;39545922;39576208;39786430;39821070;40208070;40247431;40343815;40499141;40552922;40553459;40788282;40828417;40864503;40928991;41026583;41065506","batch-synthesis","ccr-2025-immunotherapy-fulltext-language.md","Vocabulary and collocation bank","Efficacy, safety, and statistical reporting","300","conventional-term-or-collocation"
"CCRLANG-0201","2026-09-14","independent central review","results","abstract;methods;discussion;conclusion","terminology","efficacy-safety-statistics","vocabulary","mixed","ccr-2025-immunotherapy-17","39466024;39545922;39576208;39786430;39821070;40208070;40247431;40343815;40499141;40552922;40553459;40788282;40828417;40864503;40928991;41026583;41065506","batch-synthesis","ccr-2025-immunotherapy-fulltext-language.md","Vocabulary and collocation bank","Efficacy, safety, and statistical reporting","300","conventional-term-or-collocation"
"CCRLANG-0202","2026-09-14","median follow-up","results","abstract;methods;discussion;conclusion","terminology","efficacy-safety-statistics","vocabulary","mixed","ccr-2025-immunotherapy-17","39466024;39545922;39576208;39786430;39821070;40208070;40247431;40343815;40499141;40552922;40553459;40788282;40828417;40864503;40928991;41026583;41065506","batch-synthesis","ccr-2025-immunotherapy-fulltext-language.md","Vocabulary and collocation bank","Efficacy, safety, and statistical reporting","301","conventional-term-or-collocation"
"CCRLANG-0203","2026-09-14","median was not reached","results","abstract;methods;discussion;conclusion","terminology","efficacy-safety-statistics","vocabulary","mixed","ccr-2025-immunotherapy-17","39466024;39545922;39576208;39786430;39821070;40208070;40247431;40343815;40499141;40552922;40553459;40788282;40828417;40864503;40928991;41026583;41065506","batch-synthesis","ccr-2025-immunotherapy-fulltext-language.md","Vocabulary and collocation bank","Efficacy, safety, and statistical reporting","302","conventional-term-or-collocation"
"CCRLANG-0204","2026-09-14","confidence interval was not estimable","results","abstract;methods;discussion;conclusion","terminology","efficacy-safety-statistics","vocabulary","mixed","ccr-2025-immunotherapy-17","39466024;39545922;39576208;39786430;39821070;40208070;40247431;40343815;40499141;40552922;40553459;40788282;40828417;40864503;40928991;41026583;41065506","batch-synthesis","ccr-2025-immunotherapy-fulltext-language.md","Vocabulary and collocation bank","Efficacy, safety, and statistical reporting","302","conventional-term-or-collocation"
"CCRLANG-0205","2026-09-14","exact Clopper-Pearson confidence interval","results","abstract;methods;discussion;conclusion","terminology","efficacy-safety-statistics","vocabulary","mixed","ccr-2025-immunotherapy-17","39466024;39545922;39576208;39786430;39821070;40208070;40247431;40343815;40499141;40552922;40553459;40788282;40828417;40864503;40928991;41026583;41065506","batch-synthesis","ccr-2025-immunotherapy-fulltext-language.md","Vocabulary and collocation bank","Efficacy, safety, and statistical reporting","303","conventional-term-or-collocation"
"CCRLANG-0206","2026-09-14","Kaplan-Meier estimate","results","abstract;methods;discussion;conclusion","terminology","efficacy-safety-statistics","vocabulary","mixed","ccr-2025-immunotherapy-17","39466024;39545922;39576208;39786430;39821070;40208070;40247431;40343815;40499141;40552922;40553459;40788282;40828417;40864503;40928991;41026583;41065506","batch-synthesis","ccr-2025-immunotherapy-fulltext-language.md","Vocabulary and collocation bank","Efficacy, safety, and statistical reporting","304","conventional-term-or-collocation"
"CCRLANG-0207","2026-09-14","Brookmeyer-Crowley confidence interval","results","abstract;methods;discussion;conclusion","terminology","efficacy-safety-statistics","vocabulary","mixed","ccr-2025-immunotherapy-17","39466024;39545922;39576208;39786430;39821070;40208070;40247431;40343815;40499141;40552922;40553459;40788282;40828417;40864503;40928991;41026583;41065506","batch-synthesis","ccr-2025-immunotherapy-fulltext-language.md","Vocabulary and collocation bank","Efficacy, safety, and statistical reporting","305","conventional-term-or-collocation"
"CCRLANG-0208","2026-09-14","Simon two-stage minimax design","results","abstract;methods;discussion;conclusion","terminology","efficacy-safety-statistics","vocabulary","mixed","ccr-2025-immunotherapy-17","39466024;39545922;39576208;39786430;39821070;40208070;40247431;40343815;40499141;40552922;40553459;40788282;40828417;40864503;40928991;41026583;41065506","batch-synthesis","ccr-2025-immunotherapy-fulltext-language.md","Vocabulary and collocation bank","Efficacy, safety, and statistical reporting","306","conventional-term-or-collocation"
"CCRLANG-0209","2026-09-14","continuous reassessment method","results","abstract;methods;discussion;conclusion","terminology","efficacy-safety-statistics","vocabulary","mixed","ccr-2025-immunotherapy-17","39466024;39545922;39576208;39786430;39821070;40208070;40247431;40343815;40499141;40552922;40553459;40788282;40828417;40864503;40928991;41026583;41065506","batch-synthesis","ccr-2025-immunotherapy-fulltext-language.md","Vocabulary and collocation bank","Efficacy, safety, and statistical reporting","307","conventional-term-or-collocation"
"CCRLANG-0210","2026-09-14","restricted cubic spline","results","abstract;methods;discussion;conclusion","terminology","efficacy-safety-statistics","vocabulary","mixed","ccr-2025-immunotherapy-17","39466024;39545922;39576208;39786430;39821070;40208070;40247431;40343815;40499141;40552922;40553459;40788282;40828417;40864503;40928991;41026583;41065506","batch-synthesis","ccr-2025-immunotherapy-fulltext-language.md","Vocabulary and collocation bank","Efficacy, safety, and statistical reporting","308","conventional-term-or-collocation"
"CCRLANG-0211","2026-09-14","time-varying Cox model","results","abstract;methods;discussion;conclusion","terminology","efficacy-safety-statistics","vocabulary","mixed","ccr-2025-immunotherapy-17","39466024;39545922;39576208;39786430;39821070;40208070;40247431;40343815;40499141;40552922;40553459;40788282;40828417;40864503;40928991;41026583;41065506","batch-synthesis","ccr-2025-immunotherapy-fulltext-language.md","Vocabulary and collocation bank","Efficacy, safety, and statistical reporting","309","conventional-term-or-collocation"
"CCRLANG-0212","2026-09-14","inverse probability weighting for missingness","results","abstract;methods;discussion;conclusion","terminology","efficacy-safety-statistics","vocabulary","mixed","ccr-2025-immunotherapy-17","39466024;39545922;39576208;39786430;39821070;40208070;40247431;40343815;40499141;40552922;40553459;40788282;40828417;40864503;40928991;41026583;41065506","batch-synthesis","ccr-2025-immunotherapy-fulltext-language.md","Vocabulary and collocation bank","Efficacy, safety, and statistical reporting","310","conventional-term-or-collocation"
"CCRLANG-0213","2026-09-14","mixed-effects model","results","abstract;methods;discussion;conclusion","terminology","efficacy-safety-statistics","vocabulary","mixed","ccr-2025-immunotherapy-17","39466024;39545922;39576208;39786430;39821070;40208070;40247431;40343815;40499141;40552922;40553459;40788282;40828417;40864503;40928991;41026583;41065506","batch-synthesis","ccr-2025-immunotherapy-fulltext-language.md","Vocabulary and collocation bank","Efficacy, safety, and statistical reporting","311","conventional-term-or-collocation"
"CCRLANG-0214","2026-09-14","Benjamini-Hochberg false-discovery-rate control","results","abstract;methods;discussion;conclusion","terminology","efficacy-safety-statistics","vocabulary","mixed","ccr-2025-immunotherapy-17","39466024;39545922;39576208;39786430;39821070;40208070;40247431;40343815;40499141;40552922;40553459;40788282;40828417;40864503;40928991;41026583;41065506","batch-synthesis","ccr-2025-immunotherapy-fulltext-language.md","Vocabulary and collocation bank","Efficacy, safety, and statistical reporting","312","conventional-term-or-collocation"
"CCRLANG-0215","2026-09-14","nominal P value without multiplicity adjustment","results","abstract;methods;discussion;conclusion","terminology","efficacy-safety-statistics","vocabulary","mixed","ccr-2025-immunotherapy-17","39466024;39545922;39576208;39786430;39821070;40208070;40247431;40343815;40499141;40552922;40553459;40788282;40828417;40864503;40928991;41026583;41065506","batch-synthesis","ccr-2025-immunotherapy-fulltext-language.md","Vocabulary and collocation bank","Efficacy, safety, and statistical reporting","313","conventional-term-or-collocation"
"CCRLANG-0216","2026-09-14","wide confidence interval","results","abstract;methods;discussion;conclusion","terminology","efficacy-safety-statistics","vocabulary","mixed","ccr-2025-immunotherapy-17","39466024;39545922;39576208;39786430;39821070;40208070;40247431;40343815;40499141;40552922;40553459;40788282;40828417;40864503;40928991;41026583;41065506","batch-synthesis","ccr-2025-immunotherapy-fulltext-language.md","Vocabulary and collocation bank","Efficacy, safety, and statistical reporting","314","conventional-term-or-collocation"
"CCRLANG-0217","2026-09-14","imprecise estimate","results","abstract;methods;discussion;conclusion","terminology","efficacy-safety-statistics","vocabulary","mixed","ccr-2025-immunotherapy-17","39466024;39545922;39576208;39786430;39821070;40208070;40247431;40343815;40499141;40552922;40553459;40788282;40828417;40864503;40928991;41026583;41065506","batch-synthesis","ccr-2025-immunotherapy-fulltext-language.md","Vocabulary and collocation bank","Efficacy, safety, and statistical reporting","314","conventional-term-or-collocation"
"CCRLANG-0218","2026-09-14","treatment-emergent adverse event","results","abstract;methods;discussion;conclusion","terminology","efficacy-safety-statistics","vocabulary","mixed","ccr-2025-immunotherapy-17","39466024;39545922;39576208;39786430;39821070;40208070;40247431;40343815;40499141;40552922;40553459;40788282;40828417;40864503;40928991;41026583;41065506","batch-synthesis","ccr-2025-immunotherapy-fulltext-language.md","Vocabulary and collocation bank","Efficacy, safety, and statistical reporting","315","conventional-term-or-collocation"
"CCRLANG-0219","2026-09-14","treatment-related adverse event","results","abstract;methods;discussion;conclusion","terminology","efficacy-safety-statistics","vocabulary","mixed","ccr-2025-immunotherapy-17","39466024;39545922;39576208;39786430;39821070;40208070;40247431;40343815;40499141;40552922;40553459;40788282;40828417;40864503;40928991;41026583;41065506","batch-synthesis","ccr-2025-immunotherapy-fulltext-language.md","Vocabulary and collocation bank","Efficacy, safety, and statistical reporting","315","conventional-term-or-collocation"
"CCRLANG-0220","2026-09-14","immune-related treatment-emergent adverse event","results","abstract;methods;discussion;conclusion","terminology","efficacy-safety-statistics","vocabulary","mixed","ccr-2025-immunotherapy-17","39466024;39545922;39576208;39786430;39821070;40208070;40247431;40343815;40499141;40552922;40553459;40788282;40828417;40864503;40928991;41026583;41065506","batch-synthesis","ccr-2025-immunotherapy-fulltext-language.md","Vocabulary and collocation bank","Efficacy, safety, and statistical reporting","316","conventional-term-or-collocation"
"CCRLANG-0221","2026-09-14","dose-limiting toxicity","results","abstract;methods;discussion;conclusion","terminology","efficacy-safety-statistics","vocabulary","mixed","ccr-2025-immunotherapy-17","39466024;39545922;39576208;39786430;39821070;40208070;40247431;40343815;40499141;40552922;40553459;40788282;40828417;40864503;40928991;41026583;41065506","batch-synthesis","ccr-2025-immunotherapy-fulltext-language.md","Vocabulary and collocation bank","Efficacy, safety, and statistical reporting","317","conventional-term-or-collocation"
"CCRLANG-0222","2026-09-14","cytokine release syndrome","results","abstract;methods;discussion;conclusion","terminology","efficacy-safety-statistics","vocabulary","mixed","ccr-2025-immunotherapy-17","39466024;39545922;39576208;39786430;39821070;40208070;40247431;40343815;40499141;40552922;40553459;40788282;40828417;40864503;40928991;41026583;41065506","batch-synthesis","ccr-2025-immunotherapy-fulltext-language.md","Vocabulary and collocation bank","Efficacy, safety, and statistical reporting","318","conventional-term-or-collocation"
"CCRLANG-0223","2026-09-14","immune effector cell-associated neurotoxicity syndrome","results","abstract;methods;discussion;conclusion","terminology","efficacy-safety-statistics","vocabulary","mixed","ccr-2025-immunotherapy-17","39466024;39545922;39576208;39786430;39821070;40208070;40247431;40343815;40499141;40552922;40553459;40788282;40828417;40864503;40928991;41026583;41065506","batch-synthesis","ccr-2025-immunotherapy-fulltext-language.md","Vocabulary and collocation bank","Efficacy, safety, and statistical reporting","318","conventional-term-or-collocation"
"CCRLANG-0224","2026-09-14","adverse event leading to discontinuation","results","abstract;methods;discussion;conclusion","terminology","efficacy-safety-statistics","vocabulary","mixed","ccr-2025-immunotherapy-17","39466024;39545922;39576208;39786430;39821070;40208070;40247431;40343815;40499141;40552922;40553459;40788282;40828417;40864503;40928991;41026583;41065506","batch-synthesis","ccr-2025-immunotherapy-fulltext-language.md","Vocabulary and collocation bank","Efficacy, safety, and statistical reporting","319","conventional-term-or-collocation"
"CCRLANG-0225","2026-09-14","no treatment-related deaths were reported","results","abstract;methods;discussion;conclusion","terminology","efficacy-safety-statistics","vocabulary","mixed","ccr-2025-immunotherapy-17","39466024;39545922;39576208;39786430;39821070;40208070;40247431;40343815;40499141;40552922;40553459;40788282;40828417;40864503;40928991;41026583;41065506","batch-synthesis","ccr-2025-immunotherapy-fulltext-language.md","Vocabulary and collocation bank","Efficacy, safety, and statistical reporting","320","conventional-term-or-collocation"
"CCRLANG-0226","2026-09-14","equivalent","results","abstract;methods;discussion;conclusion","terminology","efficacy-safety-statistics","vocabulary","mixed","ccr-2025-immunotherapy-17","39466024;39545922;39576208;39786430;39821070;40208070;40247431;40343815;40499141;40552922;40553459;40788282;40828417;40864503;40928991;41026583;41065506","batch-synthesis","ccr-2025-immunotherapy-fulltext-language.md","Vocabulary and collocation bank","Efficacy, safety, and statistical reporting","322","conventional-term-or-collocation"
"CCRLANG-0227","2026-09-14","[Therapy] has improved outcomes in [disease setting], but primary and acquired resistance remain common.","introduction","abstract-background;abstract-objective","background-gap-objective","mixed-biomedical","sentence-frame","mixed","ccr-2025-immunotherapy-17","39466024;39545922;39576208;39786430;39821070;40208070;40247431;40343815;40499141;40552922;40553459;40788282;40828417;40864503;40928991;41026583;41065506","batch-synthesis","ccr-2025-immunotherapy-fulltext-language.md","Section-specific synthetic sentence frames","Introduction: problem, mechanism, and gap","330","synthetic-frame"
"CCRLANG-0228","2026-09-14","The clinical activity of [therapy] is constrained by [target heterogeneity, immune suppression, trafficking, or manufacturing attrition].","introduction","abstract-background;abstract-objective","background-gap-objective","mixed-biomedical","sentence-frame","mixed","ccr-2025-immunotherapy-17","39466024;39545922;39576208;39786430;39821070;40208070;40247431;40343815;40499141;40552922;40553459;40788282;40828417;40864503;40928991;41026583;41065506","batch-synthesis","ccr-2025-immunotherapy-fulltext-language.md","Section-specific synthetic sentence frames","Introduction: problem, mechanism, and gap","331","synthetic-frame"
"CCRLANG-0229","2026-09-14","[Biomarker] is associated with [outcome], yet its predictive value beyond [established marker] remains uncertain.","introduction","abstract-background;abstract-objective","background-gap-objective","mixed-biomedical","sentence-frame","mixed","ccr-2025-immunotherapy-17","39466024;39545922;39576208;39786430;39821070;40208070;40247431;40343815;40499141;40552922;40553459;40788282;40828417;40864503;40928991;41026583;41065506","batch-synthesis","ccr-2025-immunotherapy-fulltext-language.md","Section-specific synthetic sentence frames","Introduction: problem, mechanism, and gap","332","synthetic-frame"
"CCRLANG-0230","2026-09-14","Static tissue sampling may not capture spatial and temporal heterogeneity across a patient's disease burden.","introduction","abstract-background;abstract-objective","background-gap-objective","mixed-biomedical","sentence-frame","mixed","ccr-2025-immunotherapy-17","39466024;39545922;39576208;39786430;39821070;40208070;40247431;40343815;40499141;40552922;40553459;40788282;40828417;40864503;40928991;41026583;41065506","batch-synthesis","ccr-2025-immunotherapy-fulltext-language.md","Section-specific synthetic sentence frames","Introduction: problem, mechanism, and gap","333","synthetic-frame"
"CCRLANG-0231","2026-09-14","Drug-tolerant persister cells provide a reversible reservoir from which fully resistant clones may emerge.","introduction","abstract-background;abstract-objective","background-gap-objective","mixed-biomedical","sentence-frame","mixed","ccr-2025-immunotherapy-17","39466024;39545922;39576208;39786430;39821070;40208070;40247431;40343815;40499141;40552922;40553459;40788282;40828417;40864503;40928991;41026583;41065506","batch-synthesis","ccr-2025-immunotherapy-fulltext-language.md","Section-specific synthetic sentence frames","Introduction: problem, mechanism, and gap","334","synthetic-frame"
"CCRLANG-0232","2026-09-14","We therefore asked whether [intervention] could alter [mechanism] and sensitize [model or population] to [therapy].","introduction","abstract-background;abstract-objective","background-gap-objective","mixed-biomedical","sentence-frame","mixed","ccr-2025-immunotherapy-17","39466024;39545922;39576208;39786430;39821070;40208070;40247431;40343815;40499141;40552922;40553459;40788282;40828417;40864503;40928991;41026583;41065506","batch-synthesis","ccr-2025-immunotherapy-fulltext-language.md","Section-specific synthetic sentence frames","Introduction: problem, mechanism, and gap","335","synthetic-frame"
"CCRLANG-0233","2026-09-14","This multicenter, open-label phase I study enrolled patients with [eligibility] after progression on [prior therapy].","methods","abstract-methods","design-population-analysis-set","clinical-oncology-statistics","sentence-frame","descriptive","ccr-2025-immunotherapy-17","39466024;39545922;39576208;39786430;39821070;40208070;40247431;40343815;40499141;40552922;40553459;40788282;40828417;40864503;40928991;41026583;41065506","batch-synthesis","ccr-2025-immunotherapy-fulltext-language.md","Section-specific synthetic sentence frames","Methods: clinical design and analysis set","339","synthetic-frame"
"CCRLANG-0234","2026-09-14","The safety population included all patients who received at least one dose, whereas efficacy was assessed in [defined evaluable population].","methods","abstract-methods","design-population-analysis-set","clinical-oncology-statistics","sentence-frame","descriptive","ccr-2025-immunotherapy-17","39466024;39545922;39576208;39786430;39821070;40208070;40247431;40343815;40499141;40552922;40553459;40788282;40828417;40864503;40928991;41026583;41065506","batch-synthesis","ccr-2025-immunotherapy-fulltext-language.md","Section-specific synthetic sentence frames","Methods: clinical design and analysis set","340","synthetic-frame"
"CCRLANG-0235","2026-09-14","The primary endpoint was [endpoint]; secondary endpoints included [list], and biomarker analyses were exploratory.","methods","abstract-methods","design-population-analysis-set","clinical-oncology-statistics","sentence-frame","descriptive","ccr-2025-immunotherapy-17","39466024;39545922;39576208;39786430;39821070;40208070;40247431;40343815;40499141;40552922;40553459;40788282;40828417;40864503;40928991;41026583;41065506","batch-synthesis","ccr-2025-immunotherapy-fulltext-language.md","Section-specific synthetic sentence frames","Methods: clinical design and analysis set","341","synthetic-frame"
"CCRLANG-0236","2026-09-14","Response was assessed by [RECIST or iRECIST] at prespecified intervals, with exact confidence intervals calculated for response proportions.","methods","abstract-methods","design-population-analysis-set","clinical-oncology-statistics","sentence-frame","descriptive","ccr-2025-immunotherapy-17","39466024;39545922;39576208;39786430;39821070;40208070;40247431;40343815;40499141;40552922;40553459;40788282;40828417;40864503;40928991;41026583;41065506","batch-synthesis","ccr-2025-immunotherapy-fulltext-language.md","Section-specific synthetic sentence frames","Methods: clinical design and analysis set","342","synthetic-frame"
"CCRLANG-0237","2026-09-14","The retrospective cohort was assembled from [sites or database], and outcomes were abstracted without blinded central radiographic review.","methods","abstract-methods","design-population-analysis-set","clinical-oncology-statistics","sentence-frame","descriptive","ccr-2025-immunotherapy-17","39466024;39545922;39576208;39786430;39821070;40208070;40247431;40343815;40499141;40552922;40553459;40788282;40828417;40864503;40928991;41026583;41065506","batch-synthesis","ccr-2025-immunotherapy-fulltext-language.md","Section-specific synthetic sentence frames","Methods: clinical design and analysis set","343","synthetic-frame"
"CCRLANG-0238","2026-09-14","To reduce immortal-time bias, treatment intervals occurring entirely before biomarker testing were excluded.","methods","abstract-methods","design-population-analysis-set","clinical-oncology-statistics","sentence-frame","descriptive","ccr-2025-immunotherapy-17","39466024;39545922;39576208;39786430;39821070;40208070;40247431;40343815;40499141;40552922;40553459;40788282;40828417;40864503;40928991;41026583;41065506","batch-synthesis","ccr-2025-immunotherapy-fulltext-language.md","Section-specific synthetic sentence frames","Methods: clinical design and analysis set","344","synthetic-frame"
"CCRLANG-0239","2026-09-14","Rechallenge outcomes were summarized descriptively because treatment assignment was nonrandom and the subgroup was small.","methods","abstract-methods","design-population-analysis-set","clinical-oncology-statistics","sentence-frame","descriptive","ccr-2025-immunotherapy-17","39466024;39545922;39576208;39786430;39821070;40208070;40247431;40343815;40499141;40552922;40553459;40788282;40828417;40864503;40928991;41026583;41065506","batch-synthesis","ccr-2025-immunotherapy-fulltext-language.md","Section-specific synthetic sentence frames","Methods: clinical design and analysis set","345","synthetic-frame"
"CCRLANG-0240","2026-09-14","RNA was extracted from pathologist-reviewed FFPE tissue and quantified by whole-transcriptome sequencing after tumor enrichment.","methods","abstract-methods","assay-computation","multi-omics-bioinformatics-imaging","sentence-frame","descriptive","ccr-2025-immunotherapy-17","39545922;39786430;40208070;40343815;40553459;40788282;40828417;41065506","subsection-synthesis","ccr-2025-immunotherapy-fulltext-language.md","Section-specific synthetic sentence frames","Methods: omics, imaging, and computation","349","synthetic-frame"
"CCRLANG-0241","2026-09-14","Predominant molecular subtype was assigned by consensus across gene-ratio classifiers; samples lacking consensus were labeled equivocal.","methods","abstract-methods","assay-computation","multi-omics-bioinformatics-imaging","sentence-frame","descriptive","ccr-2025-immunotherapy-17","39545922;39786430;40208070;40343815;40553459;40788282;40828417;41065506","subsection-synthesis","ccr-2025-immunotherapy-fulltext-language.md","Section-specific synthetic sentence frames","Methods: omics, imaging, and computation","350","synthetic-frame"
"CCRLANG-0242","2026-09-14","Immune-cell abundance was estimated from bulk RNA-seq by deconvolution and was not treated as a direct cell count.","methods","abstract-methods","assay-computation","multi-omics-bioinformatics-imaging","sentence-frame","descriptive","ccr-2025-immunotherapy-17","39545922;39786430;40208070;40343815;40553459;40788282;40828417;41065506","subsection-synthesis","ccr-2025-immunotherapy-fulltext-language.md","Section-specific synthetic sentence frames","Methods: omics, imaging, and computation","351","synthetic-frame"
"CCRLANG-0243","2026-09-14","Single-cell profiles underwent quality filtering, batch correction, dimensionality reduction, and cluster annotation before pseudobulk testing.","methods","abstract-methods","assay-computation","multi-omics-bioinformatics-imaging","sentence-frame","descriptive","ccr-2025-immunotherapy-17","39545922;39786430;40208070;40343815;40553459;40788282;40828417;41065506","subsection-synthesis","ccr-2025-immunotherapy-fulltext-language.md","Section-specific synthetic sentence frames","Methods: omics, imaging, and computation","352","synthetic-frame"
"CCRLANG-0244","2026-09-14","MHC-I-bound peptides were isolated by immunoprecipitation and identified by high-resolution mass spectrometry with target-decoy FDR control.","methods","abstract-methods","assay-computation","multi-omics-bioinformatics-imaging","sentence-frame","descriptive","ccr-2025-immunotherapy-17","39545922;39786430;40208070;40343815;40553459;40788282;40828417;41065506","subsection-synthesis","ccr-2025-immunotherapy-fulltext-language.md","Section-specific synthetic sentence frames","Methods: omics, imaging, and computation","353","synthetic-frame"
"CCRLANG-0245","2026-09-14","Serial PET uptake was quantified using SUVmax and SUVmean, and heterogeneity was summarized by the within-patient coefficient of variation.","methods","abstract-methods","assay-computation","multi-omics-bioinformatics-imaging","sentence-frame","descriptive","ccr-2025-immunotherapy-17","39545922;39786430;40208070;40343815;40553459;40788282;40828417;41065506","subsection-synthesis","ccr-2025-immunotherapy-fulltext-language.md","Section-specific synthetic sentence frames","Methods: omics, imaging, and computation","354","synthetic-frame"
"CCRLANG-0246","2026-09-14","Individual exposure metrics were obtained from the population PK model and evaluated as continuous predictors rather than dose-group surrogates.","methods","abstract-methods","assay-computation","multi-omics-bioinformatics-imaging","sentence-frame","descriptive","ccr-2025-immunotherapy-17","39545922;39786430;40208070;40343815;40553459;40788282;40828417;41065506","subsection-synthesis","ccr-2025-immunotherapy-fulltext-language.md","Section-specific synthetic sentence frames","Methods: omics, imaging, and computation","355","synthetic-frame"
"CCRLANG-0247","2026-09-14","[Target]-positive and isogenic target-negative cells were used to distinguish antigen-dependent from nonspecific activity.","methods","abstract-methods","experimental-procedure","preclinical-translational-experiments","sentence-frame","descriptive","ccr-2025-immunotherapy-17","39466024;40208070;40343815;40499141;40828417;41026583","subsection-synthesis","ccr-2025-immunotherapy-fulltext-language.md","Section-specific synthetic sentence frames","Methods: preclinical experiments","359","synthetic-frame"
"CCRLANG-0248","2026-09-14","Effector and target cells were cocultured at prespecified ratios, and killing was quantified using complementary impedance, luminescence, and apoptosis assays.","methods","abstract-methods","experimental-procedure","preclinical-translational-experiments","sentence-frame","descriptive","ccr-2025-immunotherapy-17","39466024;40208070;40343815;40499141;40828417;41026583","subsection-synthesis","ccr-2025-immunotherapy-fulltext-language.md","Section-specific synthetic sentence frames","Methods: preclinical experiments","360","synthetic-frame"
"CCRLANG-0249","2026-09-14","Receptor-blocking antibodies were used to partition CAR-dependent activity from natural cytotoxicity.","methods","abstract-methods","experimental-procedure","preclinical-translational-experiments","sentence-frame","descriptive","ccr-2025-immunotherapy-17","39466024;40208070;40343815;40499141;40828417;41026583","subsection-synthesis","ccr-2025-immunotherapy-fulltext-language.md","Section-specific synthetic sentence frames","Methods: preclinical experiments","361","synthetic-frame"
"CCRLANG-0250","2026-09-14","Mice were randomized after tumors reached the prespecified volume and were monitored for tumor growth, body weight, and protocol-defined humane endpoints.","methods","abstract-methods","experimental-procedure","preclinical-translational-experiments","sentence-frame","descriptive","ccr-2025-immunotherapy-17","39466024;40208070;40343815;40499141;40828417;41026583","subsection-synthesis","ccr-2025-immunotherapy-fulltext-language.md","Section-specific synthetic sentence frames","Methods: preclinical experiments","362","synthetic-frame"
"CCRLANG-0251","2026-09-14","Gross and microscopic toxicology was assessed by pathologists blinded to treatment assignment.","methods","abstract-methods","experimental-procedure","preclinical-translational-experiments","sentence-frame","descriptive","ccr-2025-immunotherapy-17","39466024;40208070;40343815;40499141;40828417;41026583","subsection-synthesis","ccr-2025-immunotherapy-fulltext-language.md","Section-specific synthetic sentence frames","Methods: preclinical experiments","363","synthetic-frame"
"CCRLANG-0252","2026-09-14","The perturbation was evaluated across transcriptomic, proteomic, cellular, and in vivo readouts to test mechanistic coherence.","methods","abstract-methods","experimental-procedure","preclinical-translational-experiments","sentence-frame","descriptive","ccr-2025-immunotherapy-17","39466024;40208070;40343815;40499141;40828417;41026583","subsection-synthesis","ccr-2025-immunotherapy-fulltext-language.md","Section-specific synthetic sentence frames","Methods: preclinical experiments","364","synthetic-frame"
"CCRLANG-0253","2026-09-14","Among [N] treated patients, [n] achieved an objective response, corresponding to an ORR of [estimate] (95% CI, [interval]).","results","abstract-results","efficacy-safety-estimate","clinical-therapy","sentence-frame","descriptive","ccr-2025-immunotherapy-17","39466024;39576208;39786430;39821070;40208070;40247431;40343815;40552922;40788282;40864503;40928991;41065506","subsection-synthesis","ccr-2025-immunotherapy-fulltext-language.md","Section-specific synthetic sentence frames","Results: clinical activity and safety","368","synthetic-frame"
"CCRLANG-0254","2026-09-14","Median PFS was [time] and median OS was [time] at a median follow-up of [time].","results","abstract-results","efficacy-safety-estimate","clinical-therapy","sentence-frame","descriptive","ccr-2025-immunotherapy-17","39466024;39576208;39786430;39821070;40208070;40247431;40343815;40552922;40788282;40864503;40928991;41065506","subsection-synthesis","ccr-2025-immunotherapy-fulltext-language.md","Section-specific synthetic sentence frames","Results: clinical activity and safety","369","synthetic-frame"
"CCRLANG-0255","2026-09-14","The response estimate was imprecise because the efficacy-evaluable population was small.","results","abstract-results","efficacy-safety-estimate","clinical-therapy","sentence-frame","descriptive","ccr-2025-immunotherapy-17","39466024;39576208;39786430;39821070;40208070;40247431;40343815;40552922;40788282;40864503;40928991;41065506","subsection-synthesis","ccr-2025-immunotherapy-fulltext-language.md","Section-specific synthetic sentence frames","Results: clinical activity and safety","370","synthetic-frame"
"CCRLANG-0256","2026-09-14","Grade 3 or higher treatment-related events occurred in [n/N] patients; [event] constituted the dose-limiting toxicity.","results","abstract-results","efficacy-safety-estimate","clinical-therapy","sentence-frame","descriptive","ccr-2025-immunotherapy-17","39466024;39576208;39786430;39821070;40208070;40247431;40343815;40552922;40788282;40864503;40928991;41065506","subsection-synthesis","ccr-2025-immunotherapy-fulltext-language.md","Section-specific synthetic sentence frames","Results: clinical activity and safety","371","synthetic-frame"
"CCRLANG-0257","2026-09-14","No treatment-related deaths were reported, although the cohort was not large enough to exclude uncommon serious toxicity.","results","abstract-results","efficacy-safety-estimate","clinical-therapy","sentence-frame","descriptive","ccr-2025-immunotherapy-17","39466024;39576208;39786430;39821070;40208070;40247431;40343815;40552922;40788282;40864503;40928991;41065506","subsection-synthesis","ccr-2025-immunotherapy-fulltext-language.md","Section-specific synthetic sentence frames","Results: clinical activity and safety","372","synthetic-frame"
"CCRLANG-0258","2026-09-14","The high-dose schedule was not feasible because immune-mediated toxicity exceeded the acceptable boundary.","results","abstract-results","efficacy-safety-estimate","clinical-therapy","sentence-frame","descriptive","ccr-2025-immunotherapy-17","39466024;39576208;39786430;39821070;40208070;40247431;40343815;40552922;40788282;40864503;40928991;41065506","subsection-synthesis","ccr-2025-immunotherapy-fulltext-language.md","Section-specific synthetic sentence frames","Results: clinical activity and safety","373","synthetic-frame"
"CCRLANG-0259","2026-09-14","The observed activity should be interpreted as a single-arm signal because no concurrent comparator was included.","results","abstract-results","efficacy-safety-estimate","clinical-therapy","sentence-frame","descriptive","ccr-2025-immunotherapy-17","39466024;39576208;39786430;39821070;40208070;40247431;40343815;40552922;40788282;40864503;40928991;41065506","subsection-synthesis","ccr-2025-immunotherapy-fulltext-language.md","Section-specific synthetic sentence frames","Results: clinical activity and safety","374","synthetic-frame"
"CCRLANG-0260","2026-09-14","[Outcome] was associated with [exposure] after multivariable adjustment (HR, [estimate]; 95% CI, [interval]).","results","abstract-results;discussion","comparison-subgroup-longitudinal","clinical-statistics","sentence-frame","associative","ccr-2025-immunotherapy-17","39545922;39786430;39821070;40247431;40343815;40552922;40788282;40864503;40928991;41065506","subsection-synthesis","ccr-2025-immunotherapy-fulltext-language.md","Section-specific synthetic sentence frames","Results: comparisons, subgroups, and longitudinal outcomes","378","synthetic-frame"
"CCRLANG-0261","2026-09-14","The association approached a plateau beyond approximately [duration or exposure], but the observational design does not define an optimal treatment duration.","results","abstract-results;discussion","comparison-subgroup-longitudinal","clinical-statistics","sentence-frame","associative","ccr-2025-immunotherapy-17","39545922;39786430;39821070;40247431;40343815;40552922;40788282;40864503;40928991;41065506","subsection-synthesis","ccr-2025-immunotherapy-fulltext-language.md","Section-specific synthetic sentence frames","Results: comparisons, subgroups, and longitudinal outcomes","379","synthetic-frame"
"CCRLANG-0262","2026-09-14","The overall PFS and OS comparisons were null, whereas exploratory subgroup estimates varied by [biomarker or metastatic site].","results","abstract-results;discussion","comparison-subgroup-longitudinal","clinical-statistics","sentence-frame","associative","ccr-2025-immunotherapy-17","39545922;39786430;39821070;40247431;40343815;40552922;40788282;40864503;40928991;41065506","subsection-synthesis","ccr-2025-immunotherapy-fulltext-language.md","Section-specific synthetic sentence frames","Results: comparisons, subgroups, and longitudinal outcomes","380","synthetic-frame"
"CCRLANG-0263","2026-09-14","A significant estimate in [subgroup A] and a nonsignificant estimate in [subgroup B] did not establish treatment-by-subgroup interaction.","results","abstract-results;discussion","comparison-subgroup-longitudinal","clinical-statistics","sentence-frame","associative","ccr-2025-immunotherapy-17","39545922;39786430;39821070;40247431;40343815;40552922;40788282;40864503;40928991;41065506","subsection-synthesis","ccr-2025-immunotherapy-fulltext-language.md","Section-specific synthetic sentence frames","Results: comparisons, subgroups, and longitudinal outcomes","381","synthetic-frame"
"CCRLANG-0264","2026-09-14","The association was retained after adjustment for TMB in the randomized-trial biomarker cohort but was confined to TMB-high tumors in the real-world cohort.","results","abstract-results;discussion","comparison-subgroup-longitudinal","clinical-statistics","sentence-frame","associative","ccr-2025-immunotherapy-17","39545922;39786430;39821070;40247431;40343815;40552922;40788282;40864503;40928991;41065506","subsection-synthesis","ccr-2025-immunotherapy-fulltext-language.md","Section-specific synthetic sentence frames","Results: comparisons, subgroups, and longitudinal outcomes","382","synthetic-frame"
"CCRLANG-0265","2026-09-14","Molecular response preceded radiographic progression in selected patients, supporting evaluation as an early monitoring marker.","results","abstract-results;discussion","comparison-subgroup-longitudinal","clinical-statistics","sentence-frame","associative","ccr-2025-immunotherapy-17","39545922;39786430;39821070;40247431;40343815;40552922;40788282;40864503;40928991;41065506","subsection-synthesis","ccr-2025-immunotherapy-fulltext-language.md","Section-specific synthetic sentence frames","Results: comparisons, subgroups, and longitudinal outcomes","383","synthetic-frame"
"CCRLANG-0266","2026-09-14","Clonal-hematopoiesis filtering changed molecular-response classification in a subset of samples.","results","abstract-results;discussion","comparison-subgroup-longitudinal","clinical-statistics","sentence-frame","associative","ccr-2025-immunotherapy-17","39545922;39786430;39821070;40247431;40343815;40552922;40788282;40864503;40928991;41065506","subsection-synthesis","ccr-2025-immunotherapy-fulltext-language.md","Section-specific synthetic sentence frames","Results: comparisons, subgroups, and longitudinal outcomes","384","synthetic-frame"
"CCRLANG-0267","2026-09-14","Integrated RNA and protein analyses showed concordant enrichment of [pathway] after [perturbation].","results","abstract-results;discussion","multi-omic-finding","multi-omics-immunology","sentence-frame","associative-mechanistic","ccr-2025-immunotherapy-17","39545922;39786430;39821070;40208070;40343815;40553459;40788282;40828417;41065506","subsection-synthesis","ccr-2025-immunotherapy-fulltext-language.md","Section-specific synthetic sentence frames","Results: multi-omics and immune mechanisms","388","synthetic-frame"
"CCRLANG-0268","2026-09-14","[Perturbation] reduced secretion of [factor] and extracellular-vesicle markers while increasing [immune program].","results","abstract-results;discussion","multi-omic-finding","multi-omics-immunology","sentence-frame","associative-mechanistic","ccr-2025-immunotherapy-17","39545922;39786430;39821070;40208070;40343815;40553459;40788282;40828417;41065506","subsection-synthesis","ccr-2025-immunotherapy-fulltext-language.md","Section-specific synthetic sentence frames","Results: multi-omics and immune mechanisms","389","synthetic-frame"
"CCRLANG-0269","2026-09-14","CyTOF demonstrated greater [cell population] and fewer [cell population], consistent with remodeling toward a more inflamed microenvironment.","results","abstract-results;discussion","multi-omic-finding","multi-omics-immunology","sentence-frame","associative-mechanistic","ccr-2025-immunotherapy-17","39545922;39786430;39821070;40208070;40343815;40553459;40788282;40828417;41065506","subsection-synthesis","ccr-2025-immunotherapy-fulltext-language.md","Section-specific synthetic sentence frames","Results: multi-omics and immune mechanisms","390","synthetic-frame"
"CCRLANG-0270","2026-09-14","On-treatment tumors from patients with clinical benefit contained more [cell state], whereas the corresponding circulating population decreased.","results","abstract-results;discussion","multi-omic-finding","multi-omics-immunology","sentence-frame","associative-mechanistic","ccr-2025-immunotherapy-17","39545922;39786430;39821070;40208070;40343815;40553459;40788282;40828417;41065506","subsection-synthesis","ccr-2025-immunotherapy-fulltext-language.md","Section-specific synthetic sentence frames","Results: multi-omics and immune mechanisms","391","synthetic-frame"
"CCRLANG-0271","2026-09-14","B7-H3 transcript abundance was similar across SCLC subtypes, in contrast to the marked subtype variation in [other target].","results","abstract-results;discussion","multi-omic-finding","multi-omics-immunology","sentence-frame","associative-mechanistic","ccr-2025-immunotherapy-17","39545922;39786430;39821070;40208070;40343815;40553459;40788282;40828417;41065506","subsection-synthesis","ccr-2025-immunotherapy-fulltext-language.md","Section-specific synthetic sentence frames","Results: multi-omics and immune mechanisms","392","synthetic-frame"
"CCRLANG-0272","2026-09-14","The marker correlated with deconvolved M2 macrophage abundance but not with the T-cell-inflamed signature.","results","abstract-results;discussion","multi-omic-finding","multi-omics-immunology","sentence-frame","associative-mechanistic","ccr-2025-immunotherapy-17","39545922;39786430;39821070;40208070;40343815;40553459;40788282;40828417;41065506","subsection-synthesis","ccr-2025-immunotherapy-fulltext-language.md","Section-specific synthetic sentence frames","Results: multi-omics and immune mechanisms","393","synthetic-frame"
"CCRLANG-0273","2026-09-14","The co-mutated tumors contained cytotoxic yet checkpoint-rich CD8 states, suggesting activation accompanied by dysfunction.","results","abstract-results;discussion","multi-omic-finding","multi-omics-immunology","sentence-frame","associative-mechanistic","ccr-2025-immunotherapy-17","39545922;39786430;39821070;40208070;40343815;40553459;40788282;40828417;41065506","subsection-synthesis","ccr-2025-immunotherapy-fulltext-language.md","Section-specific synthetic sentence frames","Results: multi-omics and immune mechanisms","394","synthetic-frame"
"CCRLANG-0274","2026-09-14","No increase in MHC-I neopeptide burden was detected, arguing against direct neoantigen generation as the observed mechanism.","results","abstract-results;discussion","multi-omic-finding","multi-omics-immunology","sentence-frame","associative-mechanistic","ccr-2025-immunotherapy-17","39545922;39786430;39821070;40208070;40343815;40553459;40788282;40828417;41065506","subsection-synthesis","ccr-2025-immunotherapy-fulltext-language.md","Section-specific synthetic sentence frames","Results: multi-omics and immune mechanisms","395","synthetic-frame"
"CCRLANG-0275","2026-09-14","Tracer uptake increased across ordered PD-L1 IHC strata, whereas FDG uptake did not show the same relationship.","results","abstract-results;discussion","imaging-pharmacology-result","imaging-pharmacokinetics","sentence-frame","descriptive-associative","ccr-2025-immunotherapy-17","39821070;40343815;40928991","subsection-synthesis","ccr-2025-immunotherapy-fulltext-language.md","Section-specific synthetic sentence frames","Results: imaging, PK, and exposure response","399","synthetic-frame"
"CCRLANG-0276","2026-09-14","Within-patient lesion uptake was heterogeneous, with a median SUVmax coefficient of variation of [value].","results","abstract-results;discussion","imaging-pharmacology-result","imaging-pharmacokinetics","sentence-frame","descriptive-associative","ccr-2025-immunotherapy-17","39821070;40343815;40928991","subsection-synthesis","ccr-2025-immunotherapy-fulltext-language.md","Section-specific synthetic sentence frames","Results: imaging, PK, and exposure response","400","synthetic-frame"
"CCRLANG-0277","2026-09-14","Serial imaging showed a postdose reduction in bindable target signal, consistent with sustained target occupancy in this illustrative case.","results","abstract-results;discussion","imaging-pharmacology-result","imaging-pharmacokinetics","sentence-frame","descriptive-associative","ccr-2025-immunotherapy-17","39821070;40343815;40928991","subsection-synthesis","ccr-2025-immunotherapy-fulltext-language.md","Section-specific synthetic sentence frames","Results: imaging, PK, and exposure response","401","synthetic-frame"
"CCRLANG-0278","2026-09-14","Response probability increased with model-derived exposure and approached a plateau near the selected regimen.","results","abstract-results;discussion","imaging-pharmacology-result","imaging-pharmacokinetics","sentence-frame","descriptive-associative","ccr-2025-immunotherapy-17","39821070;40343815;40928991","subsection-synthesis","ccr-2025-immunotherapy-fulltext-language.md","Section-specific synthetic sentence frames","Results: imaging, PK, and exposure response","402","synthetic-frame"
"CCRLANG-0279","2026-09-14","No clear exposure relationship was detected for most safety endpoints; a shallow association with [event] remained.","results","abstract-results;discussion","imaging-pharmacology-result","imaging-pharmacokinetics","sentence-frame","descriptive-associative","ccr-2025-immunotherapy-17","39821070;40343815;40928991","subsection-synthesis","ccr-2025-immunotherapy-fulltext-language.md","Section-specific synthetic sentence frames","Results: imaging, PK, and exposure response","403","synthetic-frame"
"CCRLANG-0280","2026-09-14","ADC and total-antibody concentration-time profiles were nearly superimposable, with minimal free-payload exposure in circulation.","results","abstract-results;discussion","imaging-pharmacology-result","imaging-pharmacokinetics","sentence-frame","descriptive-associative","ccr-2025-immunotherapy-17","39821070;40343815;40928991","subsection-synthesis","ccr-2025-immunotherapy-fulltext-language.md","Section-specific synthetic sentence frames","Results: imaging, PK, and exposure response","404","synthetic-frame"
"CCRLANG-0281","2026-09-14","[CAR platform] induced antigen-dependent killing at effector-to-target ratios as low as [ratio].","results","abstract-results;discussion","preclinical-drug-activity","cellular-therapy-drug-response","sentence-frame","mechanistic-preclinical","ccr-2025-immunotherapy-17","39466024;39576208;40208070;40499141;40828417;41026583","subsection-synthesis","ccr-2025-immunotherapy-fulltext-language.md","Section-specific synthetic sentence frames","Results: cellular and drug-response experiments","408","synthetic-frame"
"CCRLANG-0282","2026-09-14","Target-negative cells were largely spared, whereas target-positive cells showed cytokine release, proliferation, and apoptosis.","results","abstract-results;discussion","preclinical-drug-activity","cellular-therapy-drug-response","sentence-frame","mechanistic-preclinical","ccr-2025-immunotherapy-17","39466024;39576208;40208070;40499141;40828417;41026583","subsection-synthesis","ccr-2025-immunotherapy-fulltext-language.md","Section-specific synthetic sentence frames","Results: cellular and drug-response experiments","409","synthetic-frame"
"CCRLANG-0283","2026-09-14","Resistant cells were less susceptible to CAR T cells but more susceptible to CAR NK cells than their parental counterparts.","results","abstract-results;discussion","preclinical-drug-activity","cellular-therapy-drug-response","sentence-frame","mechanistic-preclinical","ccr-2025-immunotherapy-17","39466024;39576208;40208070;40499141;40828417;41026583","subsection-synthesis","ccr-2025-immunotherapy-fulltext-language.md","Section-specific synthetic sentence frames","Results: cellular and drug-response experiments","410","synthetic-frame"
"CCRLANG-0284","2026-09-14","Dual blockade of NKp30 and NKG2D reduced natural cytotoxicity, while residual CAR-dependent killing remained.","results","abstract-results;discussion","preclinical-drug-activity","cellular-therapy-drug-response","sentence-frame","mechanistic-preclinical","ccr-2025-immunotherapy-17","39466024;39576208;40208070;40499141;40828417;41026583","subsection-synthesis","ccr-2025-immunotherapy-fulltext-language.md","Section-specific synthetic sentence frames","Results: cellular and drug-response experiments","411","synthetic-frame"
"CCRLANG-0285","2026-09-14","Continued TKI exposure increased cell-surface EGFR and enhanced CAR-mediated killing despite persistent TKI resistance.","results","abstract-results;discussion","preclinical-drug-activity","cellular-therapy-drug-response","sentence-frame","mechanistic-preclinical","ccr-2025-immunotherapy-17","39466024;39576208;40208070;40499141;40828417;41026583","subsection-synthesis","ccr-2025-immunotherapy-fulltext-language.md","Section-specific synthetic sentence frames","Results: cellular and drug-response experiments","412","synthetic-frame"
"CCRLANG-0286","2026-09-14","The dominant-negative receptor attenuated SMAD signaling and preserved perforin and granzyme expression under TGF-beta exposure.","results","abstract-results;discussion","preclinical-drug-activity","cellular-therapy-drug-response","sentence-frame","mechanistic-preclinical","ccr-2025-immunotherapy-17","39466024;39576208;40208070;40499141;40828417;41026583","subsection-synthesis","ccr-2025-immunotherapy-fulltext-language.md","Section-specific synthetic sentence frames","Results: cellular and drug-response experiments","413","synthetic-frame"
"CCRLANG-0287","2026-09-14","The ADC was internalized and trafficked to lysosomes, followed by payload-associated DNA damage and apoptosis.","results","abstract-results;discussion","preclinical-drug-activity","cellular-therapy-drug-response","sentence-frame","mechanistic-preclinical","ccr-2025-immunotherapy-17","39466024;39576208;40208070;40499141;40828417;41026583","subsection-synthesis","ccr-2025-immunotherapy-fulltext-language.md","Section-specific synthetic sentence frames","Results: cellular and drug-response experiments","414","synthetic-frame"
"CCRLANG-0288","2026-09-14","Target-negative cells were killed only in mixed culture, supporting a bystander effect under the tested conditions.","results","abstract-results;discussion","preclinical-drug-activity","cellular-therapy-drug-response","sentence-frame","mechanistic-preclinical","ccr-2025-immunotherapy-17","39466024;39576208;40208070;40499141;40828417;41026583","subsection-synthesis","ccr-2025-immunotherapy-fulltext-language.md","Section-specific synthetic sentence frames","Results: cellular and drug-response experiments","415","synthetic-frame"
"CCRLANG-0289","2026-09-14","The principal finding is that [result], within the constraints of a [design] study.","discussion","conclusion","interpretation-limitation-implication","mixed-biomedical","sentence-frame","mixed","ccr-2025-immunotherapy-17","39466024;39545922;39576208;39786430;39821070;40208070;40247431;40343815;40499141;40552922;40553459;40788282;40828417;40864503;40928991;41026583;41065506","batch-synthesis","ccr-2025-immunotherapy-fulltext-language.md","Section-specific synthetic sentence frames","Discussion","419","synthetic-frame"
"CCRLANG-0290","2026-09-14","The convergence of [modalities] strengthens the biological rationale but does not establish that [mechanism] mediated clinical benefit.","discussion","conclusion","interpretation-limitation-implication","mixed-biomedical","sentence-frame","mixed","ccr-2025-immunotherapy-17","39466024;39545922;39576208;39786430;39821070;40208070;40247431;40343815;40499141;40552922;40553459;40788282;40828417;40864503;40928991;41026583;41065506","batch-synthesis","ccr-2025-immunotherapy-fulltext-language.md","Section-specific synthetic sentence frames","Discussion","420","synthetic-frame"
"CCRLANG-0291","2026-09-14","The small, nonrandomized cohort precludes a reliable comparison with historical outcomes and limits precision around efficacy.","discussion","conclusion","interpretation-limitation-implication","mixed-biomedical","sentence-frame","mixed","ccr-2025-immunotherapy-17","39466024;39545922;39576208;39786430;39821070;40208070;40247431;40343815;40499141;40552922;40553459;40788282;40828417;40864503;40928991;41026583;41065506","batch-synthesis","ccr-2025-immunotherapy-fulltext-language.md","Section-specific synthetic sentence frames","Discussion","421","synthetic-frame"
"CCRLANG-0292","2026-09-14","The wide confidence interval reflects sparse events and should temper interpretation of the point estimate.","discussion","conclusion","interpretation-limitation-implication","mixed-biomedical","sentence-frame","mixed","ccr-2025-immunotherapy-17","39466024;39545922;39576208;39786430;39821070;40208070;40247431;40343815;40499141;40552922;40553459;40788282;40828417;40864503;40928991;41026583;41065506","batch-synthesis","ccr-2025-immunotherapy-fulltext-language.md","Section-specific synthetic sentence frames","Discussion","422","synthetic-frame"
"CCRLANG-0293","2026-09-14","The biomarker may enrich for benefit from [therapy], but prospective assay and clinical-utility validation are required before treatment selection.","discussion","conclusion","interpretation-limitation-implication","mixed-biomedical","sentence-frame","mixed","ccr-2025-immunotherapy-17","39466024;39545922;39576208;39786430;39821070;40208070;40247431;40343815;40499141;40552922;40553459;40788282;40828417;40864503;40928991;41026583;41065506","batch-synthesis","ccr-2025-immunotherapy-fulltext-language.md","Section-specific synthetic sentence frames","Discussion","423","synthetic-frame"
"CCRLANG-0294","2026-09-14","The findings support serial molecular or imaging assessment as a candidate monitoring strategy rather than a validated surrogate endpoint.","discussion","conclusion","interpretation-limitation-implication","mixed-biomedical","sentence-frame","mixed","ccr-2025-immunotherapy-17","39466024;39545922;39576208;39786430;39821070;40208070;40247431;40343815;40499141;40552922;40553459;40788282;40828417;40864503;40928991;41026583;41065506","batch-synthesis","ccr-2025-immunotherapy-fulltext-language.md","Section-specific synthetic sentence frames","Discussion","424","synthetic-frame"
"CCRLANG-0295","2026-09-14","In [population or model], [bounded primary finding] supports [specific next step] but does not establish [unsupported clinical claim].","conclusion","abstract-conclusion;translational-relevance","bounded-synthesis-validation","mixed-biomedical","sentence-frame","mixed","ccr-2025-immunotherapy-17","39466024;39545922;39576208;39786430;39821070;40208070;40247431;40343815;40499141;40552922;40553459;40788282;40828417;40864503;40928991;41026583;41065506","batch-synthesis","ccr-2025-immunotherapy-fulltext-language.md","Section-specific synthetic sentence frames","Conclusion","428","synthetic-frame"
"CCRLANG-0296","2026-09-14","These preclinical data justify first-in-human evaluation but cannot establish human safety or therapeutic benefit.","conclusion","abstract-conclusion;translational-relevance","bounded-synthesis-validation","mixed-biomedical","sentence-frame","mixed","ccr-2025-immunotherapy-17","39466024;39545922;39576208;39786430;39821070;40208070;40247431;40343815;40499141;40552922;40553459;40788282;40828417;40864503;40928991;41026583;41065506","batch-synthesis","ccr-2025-immunotherapy-fulltext-language.md","Section-specific synthetic sentence frames","Conclusion","429","synthetic-frame"
"CCRLANG-0297","2026-09-14","Future studies should distinguish target-dependent activity from innate effector function and quantify on-target/off-tumor effects in clinically relevant models.","conclusion","abstract-conclusion;translational-relevance","bounded-synthesis-validation","mixed-biomedical","sentence-frame","mixed","ccr-2025-immunotherapy-17","39466024;39545922;39576208;39786430;39821070;40208070;40247431;40343815;40499141;40552922;40553459;40788282;40828417;40864503;40928991;41026583;41065506","batch-synthesis","ccr-2025-immunotherapy-fulltext-language.md","Section-specific synthetic sentence frames","Conclusion","430","synthetic-frame"
"CCRLANG-0298","2026-09-14","Prospective [analytical, external, or clinical-utility] validation is required before [intended use].","conclusion","abstract-conclusion;translational-relevance","bounded-synthesis-validation","mixed-biomedical","sentence-frame","mixed","ccr-2025-immunotherapy-17","39466024;39545922;39576208;39786430;39821070;40208070;40247431;40343815;40499141;40552922;40553459;40788282;40828417;40864503;40928991;41026583;41065506","batch-synthesis","ccr-2025-immunotherapy-fulltext-language.md","Section-specific synthetic sentence frames","Conclusion","431","synthetic-frame"
"CCRLANG-0299","2026-09-14","enrolled and treated denominators -> analysis population -> primary endpoint with CI -> secondary time-to-event results -> grade and attribution of toxicity -> single-arm or phase limitation","results","abstract-results;discussion","clinical-results-architecture","clinical-therapy","paragraph-architecture","mixed","ccr-2025-immunotherapy-17","39466024;39576208;39786430;39821070;40208070;40552922;40928991","subsection-synthesis","ccr-2025-immunotherapy-fulltext-language.md","Paragraph architecture","Clinical trial paragraph","437","synthetic-architecture"
"CCRLANG-0300","2026-09-14","biomarker definition and assay -> prevalence -> unadjusted association -> adjusted estimate -> interaction or comparator evidence -> TMB/PD-L1 dependence -> validation boundary","results","discussion;conclusion","biomarker-results-architecture","biomarker-statistics","paragraph-architecture","associative-predictive","ccr-2025-immunotherapy-17","39545922;40247431;40343815;40553459;40788282;40864503;41065506","subsection-synthesis","ccr-2025-immunotherapy-fulltext-language.md","Paragraph architecture","Biomarker paragraph","441","synthetic-architecture"
"CCRLANG-0301","2026-09-14","sampling schedule -> tissue change -> blood change -> response-group contrast -> cross-compartment interpretation -> small-sample and multiplicity caveat","results","discussion","longitudinal-results-architecture","immunotherapy-multi-omics","paragraph-architecture","associative","ccr-2025-immunotherapy-17","39545922;39786430;39821070;40208070;40788282","subsection-synthesis","ccr-2025-immunotherapy-fulltext-language.md","Paragraph architecture","Longitudinal immune paragraph","445","synthetic-architecture"
"CCRLANG-0302","2026-09-14","modality-specific sample sizes -> transcript-level signal -> protein-level signal -> cellular/spatial corroboration -> perturbational evidence -> unresolved mediation","results","discussion","multi-omics-results-architecture","multi-omics","paragraph-architecture","associative-mechanistic","ccr-2025-immunotherapy-17","39545922;39786430;40208070","subsection-synthesis","ccr-2025-immunotherapy-fulltext-language.md","Paragraph architecture","Integrated multi-omics paragraph","449","synthetic-architecture"
"CCRLANG-0303","2026-09-14","construct and manufacturing -> target density -> antigen-dependent activation -> orthogonal killing assays -> in vivo expansion/trafficking -> toxicity observations -> clinical translation limit","results","methods;discussion","cellular-therapy-architecture","cellular-therapy","paragraph-architecture","preclinical-clinical","ccr-2025-immunotherapy-17","39466024;39576208;40828417;41026583","subsection-synthesis","ccr-2025-immunotherapy-fulltext-language.md","Paragraph architecture","Cellular-therapy paragraph","453","synthetic-architecture"
"CCRLANG-0304","2026-09-14","source trials and analysis populations -> model-derived exposure metric -> functional model -> efficacy relationship -> safety relationship -> covariate analysis -> dose-selection inference","results","methods;discussion;conclusion","exposure-response-architecture","pharmacokinetics-statistics","paragraph-architecture","associative-dose-selection","ccr-2025-immunotherapy-17","40928991","single-paper-synthesis","ccr-2025-immunotherapy-fulltext-language.md","Paragraph architecture","Exposure-response paragraph","457","synthetic-architecture"
"CCRLANG-0305","2026-09-14","construct and payload -> target binding -> internalization and release -> direct cytotoxicity -> bystander/ADCC evidence -> CDX/PDX activity -> cross-reactive-species toxicology -> first-in-human boundary","results","methods;discussion;conclusion","preclinical-adc-architecture","adc-pharmacology","paragraph-architecture","preclinical","ccr-2025-immunotherapy-17","40499141","single-paper-synthesis","ccr-2025-immunotherapy-fulltext-language.md","Paragraph architecture","Preclinical ADC paragraph","461","synthetic-architecture"
"CCRLANG-0306","2026-09-14","treatment-naive metastatic disease","introduction","abstract;methods;results;discussion;conclusion","terminology","clinical-oncology","vocabulary","mixed","ccr-2026-immunotherapy-17","41537692;41587109;41671081;41805895;41849236;41920765;42008740;42126592;42149140;42189883;42360104;42405849;42440365;42456046;42485106;42489696;42574065","batch-synthesis","ccr-2026-immunotherapy-fulltext-language.md","Vocabulary and collocation bank","Clinical oncology and treatment setting","85","conventional-term-or-collocation"
"CCRLANG-0307","2026-09-14","actionable genomic alteration-negative population","introduction","abstract;methods;results;discussion;conclusion","terminology","clinical-oncology","vocabulary","mixed","ccr-2026-immunotherapy-17","41537692;41587109;41671081;41805895;41849236;41920765;42008740;42126592;42149140;42189883;42360104;42405849;42440365;42456046;42485106;42489696;42574065","batch-synthesis","ccr-2026-immunotherapy-fulltext-language.md","Vocabulary and collocation bank","Clinical oncology and treatment setting","86","conventional-term-or-collocation"
"CCRLANG-0308","2026-09-14","no history of tobacco use","introduction","abstract;methods;results;discussion;conclusion","terminology","clinical-oncology","vocabulary","mixed","ccr-2026-immunotherapy-17","41537692;41587109;41671081;41805895;41849236;41920765;42008740;42126592;42149140;42189883;42360104;42405849;42440365;42456046;42485106;42489696;42574065","batch-synthesis","ccr-2026-immunotherapy-fulltext-language.md","Vocabulary and collocation bank","Clinical oncology and treatment setting","87","conventional-term-or-collocation"
"CCRLANG-0309","2026-09-14","never-smoker","introduction","abstract;methods;results;discussion;conclusion","terminology","clinical-oncology","vocabulary","mixed","ccr-2026-immunotherapy-17","41537692;41587109;41671081;41805895;41849236;41920765;42008740;42126592;42149140;42189883;42360104;42405849;42440365;42456046;42485106;42489696;42574065","batch-synthesis","ccr-2026-immunotherapy-fulltext-language.md","Vocabulary and collocation bank","Clinical oncology and treatment setting","87","conventional-term-or-collocation"
"CCRLANG-0310","2026-09-14","potentially resectable disease","introduction","abstract;methods;results;discussion;conclusion","terminology","clinical-oncology","vocabulary","mixed","ccr-2026-immunotherapy-17","41537692;41587109;41671081;41805895;41849236;41920765;42008740;42126592;42149140;42189883;42360104;42405849;42440365;42456046;42485106;42489696;42574065","batch-synthesis","ccr-2026-immunotherapy-fulltext-language.md","Vocabulary and collocation bank","Clinical oncology and treatment setting","88","conventional-term-or-collocation"
"CCRLANG-0311","2026-09-14","unresectable locally advanced disease","introduction","abstract;methods;results;discussion;conclusion","terminology","clinical-oncology","vocabulary","mixed","ccr-2026-immunotherapy-17","41537692;41587109;41671081;41805895;41849236;41920765;42008740;42126592;42149140;42189883;42360104;42405849;42440365;42456046;42485106;42489696;42574065","batch-synthesis","ccr-2026-immunotherapy-fulltext-language.md","Vocabulary and collocation bank","Clinical oncology and treatment setting","88","conventional-term-or-collocation"
"CCRLANG-0312","2026-09-14","perioperative chemoimmunotherapy","introduction","abstract;methods;results;discussion;conclusion","terminology","clinical-oncology","vocabulary","mixed","ccr-2026-immunotherapy-17","41537692;41587109;41671081;41805895;41849236;41920765;42008740;42126592;42149140;42189883;42360104;42405849;42440365;42456046;42485106;42489696;42574065","batch-synthesis","ccr-2026-immunotherapy-fulltext-language.md","Vocabulary and collocation bank","Clinical oncology and treatment setting","89","conventional-term-or-collocation"
"CCRLANG-0313","2026-09-14","neoadjuvant treatment","introduction","abstract;methods;results;discussion;conclusion","terminology","clinical-oncology","vocabulary","mixed","ccr-2026-immunotherapy-17","41537692;41587109;41671081;41805895;41849236;41920765;42008740;42126592;42149140;42189883;42360104;42405849;42440365;42456046;42485106;42489696;42574065","batch-synthesis","ccr-2026-immunotherapy-fulltext-language.md","Vocabulary and collocation bank","Clinical oncology and treatment setting","90","conventional-term-or-collocation"
"CCRLANG-0314","2026-09-14","adjuvant treatment","introduction","abstract;methods;results;discussion;conclusion","terminology","clinical-oncology","vocabulary","mixed","ccr-2026-immunotherapy-17","41537692;41587109;41671081;41805895;41849236;41920765;42008740;42126592;42149140;42189883;42360104;42405849;42440365;42456046;42485106;42489696;42574065","batch-synthesis","ccr-2026-immunotherapy-fulltext-language.md","Vocabulary and collocation bank","Clinical oncology and treatment setting","90","conventional-term-or-collocation"
"CCRLANG-0315","2026-09-14","consolidation durvalumab","introduction","abstract;methods;results;discussion;conclusion","terminology","clinical-oncology","vocabulary","mixed","ccr-2026-immunotherapy-17","41537692;41587109;41671081;41805895;41849236;41920765;42008740;42126592;42149140;42189883;42360104;42405849;42440365;42456046;42485106;42489696;42574065","batch-synthesis","ccr-2026-immunotherapy-fulltext-language.md","Vocabulary and collocation bank","Clinical oncology and treatment setting","91","conventional-term-or-collocation"
"CCRLANG-0316","2026-09-14","first-line","introduction","abstract;methods;results;discussion;conclusion","terminology","clinical-oncology","vocabulary","mixed","ccr-2026-immunotherapy-17","41537692;41587109;41671081;41805895;41849236;41920765;42008740;42126592;42149140;42189883;42360104;42405849;42440365;42456046;42485106;42489696;42574065","batch-synthesis","ccr-2026-immunotherapy-fulltext-language.md","Vocabulary and collocation bank","Clinical oncology and treatment setting","92","conventional-term-or-collocation"
"CCRLANG-0317","2026-09-14","second-line","introduction","abstract;methods;results;discussion;conclusion","terminology","clinical-oncology","vocabulary","mixed","ccr-2026-immunotherapy-17","41537692;41587109;41671081;41805895;41849236;41920765;42008740;42126592;42149140;42189883;42360104;42405849;42440365;42456046;42485106;42489696;42574065","batch-synthesis","ccr-2026-immunotherapy-fulltext-language.md","Vocabulary and collocation bank","Clinical oncology and treatment setting","92","conventional-term-or-collocation"
"CCRLANG-0318","2026-09-14","later-line treatment","introduction","abstract;methods;results;discussion;conclusion","terminology","clinical-oncology","vocabulary","mixed","ccr-2026-immunotherapy-17","41537692;41587109;41671081;41805895;41849236;41920765;42008740;42126592;42149140;42189883;42360104;42405849;42440365;42456046;42485106;42489696;42574065","batch-synthesis","ccr-2026-immunotherapy-fulltext-language.md","Vocabulary and collocation bank","Clinical oncology and treatment setting","92","conventional-term-or-collocation"
"CCRLANG-0319","2026-09-14","checkpoint-inhibitor-experienced population","introduction","abstract;methods;results;discussion;conclusion","terminology","clinical-oncology","vocabulary","mixed","ccr-2026-immunotherapy-17","41537692;41587109;41671081;41805895;41849236;41920765;42008740;42126592;42149140;42189883;42360104;42405849;42440365;42456046;42485106;42489696;42574065","batch-synthesis","ccr-2026-immunotherapy-fulltext-language.md","Vocabulary and collocation bank","Clinical oncology and treatment setting","93","conventional-term-or-collocation"
"CCRLANG-0320","2026-09-14","platinum-ineligible population","introduction","abstract;methods;results;discussion;conclusion","terminology","clinical-oncology","vocabulary","mixed","ccr-2026-immunotherapy-17","41537692;41587109;41671081;41805895;41849236;41920765;42008740;42126592;42149140;42189883;42360104;42405849;42440365;42456046;42485106;42489696;42574065","batch-synthesis","ccr-2026-immunotherapy-fulltext-language.md","Vocabulary and collocation bank","Clinical oncology and treatment setting","94","conventional-term-or-collocation"
"CCRLANG-0321","2026-09-14","histology-based chemotherapy backbone","introduction","abstract;methods;results;discussion;conclusion","terminology","clinical-oncology","vocabulary","mixed","ccr-2026-immunotherapy-17","41537692;41587109;41671081;41805895;41849236;41920765;42008740;42126592;42149140;42189883;42360104;42405849;42440365;42456046;42485106;42489696;42574065","batch-synthesis","ccr-2026-immunotherapy-fulltext-language.md","Vocabulary and collocation bank","Clinical oncology and treatment setting","95","conventional-term-or-collocation"
"CCRLANG-0322","2026-09-14","amenable to stereotactic body radiotherapy","introduction","abstract;methods;results;discussion;conclusion","terminology","clinical-oncology","vocabulary","mixed","ccr-2026-immunotherapy-17","41537692;41587109;41671081;41805895;41849236;41920765;42008740;42126592;42149140;42189883;42360104;42405849;42440365;42456046;42485106;42489696;42574065","batch-synthesis","ccr-2026-immunotherapy-fulltext-language.md","Vocabulary and collocation bank","Clinical oncology and treatment setting","96","conventional-term-or-collocation"
"CCRLANG-0323","2026-09-14","multisite ablative radiotherapy","introduction","abstract;methods;results;discussion;conclusion","terminology","clinical-oncology","vocabulary","mixed","ccr-2026-immunotherapy-17","41537692;41587109;41671081;41805895;41849236;41920765;42008740;42126592;42149140;42189883;42360104;42405849;42440365;42456046;42485106;42489696;42574065","batch-synthesis","ccr-2026-immunotherapy-fulltext-language.md","Vocabulary and collocation bank","Clinical oncology and treatment setting","97","conventional-term-or-collocation"
"CCRLANG-0324","2026-09-14","abdominopelvic palliative radiotherapy","introduction","abstract;methods;results;discussion;conclusion","terminology","clinical-oncology","vocabulary","mixed","ccr-2026-immunotherapy-17","41537692;41587109;41671081;41805895;41849236;41920765;42008740;42126592;42149140;42189883;42360104;42405849;42440365;42456046;42485106;42489696;42574065","batch-synthesis","ccr-2026-immunotherapy-fulltext-language.md","Vocabulary and collocation bank","Clinical oncology and treatment setting","98","conventional-term-or-collocation"
"CCRLANG-0325","2026-09-14","small-intestinal mean radiation dose","introduction","abstract;methods;results;discussion;conclusion","terminology","clinical-oncology","vocabulary","mixed","ccr-2026-immunotherapy-17","41537692;41587109;41671081;41805895;41849236;41920765;42008740;42126592;42149140;42189883;42360104;42405849;42440365;42456046;42485106;42489696;42574065","batch-synthesis","ccr-2026-immunotherapy-fulltext-language.md","Vocabulary and collocation bank","Clinical oncology and treatment setting","99","conventional-term-or-collocation"
"CCRLANG-0326","2026-09-14","complete pathologic response","introduction","abstract;methods;results;discussion;conclusion","terminology","clinical-oncology","vocabulary","mixed","ccr-2026-immunotherapy-17","41537692;41587109;41671081;41805895;41849236;41920765;42008740;42126592;42149140;42189883;42360104;42405849;42440365;42456046;42485106;42489696;42574065","batch-synthesis","ccr-2026-immunotherapy-fulltext-language.md","Vocabulary and collocation bank","Clinical oncology and treatment setting","100","conventional-term-or-collocation"
"CCRLANG-0327","2026-09-14","non-complete pathologic response","introduction","abstract;methods;results;discussion;conclusion","terminology","clinical-oncology","vocabulary","mixed","ccr-2026-immunotherapy-17","41537692;41587109;41671081;41805895;41849236;41920765;42008740;42126592;42149140;42189883;42360104;42405849;42440365;42456046;42485106;42489696;42574065","batch-synthesis","ccr-2026-immunotherapy-fulltext-language.md","Vocabulary and collocation bank","Clinical oncology and treatment setting","100","conventional-term-or-collocation"
"CCRLANG-0328","2026-09-14","durable clinical benefit","introduction","abstract;methods;results;discussion;conclusion","terminology","clinical-oncology","vocabulary","mixed","ccr-2026-immunotherapy-17","41537692;41587109;41671081;41805895;41849236;41920765;42008740;42126592;42149140;42189883;42360104;42405849;42440365;42456046;42485106;42489696;42574065","batch-synthesis","ccr-2026-immunotherapy-fulltext-language.md","Vocabulary and collocation bank","Clinical oncology and treatment setting","101","conventional-term-or-collocation"
"CCRLANG-0329","2026-09-14","long-term benefit","introduction","abstract;methods;results;discussion;conclusion","terminology","clinical-oncology","vocabulary","mixed","ccr-2026-immunotherapy-17","41537692;41587109;41671081;41805895;41849236;41920765;42008740;42126592;42149140;42189883;42360104;42405849;42440365;42456046;42485106;42489696;42574065","batch-synthesis","ccr-2026-immunotherapy-fulltext-language.md","Vocabulary and collocation bank","Clinical oncology and treatment setting","101","conventional-term-or-collocation"
"CCRLANG-0330","2026-09-14","rapid progression","introduction","abstract;methods;results;discussion;conclusion","terminology","clinical-oncology","vocabulary","mixed","ccr-2026-immunotherapy-17","41537692;41587109;41671081;41805895;41849236;41920765;42008740;42126592;42149140;42189883;42360104;42405849;42440365;42456046;42485106;42489696;42574065","batch-synthesis","ccr-2026-immunotherapy-fulltext-language.md","Vocabulary and collocation bank","Clinical oncology and treatment setting","102","conventional-term-or-collocation"
"CCRLANG-0331","2026-09-14","early death","introduction","abstract;methods;results;discussion;conclusion","terminology","clinical-oncology","vocabulary","mixed","ccr-2026-immunotherapy-17","41537692;41587109;41671081;41805895;41849236;41920765;42008740;42126592;42149140;42189883;42360104;42405849;42440365;42456046;42485106;42489696;42574065","batch-synthesis","ccr-2026-immunotherapy-fulltext-language.md","Vocabulary and collocation bank","Clinical oncology and treatment setting","102","conventional-term-or-collocation"
"CCRLANG-0332","2026-09-14","early detriment","introduction","abstract;methods;results;discussion;conclusion","terminology","clinical-oncology","vocabulary","mixed","ccr-2026-immunotherapy-17","41537692;41587109;41671081;41805895;41849236;41920765;42008740;42126592;42149140;42189883;42360104;42405849;42440365;42456046;42485106;42489696;42574065","batch-synthesis","ccr-2026-immunotherapy-fulltext-language.md","Vocabulary and collocation bank","Clinical oncology and treatment setting","102","conventional-term-or-collocation"
"CCRLANG-0333","2026-09-14","early crossing of survival curves","introduction","abstract;methods;results;discussion;conclusion","terminology","clinical-oncology","vocabulary","mixed","ccr-2026-immunotherapy-17","41537692;41587109;41671081;41805895;41849236;41920765;42008740;42126592;42149140;42189883;42360104;42405849;42440365;42456046;42485106;42489696;42574065","batch-synthesis","ccr-2026-immunotherapy-fulltext-language.md","Vocabulary and collocation bank","Clinical oncology and treatment setting","103","conventional-term-or-collocation"
"CCRLANG-0334","2026-09-14","clinically documented progression","introduction","abstract;methods;results;discussion;conclusion","terminology","clinical-oncology","vocabulary","mixed","ccr-2026-immunotherapy-17","41537692;41587109;41671081;41805895;41849236;41920765;42008740;42126592;42149140;42189883;42360104;42405849;42440365;42456046;42485106;42489696;42574065","batch-synthesis","ccr-2026-immunotherapy-fulltext-language.md","Vocabulary and collocation bank","Clinical oncology and treatment setting","104","conventional-term-or-collocation"
"CCRLANG-0335","2026-09-14","real-world progression","introduction","abstract;methods;results;discussion;conclusion","terminology","clinical-oncology","vocabulary","mixed","ccr-2026-immunotherapy-17","41537692;41587109;41671081;41805895;41849236;41920765;42008740;42126592;42149140;42189883;42360104;42405849;42440365;42456046;42485106;42489696;42574065","batch-synthesis","ccr-2026-immunotherapy-fulltext-language.md","Vocabulary and collocation bank","Clinical oncology and treatment setting","104","conventional-term-or-collocation"
"CCRLANG-0336","2026-09-14","PD-(L)1 blockade","introduction","abstract;methods;results;discussion","terminology","immunotherapy-tissue-ecology","vocabulary","mixed","ccr-2026-immunotherapy-17","41537692;41805895;41849236;41920765;42008740;42126592;42149140;42189883;42360104;42405849;42440365;42456046;42485106;42489696","subsection-synthesis","ccr-2026-immunotherapy-fulltext-language.md","Vocabulary and collocation bank","Immunotherapy, immune states, and tissue ecology","108","conventional-term-or-collocation"
"CCRLANG-0337","2026-09-14","dual-checkpoint blockade","introduction","abstract;methods;results;discussion","terminology","immunotherapy-tissue-ecology","vocabulary","mixed","ccr-2026-immunotherapy-17","41537692;41805895;41849236;41920765;42008740;42126592;42149140;42189883;42360104;42405849;42440365;42456046;42485106;42489696","subsection-synthesis","ccr-2026-immunotherapy-fulltext-language.md","Vocabulary and collocation bank","Immunotherapy, immune states, and tissue ecology","108","conventional-term-or-collocation"
"CCRLANG-0338","2026-09-14","PD-1/TIGIT bispecific antibody","introduction","abstract;methods;results;discussion","terminology","immunotherapy-tissue-ecology","vocabulary","mixed","ccr-2026-immunotherapy-17","41537692;41805895;41849236;41920765;42008740;42126592;42149140;42189883;42360104;42405849;42440365;42456046;42485106;42489696","subsection-synthesis","ccr-2026-immunotherapy-fulltext-language.md","Vocabulary and collocation bank","Immunotherapy, immune states, and tissue ecology","109","conventional-term-or-collocation"
"CCRLANG-0339","2026-09-14","Fc-reduced format","introduction","abstract;methods;results;discussion","terminology","immunotherapy-tissue-ecology","vocabulary","mixed","ccr-2026-immunotherapy-17","41537692;41805895;41849236;41920765;42008740;42126592;42149140;42189883;42360104;42405849;42440365;42456046;42485106;42489696","subsection-synthesis","ccr-2026-immunotherapy-fulltext-language.md","Vocabulary and collocation bank","Immunotherapy, immune states, and tissue ecology","110","conventional-term-or-collocation"
"CCRLANG-0340","2026-09-14","DLL3-directed CD3 T-cell engager","introduction","abstract;methods;results;discussion","terminology","immunotherapy-tissue-ecology","vocabulary","mixed","ccr-2026-immunotherapy-17","41537692;41805895;41849236;41920765;42008740;42126592;42149140;42189883;42360104;42405849;42440365;42456046;42485106;42489696","subsection-synthesis","ccr-2026-immunotherapy-fulltext-language.md","Vocabulary and collocation bank","Immunotherapy, immune states, and tissue ecology","111","conventional-term-or-collocation"
"CCRLANG-0341","2026-09-14","immunological synapse formation","introduction","abstract;methods;results;discussion","terminology","immunotherapy-tissue-ecology","vocabulary","mixed","ccr-2026-immunotherapy-17","41537692;41805895;41849236;41920765;42008740;42126592;42149140;42189883;42360104;42405849;42440365;42456046;42485106;42489696","subsection-synthesis","ccr-2026-immunotherapy-fulltext-language.md","Vocabulary and collocation bank","Immunotherapy, immune states, and tissue ecology","112","conventional-term-or-collocation"
"CCRLANG-0342","2026-09-14","perforin- and granzyme-mediated cytolysis","introduction","abstract;methods;results;discussion","terminology","immunotherapy-tissue-ecology","vocabulary","mixed","ccr-2026-immunotherapy-17","41537692;41805895;41849236;41920765;42008740;42126592;42149140;42189883;42360104;42405849;42440365;42456046;42485106;42489696","subsection-synthesis","ccr-2026-immunotherapy-fulltext-language.md","Vocabulary and collocation bank","Immunotherapy, immune states, and tissue ecology","113","conventional-term-or-collocation"
"CCRLANG-0343","2026-09-14","treatment-driven cell-state transition","introduction","abstract;methods;results;discussion","terminology","immunotherapy-tissue-ecology","vocabulary","mixed","ccr-2026-immunotherapy-17","41537692;41805895;41849236;41920765;42008740;42126592;42149140;42189883;42360104;42405849;42440365;42456046;42485106;42489696","subsection-synthesis","ccr-2026-immunotherapy-fulltext-language.md","Vocabulary and collocation bank","Immunotherapy, immune states, and tissue ecology","114","conventional-term-or-collocation"
"CCRLANG-0344","2026-09-14","reciprocal immune dynamics","introduction","abstract;methods;results;discussion","terminology","immunotherapy-tissue-ecology","vocabulary","mixed","ccr-2026-immunotherapy-17","41537692;41805895;41849236;41920765;42008740;42126592;42149140;42189883;42360104;42405849;42440365;42456046;42485106;42489696","subsection-synthesis","ccr-2026-immunotherapy-fulltext-language.md","Vocabulary and collocation bank","Immunotherapy, immune states, and tissue ecology","115","conventional-term-or-collocation"
"CCRLANG-0345","2026-09-14","attenuation of baseline Treg dominance","introduction","abstract;methods;results;discussion","terminology","immunotherapy-tissue-ecology","vocabulary","mixed","ccr-2026-immunotherapy-17","41537692;41805895;41849236;41920765;42008740;42126592;42149140;42189883;42360104;42405849;42440365;42456046;42485106;42489696","subsection-synthesis","ccr-2026-immunotherapy-fulltext-language.md","Vocabulary and collocation bank","Immunotherapy, immune states, and tissue ecology","116","conventional-term-or-collocation"
"CCRLANG-0346","2026-09-14","compensatory regulatory circuitry","introduction","abstract;methods;results;discussion","terminology","immunotherapy-tissue-ecology","vocabulary","mixed","ccr-2026-immunotherapy-17","41537692;41805895;41849236;41920765;42008740;42126592;42149140;42189883;42360104;42405849;42440365;42456046;42485106;42489696","subsection-synthesis","ccr-2026-immunotherapy-fulltext-language.md","Vocabulary and collocation bank","Immunotherapy, immune states, and tissue ecology","117","conventional-term-or-collocation"
"CCRLANG-0347","2026-09-14","precursor exhausted T cell","introduction","abstract;methods;results;discussion","terminology","immunotherapy-tissue-ecology","vocabulary","mixed","ccr-2026-immunotherapy-17","41537692;41805895;41849236;41920765;42008740;42126592;42149140;42189883;42360104;42405849;42440365;42456046;42485106;42489696","subsection-synthesis","ccr-2026-immunotherapy-fulltext-language.md","Vocabulary and collocation bank","Immunotherapy, immune states, and tissue ecology","118","conventional-term-or-collocation"
"CCRLANG-0348","2026-09-14","terminally exhausted T cell","introduction","abstract;methods;results;discussion","terminology","immunotherapy-tissue-ecology","vocabulary","mixed","ccr-2026-immunotherapy-17","41537692;41805895;41849236;41920765;42008740;42126592;42149140;42189883;42360104;42405849;42440365;42456046;42485106;42489696","subsection-synthesis","ccr-2026-immunotherapy-fulltext-language.md","Vocabulary and collocation bank","Immunotherapy, immune states, and tissue ecology","118","conventional-term-or-collocation"
"CCRLANG-0349","2026-09-14","effector-memory phenotype","introduction","abstract;methods;results;discussion","terminology","immunotherapy-tissue-ecology","vocabulary","mixed","ccr-2026-immunotherapy-17","41537692;41805895;41849236;41920765;42008740;42126592;42149140;42189883;42360104;42405849;42440365;42456046;42485106;42489696","subsection-synthesis","ccr-2026-immunotherapy-fulltext-language.md","Vocabulary and collocation bank","Immunotherapy, immune states, and tissue ecology","119","conventional-term-or-collocation"
"CCRLANG-0350","2026-09-14","proliferative burst","introduction","abstract;methods;results;discussion","terminology","immunotherapy-tissue-ecology","vocabulary","mixed","ccr-2026-immunotherapy-17","41537692;41805895;41849236;41920765;42008740;42126592;42149140;42189883;42360104;42405849;42440365;42456046;42485106;42489696","subsection-synthesis","ccr-2026-immunotherapy-fulltext-language.md","Vocabulary and collocation bank","Immunotherapy, immune states, and tissue ecology","120","conventional-term-or-collocation"
"CCRLANG-0351","2026-09-14","T-cell priming and clonal expansion","introduction","abstract;methods;results;discussion","terminology","immunotherapy-tissue-ecology","vocabulary","mixed","ccr-2026-immunotherapy-17","41537692;41805895;41849236;41920765;42008740;42126592;42149140;42189883;42360104;42405849;42440365;42456046;42485106;42489696","subsection-synthesis","ccr-2026-immunotherapy-fulltext-language.md","Vocabulary and collocation bank","Immunotherapy, immune states, and tissue ecology","121","conventional-term-or-collocation"
"CCRLANG-0352","2026-09-14","class-switched memory B cell","introduction","abstract;methods;results;discussion","terminology","immunotherapy-tissue-ecology","vocabulary","mixed","ccr-2026-immunotherapy-17","41537692;41805895;41849236;41920765;42008740;42126592;42149140;42189883;42360104;42405849;42440365;42456046;42485106;42489696","subsection-synthesis","ccr-2026-immunotherapy-fulltext-language.md","Vocabulary and collocation bank","Immunotherapy, immune states, and tissue ecology","122","conventional-term-or-collocation"
"CCRLANG-0353","2026-09-14","antigen-experienced B-cell response","introduction","abstract;methods;results;discussion","terminology","immunotherapy-tissue-ecology","vocabulary","mixed","ccr-2026-immunotherapy-17","41537692;41805895;41849236;41920765;42008740;42126592;42149140;42189883;42360104;42405849;42440365;42456046;42485106;42489696","subsection-synthesis","ccr-2026-immunotherapy-fulltext-language.md","Vocabulary and collocation bank","Immunotherapy, immune states, and tissue ecology","123","conventional-term-or-collocation"
"CCRLANG-0354","2026-09-14","mature tertiary lymphoid structure","introduction","abstract;methods;results;discussion","terminology","immunotherapy-tissue-ecology","vocabulary","mixed","ccr-2026-immunotherapy-17","41537692;41805895;41849236;41920765;42008740;42126592;42149140;42189883;42360104;42405849;42440365;42456046;42485106;42489696","subsection-synthesis","ccr-2026-immunotherapy-fulltext-language.md","Vocabulary and collocation bank","Immunotherapy, immune states, and tissue ecology","124","conventional-term-or-collocation"
"CCRLANG-0355","2026-09-14","germinal-center activity","introduction","abstract;methods;results;discussion","terminology","immunotherapy-tissue-ecology","vocabulary","mixed","ccr-2026-immunotherapy-17","41537692;41805895;41849236;41920765;42008740;42126592;42149140;42189883;42360104;42405849;42440365;42456046;42485106;42489696","subsection-synthesis","ccr-2026-immunotherapy-fulltext-language.md","Vocabulary and collocation bank","Immunotherapy, immune states, and tissue ecology","125","conventional-term-or-collocation"
"CCRLANG-0356","2026-09-14","spatial immune niche","introduction","abstract;methods;results;discussion","terminology","immunotherapy-tissue-ecology","vocabulary","mixed","ccr-2026-immunotherapy-17","41537692;41805895;41849236;41920765;42008740;42126592;42149140;42189883;42360104;42405849;42440365;42456046;42485106;42489696","subsection-synthesis","ccr-2026-immunotherapy-fulltext-language.md","Vocabulary and collocation bank","Immunotherapy, immune states, and tissue ecology","126","conventional-term-or-collocation"
"CCRLANG-0357","2026-09-14","immune-enriched region","introduction","abstract;methods;results;discussion","terminology","immunotherapy-tissue-ecology","vocabulary","mixed","ccr-2026-immunotherapy-17","41537692;41805895;41849236;41920765;42008740;42126592;42149140;42189883;42360104;42405849;42440365;42456046;42485106;42489696","subsection-synthesis","ccr-2026-immunotherapy-fulltext-language.md","Vocabulary and collocation bank","Immunotherapy, immune states, and tissue ecology","127","conventional-term-or-collocation"
"CCRLANG-0358","2026-09-14","immune-depleted region","introduction","abstract;methods;results;discussion","terminology","immunotherapy-tissue-ecology","vocabulary","mixed","ccr-2026-immunotherapy-17","41537692;41805895;41849236;41920765;42008740;42126592;42149140;42189883;42360104;42405849;42440365;42456046;42485106;42489696","subsection-synthesis","ccr-2026-immunotherapy-fulltext-language.md","Vocabulary and collocation bank","Immunotherapy, immune states, and tissue ecology","127","conventional-term-or-collocation"
"CCRLANG-0359","2026-09-14","intratumoral immune heterogeneity","introduction","abstract;methods;results;discussion","terminology","immunotherapy-tissue-ecology","vocabulary","mixed","ccr-2026-immunotherapy-17","41537692;41805895;41849236;41920765;42008740;42126592;42149140;42189883;42360104;42405849;42440365;42456046;42485106;42489696","subsection-synthesis","ccr-2026-immunotherapy-fulltext-language.md","Vocabulary and collocation bank","Immunotherapy, immune states, and tissue ecology","128","conventional-term-or-collocation"
"CCRLANG-0360","2026-09-14","homogeneously immune-enriched state","introduction","abstract;methods;results;discussion","terminology","immunotherapy-tissue-ecology","vocabulary","mixed","ccr-2026-immunotherapy-17","41537692;41805895;41849236;41920765;42008740;42126592;42149140;42189883;42360104;42405849;42440365;42456046;42485106;42489696","subsection-synthesis","ccr-2026-immunotherapy-fulltext-language.md","Vocabulary and collocation bank","Immunotherapy, immune states, and tissue ecology","129","conventional-term-or-collocation"
"CCRLANG-0361","2026-09-14","cell-cell communication signal","introduction","abstract;methods;results;discussion","terminology","immunotherapy-tissue-ecology","vocabulary","mixed","ccr-2026-immunotherapy-17","41537692;41805895;41849236;41920765;42008740;42126592;42149140;42189883;42360104;42405849;42440365;42456046;42485106;42489696","subsection-synthesis","ccr-2026-immunotherapy-fulltext-language.md","Vocabulary and collocation bank","Immunotherapy, immune states, and tissue ecology","130","conventional-term-or-collocation"
"CCRLANG-0362","2026-09-14","inferred","introduction","abstract;methods;results;discussion","terminology","immunotherapy-tissue-ecology","vocabulary","mixed","ccr-2026-immunotherapy-17","41537692;41805895;41849236;41920765;42008740;42126592;42149140;42189883;42360104;42405849;42440365;42456046;42485106;42489696","subsection-synthesis","ccr-2026-immunotherapy-fulltext-language.md","Vocabulary and collocation bank","Immunotherapy, immune states, and tissue ecology","130","conventional-term-or-collocation"
"CCRLANG-0363","2026-09-14","gut-homing regulatory T cell","introduction","abstract;methods;results;discussion","terminology","immunotherapy-tissue-ecology","vocabulary","mixed","ccr-2026-immunotherapy-17","41537692;41805895;41849236;41920765;42008740;42126592;42149140;42189883;42360104;42405849;42440365;42456046;42485106;42489696","subsection-synthesis","ccr-2026-immunotherapy-fulltext-language.md","Vocabulary and collocation bank","Immunotherapy, immune states, and tissue ecology","131","conventional-term-or-collocation"
"CCRLANG-0364","2026-09-14","microbiota-metabolite-immune axis","introduction","abstract;methods;results;discussion","terminology","immunotherapy-tissue-ecology","vocabulary","mixed","ccr-2026-immunotherapy-17","41537692;41805895;41849236;41920765;42008740;42126592;42149140;42189883;42360104;42405849;42440365;42456046;42485106;42489696","subsection-synthesis","ccr-2026-immunotherapy-fulltext-language.md","Vocabulary and collocation bank","Immunotherapy, immune states, and tissue ecology","132","conventional-term-or-collocation"
"CCRLANG-0365","2026-09-14","single-cell RNA sequencing","methods","abstract;introduction;results;discussion","terminology","single-cell-spatial-transcriptomics","vocabulary","mixed","ccr-2026-immunotherapy-17","41805895;42008740;42456046","subsection-synthesis","ccr-2026-immunotherapy-fulltext-language.md","Vocabulary and collocation bank","Single-cell and spatial transcriptomics","136","conventional-term-or-collocation"
"CCRLANG-0366","2026-09-14","quality-controlled cell atlas","methods","abstract;introduction;results;discussion","terminology","single-cell-spatial-transcriptomics","vocabulary","mixed","ccr-2026-immunotherapy-17","41805895;42008740;42456046","subsection-synthesis","ccr-2026-immunotherapy-fulltext-language.md","Vocabulary and collocation bank","Single-cell and spatial transcriptomics","137","conventional-term-or-collocation"
"CCRLANG-0367","2026-09-14","doublet removal","methods","abstract;introduction;results;discussion","terminology","single-cell-spatial-transcriptomics","vocabulary","mixed","ccr-2026-immunotherapy-17","41805895;42008740;42456046","subsection-synthesis","ccr-2026-immunotherapy-fulltext-language.md","Vocabulary and collocation bank","Single-cell and spatial transcriptomics","138","conventional-term-or-collocation"
"CCRLANG-0368","2026-09-14","batch-aware data integration","methods","abstract;introduction;results;discussion","terminology","single-cell-spatial-transcriptomics","vocabulary","mixed","ccr-2026-immunotherapy-17","41805895;42008740;42456046","subsection-synthesis","ccr-2026-immunotherapy-fulltext-language.md","Vocabulary and collocation bank","Single-cell and spatial transcriptomics","139","conventional-term-or-collocation"
"CCRLANG-0369","2026-09-14","cell-type annotation","methods","abstract;introduction;results;discussion","terminology","single-cell-spatial-transcriptomics","vocabulary","mixed","ccr-2026-immunotherapy-17","41805895;42008740;42456046","subsection-synthesis","ccr-2026-immunotherapy-fulltext-language.md","Vocabulary and collocation bank","Single-cell and spatial transcriptomics","140","conventional-term-or-collocation"
"CCRLANG-0370","2026-09-14","cell-state annotation","methods","abstract;introduction;results;discussion","terminology","single-cell-spatial-transcriptomics","vocabulary","mixed","ccr-2026-immunotherapy-17","41805895;42008740;42456046","subsection-synthesis","ccr-2026-immunotherapy-fulltext-language.md","Vocabulary and collocation bank","Single-cell and spatial transcriptomics","140","conventional-term-or-collocation"
"CCRLANG-0371","2026-09-14","Uniform Manifold Approximation and Projection","methods","abstract;introduction;results;discussion","terminology","single-cell-spatial-transcriptomics","vocabulary","mixed","ccr-2026-immunotherapy-17","41805895;42008740;42456046","subsection-synthesis","ccr-2026-immunotherapy-fulltext-language.md","Vocabulary and collocation bank","Single-cell and spatial transcriptomics","141","conventional-term-or-collocation"
"CCRLANG-0372","2026-09-14","differential expression within a cell subtype","methods","abstract;introduction;results;discussion","terminology","single-cell-spatial-transcriptomics","vocabulary","mixed","ccr-2026-immunotherapy-17","41805895;42008740;42456046","subsection-synthesis","ccr-2026-immunotherapy-fulltext-language.md","Vocabulary and collocation bank","Single-cell and spatial transcriptomics","142","conventional-term-or-collocation"
"CCRLANG-0373","2026-09-14","trajectory inference","methods","abstract;introduction;results;discussion","terminology","single-cell-spatial-transcriptomics","vocabulary","mixed","ccr-2026-immunotherapy-17","41805895;42008740;42456046","subsection-synthesis","ccr-2026-immunotherapy-fulltext-language.md","Vocabulary and collocation bank","Single-cell and spatial transcriptomics","143","conventional-term-or-collocation"
"CCRLANG-0374","2026-09-14","pseudotime ordering","methods","abstract;introduction;results;discussion","terminology","single-cell-spatial-transcriptomics","vocabulary","mixed","ccr-2026-immunotherapy-17","41805895;42008740;42456046","subsection-synthesis","ccr-2026-immunotherapy-fulltext-language.md","Vocabulary and collocation bank","Single-cell and spatial transcriptomics","143","conventional-term-or-collocation"
"CCRLANG-0375","2026-09-14","treatment-associated state shift","methods","abstract;introduction;results;discussion","terminology","single-cell-spatial-transcriptomics","vocabulary","mixed","ccr-2026-immunotherapy-17","41805895;42008740;42456046","subsection-synthesis","ccr-2026-immunotherapy-fulltext-language.md","Vocabulary and collocation bank","Single-cell and spatial transcriptomics","144","conventional-term-or-collocation"
"CCRLANG-0376","2026-09-14","spatial transcriptomic spot","methods","abstract;introduction;results;discussion","terminology","single-cell-spatial-transcriptomics","vocabulary","mixed","ccr-2026-immunotherapy-17","41805895;42008740;42456046","subsection-synthesis","ccr-2026-immunotherapy-fulltext-language.md","Vocabulary and collocation bank","Single-cell and spatial transcriptomics","145","conventional-term-or-collocation"
"CCRLANG-0377","2026-09-14","pathologist-annotated region of interest","methods","abstract;introduction;results;discussion","terminology","single-cell-spatial-transcriptomics","vocabulary","mixed","ccr-2026-immunotherapy-17","41805895;42008740;42456046","subsection-synthesis","ccr-2026-immunotherapy-fulltext-language.md","Vocabulary and collocation bank","Single-cell and spatial transcriptomics","146","conventional-term-or-collocation"
"CCRLANG-0378","2026-09-14","spot-level differential expression","methods","abstract;introduction;results;discussion","terminology","single-cell-spatial-transcriptomics","vocabulary","mixed","ccr-2026-immunotherapy-17","41805895;42008740;42456046","subsection-synthesis","ccr-2026-immunotherapy-fulltext-language.md","Vocabulary and collocation bank","Single-cell and spatial transcriptomics","147","conventional-term-or-collocation"
"CCRLANG-0379","2026-09-14","spatial deconvolution","methods","abstract;introduction;results;discussion","terminology","single-cell-spatial-transcriptomics","vocabulary","mixed","ccr-2026-immunotherapy-17","41805895;42008740;42456046","subsection-synthesis","ccr-2026-immunotherapy-fulltext-language.md","Vocabulary and collocation bank","Single-cell and spatial transcriptomics","148","conventional-term-or-collocation"
"CCRLANG-0380","2026-09-14","inferred cell-type proportion","methods","abstract;introduction;results;discussion","terminology","single-cell-spatial-transcriptomics","vocabulary","mixed","ccr-2026-immunotherapy-17","41805895;42008740;42456046","subsection-synthesis","ccr-2026-immunotherapy-fulltext-language.md","Vocabulary and collocation bank","Single-cell and spatial transcriptomics","149","conventional-term-or-collocation"
"CCRLANG-0381","2026-09-14","spatial colocalization pattern","methods","abstract;introduction;results;discussion","terminology","single-cell-spatial-transcriptomics","vocabulary","mixed","ccr-2026-immunotherapy-17","41805895;42008740;42456046","subsection-synthesis","ccr-2026-immunotherapy-fulltext-language.md","Vocabulary and collocation bank","Single-cell and spatial transcriptomics","150","conventional-term-or-collocation"
"CCRLANG-0382","2026-09-14","single-cell-level spatial resolution","methods","abstract;introduction;results;discussion","terminology","single-cell-spatial-transcriptomics","vocabulary","mixed","ccr-2026-immunotherapy-17","41805895;42008740;42456046","subsection-synthesis","ccr-2026-immunotherapy-fulltext-language.md","Vocabulary and collocation bank","Single-cell and spatial transcriptomics","151","conventional-term-or-collocation"
"CCRLANG-0383","2026-09-14","observed","methods","abstract;introduction;results;discussion","terminology","single-cell-spatial-transcriptomics","vocabulary","mixed","ccr-2026-immunotherapy-17","41805895;42008740;42456046","subsection-synthesis","ccr-2026-immunotherapy-fulltext-language.md","Vocabulary and collocation bank","Single-cell and spatial transcriptomics","153","conventional-term-or-collocation"
"CCRLANG-0384","2026-09-14","estimated","methods","abstract;introduction;results;discussion","terminology","single-cell-spatial-transcriptomics","vocabulary","mixed","ccr-2026-immunotherapy-17","41805895;42008740;42456046","subsection-synthesis","ccr-2026-immunotherapy-fulltext-language.md","Vocabulary and collocation bank","Single-cell and spatial transcriptomics","153","conventional-term-or-collocation"
"CCRLANG-0385","2026-09-14","inferred","methods","abstract;introduction;results;discussion","terminology","single-cell-spatial-transcriptomics","vocabulary","mixed","ccr-2026-immunotherapy-17","41805895;42008740;42456046","subsection-synthesis","ccr-2026-immunotherapy-fulltext-language.md","Vocabulary and collocation bank","Single-cell and spatial transcriptomics","153","conventional-term-or-collocation"
"CCRLANG-0386","2026-09-14","deconvolved","methods","abstract;introduction;results;discussion","terminology","single-cell-spatial-transcriptomics","vocabulary","mixed","ccr-2026-immunotherapy-17","41805895;42008740;42456046","subsection-synthesis","ccr-2026-immunotherapy-fulltext-language.md","Vocabulary and collocation bank","Single-cell and spatial transcriptomics","153","conventional-term-or-collocation"
"CCRLANG-0387","2026-09-14","B-cell receptor repertoire profiling","methods","abstract;introduction;results;discussion","terminology","immune-repertoire","vocabulary","mixed","ccr-2026-immunotherapy-17","41805895;42008740;42189883","subsection-synthesis","ccr-2026-immunotherapy-fulltext-language.md","Vocabulary and collocation bank","Immune-repertoire profiling","157","conventional-term-or-collocation"
"CCRLANG-0388","2026-09-14","T-cell receptor repertoire sequencing","methods","abstract;introduction;results;discussion","terminology","immune-repertoire","vocabulary","mixed","ccr-2026-immunotherapy-17","41805895;42008740;42189883","subsection-synthesis","ccr-2026-immunotherapy-fulltext-language.md","Vocabulary and collocation bank","Immune-repertoire profiling","158","conventional-term-or-collocation"
"CCRLANG-0389","2026-09-14","productive rearrangement","methods","abstract;introduction;results;discussion","terminology","immune-repertoire","vocabulary","mixed","ccr-2026-immunotherapy-17","41805895;42008740;42189883","subsection-synthesis","ccr-2026-immunotherapy-fulltext-language.md","Vocabulary and collocation bank","Immune-repertoire profiling","159","conventional-term-or-collocation"
"CCRLANG-0390","2026-09-14","clone count","methods","abstract;introduction;results;discussion","terminology","immune-repertoire","vocabulary","mixed","ccr-2026-immunotherapy-17","41805895;42008740;42189883","subsection-synthesis","ccr-2026-immunotherapy-fulltext-language.md","Vocabulary and collocation bank","Immune-repertoire profiling","160","conventional-term-or-collocation"
"CCRLANG-0391","2026-09-14","clonal frequency","methods","abstract;introduction;results;discussion","terminology","immune-repertoire","vocabulary","mixed","ccr-2026-immunotherapy-17","41805895;42008740;42189883","subsection-synthesis","ccr-2026-immunotherapy-fulltext-language.md","Vocabulary and collocation bank","Immune-repertoire profiling","160","conventional-term-or-collocation"
"CCRLANG-0392","2026-09-14","Shannon diversity","methods","abstract;introduction;results;discussion","terminology","immune-repertoire","vocabulary","mixed","ccr-2026-immunotherapy-17","41805895;42008740;42189883","subsection-synthesis","ccr-2026-immunotherapy-fulltext-language.md","Vocabulary and collocation bank","Immune-repertoire profiling","161","conventional-term-or-collocation"
"CCRLANG-0393","2026-09-14","repertoire clonality","methods","abstract;introduction;results;discussion","terminology","immune-repertoire","vocabulary","mixed","ccr-2026-immunotherapy-17","41805895;42008740;42189883","subsection-synthesis","ccr-2026-immunotherapy-fulltext-language.md","Vocabulary and collocation bank","Immune-repertoire profiling","161","conventional-term-or-collocation"
"CCRLANG-0394","2026-09-14","top-10 clonal space","methods","abstract;introduction;results;discussion","terminology","immune-repertoire","vocabulary","mixed","ccr-2026-immunotherapy-17","41805895;42008740;42189883","subsection-synthesis","ccr-2026-immunotherapy-fulltext-language.md","Vocabulary and collocation bank","Immune-repertoire profiling","162","conventional-term-or-collocation"
"CCRLANG-0395","2026-09-14","class-switched clone","methods","abstract;introduction;results;discussion","terminology","immune-repertoire","vocabulary","mixed","ccr-2026-immunotherapy-17","41805895;42008740;42189883","subsection-synthesis","ccr-2026-immunotherapy-fulltext-language.md","Vocabulary and collocation bank","Immune-repertoire profiling","163","conventional-term-or-collocation"
"CCRLANG-0396","2026-09-14","non-class-switched clone","methods","abstract;introduction;results;discussion","terminology","immune-repertoire","vocabulary","mixed","ccr-2026-immunotherapy-17","41805895;42008740;42189883","subsection-synthesis","ccr-2026-immunotherapy-fulltext-language.md","Vocabulary and collocation bank","Immune-repertoire profiling","163","conventional-term-or-collocation"
"CCRLANG-0397","2026-09-14","longitudinal clone tracking","methods","abstract;introduction;results;discussion","terminology","immune-repertoire","vocabulary","mixed","ccr-2026-immunotherapy-17","41805895;42008740;42189883","subsection-synthesis","ccr-2026-immunotherapy-fulltext-language.md","Vocabulary and collocation bank","Immune-repertoire profiling","164","conventional-term-or-collocation"
"CCRLANG-0398","2026-09-14","shared clonotype across time points","methods","abstract;introduction;results;discussion","terminology","immune-repertoire","vocabulary","mixed","ccr-2026-immunotherapy-17","41805895;42008740;42189883","subsection-synthesis","ccr-2026-immunotherapy-fulltext-language.md","Vocabulary and collocation bank","Immune-repertoire profiling","165","conventional-term-or-collocation"
"CCRLANG-0399","2026-09-14","clonal persistence","methods","abstract;introduction;results;discussion","terminology","immune-repertoire","vocabulary","mixed","ccr-2026-immunotherapy-17","41805895;42008740;42189883","subsection-synthesis","ccr-2026-immunotherapy-fulltext-language.md","Vocabulary and collocation bank","Immune-repertoire profiling","166","conventional-term-or-collocation"
"CCRLANG-0400","2026-09-14","clonal turnover","methods","abstract;introduction;results;discussion","terminology","immune-repertoire","vocabulary","mixed","ccr-2026-immunotherapy-17","41805895;42008740;42189883","subsection-synthesis","ccr-2026-immunotherapy-fulltext-language.md","Vocabulary and collocation bank","Immune-repertoire profiling","166","conventional-term-or-collocation"
"CCRLANG-0401","2026-09-14","clonal reinvigoration","methods","abstract;introduction;results;discussion","terminology","immune-repertoire","vocabulary","mixed","ccr-2026-immunotherapy-17","41805895;42008740;42189883","subsection-synthesis","ccr-2026-immunotherapy-fulltext-language.md","Vocabulary and collocation bank","Immune-repertoire profiling","166","conventional-term-or-collocation"
"CCRLANG-0402","2026-09-14","isotype-specific repertoire feature","methods","abstract;introduction;results;discussion","terminology","immune-repertoire","vocabulary","mixed","ccr-2026-immunotherapy-17","41805895;42008740;42189883","subsection-synthesis","ccr-2026-immunotherapy-fulltext-language.md","Vocabulary and collocation bank","Immune-repertoire profiling","167","conventional-term-or-collocation"
"CCRLANG-0403","2026-09-14","error-corrected targeted sequencing","methods","abstract;introduction;results;discussion;conclusion","terminology","liquid-biopsy-mrd","vocabulary","mixed","ccr-2026-immunotherapy-17","41537692;42440365;42489696","subsection-synthesis","ccr-2026-immunotherapy-fulltext-language.md","Vocabulary and collocation bank","Liquid biopsy and molecular residual disease","171","conventional-term-or-collocation"
"CCRLANG-0404","2026-09-14","matched white-blood-cell sequencing","methods","abstract;introduction;results;discussion;conclusion","terminology","liquid-biopsy-mrd","vocabulary","mixed","ccr-2026-immunotherapy-17","41537692;42440365;42489696","subsection-synthesis","ccr-2026-immunotherapy-fulltext-language.md","Vocabulary and collocation bank","Liquid biopsy and molecular residual disease","172","conventional-term-or-collocation"
"CCRLANG-0405","2026-09-14","cellular-origin adjudication","methods","abstract;introduction;results;discussion;conclusion","terminology","liquid-biopsy-mrd","vocabulary","mixed","ccr-2026-immunotherapy-17","41537692;42440365;42489696","subsection-synthesis","ccr-2026-immunotherapy-fulltext-language.md","Vocabulary and collocation bank","Liquid biopsy and molecular residual disease","173","conventional-term-or-collocation"
"CCRLANG-0406","2026-09-14","clonal-hematopoiesis contamination","methods","abstract;introduction;results;discussion;conclusion","terminology","liquid-biopsy-mrd","vocabulary","mixed","ccr-2026-immunotherapy-17","41537692;42440365;42489696","subsection-synthesis","ccr-2026-immunotherapy-fulltext-language.md","Vocabulary and collocation bank","Liquid biopsy and molecular residual disease","174","conventional-term-or-collocation"
"CCRLANG-0407","2026-09-14","tumor-derived variant","methods","abstract;introduction;results;discussion;conclusion","terminology","liquid-biopsy-mrd","vocabulary","mixed","ccr-2026-immunotherapy-17","41537692;42440365;42489696","subsection-synthesis","ccr-2026-immunotherapy-fulltext-language.md","Vocabulary and collocation bank","Liquid biopsy and molecular residual disease","175","conventional-term-or-collocation"
"CCRLANG-0408","2026-09-14","hematopoietic-derived variant","methods","abstract;introduction;results;discussion;conclusion","terminology","liquid-biopsy-mrd","vocabulary","mixed","ccr-2026-immunotherapy-17","41537692;42440365;42489696","subsection-synthesis","ccr-2026-immunotherapy-fulltext-language.md","Vocabulary and collocation bank","Liquid biopsy and molecular residual disease","175","conventional-term-or-collocation"
"CCRLANG-0409","2026-09-14","maximal mutant allele fraction","methods","abstract;introduction;results;discussion;conclusion","terminology","liquid-biopsy-mrd","vocabulary","mixed","ccr-2026-immunotherapy-17","41537692;42440365;42489696","subsection-synthesis","ccr-2026-immunotherapy-fulltext-language.md","Vocabulary and collocation bank","Liquid biopsy and molecular residual disease","176","conventional-term-or-collocation"
"CCRLANG-0410","2026-09-14","ctDNA tumor fraction","methods","abstract;introduction;results;discussion;conclusion","terminology","liquid-biopsy-mrd","vocabulary","mixed","ccr-2026-immunotherapy-17","41537692;42440365;42489696","subsection-synthesis","ccr-2026-immunotherapy-fulltext-language.md","Vocabulary and collocation bank","Liquid biopsy and molecular residual disease","177","conventional-term-or-collocation"
"CCRLANG-0411","2026-09-14","fragment-length feature","methods","abstract;introduction;results;discussion;conclusion","terminology","liquid-biopsy-mrd","vocabulary","mixed","ccr-2026-immunotherapy-17","41537692;42440365;42489696","subsection-synthesis","ccr-2026-immunotherapy-fulltext-language.md","Vocabulary and collocation bank","Liquid biopsy and molecular residual disease","178","conventional-term-or-collocation"
"CCRLANG-0412","2026-09-14","plasma aneuploidy","methods","abstract;introduction;results;discussion;conclusion","terminology","liquid-biopsy-mrd","vocabulary","mixed","ccr-2026-immunotherapy-17","41537692;42440365;42489696","subsection-synthesis","ccr-2026-immunotherapy-fulltext-language.md","Vocabulary and collocation bank","Liquid biopsy and molecular residual disease","179","conventional-term-or-collocation"
"CCRLANG-0413","2026-09-14","landmark molecular response","methods","abstract;introduction;results;discussion;conclusion","terminology","liquid-biopsy-mrd","vocabulary","mixed","ccr-2026-immunotherapy-17","41537692;42440365;42489696","subsection-synthesis","ccr-2026-immunotherapy-fulltext-language.md","Vocabulary and collocation bank","Liquid biopsy and molecular residual disease","180","conventional-term-or-collocation"
"CCRLANG-0414","2026-09-14","molecular progressive disease","methods","abstract;introduction;results;discussion;conclusion","terminology","liquid-biopsy-mrd","vocabulary","mixed","ccr-2026-immunotherapy-17","41537692;42440365;42489696","subsection-synthesis","ccr-2026-immunotherapy-fulltext-language.md","Vocabulary and collocation bank","Liquid biopsy and molecular residual disease","181","conventional-term-or-collocation"
"CCRLANG-0415","2026-09-14","tumor-informed tracking","methods","abstract;introduction;results;discussion;conclusion","terminology","liquid-biopsy-mrd","vocabulary","mixed","ccr-2026-immunotherapy-17","41537692;42440365;42489696","subsection-synthesis","ccr-2026-immunotherapy-fulltext-language.md","Vocabulary and collocation bank","Liquid biopsy and molecular residual disease","182","conventional-term-or-collocation"
"CCRLANG-0416","2026-09-14","tumor-agnostic detection","methods","abstract;introduction;results;discussion;conclusion","terminology","liquid-biopsy-mrd","vocabulary","mixed","ccr-2026-immunotherapy-17","41537692;42440365;42489696","subsection-synthesis","ccr-2026-immunotherapy-fulltext-language.md","Vocabulary and collocation bank","Liquid biopsy and molecular residual disease","182","conventional-term-or-collocation"
"CCRLANG-0417","2026-09-14","tissue-free methylation assay","methods","abstract;introduction;results;discussion;conclusion","terminology","liquid-biopsy-mrd","vocabulary","mixed","ccr-2026-immunotherapy-17","41537692;42440365;42489696","subsection-synthesis","ccr-2026-immunotherapy-fulltext-language.md","Vocabulary and collocation bank","Liquid biopsy and molecular residual disease","183","conventional-term-or-collocation"
"CCRLANG-0418","2026-09-14","differentially methylated region","methods","abstract;introduction;results;discussion;conclusion","terminology","liquid-biopsy-mrd","vocabulary","mixed","ccr-2026-immunotherapy-17","41537692;42440365;42489696","subsection-synthesis","ccr-2026-immunotherapy-fulltext-language.md","Vocabulary and collocation bank","Liquid biopsy and molecular residual disease","184","conventional-term-or-collocation"
"CCRLANG-0419","2026-09-14","limit of blank","methods","abstract;introduction;results;discussion;conclusion","terminology","liquid-biopsy-mrd","vocabulary","mixed","ccr-2026-immunotherapy-17","41537692;42440365;42489696","subsection-synthesis","ccr-2026-immunotherapy-fulltext-language.md","Vocabulary and collocation bank","Liquid biopsy and molecular residual disease","185","conventional-term-or-collocation"
"CCRLANG-0420","2026-09-14","limit of detection","methods","abstract;introduction;results;discussion;conclusion","terminology","liquid-biopsy-mrd","vocabulary","mixed","ccr-2026-immunotherapy-17","41537692;42440365;42489696","subsection-synthesis","ccr-2026-immunotherapy-fulltext-language.md","Vocabulary and collocation bank","Liquid biopsy and molecular residual disease","185","conventional-term-or-collocation"
"CCRLANG-0421","2026-09-14","limit of quantification","methods","abstract;introduction;results;discussion;conclusion","terminology","liquid-biopsy-mrd","vocabulary","mixed","ccr-2026-immunotherapy-17","41537692;42440365;42489696","subsection-synthesis","ccr-2026-immunotherapy-fulltext-language.md","Vocabulary and collocation bank","Liquid biopsy and molecular residual disease","185","conventional-term-or-collocation"
"CCRLANG-0422","2026-09-14","serial MRD negativity","methods","abstract;introduction;results;discussion;conclusion","terminology","liquid-biopsy-mrd","vocabulary","mixed","ccr-2026-immunotherapy-17","41537692;42440365;42489696","subsection-synthesis","ccr-2026-immunotherapy-fulltext-language.md","Vocabulary and collocation bank","Liquid biopsy and molecular residual disease","186","conventional-term-or-collocation"
"CCRLANG-0423","2026-09-14","prognostic stratification beyond pathologic response","methods","abstract;introduction;results;discussion;conclusion","terminology","liquid-biopsy-mrd","vocabulary","mixed","ccr-2026-immunotherapy-17","41537692;42440365;42489696","subsection-synthesis","ccr-2026-immunotherapy-fulltext-language.md","Vocabulary and collocation bank","Liquid biopsy and molecular residual disease","187","conventional-term-or-collocation"
"CCRLANG-0424","2026-09-14","shotgun metagenomic sequencing","methods","abstract;introduction;results;discussion","terminology","microbiome-metabolomics","vocabulary","mixed","ccr-2026-immunotherapy-17","41849236","single-paper-synthesis","ccr-2026-immunotherapy-fulltext-language.md","Vocabulary and collocation bank","Microbiome and metabolomics","193","conventional-term-or-collocation"
"CCRLANG-0425","2026-09-14","host-read depletion","methods","abstract;introduction;results;discussion","terminology","microbiome-metabolomics","vocabulary","mixed","ccr-2026-immunotherapy-17","41849236","single-paper-synthesis","ccr-2026-immunotherapy-fulltext-language.md","Vocabulary and collocation bank","Microbiome and metabolomics","194","conventional-term-or-collocation"
"CCRLANG-0426","2026-09-14","de novo metagenomic assembly","methods","abstract;introduction;results;discussion","terminology","microbiome-metabolomics","vocabulary","mixed","ccr-2026-immunotherapy-17","41849236","single-paper-synthesis","ccr-2026-immunotherapy-fulltext-language.md","Vocabulary and collocation bank","Microbiome and metabolomics","195","conventional-term-or-collocation"
"CCRLANG-0427","2026-09-14","nonredundant unigene catalog","methods","abstract;introduction;results;discussion","terminology","microbiome-metabolomics","vocabulary","mixed","ccr-2026-immunotherapy-17","41849236","single-paper-synthesis","ccr-2026-immunotherapy-fulltext-language.md","Vocabulary and collocation bank","Microbiome and metabolomics","196","conventional-term-or-collocation"
"CCRLANG-0428","2026-09-14","taxonomic annotation","methods","abstract;introduction;results;discussion","terminology","microbiome-metabolomics","vocabulary","mixed","ccr-2026-immunotherapy-17","41849236","single-paper-synthesis","ccr-2026-immunotherapy-fulltext-language.md","Vocabulary and collocation bank","Microbiome and metabolomics","197","conventional-term-or-collocation"
"CCRLANG-0429","2026-09-14","functional annotation","methods","abstract;introduction;results;discussion","terminology","microbiome-metabolomics","vocabulary","mixed","ccr-2026-immunotherapy-17","41849236","single-paper-synthesis","ccr-2026-immunotherapy-fulltext-language.md","Vocabulary and collocation bank","Microbiome and metabolomics","197","conventional-term-or-collocation"
"CCRLANG-0430","2026-09-14","KEGG Orthology abundance profile","methods","abstract;introduction;results;discussion","terminology","microbiome-metabolomics","vocabulary","mixed","ccr-2026-immunotherapy-17","41849236","single-paper-synthesis","ccr-2026-immunotherapy-fulltext-language.md","Vocabulary and collocation bank","Microbiome and metabolomics","198","conventional-term-or-collocation"
"CCRLANG-0431","2026-09-14","alpha diversity","methods","abstract;introduction;results;discussion","terminology","microbiome-metabolomics","vocabulary","mixed","ccr-2026-immunotherapy-17","41849236","single-paper-synthesis","ccr-2026-immunotherapy-fulltext-language.md","Vocabulary and collocation bank","Microbiome and metabolomics","199","conventional-term-or-collocation"
"CCRLANG-0432","2026-09-14","beta diversity","methods","abstract;introduction;results;discussion","terminology","microbiome-metabolomics","vocabulary","mixed","ccr-2026-immunotherapy-17","41849236","single-paper-synthesis","ccr-2026-immunotherapy-fulltext-language.md","Vocabulary and collocation bank","Microbiome and metabolomics","199","conventional-term-or-collocation"
"CCRLANG-0433","2026-09-14","Bray-Curtis dissimilarity","methods","abstract;introduction;results;discussion","terminology","microbiome-metabolomics","vocabulary","mixed","ccr-2026-immunotherapy-17","41849236","single-paper-synthesis","ccr-2026-immunotherapy-fulltext-language.md","Vocabulary and collocation bank","Microbiome and metabolomics","200","conventional-term-or-collocation"
"CCRLANG-0434","2026-09-14","principal coordinates analysis","methods","abstract;introduction;results;discussion","terminology","microbiome-metabolomics","vocabulary","mixed","ccr-2026-immunotherapy-17","41849236","single-paper-synthesis","ccr-2026-immunotherapy-fulltext-language.md","Vocabulary and collocation bank","Microbiome and metabolomics","201","conventional-term-or-collocation"
"CCRLANG-0435","2026-09-14","permutational multivariate analysis of variance","methods","abstract;introduction;results;discussion","terminology","microbiome-metabolomics","vocabulary","mixed","ccr-2026-immunotherapy-17","41849236","single-paper-synthesis","ccr-2026-immunotherapy-fulltext-language.md","Vocabulary and collocation bank","Microbiome and metabolomics","202","conventional-term-or-collocation"
"CCRLANG-0436","2026-09-14","linear discriminant analysis effect size","methods","abstract;introduction;results;discussion","terminology","microbiome-metabolomics","vocabulary","mixed","ccr-2026-immunotherapy-17","41849236","single-paper-synthesis","ccr-2026-immunotherapy-fulltext-language.md","Vocabulary and collocation bank","Microbiome and metabolomics","203","conventional-term-or-collocation"
"CCRLANG-0437","2026-09-14","differentially abundant taxon","methods","abstract;introduction;results;discussion","terminology","microbiome-metabolomics","vocabulary","mixed","ccr-2026-immunotherapy-17","41849236","single-paper-synthesis","ccr-2026-immunotherapy-fulltext-language.md","Vocabulary and collocation bank","Microbiome and metabolomics","204","conventional-term-or-collocation"
"CCRLANG-0438","2026-09-14","untargeted serum metabolomics","methods","abstract;introduction;results;discussion","terminology","microbiome-metabolomics","vocabulary","mixed","ccr-2026-immunotherapy-17","41849236","single-paper-synthesis","ccr-2026-immunotherapy-fulltext-language.md","Vocabulary and collocation bank","Microbiome and metabolomics","205","conventional-term-or-collocation"
"CCRLANG-0439","2026-09-14","ultrahigh-performance liquid chromatography-high-resolution mass spectrometry","methods","abstract;introduction;results;discussion","terminology","microbiome-metabolomics","vocabulary","mixed","ccr-2026-immunotherapy-17","41849236","single-paper-synthesis","ccr-2026-immunotherapy-fulltext-language.md","Vocabulary and collocation bank","Microbiome and metabolomics","206","conventional-term-or-collocation"
"CCRLANG-0440","2026-09-14","MS1 feature","methods","abstract;introduction;results;discussion","terminology","microbiome-metabolomics","vocabulary","mixed","ccr-2026-immunotherapy-17","41849236","single-paper-synthesis","ccr-2026-immunotherapy-fulltext-language.md","Vocabulary and collocation bank","Microbiome and metabolomics","207","conventional-term-or-collocation"
"CCRLANG-0441","2026-09-14","MS2 fragmentation pattern","methods","abstract;introduction;results;discussion","terminology","microbiome-metabolomics","vocabulary","mixed","ccr-2026-immunotherapy-17","41849236","single-paper-synthesis","ccr-2026-immunotherapy-fulltext-language.md","Vocabulary and collocation bank","Microbiome and metabolomics","207","conventional-term-or-collocation"
"CCRLANG-0442","2026-09-14","adduct annotation","methods","abstract;introduction;results;discussion","terminology","microbiome-metabolomics","vocabulary","mixed","ccr-2026-immunotherapy-17","41849236","single-paper-synthesis","ccr-2026-immunotherapy-fulltext-language.md","Vocabulary and collocation bank","Microbiome and metabolomics","208","conventional-term-or-collocation"
"CCRLANG-0443","2026-09-14","partial least-squares discriminant analysis","methods","abstract;introduction;results;discussion","terminology","microbiome-metabolomics","vocabulary","mixed","ccr-2026-immunotherapy-17","41849236","single-paper-synthesis","ccr-2026-immunotherapy-fulltext-language.md","Vocabulary and collocation bank","Microbiome and metabolomics","209","conventional-term-or-collocation"
"CCRLANG-0444","2026-09-14","variable importance in projection","methods","abstract;introduction;results;discussion","terminology","microbiome-metabolomics","vocabulary","mixed","ccr-2026-immunotherapy-17","41849236","single-paper-synthesis","ccr-2026-immunotherapy-fulltext-language.md","Vocabulary and collocation bank","Microbiome and metabolomics","210","conventional-term-or-collocation"
"CCRLANG-0445","2026-09-14","tryptophan-indole metabolism","methods","abstract;introduction;results;discussion","terminology","microbiome-metabolomics","vocabulary","mixed","ccr-2026-immunotherapy-17","41849236","single-paper-synthesis","ccr-2026-immunotherapy-fulltext-language.md","Vocabulary and collocation bank","Microbiome and metabolomics","211","conventional-term-or-collocation"
"CCRLANG-0446","2026-09-14","single-sample gene-set enrichment analysis","methods","abstract;introduction;results;discussion;conclusion","terminology","bioinformatics-machine-learning-digital-pathology","vocabulary","mixed","ccr-2026-immunotherapy-17","42126592;42149140;42360104;42440365;42456046;42485106;42489696","subsection-synthesis","ccr-2026-immunotherapy-fulltext-language.md","Vocabulary and collocation bank","Bioinformatics, machine learning, and digital pathology","217","conventional-term-or-collocation"
"CCRLANG-0447","2026-09-14","normalized enrichment score","methods","abstract;introduction;results;discussion;conclusion","terminology","bioinformatics-machine-learning-digital-pathology","vocabulary","mixed","ccr-2026-immunotherapy-17","42126592;42149140;42360104;42440365;42456046;42485106;42489696","subsection-synthesis","ccr-2026-immunotherapy-fulltext-language.md","Vocabulary and collocation bank","Bioinformatics, machine learning, and digital pathology","218","conventional-term-or-collocation"
"CCRLANG-0448","2026-09-14","false-discovery-rate threshold","methods","abstract;introduction;results;discussion;conclusion","terminology","bioinformatics-machine-learning-digital-pathology","vocabulary","mixed","ccr-2026-immunotherapy-17","42126592;42149140;42360104;42440365;42456046;42485106;42489696","subsection-synthesis","ccr-2026-immunotherapy-fulltext-language.md","Vocabulary and collocation bank","Bioinformatics, machine learning, and digital pathology","219","conventional-term-or-collocation"
"CCRLANG-0449","2026-09-14","computational immune deconvolution","methods","abstract;introduction;results;discussion;conclusion","terminology","bioinformatics-machine-learning-digital-pathology","vocabulary","mixed","ccr-2026-immunotherapy-17","42126592;42149140;42360104;42440365;42456046;42485106;42489696","subsection-synthesis","ccr-2026-immunotherapy-fulltext-language.md","Vocabulary and collocation bank","Bioinformatics, machine learning, and digital pathology","220","conventional-term-or-collocation"
"CCRLANG-0450","2026-09-14","multiregion sequencing","methods","abstract;introduction;results;discussion;conclusion","terminology","bioinformatics-machine-learning-digital-pathology","vocabulary","mixed","ccr-2026-immunotherapy-17","42126592;42149140;42360104;42440365;42456046;42485106;42489696","subsection-synthesis","ccr-2026-immunotherapy-fulltext-language.md","Vocabulary and collocation bank","Bioinformatics, machine learning, and digital pathology","221","conventional-term-or-collocation"
"CCRLANG-0451","2026-09-14","single-region inference","methods","abstract;introduction;results;discussion;conclusion","terminology","bioinformatics-machine-learning-digital-pathology","vocabulary","mixed","ccr-2026-immunotherapy-17","42126592;42149140;42360104;42440365;42456046;42485106;42489696","subsection-synthesis","ccr-2026-immunotherapy-fulltext-language.md","Vocabulary and collocation bank","Bioinformatics, machine learning, and digital pathology","221","conventional-term-or-collocation"
"CCRLANG-0452","2026-09-14","gradient-boosted decision-tree classifier","methods","abstract;introduction;results;discussion;conclusion","terminology","bioinformatics-machine-learning-digital-pathology","vocabulary","mixed","ccr-2026-immunotherapy-17","42126592;42149140;42360104;42440365;42456046;42485106;42489696","subsection-synthesis","ccr-2026-immunotherapy-fulltext-language.md","Vocabulary and collocation bank","Bioinformatics, machine learning, and digital pathology","222","conventional-term-or-collocation"
"CCRLANG-0453","2026-09-14","support vector machine classifier","methods","abstract;introduction;results;discussion;conclusion","terminology","bioinformatics-machine-learning-digital-pathology","vocabulary","mixed","ccr-2026-immunotherapy-17","42126592;42149140;42360104;42440365;42456046;42485106;42489696","subsection-synthesis","ccr-2026-immunotherapy-fulltext-language.md","Vocabulary and collocation bank","Bioinformatics, machine learning, and digital pathology","223","conventional-term-or-collocation"
"CCRLANG-0454","2026-09-14","held-out validation set","methods","abstract;introduction;results;discussion;conclusion","terminology","bioinformatics-machine-learning-digital-pathology","vocabulary","mixed","ccr-2026-immunotherapy-17","42126592;42149140;42360104;42440365;42456046;42485106;42489696","subsection-synthesis","ccr-2026-immunotherapy-fulltext-language.md","Vocabulary and collocation bank","Bioinformatics, machine learning, and digital pathology","224","conventional-term-or-collocation"
"CCRLANG-0455","2026-09-14","nested cross-validation","methods","abstract;introduction;results;discussion;conclusion","terminology","bioinformatics-machine-learning-digital-pathology","vocabulary","mixed","ccr-2026-immunotherapy-17","42126592;42149140;42360104;42440365;42456046;42485106;42489696","subsection-synthesis","ccr-2026-immunotherapy-fulltext-language.md","Vocabulary and collocation bank","Bioinformatics, machine learning, and digital pathology","225","conventional-term-or-collocation"
"CCRLANG-0456","2026-09-14","Monte Carlo resampling","methods","abstract;introduction;results;discussion;conclusion","terminology","bioinformatics-machine-learning-digital-pathology","vocabulary","mixed","ccr-2026-immunotherapy-17","42126592;42149140;42360104;42440365;42456046;42485106;42489696","subsection-synthesis","ccr-2026-immunotherapy-fulltext-language.md","Vocabulary and collocation bank","Bioinformatics, machine learning, and digital pathology","226","conventional-term-or-collocation"
"CCRLANG-0457","2026-09-14","class imbalance","methods","abstract;introduction;results;discussion;conclusion","terminology","bioinformatics-machine-learning-digital-pathology","vocabulary","mixed","ccr-2026-immunotherapy-17","42126592;42149140;42360104;42440365;42456046;42485106;42489696","subsection-synthesis","ccr-2026-immunotherapy-fulltext-language.md","Vocabulary and collocation bank","Bioinformatics, machine learning, and digital pathology","227","conventional-term-or-collocation"
"CCRLANG-0458","2026-09-14","balanced accuracy","methods","abstract;introduction;results;discussion;conclusion","terminology","bioinformatics-machine-learning-digital-pathology","vocabulary","mixed","ccr-2026-immunotherapy-17","42126592;42149140;42360104;42440365;42456046;42485106;42489696","subsection-synthesis","ccr-2026-immunotherapy-fulltext-language.md","Vocabulary and collocation bank","Bioinformatics, machine learning, and digital pathology","228","conventional-term-or-collocation"
"CCRLANG-0459","2026-09-14","precision","methods","abstract;introduction;results;discussion;conclusion","terminology","bioinformatics-machine-learning-digital-pathology","vocabulary","mixed","ccr-2026-immunotherapy-17","42126592;42149140;42360104;42440365;42456046;42485106;42489696","subsection-synthesis","ccr-2026-immunotherapy-fulltext-language.md","Vocabulary and collocation bank","Bioinformatics, machine learning, and digital pathology","228","conventional-term-or-collocation"
"CCRLANG-0460","2026-09-14","recall","methods","abstract;introduction;results;discussion;conclusion","terminology","bioinformatics-machine-learning-digital-pathology","vocabulary","mixed","ccr-2026-immunotherapy-17","42126592;42149140;42360104;42440365;42456046;42485106;42489696","subsection-synthesis","ccr-2026-immunotherapy-fulltext-language.md","Vocabulary and collocation bank","Bioinformatics, machine learning, and digital pathology","228","conventional-term-or-collocation"
"CCRLANG-0461","2026-09-14","F1 score","methods","abstract;introduction;results;discussion;conclusion","terminology","bioinformatics-machine-learning-digital-pathology","vocabulary","mixed","ccr-2026-immunotherapy-17","42126592;42149140;42360104;42440365;42456046;42485106;42489696","subsection-synthesis","ccr-2026-immunotherapy-fulltext-language.md","Vocabulary and collocation bank","Bioinformatics, machine learning, and digital pathology","228","conventional-term-or-collocation"
"CCRLANG-0462","2026-09-14","feature importance","methods","abstract;introduction;results;discussion;conclusion","terminology","bioinformatics-machine-learning-digital-pathology","vocabulary","mixed","ccr-2026-immunotherapy-17","42126592;42149140;42360104;42440365;42456046;42485106;42489696","subsection-synthesis","ccr-2026-immunotherapy-fulltext-language.md","Vocabulary and collocation bank","Bioinformatics, machine learning, and digital pathology","229","conventional-term-or-collocation"
"CCRLANG-0463","2026-09-14","permutation importance","methods","abstract;introduction;results;discussion;conclusion","terminology","bioinformatics-machine-learning-digital-pathology","vocabulary","mixed","ccr-2026-immunotherapy-17","42126592;42149140;42360104;42440365;42456046;42485106;42489696","subsection-synthesis","ccr-2026-immunotherapy-fulltext-language.md","Vocabulary and collocation bank","Bioinformatics, machine learning, and digital pathology","229","conventional-term-or-collocation"
"CCRLANG-0464","2026-09-14","partial-dependence plot","methods","abstract;introduction;results;discussion;conclusion","terminology","bioinformatics-machine-learning-digital-pathology","vocabulary","mixed","ccr-2026-immunotherapy-17","42126592;42149140;42360104;42440365;42456046;42485106;42489696","subsection-synthesis","ccr-2026-immunotherapy-fulltext-language.md","Vocabulary and collocation bank","Bioinformatics, machine learning, and digital pathology","230","conventional-term-or-collocation"
"CCRLANG-0465","2026-09-14","counterfactual outcome","methods","abstract;introduction;results;discussion;conclusion","terminology","bioinformatics-machine-learning-digital-pathology","vocabulary","mixed","ccr-2026-immunotherapy-17","42126592;42149140;42360104;42440365;42456046;42485106;42489696","subsection-synthesis","ccr-2026-immunotherapy-fulltext-language.md","Vocabulary and collocation bank","Bioinformatics, machine learning, and digital pathology","231","conventional-term-or-collocation"
"CCRLANG-0466","2026-09-14","heterogeneous treatment effect","methods","abstract;introduction;results;discussion;conclusion","terminology","bioinformatics-machine-learning-digital-pathology","vocabulary","mixed","ccr-2026-immunotherapy-17","42126592;42149140;42360104;42440365;42456046;42485106;42489696","subsection-synthesis","ccr-2026-immunotherapy-fulltext-language.md","Vocabulary and collocation bank","Bioinformatics, machine learning, and digital pathology","232","conventional-term-or-collocation"
"CCRLANG-0467","2026-09-14","individual treatment effect","methods","abstract;introduction;results;discussion;conclusion","terminology","bioinformatics-machine-learning-digital-pathology","vocabulary","mixed","ccr-2026-immunotherapy-17","42126592;42149140;42360104;42440365;42456046;42485106;42489696","subsection-synthesis","ccr-2026-immunotherapy-fulltext-language.md","Vocabulary and collocation bank","Bioinformatics, machine learning, and digital pathology","233","conventional-term-or-collocation"
"CCRLANG-0468","2026-09-14","conditional average treatment effect","methods","abstract;introduction;results;discussion;conclusion","terminology","bioinformatics-machine-learning-digital-pathology","vocabulary","mixed","ccr-2026-immunotherapy-17","42126592;42149140;42360104;42440365;42456046;42485106;42489696","subsection-synthesis","ccr-2026-immunotherapy-fulltext-language.md","Vocabulary and collocation bank","Bioinformatics, machine learning, and digital pathology","234","conventional-term-or-collocation"
"CCRLANG-0469","2026-09-14","restricted mean survival time","methods","abstract;introduction;results;discussion;conclusion","terminology","bioinformatics-machine-learning-digital-pathology","vocabulary","mixed","ccr-2026-immunotherapy-17","42126592;42149140;42360104;42440365;42456046;42485106;42489696","subsection-synthesis","ccr-2026-immunotherapy-fulltext-language.md","Vocabulary and collocation bank","Bioinformatics, machine learning, and digital pathology","235","conventional-term-or-collocation"
"CCRLANG-0470","2026-09-14","super T-learner","methods","abstract;introduction;results;discussion;conclusion","terminology","bioinformatics-machine-learning-digital-pathology","vocabulary","mixed","ccr-2026-immunotherapy-17","42126592;42149140;42360104;42440365;42456046;42485106;42489696","subsection-synthesis","ccr-2026-immunotherapy-fulltext-language.md","Vocabulary and collocation bank","Bioinformatics, machine learning, and digital pathology","236","conventional-term-or-collocation"
"CCRLANG-0471","2026-09-14","Bayesian model averaging","methods","abstract;introduction;results;discussion;conclusion","terminology","bioinformatics-machine-learning-digital-pathology","vocabulary","mixed","ccr-2026-immunotherapy-17","42126592;42149140;42360104;42440365;42456046;42485106;42489696","subsection-synthesis","ccr-2026-immunotherapy-fulltext-language.md","Vocabulary and collocation bank","Bioinformatics, machine learning, and digital pathology","237","conventional-term-or-collocation"
"CCRLANG-0472","2026-09-14","rank-order patients by estimated benefit","methods","abstract;introduction;results;discussion;conclusion","terminology","bioinformatics-machine-learning-digital-pathology","vocabulary","mixed","ccr-2026-immunotherapy-17","42126592;42149140;42360104;42440365;42456046;42485106;42489696","subsection-synthesis","ccr-2026-immunotherapy-fulltext-language.md","Vocabulary and collocation bank","Bioinformatics, machine learning, and digital pathology","238","conventional-term-or-collocation"
"CCRLANG-0473","2026-09-14","deep-learning-derived TIL pattern","methods","abstract;introduction;results;discussion;conclusion","terminology","bioinformatics-machine-learning-digital-pathology","vocabulary","mixed","ccr-2026-immunotherapy-17","42126592;42149140;42360104;42440365;42456046;42485106;42489696","subsection-synthesis","ccr-2026-immunotherapy-fulltext-language.md","Vocabulary and collocation bank","Bioinformatics, machine learning, and digital pathology","239","conventional-term-or-collocation"
"CCRLANG-0474","2026-09-14","whole-slide image","methods","abstract;introduction;results;discussion;conclusion","terminology","bioinformatics-machine-learning-digital-pathology","vocabulary","mixed","ccr-2026-immunotherapy-17","42126592;42149140;42360104;42440365;42456046;42485106;42489696","subsection-synthesis","ccr-2026-immunotherapy-fulltext-language.md","Vocabulary and collocation bank","Bioinformatics, machine learning, and digital pathology","240","conventional-term-or-collocation"
"CCRLANG-0475","2026-09-14","pathologist-defined region of interest","methods","abstract;introduction;results;discussion;conclusion","terminology","bioinformatics-machine-learning-digital-pathology","vocabulary","mixed","ccr-2026-immunotherapy-17","42126592;42149140;42360104;42440365;42456046;42485106;42489696","subsection-synthesis","ccr-2026-immunotherapy-fulltext-language.md","Vocabulary and collocation bank","Bioinformatics, machine learning, and digital pathology","240","conventional-term-or-collocation"
"CCRLANG-0476","2026-09-14","radiomic feature harmonization","methods","abstract;introduction;results;discussion;conclusion","terminology","bioinformatics-machine-learning-digital-pathology","vocabulary","mixed","ccr-2026-immunotherapy-17","42126592;42149140;42360104;42440365;42456046;42485106;42489696","subsection-synthesis","ccr-2026-immunotherapy-fulltext-language.md","Vocabulary and collocation bank","Bioinformatics, machine learning, and digital pathology","241","conventional-term-or-collocation"
"CCRLANG-0477","2026-09-14","selective irreversible electroporation","methods","introduction;results;discussion;conclusion","terminology","preclinical-cellular-therapy","vocabulary","mixed","ccr-2026-immunotherapy-17","41920765","single-paper-synthesis","ccr-2026-immunotherapy-fulltext-language.md","Vocabulary and collocation bank","Preclinical experiments and cellular therapy","247","conventional-term-or-collocation"
"CCRLANG-0478","2026-09-14","pulsed electric field","methods","introduction;results;discussion;conclusion","terminology","preclinical-cellular-therapy","vocabulary","mixed","ccr-2026-immunotherapy-17","41920765","single-paper-synthesis","ccr-2026-immunotherapy-fulltext-language.md","Vocabulary and collocation bank","Preclinical experiments and cellular therapy","248","conventional-term-or-collocation"
"CCRLANG-0479","2026-09-14","transmembrane voltage","methods","introduction;results;discussion;conclusion","terminology","preclinical-cellular-therapy","vocabulary","mixed","ccr-2026-immunotherapy-17","41920765","single-paper-synthesis","ccr-2026-immunotherapy-fulltext-language.md","Vocabulary and collocation bank","Preclinical experiments and cellular therapy","249","conventional-term-or-collocation"
"CCRLANG-0480","2026-09-14","finite-element model","methods","introduction;results;discussion;conclusion","terminology","preclinical-cellular-therapy","vocabulary","mixed","ccr-2026-immunotherapy-17","41920765","single-paper-synthesis","ccr-2026-immunotherapy-fulltext-language.md","Vocabulary and collocation bank","Preclinical experiments and cellular therapy","250","conventional-term-or-collocation"
"CCRLANG-0481","2026-09-14","parameter-screening experiment","methods","introduction;results;discussion;conclusion","terminology","preclinical-cellular-therapy","vocabulary","mixed","ccr-2026-immunotherapy-17","41920765","single-paper-synthesis","ccr-2026-immunotherapy-fulltext-language.md","Vocabulary and collocation bank","Preclinical experiments and cellular therapy","251","conventional-term-or-collocation"
"CCRLANG-0482","2026-09-14","three-dimensional hydrogel tumor mimic","methods","introduction;results;discussion;conclusion","terminology","preclinical-cellular-therapy","vocabulary","mixed","ccr-2026-immunotherapy-17","41920765","single-paper-synthesis","ccr-2026-immunotherapy-fulltext-language.md","Vocabulary and collocation bank","Preclinical experiments and cellular therapy","252","conventional-term-or-collocation"
"CCRLANG-0483","2026-09-14","selective cancer-cell lysis","methods","introduction;results;discussion;conclusion","terminology","preclinical-cellular-therapy","vocabulary","mixed","ccr-2026-immunotherapy-17","41920765","single-paper-synthesis","ccr-2026-immunotherapy-fulltext-language.md","Vocabulary and collocation bank","Preclinical experiments and cellular therapy","253","conventional-term-or-collocation"
"CCRLANG-0484","2026-09-14","T-cell-sparing effect","methods","introduction;results;discussion;conclusion","terminology","preclinical-cellular-therapy","vocabulary","mixed","ccr-2026-immunotherapy-17","41920765","single-paper-synthesis","ccr-2026-immunotherapy-fulltext-language.md","Vocabulary and collocation bank","Preclinical experiments and cellular therapy","254","conventional-term-or-collocation"
"CCRLANG-0485","2026-09-14","effector-to-target ratio","methods","introduction;results;discussion;conclusion","terminology","preclinical-cellular-therapy","vocabulary","mixed","ccr-2026-immunotherapy-17","41920765","single-paper-synthesis","ccr-2026-immunotherapy-fulltext-language.md","Vocabulary and collocation bank","Preclinical experiments and cellular therapy","255","conventional-term-or-collocation"
"CCRLANG-0486","2026-09-14","CAR T-cell trafficking","methods","introduction;results;discussion;conclusion","terminology","preclinical-cellular-therapy","vocabulary","mixed","ccr-2026-immunotherapy-17","41920765","single-paper-synthesis","ccr-2026-immunotherapy-fulltext-language.md","Vocabulary and collocation bank","Preclinical experiments and cellular therapy","256","conventional-term-or-collocation"
"CCRLANG-0487","2026-09-14","tumor infiltration","methods","introduction;results;discussion;conclusion","terminology","preclinical-cellular-therapy","vocabulary","mixed","ccr-2026-immunotherapy-17","41920765","single-paper-synthesis","ccr-2026-immunotherapy-fulltext-language.md","Vocabulary and collocation bank","Preclinical experiments and cellular therapy","256","conventional-term-or-collocation"
"CCRLANG-0488","2026-09-14","tumor-debulking effect","methods","introduction;results;discussion;conclusion","terminology","preclinical-cellular-therapy","vocabulary","mixed","ccr-2026-immunotherapy-17","41920765","single-paper-synthesis","ccr-2026-immunotherapy-fulltext-language.md","Vocabulary and collocation bank","Preclinical experiments and cellular therapy","257","conventional-term-or-collocation"
"CCRLANG-0489","2026-09-14","damage-associated molecular pattern release","methods","introduction;results;discussion;conclusion","terminology","preclinical-cellular-therapy","vocabulary","mixed","ccr-2026-immunotherapy-17","41920765","single-paper-synthesis","ccr-2026-immunotherapy-fulltext-language.md","Vocabulary and collocation bank","Preclinical experiments and cellular therapy","258","conventional-term-or-collocation"
"CCRLANG-0490","2026-09-14","chemotactic gradient","methods","introduction;results;discussion;conclusion","terminology","preclinical-cellular-therapy","vocabulary","mixed","ccr-2026-immunotherapy-17","41920765","single-paper-synthesis","ccr-2026-immunotherapy-fulltext-language.md","Vocabulary and collocation bank","Preclinical experiments and cellular therapy","259","conventional-term-or-collocation"
"CCRLANG-0491","2026-09-14","Boyden-chamber migration assay","methods","introduction;results;discussion;conclusion","terminology","preclinical-cellular-therapy","vocabulary","mixed","ccr-2026-immunotherapy-17","41920765","single-paper-synthesis","ccr-2026-immunotherapy-fulltext-language.md","Vocabulary and collocation bank","Preclinical experiments and cellular therapy","260","conventional-term-or-collocation"
"CCRLANG-0492","2026-09-14","subcutaneous flank-tumor model","methods","introduction;results;discussion;conclusion","terminology","preclinical-cellular-therapy","vocabulary","mixed","ccr-2026-immunotherapy-17","41920765","single-paper-synthesis","ccr-2026-immunotherapy-fulltext-language.md","Vocabulary and collocation bank","Preclinical experiments and cellular therapy","261","conventional-term-or-collocation"
"CCRLANG-0493","2026-09-14","systemic tail-vein infusion","methods","introduction;results;discussion;conclusion","terminology","preclinical-cellular-therapy","vocabulary","mixed","ccr-2026-immunotherapy-17","41920765","single-paper-synthesis","ccr-2026-immunotherapy-fulltext-language.md","Vocabulary and collocation bank","Preclinical experiments and cellular therapy","262","conventional-term-or-collocation"
"CCRLANG-0494","2026-09-14","tumor rechallenge","methods","introduction;results;discussion;conclusion","terminology","preclinical-cellular-therapy","vocabulary","mixed","ccr-2026-immunotherapy-17","41920765","single-paper-synthesis","ccr-2026-immunotherapy-fulltext-language.md","Vocabulary and collocation bank","Preclinical experiments and cellular therapy","263","conventional-term-or-collocation"
"CCRLANG-0495","2026-09-14","designated survival endpoint","methods","introduction;results;discussion;conclusion","terminology","preclinical-cellular-therapy","vocabulary","mixed","ccr-2026-immunotherapy-17","41920765","single-paper-synthesis","ccr-2026-immunotherapy-fulltext-language.md","Vocabulary and collocation bank","Preclinical experiments and cellular therapy","264","conventional-term-or-collocation"
"CCRLANG-0496","2026-09-14","Complete tumor eradication in mice","methods","introduction;results;discussion;conclusion","terminology","preclinical-cellular-therapy","vocabulary","mixed","ccr-2026-immunotherapy-17","41920765","single-paper-synthesis","ccr-2026-immunotherapy-fulltext-language.md","Vocabulary and collocation bank","Preclinical experiments and cellular therapy","266","conventional-term-or-collocation"
"CCRLANG-0497","2026-09-14","dose-escalation cohort","methods","abstract;results;discussion;conclusion","terminology","pharmacokinetics-immunogenicity-dose-selection","vocabulary","mixed","ccr-2026-immunotherapy-17","41587109;41671081;42574065","subsection-synthesis","ccr-2026-immunotherapy-fulltext-language.md","Vocabulary and collocation bank","Pharmacokinetics, immunogenicity, and early-phase dose selection","270","conventional-term-or-collocation"
"CCRLANG-0498","2026-09-14","dose-expansion cohort","methods","abstract;results;discussion;conclusion","terminology","pharmacokinetics-immunogenicity-dose-selection","vocabulary","mixed","ccr-2026-immunotherapy-17","41587109;41671081;42574065","subsection-synthesis","ccr-2026-immunotherapy-fulltext-language.md","Vocabulary and collocation bank","Pharmacokinetics, immunogenicity, and early-phase dose selection","270","conventional-term-or-collocation"
"CCRLANG-0499","2026-09-14","dose and injection-site exploration","methods","abstract;results;discussion;conclusion","terminology","pharmacokinetics-immunogenicity-dose-selection","vocabulary","mixed","ccr-2026-immunotherapy-17","41587109;41671081;42574065","subsection-synthesis","ccr-2026-immunotherapy-fulltext-language.md","Vocabulary and collocation bank","Pharmacokinetics, immunogenicity, and early-phase dose selection","271","conventional-term-or-collocation"
"CCRLANG-0500","2026-09-14","administration sequence","methods","abstract;results;discussion;conclusion","terminology","pharmacokinetics-immunogenicity-dose-selection","vocabulary","mixed","ccr-2026-immunotherapy-17","41587109;41671081;42574065","subsection-synthesis","ccr-2026-immunotherapy-fulltext-language.md","Vocabulary and collocation bank","Pharmacokinetics, immunogenicity, and early-phase dose selection","272","conventional-term-or-collocation"
"CCRLANG-0501","2026-09-14","noncompartmental pharmacokinetic analysis","methods","abstract;results;discussion;conclusion","terminology","pharmacokinetics-immunogenicity-dose-selection","vocabulary","mixed","ccr-2026-immunotherapy-17","41587109;41671081;42574065","subsection-synthesis","ccr-2026-immunotherapy-fulltext-language.md","Vocabulary and collocation bank","Pharmacokinetics, immunogenicity, and early-phase dose selection","273","conventional-term-or-collocation"
"CCRLANG-0502","2026-09-14","population pharmacokinetic model","methods","abstract;results;discussion;conclusion","terminology","pharmacokinetics-immunogenicity-dose-selection","vocabulary","mixed","ccr-2026-immunotherapy-17","41587109;41671081;42574065","subsection-synthesis","ccr-2026-immunotherapy-fulltext-language.md","Vocabulary and collocation bank","Pharmacokinetics, immunogenicity, and early-phase dose selection","274","conventional-term-or-collocation"
"CCRLANG-0503","2026-09-14","trough concentration","methods","abstract;results;discussion;conclusion","terminology","pharmacokinetics-immunogenicity-dose-selection","vocabulary","mixed","ccr-2026-immunotherapy-17","41587109;41671081;42574065","subsection-synthesis","ccr-2026-immunotherapy-fulltext-language.md","Vocabulary and collocation bank","Pharmacokinetics, immunogenicity, and early-phase dose selection","275","conventional-term-or-collocation"
"CCRLANG-0504","2026-09-14","maximum concentration","methods","abstract;results;discussion;conclusion","terminology","pharmacokinetics-immunogenicity-dose-selection","vocabulary","mixed","ccr-2026-immunotherapy-17","41587109;41671081;42574065","subsection-synthesis","ccr-2026-immunotherapy-fulltext-language.md","Vocabulary and collocation bank","Pharmacokinetics, immunogenicity, and early-phase dose selection","275","conventional-term-or-collocation"
"CCRLANG-0505","2026-09-14","time to maximum concentration","methods","abstract;results;discussion;conclusion","terminology","pharmacokinetics-immunogenicity-dose-selection","vocabulary","mixed","ccr-2026-immunotherapy-17","41587109;41671081;42574065","subsection-synthesis","ccr-2026-immunotherapy-fulltext-language.md","Vocabulary and collocation bank","Pharmacokinetics, immunogenicity, and early-phase dose selection","275","conventional-term-or-collocation"
"CCRLANG-0506","2026-09-14","near dose-proportional exposure","methods","abstract;results;discussion;conclusion","terminology","pharmacokinetics-immunogenicity-dose-selection","vocabulary","mixed","ccr-2026-immunotherapy-17","41587109;41671081;42574065","subsection-synthesis","ccr-2026-immunotherapy-fulltext-language.md","Vocabulary and collocation bank","Pharmacokinetics, immunogenicity, and early-phase dose selection","276","conventional-term-or-collocation"
"CCRLANG-0507","2026-09-14","relative bioavailability","methods","abstract;results;discussion;conclusion","terminology","pharmacokinetics-immunogenicity-dose-selection","vocabulary","mixed","ccr-2026-immunotherapy-17","41587109;41671081;42574065","subsection-synthesis","ccr-2026-immunotherapy-fulltext-language.md","Vocabulary and collocation bank","Pharmacokinetics, immunogenicity, and early-phase dose selection","277","conventional-term-or-collocation"
"CCRLANG-0508","2026-09-14","approximately threefold accumulation","methods","abstract;results;discussion;conclusion","terminology","pharmacokinetics-immunogenicity-dose-selection","vocabulary","mixed","ccr-2026-immunotherapy-17","41587109;41671081;42574065","subsection-synthesis","ccr-2026-immunotherapy-fulltext-language.md","Vocabulary and collocation bank","Pharmacokinetics, immunogenicity, and early-phase dose selection","278","conventional-term-or-collocation"
"CCRLANG-0509","2026-09-14","treatment-emergent antidrug antibody","methods","abstract;results;discussion;conclusion","terminology","pharmacokinetics-immunogenicity-dose-selection","vocabulary","mixed","ccr-2026-immunotherapy-17","41587109;41671081;42574065","subsection-synthesis","ccr-2026-immunotherapy-fulltext-language.md","Vocabulary and collocation bank","Pharmacokinetics, immunogenicity, and early-phase dose selection","279","conventional-term-or-collocation"
"CCRLANG-0510","2026-09-14","neutralizing antibody","methods","abstract;results;discussion;conclusion","terminology","pharmacokinetics-immunogenicity-dose-selection","vocabulary","mixed","ccr-2026-immunotherapy-17","41587109;41671081;42574065","subsection-synthesis","ccr-2026-immunotherapy-fulltext-language.md","Vocabulary and collocation bank","Pharmacokinetics, immunogenicity, and early-phase dose selection","280","conventional-term-or-collocation"
"CCRLANG-0511","2026-09-14","dose-limiting toxicity","methods","abstract;results;discussion;conclusion","terminology","pharmacokinetics-immunogenicity-dose-selection","vocabulary","mixed","ccr-2026-immunotherapy-17","41587109;41671081;42574065","subsection-synthesis","ccr-2026-immunotherapy-fulltext-language.md","Vocabulary and collocation bank","Pharmacokinetics, immunogenicity, and early-phase dose selection","281","conventional-term-or-collocation"
"CCRLANG-0512","2026-09-14","maximum tolerated dose was not reached","methods","abstract;results;discussion;conclusion","terminology","pharmacokinetics-immunogenicity-dose-selection","vocabulary","mixed","ccr-2026-immunotherapy-17","41587109;41671081;42574065","subsection-synthesis","ccr-2026-immunotherapy-fulltext-language.md","Vocabulary and collocation bank","Pharmacokinetics, immunogenicity, and early-phase dose selection","282","conventional-term-or-collocation"
"CCRLANG-0513","2026-09-14","modified toxicity probability interval-2 design","methods","abstract;results;discussion;conclusion","terminology","pharmacokinetics-immunogenicity-dose-selection","vocabulary","mixed","ccr-2026-immunotherapy-17","41587109;41671081;42574065","subsection-synthesis","ccr-2026-immunotherapy-fulltext-language.md","Vocabulary and collocation bank","Pharmacokinetics, immunogenicity, and early-phase dose selection","283","conventional-term-or-collocation"
"CCRLANG-0514","2026-09-14","recommended phase II dose","methods","abstract;results;discussion;conclusion","terminology","pharmacokinetics-immunogenicity-dose-selection","vocabulary","mixed","ccr-2026-immunotherapy-17","41587109;41671081;42574065","subsection-synthesis","ccr-2026-immunotherapy-fulltext-language.md","Vocabulary and collocation bank","Pharmacokinetics, immunogenicity, and early-phase dose selection","284","conventional-term-or-collocation"
"CCRLANG-0515","2026-09-14","peripheral receptor occupancy","methods","abstract;results;discussion;conclusion","terminology","pharmacokinetics-immunogenicity-dose-selection","vocabulary","mixed","ccr-2026-immunotherapy-17","41587109;41671081;42574065","subsection-synthesis","ccr-2026-immunotherapy-fulltext-language.md","Vocabulary and collocation bank","Pharmacokinetics, immunogenicity, and early-phase dose selection","285","conventional-term-or-collocation"
"CCRLANG-0516","2026-09-14","modeled intratumoral target saturation","methods","abstract;results;discussion;conclusion","terminology","pharmacokinetics-immunogenicity-dose-selection","vocabulary","mixed","ccr-2026-immunotherapy-17","41587109;41671081;42574065","subsection-synthesis","ccr-2026-immunotherapy-fulltext-language.md","Vocabulary and collocation bank","Pharmacokinetics, immunogenicity, and early-phase dose selection","286","conventional-term-or-collocation"
"CCRLANG-0517","2026-09-14","no-observed-adverse-effect level","methods","abstract;results;discussion;conclusion","terminology","pharmacokinetics-immunogenicity-dose-selection","vocabulary","mixed","ccr-2026-immunotherapy-17","41587109;41671081;42574065","subsection-synthesis","ccr-2026-immunotherapy-fulltext-language.md","Vocabulary and collocation bank","Pharmacokinetics, immunogenicity, and early-phase dose selection","287","conventional-term-or-collocation"
"CCRLANG-0518","2026-09-14","MTD was not reached","methods","abstract;results;discussion;conclusion","terminology","pharmacokinetics-immunogenicity-dose-selection","vocabulary","mixed","ccr-2026-immunotherapy-17","41587109;41671081;42574065","subsection-synthesis","ccr-2026-immunotherapy-fulltext-language.md","Vocabulary and collocation bank","Pharmacokinetics, immunogenicity, and early-phase dose selection","289","conventional-term-or-collocation"
"CCRLANG-0519","2026-09-14","objective response rate","results","abstract;methods;discussion;conclusion","terminology","efficacy-safety-regulatory","vocabulary","mixed","ccr-2026-immunotherapy-17","41537692;41587109;41671081;41805895;41849236;41920765;42008740;42126592;42149140;42189883;42360104;42405849;42440365;42456046;42485106;42489696;42574065","batch-synthesis","ccr-2026-immunotherapy-fulltext-language.md","Vocabulary and collocation bank","Efficacy, safety, and regulatory endpoints","293","conventional-term-or-collocation"
"CCRLANG-0520","2026-09-14","disease control rate","results","abstract;methods;discussion;conclusion","terminology","efficacy-safety-regulatory","vocabulary","mixed","ccr-2026-immunotherapy-17","41537692;41587109;41671081;41805895;41849236;41920765;42008740;42126592;42149140;42189883;42360104;42405849;42440365;42456046;42485106;42489696;42574065","batch-synthesis","ccr-2026-immunotherapy-fulltext-language.md","Vocabulary and collocation bank","Efficacy, safety, and regulatory endpoints","293","conventional-term-or-collocation"
"CCRLANG-0521","2026-09-14","duration of response","results","abstract;methods;discussion;conclusion","terminology","efficacy-safety-regulatory","vocabulary","mixed","ccr-2026-immunotherapy-17","41537692;41587109;41671081;41805895;41849236;41920765;42008740;42126592;42149140;42189883;42360104;42405849;42440365;42456046;42485106;42489696;42574065","batch-synthesis","ccr-2026-immunotherapy-fulltext-language.md","Vocabulary and collocation bank","Efficacy, safety, and regulatory endpoints","294","conventional-term-or-collocation"
"CCRLANG-0522","2026-09-14","median follow-up by reverse Kaplan-Meier estimation","results","abstract;methods;discussion;conclusion","terminology","efficacy-safety-regulatory","vocabulary","mixed","ccr-2026-immunotherapy-17","41537692;41587109;41671081;41805895;41849236;41920765;42008740;42126592;42149140;42189883;42360104;42405849;42440365;42456046;42485106;42489696;42574065","batch-synthesis","ccr-2026-immunotherapy-fulltext-language.md","Vocabulary and collocation bank","Efficacy, safety, and regulatory endpoints","295","conventional-term-or-collocation"
"CCRLANG-0523","2026-09-14","median was not reached","results","abstract;methods;discussion;conclusion","terminology","efficacy-safety-regulatory","vocabulary","mixed","ccr-2026-immunotherapy-17","41537692;41587109;41671081;41805895;41849236;41920765;42008740;42126592;42149140;42189883;42360104;42405849;42440365;42456046;42485106;42489696;42574065","batch-synthesis","ccr-2026-immunotherapy-fulltext-language.md","Vocabulary and collocation bank","Efficacy, safety, and regulatory endpoints","296","conventional-term-or-collocation"
"CCRLANG-0524","2026-09-14","estimate was not calculable","results","abstract;methods;discussion;conclusion","terminology","efficacy-safety-regulatory","vocabulary","mixed","ccr-2026-immunotherapy-17","41537692;41587109;41671081;41805895;41849236;41920765;42008740;42126592;42149140;42189883;42360104;42405849;42440365;42456046;42485106;42489696;42574065","batch-synthesis","ccr-2026-immunotherapy-fulltext-language.md","Vocabulary and collocation bank","Efficacy, safety, and regulatory endpoints","296","conventional-term-or-collocation"
"CCRLANG-0525","2026-09-14","investigator-assessed","results","abstract;methods;discussion;conclusion","terminology","efficacy-safety-regulatory","vocabulary","mixed","ccr-2026-immunotherapy-17","41537692;41587109;41671081;41805895;41849236;41920765;42008740;42126592;42149140;42189883;42360104;42405849;42440365;42456046;42485106;42489696;42574065","batch-synthesis","ccr-2026-immunotherapy-fulltext-language.md","Vocabulary and collocation bank","Efficacy, safety, and regulatory endpoints","297","conventional-term-or-collocation"
"CCRLANG-0526","2026-09-14","independent central review","results","abstract;methods;discussion;conclusion","terminology","efficacy-safety-regulatory","vocabulary","mixed","ccr-2026-immunotherapy-17","41537692;41587109;41671081;41805895;41849236;41920765;42008740;42126592;42149140;42189883;42360104;42405849;42440365;42456046;42485106;42489696;42574065","batch-synthesis","ccr-2026-immunotherapy-fulltext-language.md","Vocabulary and collocation bank","Efficacy, safety, and regulatory endpoints","297","conventional-term-or-collocation"
"CCRLANG-0527","2026-09-14","treatment-emergent adverse event","results","abstract;methods;discussion;conclusion","terminology","efficacy-safety-regulatory","vocabulary","mixed","ccr-2026-immunotherapy-17","41537692;41587109;41671081;41805895;41849236;41920765;42008740;42126592;42149140;42189883;42360104;42405849;42440365;42456046;42485106;42489696;42574065","batch-synthesis","ccr-2026-immunotherapy-fulltext-language.md","Vocabulary and collocation bank","Efficacy, safety, and regulatory endpoints","298","conventional-term-or-collocation"
"CCRLANG-0528","2026-09-14","treatment-related adverse event","results","abstract;methods;discussion;conclusion","terminology","efficacy-safety-regulatory","vocabulary","mixed","ccr-2026-immunotherapy-17","41537692;41587109;41671081;41805895;41849236;41920765;42008740;42126592;42149140;42189883;42360104;42405849;42440365;42456046;42485106;42489696;42574065","batch-synthesis","ccr-2026-immunotherapy-fulltext-language.md","Vocabulary and collocation bank","Efficacy, safety, and regulatory endpoints","298","conventional-term-or-collocation"
"CCRLANG-0529","2026-09-14","grade 3 or higher event","results","abstract;methods;discussion;conclusion","terminology","efficacy-safety-regulatory","vocabulary","mixed","ccr-2026-immunotherapy-17","41537692;41587109;41671081;41805895;41849236;41920765;42008740;42126592;42149140;42189883;42360104;42405849;42440365;42456046;42485106;42489696;42574065","batch-synthesis","ccr-2026-immunotherapy-fulltext-language.md","Vocabulary and collocation bank","Efficacy, safety, and regulatory endpoints","299","conventional-term-or-collocation"
"CCRLANG-0530","2026-09-14","adverse event leading to discontinuation","results","abstract;methods;discussion;conclusion","terminology","efficacy-safety-regulatory","vocabulary","mixed","ccr-2026-immunotherapy-17","41537692;41587109;41671081;41805895;41849236;41920765;42008740;42126592;42149140;42189883;42360104;42405849;42440365;42456046;42485106;42489696;42574065","batch-synthesis","ccr-2026-immunotherapy-fulltext-language.md","Vocabulary and collocation bank","Efficacy, safety, and regulatory endpoints","300","conventional-term-or-collocation"
"CCRLANG-0531","2026-09-14","cytokine release syndrome","results","abstract;methods;discussion;conclusion","terminology","efficacy-safety-regulatory","vocabulary","mixed","ccr-2026-immunotherapy-17","41537692;41587109;41671081;41805895;41849236;41920765;42008740;42126592;42149140;42189883;42360104;42405849;42440365;42456046;42485106;42489696;42574065","batch-synthesis","ccr-2026-immunotherapy-fulltext-language.md","Vocabulary and collocation bank","Efficacy, safety, and regulatory endpoints","301","conventional-term-or-collocation"
"CCRLANG-0532","2026-09-14","immune effector cell-associated neurotoxicity syndrome","results","abstract;methods;discussion;conclusion","terminology","efficacy-safety-regulatory","vocabulary","mixed","ccr-2026-immunotherapy-17","41537692;41587109;41671081;41805895;41849236;41920765;42008740;42126592;42149140;42189883;42360104;42405849;42440365;42456046;42485106;42489696;42574065","batch-synthesis","ccr-2026-immunotherapy-fulltext-language.md","Vocabulary and collocation bank","Efficacy, safety, and regulatory endpoints","302","conventional-term-or-collocation"
"CCRLANG-0533","2026-09-14","step-up dosing regimen","results","abstract;methods;discussion;conclusion","terminology","efficacy-safety-regulatory","vocabulary","mixed","ccr-2026-immunotherapy-17","41537692;41587109;41671081;41805895;41849236;41920765;42008740;42126592;42149140;42189883;42360104;42405849;42440365;42456046;42485106;42489696;42574065","batch-synthesis","ccr-2026-immunotherapy-fulltext-language.md","Vocabulary and collocation bank","Efficacy, safety, and regulatory endpoints","303","conventional-term-or-collocation"
"CCRLANG-0534","2026-09-14","exposure-response relationship","results","abstract;methods;discussion;conclusion","terminology","efficacy-safety-regulatory","vocabulary","mixed","ccr-2026-immunotherapy-17","41537692;41587109;41671081;41805895;41849236;41920765;42008740;42126592;42149140;42189883;42360104;42405849;42440365;42456046;42485106;42489696;42574065","batch-synthesis","ccr-2026-immunotherapy-fulltext-language.md","Vocabulary and collocation bank","Efficacy, safety, and regulatory endpoints","304","conventional-term-or-collocation"
"CCRLANG-0535","2026-09-14","granted accelerated approval","results","abstract;methods;discussion;conclusion","terminology","efficacy-safety-regulatory","vocabulary","mixed","ccr-2026-immunotherapy-17","41537692;41587109;41671081;41805895;41849236;41920765;42008740;42126592;42149140;42189883;42360104;42405849;42440365;42456046;42485106;42489696;42574065","batch-synthesis","ccr-2026-immunotherapy-fulltext-language.md","Vocabulary and collocation bank","Efficacy, safety, and regulatory endpoints","305","conventional-term-or-collocation"
"CCRLANG-0536","2026-09-14","breakthrough therapy designation","results","abstract;methods;discussion;conclusion","terminology","efficacy-safety-regulatory","vocabulary","mixed","ccr-2026-immunotherapy-17","41537692;41587109;41671081;41805895;41849236;41920765;42008740;42126592;42149140;42189883;42360104;42405849;42440365;42456046;42485106;42489696;42574065","batch-synthesis","ccr-2026-immunotherapy-fulltext-language.md","Vocabulary and collocation bank","Efficacy, safety, and regulatory endpoints","306","conventional-term-or-collocation"
"CCRLANG-0537","2026-09-14","priority review","results","abstract;methods;discussion;conclusion","terminology","efficacy-safety-regulatory","vocabulary","mixed","ccr-2026-immunotherapy-17","41537692;41587109;41671081;41805895;41849236;41920765;42008740;42126592;42149140;42189883;42360104;42405849;42440365;42456046;42485106;42489696;42574065","batch-synthesis","ccr-2026-immunotherapy-fulltext-language.md","Vocabulary and collocation bank","Efficacy, safety, and regulatory endpoints","307","conventional-term-or-collocation"
"CCRLANG-0538","2026-09-14","biologics license application","results","abstract;methods;discussion;conclusion","terminology","efficacy-safety-regulatory","vocabulary","mixed","ccr-2026-immunotherapy-17","41537692;41587109;41671081;41805895;41849236;41920765;42008740;42126592;42149140;42189883;42360104;42405849;42440365;42456046;42485106;42489696;42574065","batch-synthesis","ccr-2026-immunotherapy-fulltext-language.md","Vocabulary and collocation bank","Efficacy, safety, and regulatory endpoints","308","conventional-term-or-collocation"
"CCRLANG-0539","2026-09-14","FDA independent analysis","results","abstract;methods;discussion;conclusion","terminology","efficacy-safety-regulatory","vocabulary","mixed","ccr-2026-immunotherapy-17","41537692;41587109;41671081;41805895;41849236;41920765;42008740;42126592;42149140;42189883;42360104;42405849;42440365;42456046;42485106;42489696;42574065","batch-synthesis","ccr-2026-immunotherapy-fulltext-language.md","Vocabulary and collocation bank","Efficacy, safety, and regulatory endpoints","309","conventional-term-or-collocation"
"CCRLANG-0540","2026-09-14","benefit-risk profile","results","abstract;methods;discussion;conclusion","terminology","efficacy-safety-regulatory","vocabulary","mixed","ccr-2026-immunotherapy-17","41537692;41587109;41671081;41805895;41849236;41920765;42008740;42126592;42149140;42189883;42360104;42405849;42440365;42456046;42485106;42489696;42574065","batch-synthesis","ccr-2026-immunotherapy-fulltext-language.md","Vocabulary and collocation bank","Efficacy, safety, and regulatory endpoints","310","conventional-term-or-collocation"
"CCRLANG-0541","2026-09-14","Boxed Warning","results","abstract;methods;discussion;conclusion","terminology","efficacy-safety-regulatory","vocabulary","mixed","ccr-2026-immunotherapy-17","41537692;41587109;41671081;41805895;41849236;41920765;42008740;42126592;42149140;42189883;42360104;42405849;42440365;42456046;42485106;42489696;42574065","batch-synthesis","ccr-2026-immunotherapy-fulltext-language.md","Vocabulary and collocation bank","Efficacy, safety, and regulatory endpoints","311","conventional-term-or-collocation"
"CCRLANG-0542","2026-09-14","enhanced pharmacovigilance","results","abstract;methods;discussion;conclusion","terminology","efficacy-safety-regulatory","vocabulary","mixed","ccr-2026-immunotherapy-17","41537692;41587109;41671081;41805895;41849236;41920765;42008740;42126592;42149140;42189883;42360104;42405849;42440365;42456046;42485106;42489696;42574065","batch-synthesis","ccr-2026-immunotherapy-fulltext-language.md","Vocabulary and collocation bank","Efficacy, safety, and regulatory endpoints","312","conventional-term-or-collocation"
"CCRLANG-0543","2026-09-14","postmarketing requirement","results","abstract;methods;discussion;conclusion","terminology","efficacy-safety-regulatory","vocabulary","mixed","ccr-2026-immunotherapy-17","41537692;41587109;41671081;41805895;41849236;41920765;42008740;42126592;42149140;42189883;42360104;42405849;42440365;42456046;42485106;42489696;42574065","batch-synthesis","ccr-2026-immunotherapy-fulltext-language.md","Vocabulary and collocation bank","Efficacy, safety, and regulatory endpoints","313","conventional-term-or-collocation"
"CCRLANG-0544","2026-09-14","continued approval is contingent upon verification of clinical benefit","results","abstract;methods;discussion;conclusion","terminology","efficacy-safety-regulatory","vocabulary","mixed","ccr-2026-immunotherapy-17","41537692;41587109;41671081;41805895;41849236;41920765;42008740;42126592;42149140;42189883;42360104;42405849;42440365;42456046;42485106;42489696;42574065","batch-synthesis","ccr-2026-immunotherapy-fulltext-language.md","Vocabulary and collocation bank","Efficacy, safety, and regulatory endpoints","314","conventional-term-or-collocation"
"CCRLANG-0545","2026-09-14","multivariable-adjusted hazard ratio","methods","abstract;results;discussion;conclusion","statistical-validation-terminology","statistics-validation","vocabulary","mixed","ccr-2026-immunotherapy-17","41537692;41587109;41671081;41805895;41849236;41920765;42008740;42126592;42149140;42189883;42360104;42405849;42440365;42456046;42485106;42489696;42574065","batch-synthesis","ccr-2026-immunotherapy-fulltext-language.md","Statistical and validation language","","318","conventional-term-or-collocation"
"CCRLANG-0546","2026-09-14","prespecified covariate","methods","abstract;results;discussion;conclusion","statistical-validation-terminology","statistics-validation","vocabulary","mixed","ccr-2026-immunotherapy-17","41537692;41587109;41671081;41805895;41849236;41920765;42008740;42126592;42149140;42189883;42360104;42405849;42440365;42456046;42485106;42489696;42574065","batch-synthesis","ccr-2026-immunotherapy-fulltext-language.md","Statistical and validation language","","319","conventional-term-or-collocation"
"CCRLANG-0547","2026-09-14","data-driven covariate selection","methods","abstract;results;discussion;conclusion","statistical-validation-terminology","statistics-validation","vocabulary","mixed","ccr-2026-immunotherapy-17","41537692;41587109;41671081;41805895;41849236;41920765;42008740;42126592;42149140;42189883;42360104;42405849;42440365;42456046;42485106;42489696;42574065","batch-synthesis","ccr-2026-immunotherapy-fulltext-language.md","Statistical and validation language","","319","conventional-term-or-collocation"
"CCRLANG-0548","2026-09-14","proportional-hazards assumption","methods","abstract;results;discussion;conclusion","statistical-validation-terminology","statistics-validation","vocabulary","mixed","ccr-2026-immunotherapy-17","41537692;41587109;41671081;41805895;41849236;41920765;42008740;42126592;42149140;42189883;42360104;42405849;42440365;42456046;42485106;42489696;42574065","batch-synthesis","ccr-2026-immunotherapy-fulltext-language.md","Statistical and validation language","","320","conventional-term-or-collocation"
"CCRLANG-0549","2026-09-14","Schoenfeld-residual assessment","methods","abstract;results;discussion;conclusion","statistical-validation-terminology","statistics-validation","vocabulary","mixed","ccr-2026-immunotherapy-17","41537692;41587109;41671081;41805895;41849236;41920765;42008740;42126592;42149140;42189883;42360104;42405849;42440365;42456046;42485106;42489696;42574065","batch-synthesis","ccr-2026-immunotherapy-fulltext-language.md","Statistical and validation language","","321","conventional-term-or-collocation"
"CCRLANG-0550","2026-09-14","risk-set adjustment for left truncation","methods","abstract;results;discussion;conclusion","statistical-validation-terminology","statistics-validation","vocabulary","mixed","ccr-2026-immunotherapy-17","41537692;41587109;41671081;41805895;41849236;41920765;42008740;42126592;42149140;42189883;42360104;42405849;42440365;42456046;42485106;42489696;42574065","batch-synthesis","ccr-2026-immunotherapy-fulltext-language.md","Statistical and validation language","","322","conventional-term-or-collocation"
"CCRLANG-0551","2026-09-14","inverse probability of treatment weighting","methods","abstract;results;discussion;conclusion","statistical-validation-terminology","statistics-validation","vocabulary","mixed","ccr-2026-immunotherapy-17","41537692;41587109;41671081;41805895;41849236;41920765;42008740;42126592;42149140;42189883;42360104;42405849;42440365;42456046;42485106;42489696;42574065","batch-synthesis","ccr-2026-immunotherapy-fulltext-language.md","Statistical and validation language","","323","conventional-term-or-collocation"
"CCRLANG-0552","2026-09-14","standardized mean difference","methods","abstract;results;discussion;conclusion","statistical-validation-terminology","statistics-validation","vocabulary","mixed","ccr-2026-immunotherapy-17","41537692;41587109;41671081;41805895;41849236;41920765;42008740;42126592;42149140;42189883;42360104;42405849;42440365;42456046;42485106;42489696;42574065","batch-synthesis","ccr-2026-immunotherapy-fulltext-language.md","Statistical and validation language","","324","conventional-term-or-collocation"
"CCRLANG-0553","2026-09-14","confounding by indication","methods","abstract;results;discussion;conclusion","statistical-validation-terminology","statistics-validation","vocabulary","mixed","ccr-2026-immunotherapy-17","41537692;41587109;41671081;41805895;41849236;41920765;42008740;42126592;42149140;42189883;42360104;42405849;42440365;42456046;42485106;42489696;42574065","batch-synthesis","ccr-2026-immunotherapy-fulltext-language.md","Statistical and validation language","","325","conventional-term-or-collocation"
"CCRLANG-0554","2026-09-14","likelihood-ratio improvement","methods","abstract;results;discussion;conclusion","statistical-validation-terminology","statistics-validation","vocabulary","mixed","ccr-2026-immunotherapy-17","41537692;41587109;41671081;41805895;41849236;41920765;42008740;42126592;42149140;42189883;42360104;42405849;42440365;42456046;42485106;42489696;42574065","batch-synthesis","ccr-2026-immunotherapy-fulltext-language.md","Statistical and validation language","","326","conventional-term-or-collocation"
"CCRLANG-0555","2026-09-14","receiver operating characteristic curve","methods","abstract;results;discussion;conclusion","statistical-validation-terminology","statistics-validation","vocabulary","mixed","ccr-2026-immunotherapy-17","41537692;41587109;41671081;41805895;41849236;41920765;42008740;42126592;42149140;42189883;42360104;42405849;42440365;42456046;42485106;42489696;42574065","batch-synthesis","ccr-2026-immunotherapy-fulltext-language.md","Statistical and validation language","","327","conventional-term-or-collocation"
"CCRLANG-0556","2026-09-14","area under the curve","methods","abstract;results;discussion;conclusion","statistical-validation-terminology","statistics-validation","vocabulary","mixed","ccr-2026-immunotherapy-17","41537692;41587109;41671081;41805895;41849236;41920765;42008740;42126592;42149140;42189883;42360104;42405849;42440365;42456046;42485106;42489696;42574065","batch-synthesis","ccr-2026-immunotherapy-fulltext-language.md","Statistical and validation language","","328","conventional-term-or-collocation"
"CCRLANG-0557","2026-09-14","clinical sensitivity","methods","abstract;results;discussion;conclusion","statistical-validation-terminology","statistics-validation","vocabulary","mixed","ccr-2026-immunotherapy-17","41537692;41587109;41671081;41805895;41849236;41920765;42008740;42126592;42149140;42189883;42360104;42405849;42440365;42456046;42485106;42489696;42574065","batch-synthesis","ccr-2026-immunotherapy-fulltext-language.md","Statistical and validation language","","329","conventional-term-or-collocation"
"CCRLANG-0558","2026-09-14","clinical specificity","methods","abstract;results;discussion;conclusion","statistical-validation-terminology","statistics-validation","vocabulary","mixed","ccr-2026-immunotherapy-17","41537692;41587109;41671081;41805895;41849236;41920765;42008740;42126592;42149140;42189883;42360104;42405849;42440365;42456046;42485106;42489696;42574065","batch-synthesis","ccr-2026-immunotherapy-fulltext-language.md","Statistical and validation language","","329","conventional-term-or-collocation"
"CCRLANG-0559","2026-09-14","positive predictive value","methods","abstract;results;discussion;conclusion","statistical-validation-terminology","statistics-validation","vocabulary","mixed","ccr-2026-immunotherapy-17","41537692;41587109;41671081;41805895;41849236;41920765;42008740;42126592;42149140;42189883;42360104;42405849;42440365;42456046;42485106;42489696;42574065","batch-synthesis","ccr-2026-immunotherapy-fulltext-language.md","Statistical and validation language","","330","conventional-term-or-collocation"
"CCRLANG-0560","2026-09-14","negative predictive value","methods","abstract;results;discussion;conclusion","statistical-validation-terminology","statistics-validation","vocabulary","mixed","ccr-2026-immunotherapy-17","41537692;41587109;41671081;41805895;41849236;41920765;42008740;42126592;42149140;42189883;42360104;42405849;42440365;42456046;42485106;42489696;42574065","batch-synthesis","ccr-2026-immunotherapy-fulltext-language.md","Statistical and validation language","","330","conventional-term-or-collocation"
"CCRLANG-0561","2026-09-14","data-derived cutoff","methods","abstract;results;discussion;conclusion","statistical-validation-terminology","statistics-validation","vocabulary","mixed","ccr-2026-immunotherapy-17","41537692;41587109;41671081;41805895;41849236;41920765;42008740;42126592;42149140;42189883;42360104;42405849;42440365;42456046;42485106;42489696;42574065","batch-synthesis","ccr-2026-immunotherapy-fulltext-language.md","Statistical and validation language","","331","conventional-term-or-collocation"
"CCRLANG-0562","2026-09-14","externally prespecified cutoff","methods","abstract;results;discussion;conclusion","statistical-validation-terminology","statistics-validation","vocabulary","mixed","ccr-2026-immunotherapy-17","41537692;41587109;41671081;41805895;41849236;41920765;42008740;42126592;42149140;42189883;42360104;42405849;42440365;42456046;42485106;42489696;42574065","batch-synthesis","ccr-2026-immunotherapy-fulltext-language.md","Statistical and validation language","","331","conventional-term-or-collocation"
"CCRLANG-0563","2026-09-14","nominal P value without multiplicity control","methods","abstract;results;discussion;conclusion","statistical-validation-terminology","statistics-validation","vocabulary","mixed","ccr-2026-immunotherapy-17","41537692;41587109;41671081;41805895;41849236;41920765;42008740;42126592;42149140;42189883;42360104;42405849;42440365;42456046;42485106;42489696;42574065","batch-synthesis","ccr-2026-immunotherapy-fulltext-language.md","Statistical and validation language","","332","conventional-term-or-collocation"
"CCRLANG-0564","2026-09-14","wide confidence interval","methods","abstract;results;discussion;conclusion","statistical-validation-terminology","statistics-validation","vocabulary","mixed","ccr-2026-immunotherapy-17","41537692;41587109;41671081;41805895;41849236;41920765;42008740;42126592;42149140;42189883;42360104;42405849;42440365;42456046;42485106;42489696;42574065","batch-synthesis","ccr-2026-immunotherapy-fulltext-language.md","Statistical and validation language","","333","conventional-term-or-collocation"
"CCRLANG-0565","2026-09-14","imprecise estimate","methods","abstract;results;discussion;conclusion","statistical-validation-terminology","statistics-validation","vocabulary","mixed","ccr-2026-immunotherapy-17","41537692;41587109;41671081;41805895;41849236;41920765;42008740;42126592;42149140;42189883;42360104;42405849;42440365;42456046;42485106;42489696;42574065","batch-synthesis","ccr-2026-immunotherapy-fulltext-language.md","Statistical and validation language","","333","conventional-term-or-collocation"
"CCRLANG-0566","2026-09-14","formal sample-size calculation was not performed","methods","abstract;results;discussion;conclusion","statistical-validation-terminology","statistics-validation","vocabulary","mixed","ccr-2026-immunotherapy-17","41537692;41587109;41671081;41805895;41849236;41920765;42008740;42126592;42149140;42189883;42360104;42405849;42440365;42456046;42485106;42489696;42574065","batch-synthesis","ccr-2026-immunotherapy-fulltext-language.md","Statistical and validation language","","334","conventional-term-or-collocation"
"CCRLANG-0567","2026-09-14","descriptive analysis without formal between-group testing","methods","abstract;results;discussion;conclusion","statistical-validation-terminology","statistics-validation","vocabulary","mixed","ccr-2026-immunotherapy-17","41537692;41587109;41671081;41805895;41849236;41920765;42008740;42126592;42149140;42189883;42360104;42405849;42440365;42456046;42485106;42489696;42574065","batch-synthesis","ccr-2026-immunotherapy-fulltext-language.md","Statistical and validation language","","335","conventional-term-or-collocation"
"CCRLANG-0568","2026-09-14","test-dependent statistical significance","methods","abstract;results;discussion;conclusion","statistical-validation-terminology","statistics-validation","vocabulary","mixed","ccr-2026-immunotherapy-17","41537692;41587109;41671081;41805895;41849236;41920765;42008740;42126592;42149140;42189883;42360104;42405849;42440365;42456046;42485106;42489696;42574065","batch-synthesis","ccr-2026-immunotherapy-fulltext-language.md","Statistical and validation language","","336","conventional-term-or-collocation"
"CCRLANG-0569","2026-09-14","interaction test","methods","abstract;results;discussion;conclusion","statistical-validation-terminology","statistics-validation","vocabulary","mixed","ccr-2026-immunotherapy-17","41537692;41587109;41671081;41805895;41849236;41920765;42008740;42126592;42149140;42189883;42360104;42405849;42440365;42456046;42485106;42489696;42574065","batch-synthesis","ccr-2026-immunotherapy-fulltext-language.md","Statistical and validation language","","337","conventional-term-or-collocation"
"CCRLANG-0570","2026-09-14","treatment-by-biomarker interaction","methods","abstract;results;discussion;conclusion","statistical-validation-terminology","statistics-validation","vocabulary","mixed","ccr-2026-immunotherapy-17","41537692;41587109;41671081;41805895;41849236;41920765;42008740;42126592;42149140;42189883;42360104;42405849;42440365;42456046;42485106;42489696;42574065","batch-synthesis","ccr-2026-immunotherapy-fulltext-language.md","Statistical and validation language","","337","conventional-term-or-collocation"
"CCRLANG-0571","2026-09-14","internal validation","methods","abstract;results;discussion;conclusion","statistical-validation-terminology","statistics-validation","vocabulary","mixed","ccr-2026-immunotherapy-17","41537692;41587109;41671081;41805895;41849236;41920765;42008740;42126592;42149140;42189883;42360104;42405849;42440365;42456046;42485106;42489696;42574065","batch-synthesis","ccr-2026-immunotherapy-fulltext-language.md","Statistical and validation language","","338","conventional-term-or-collocation"
"CCRLANG-0572","2026-09-14","independent external validation","methods","abstract;results;discussion;conclusion","statistical-validation-terminology","statistics-validation","vocabulary","mixed","ccr-2026-immunotherapy-17","41537692;41587109;41671081;41805895;41849236;41920765;42008740;42126592;42149140;42189883;42360104;42405849;42440365;42456046;42485106;42489696;42574065","batch-synthesis","ccr-2026-immunotherapy-fulltext-language.md","Statistical and validation language","","338","conventional-term-or-collocation"
"CCRLANG-0573","2026-09-14","model discrimination","methods","abstract;results;discussion;conclusion","statistical-validation-terminology","statistics-validation","vocabulary","mixed","ccr-2026-immunotherapy-17","41537692;41587109;41671081;41805895;41849236;41920765;42008740;42126592;42149140;42189883;42360104;42405849;42440365;42456046;42485106;42489696;42574065","batch-synthesis","ccr-2026-immunotherapy-fulltext-language.md","Statistical and validation language","","339","conventional-term-or-collocation"
"CCRLANG-0574","2026-09-14","calibration","methods","abstract;results;discussion;conclusion","statistical-validation-terminology","statistics-validation","vocabulary","mixed","ccr-2026-immunotherapy-17","41537692;41587109;41671081;41805895;41849236;41920765;42008740;42126592;42149140;42189883;42360104;42405849;42440365;42456046;42485106;42489696;42574065","batch-synthesis","ccr-2026-immunotherapy-fulltext-language.md","Statistical and validation language","","339","conventional-term-or-collocation"
"CCRLANG-0575","2026-09-14","clinical utility","methods","abstract;results;discussion;conclusion","statistical-validation-terminology","statistics-validation","vocabulary","mixed","ccr-2026-immunotherapy-17","41537692;41587109;41671081;41805895;41849236;41920765;42008740;42126592;42149140;42189883;42360104;42405849;42440365;42456046;42485106;42489696;42574065","batch-synthesis","ccr-2026-immunotherapy-fulltext-language.md","Statistical and validation language","","339","conventional-term-or-collocation"
"CCRLANG-0576","2026-09-14","validated","methods","abstract;results;discussion;conclusion","statistical-validation-terminology","statistics-validation","vocabulary","mixed","ccr-2026-immunotherapy-17","41537692;41587109;41671081;41805895;41849236;41920765;42008740;42126592;42149140;42189883;42360104;42405849;42440365;42456046;42485106;42489696;42574065","batch-synthesis","ccr-2026-immunotherapy-fulltext-language.md","Statistical and validation language","","341","conventional-term-or-collocation"
"CCRLANG-0577","2026-09-14","[Therapy] has changed the management of [disease setting], yet outcomes remain heterogeneous and are incompletely captured by [current biomarker].","introduction","abstract-background;abstract-objective","background-gap-objective","immunotherapy-multi-omics","sentence-frame","mixed","ccr-2026-immunotherapy-17","41537692;41587109;41671081;41805895;41849236;41920765;42008740;42126592;42149140;42189883;42360104;42405849;42440365;42456046;42485106;42489696;42574065","batch-synthesis","ccr-2026-immunotherapy-fulltext-language.md","Section-specific sentence frames","Introduction","349","synthetic-frame"
"CCRLANG-0578","2026-09-14","The biological determinants of [response, resistance, or toxicity] remain poorly defined, limiting [patient selection, early monitoring, or treatment adaptation].","introduction","abstract-background;abstract-objective","background-gap-objective","immunotherapy-multi-omics","sentence-frame","mixed","ccr-2026-immunotherapy-17","41537692;41587109;41671081;41805895;41849236;41920765;42008740;42126592;42149140;42189883;42360104;42405849;42440365;42456046;42485106;42489696;42574065","batch-synthesis","ccr-2026-immunotherapy-fulltext-language.md","Section-specific sentence frames","Introduction","350","synthetic-frame"
"CCRLANG-0579","2026-09-14","[Cell population or tissue structure] has emerged as a potential coordinator of antitumor immunity, but its spatial and longitudinal behavior during [therapy] is unclear.","introduction","abstract-background;abstract-objective","background-gap-objective","immunotherapy-multi-omics","sentence-frame","mixed","ccr-2026-immunotherapy-17","41537692;41587109;41671081;41805895;41849236;41920765;42008740;42126592;42149140;42189883;42360104;42405849;42440365;42456046;42485106;42489696;42574065","batch-synthesis","ccr-2026-immunotherapy-fulltext-language.md","Section-specific sentence frames","Introduction","351","synthetic-frame"
"CCRLANG-0580","2026-09-14","Whether a marker measured in [blood, tissue, or imaging] reflects [intratumoral process] or merely correlates with disease burden remains unresolved.","introduction","abstract-background;abstract-objective","background-gap-objective","immunotherapy-multi-omics","sentence-frame","mixed","ccr-2026-immunotherapy-17","41537692;41587109;41671081;41805895;41849236;41920765;42008740;42126592;42149140;42189883;42360104;42405849;42440365;42456046;42485106;42489696;42574065","batch-synthesis","ccr-2026-immunotherapy-fulltext-language.md","Section-specific sentence frames","Introduction","352","synthetic-frame"
"CCRLANG-0581","2026-09-14","To address this gap, we integrated [clinical outcome data] with [omics or experimental modalities] across [time points or cohorts].","introduction","abstract-background;abstract-objective","background-gap-objective","immunotherapy-multi-omics","sentence-frame","mixed","ccr-2026-immunotherapy-17","41537692;41587109;41671081;41805895;41849236;41920765;42008740;42126592;42149140;42189883;42360104;42405849;42440365;42456046;42485106;42489696;42574065","batch-synthesis","ccr-2026-immunotherapy-fulltext-language.md","Section-specific sentence frames","Introduction","353","synthetic-frame"
"CCRLANG-0582","2026-09-14","This [prospective or retrospective] [single-center or multicenter] study included patients with [eligibility criteria] who received [treatment] between [dates].","methods","abstract-methods","design-population-analysis-set","clinical-oncology-statistics","sentence-frame","descriptive","ccr-2026-immunotherapy-17","41537692;41671081;41805895;41849236;42008740;42126592;42149140;42189883;42360104;42405849;42440365;42456046;42485106;42489696;42574065","subsection-synthesis","ccr-2026-immunotherapy-fulltext-language.md","Section-specific sentence frames","Methods: design and analysis set","357","synthetic-frame"
"CCRLANG-0583","2026-09-14","The biomarker-evaluable population comprised [n] patients with paired [specimen type] collected at [time points].","methods","abstract-methods","design-population-analysis-set","clinical-oncology-statistics","sentence-frame","descriptive","ccr-2026-immunotherapy-17","41537692;41671081;41805895;41849236;42008740;42126592;42149140;42189883;42360104;42405849;42440365;42456046;42485106;42489696;42574065","subsection-synthesis","ccr-2026-immunotherapy-fulltext-language.md","Section-specific sentence frames","Methods: design and analysis set","358","synthetic-frame"
"CCRLANG-0584","2026-09-14","The analysis was post hoc and exploratory; no formal sample-size calculation was performed for the biomarker endpoints.","methods","abstract-methods","design-population-analysis-set","clinical-oncology-statistics","sentence-frame","descriptive","ccr-2026-immunotherapy-17","41537692;41671081;41805895;41849236;42008740;42126592;42149140;42189883;42360104;42405849;42440365;42456046;42485106;42489696;42574065","subsection-synthesis","ccr-2026-immunotherapy-fulltext-language.md","Section-specific sentence frames","Methods: design and analysis set","359","synthetic-frame"
"CCRLANG-0585","2026-09-14","Patients were assigned to exposure strata according to [measurement], without randomization of the exposure.","methods","abstract-methods","design-population-analysis-set","clinical-oncology-statistics","sentence-frame","descriptive","ccr-2026-immunotherapy-17","41537692;41671081;41805895;41849236;42008740;42126592;42149140;42189883;42360104;42405849;42440365;42456046;42485106;42489696;42574065","subsection-synthesis","ccr-2026-immunotherapy-fulltext-language.md","Section-specific sentence frames","Methods: design and analysis set","360","synthetic-frame"
"CCRLANG-0586","2026-09-14","Response was assessed by [investigator or central review] according to [criteria], whereas real-world progression was abstracted from [source].","methods","abstract-methods","design-population-analysis-set","clinical-oncology-statistics","sentence-frame","descriptive","ccr-2026-immunotherapy-17","41537692;41671081;41805895;41849236;42008740;42126592;42149140;42189883;42360104;42405849;42440365;42456046;42485106;42489696;42574065","subsection-synthesis","ccr-2026-immunotherapy-fulltext-language.md","Section-specific sentence frames","Methods: design and analysis set","361","synthetic-frame"
"CCRLANG-0587","2026-09-14","We integrated [assay 1], [assay 2], and [assay 3] to characterize [biological process] at tissue and systemic levels.","methods","abstract-methods","assay-computation-model-development","multi-omics-bioinformatics","sentence-frame","descriptive-validation","ccr-2026-immunotherapy-17","41537692;41805895;41849236;42008740;42126592;42149140;42189883;42360104;42440365;42456046;42485106;42489696","subsection-synthesis","ccr-2026-immunotherapy-fulltext-language.md","Section-specific sentence frames","Methods: multi-omics and computation","365","synthetic-frame"
"CCRLANG-0588","2026-09-14","Cell states were annotated after quality control, doublet removal, normalization, dimensionality reduction, and cluster-specific marker assessment.","methods","abstract-methods","assay-computation-model-development","multi-omics-bioinformatics","sentence-frame","descriptive-validation","ccr-2026-immunotherapy-17","41537692;41805895;41849236;42008740;42126592;42149140;42189883;42360104;42440365;42456046;42485106;42489696","subsection-synthesis","ccr-2026-immunotherapy-fulltext-language.md","Section-specific sentence frames","Methods: multi-omics and computation","366","synthetic-frame"
"CCRLANG-0589","2026-09-14","Spatial regions were annotated by a pathologist using histomorphology together with prespecified marker expression.","methods","abstract-methods","assay-computation-model-development","multi-omics-bioinformatics","sentence-frame","descriptive-validation","ccr-2026-immunotherapy-17","41537692;41805895;41849236;42008740;42126592;42149140;42189883;42360104;42440365;42456046;42485106;42489696","subsection-synthesis","ccr-2026-immunotherapy-fulltext-language.md","Section-specific sentence frames","Methods: multi-omics and computation","367","synthetic-frame"
"CCRLANG-0590","2026-09-14","Cell-type proportions were inferred from spatial spots using [method] and should not be interpreted as direct single-cell counts.","methods","abstract-methods","assay-computation-model-development","multi-omics-bioinformatics","sentence-frame","descriptive-validation","ccr-2026-immunotherapy-17","41537692;41805895;41849236;42008740;42126592;42149140;42189883;42360104;42440365;42456046;42485106;42489696","subsection-synthesis","ccr-2026-immunotherapy-fulltext-language.md","Section-specific sentence frames","Methods: multi-omics and computation","368","synthetic-frame"
"CCRLANG-0591","2026-09-14","Plasma variants were assigned a likely cellular origin using matched-WBC sequencing and fragment-level features.","methods","abstract-methods","assay-computation-model-development","multi-omics-bioinformatics","sentence-frame","descriptive-validation","ccr-2026-immunotherapy-17","41537692;41805895;41849236;42008740;42126592;42149140;42189883;42360104;42440365;42456046;42485106;42489696","subsection-synthesis","ccr-2026-immunotherapy-fulltext-language.md","Section-specific sentence frames","Methods: multi-omics and computation","369","synthetic-frame"
"CCRLANG-0592","2026-09-14","Model development and hyperparameter tuning were nested within the resampling procedure to limit optimistic performance estimates.","methods","abstract-methods","assay-computation-model-development","multi-omics-bioinformatics","sentence-frame","descriptive-validation","ccr-2026-immunotherapy-17","41537692;41805895;41849236;42008740;42126592;42149140;42189883;42360104;42440365;42456046;42485106;42489696","subsection-synthesis","ccr-2026-immunotherapy-fulltext-language.md","Section-specific sentence frames","Methods: multi-omics and computation","370","synthetic-frame"
"CCRLANG-0593","2026-09-14","Out-of-fold predictions were aggregated across [number] repeats of [k]-fold cross-validation.","methods","abstract-methods","assay-computation-model-development","multi-omics-bioinformatics","sentence-frame","descriptive-validation","ccr-2026-immunotherapy-17","41537692;41805895;41849236;42008740;42126592;42149140;42189883;42360104;42440365;42456046;42485106;42489696","subsection-synthesis","ccr-2026-immunotherapy-fulltext-language.md","Section-specific sentence frames","Methods: multi-omics and computation","371","synthetic-frame"
"CCRLANG-0594","2026-09-14","Among [N] enrolled patients, [n] received [treatment], and [n] had evaluable paired specimens.","results","abstract-results","cohort-endpoint-estimate","clinical-oncology","sentence-frame","descriptive","ccr-2026-immunotherapy-17","41537692;41587109;41671081;41805895;41849236;42008740;42126592;42149140;42189883;42360104;42405849;42440365;42456046;42485106;42489696;42574065","subsection-synthesis","ccr-2026-immunotherapy-fulltext-language.md","Section-specific sentence frames","Results: cohort and endpoint opening","375","synthetic-frame"
"CCRLANG-0595","2026-09-14","At a median follow-up of [time], median [endpoint] was [estimate] (95% CI, [interval]).","results","abstract-results","cohort-endpoint-estimate","clinical-oncology","sentence-frame","descriptive","ccr-2026-immunotherapy-17","41537692;41587109;41671081;41805895;41849236;42008740;42126592;42149140;42189883;42360104;42405849;42440365;42456046;42485106;42489696;42574065","subsection-synthesis","ccr-2026-immunotherapy-fulltext-language.md","Section-specific sentence frames","Results: cohort and endpoint opening","376","synthetic-frame"
"CCRLANG-0596","2026-09-14","The primary endpoint was met, with [effect estimate and interval]; [secondary endpoint] remained immature at the data cutoff.","results","abstract-results","cohort-endpoint-estimate","clinical-oncology","sentence-frame","descriptive","ccr-2026-immunotherapy-17","41537692;41587109;41671081;41805895;41849236;42008740;42126592;42149140;42189883;42360104;42405849;42440365;42456046;42485106;42489696;42574065","subsection-synthesis","ccr-2026-immunotherapy-fulltext-language.md","Section-specific sentence frames","Results: cohort and endpoint opening","377","synthetic-frame"
"CCRLANG-0597","2026-09-14","No formal comparison was planned; efficacy outcomes are therefore summarized descriptively.","results","abstract-results","cohort-endpoint-estimate","clinical-oncology","sentence-frame","descriptive","ccr-2026-immunotherapy-17","41537692;41587109;41671081;41805895;41849236;42008740;42126592;42149140;42189883;42360104;42405849;42440365;42456046;42485106;42489696;42574065","subsection-synthesis","ccr-2026-immunotherapy-fulltext-language.md","Section-specific sentence frames","Results: cohort and endpoint opening","378","synthetic-frame"
"CCRLANG-0598","2026-09-14","The median was not reached, and the corresponding confidence interval remained wide because few events had occurred.","results","abstract-results","cohort-endpoint-estimate","clinical-oncology","sentence-frame","descriptive","ccr-2026-immunotherapy-17","41537692;41587109;41671081;41805895;41849236;42008740;42126592;42149140;42189883;42360104;42405849;42440365;42456046;42485106;42489696;42574065","subsection-synthesis","ccr-2026-immunotherapy-fulltext-language.md","Section-specific sentence frames","Results: cohort and endpoint opening","379","synthetic-frame"
"CCRLANG-0599","2026-09-14","[Outcome] was longer in [group A] than in [group B] (median, [x] vs [y]; HR, [estimate]; 95% CI, [interval]).","results","abstract-results;discussion","comparison-subgroup-interaction","clinical-statistics","sentence-frame","associative-comparative","ccr-2026-immunotherapy-17","41849236;42149140;42189883;42360104;42405849;42440365;42456046;42485106","subsection-synthesis","ccr-2026-immunotherapy-fulltext-language.md","Section-specific sentence frames","Results: comparative and subgroup statements","383","synthetic-frame"
"CCRLANG-0600","2026-09-14","The association remained after adjustment for [prespecified covariates], although residual confounding cannot be excluded.","results","abstract-results;discussion","comparison-subgroup-interaction","clinical-statistics","sentence-frame","associative-comparative","ccr-2026-immunotherapy-17","41849236;42149140;42189883;42360104;42405849;42440365;42456046;42485106","subsection-synthesis","ccr-2026-immunotherapy-fulltext-language.md","Section-specific sentence frames","Results: comparative and subgroup statements","384","synthetic-frame"
"CCRLANG-0601","2026-09-14","The direction of effect was consistent across subgroups, but no treatment-by-subgroup interaction was demonstrated.","results","abstract-results;discussion","comparison-subgroup-interaction","clinical-statistics","sentence-frame","associative-comparative","ccr-2026-immunotherapy-17","41849236;42149140;42189883;42360104;42405849;42440365;42456046;42485106","subsection-synthesis","ccr-2026-immunotherapy-fulltext-language.md","Section-specific sentence frames","Results: comparative and subgroup statements","385","synthetic-frame"
"CCRLANG-0602","2026-09-14","A treatment-by-biomarker interaction was observed for [endpoint], supporting treatment-effect heterogeneity within this observational dataset.","results","abstract-results;discussion","comparison-subgroup-interaction","clinical-statistics","sentence-frame","associative-comparative","ccr-2026-immunotherapy-17","41849236;42149140;42189883;42360104;42405849;42440365;42456046;42485106","subsection-synthesis","ccr-2026-immunotherapy-fulltext-language.md","Section-specific sentence frames","Results: comparative and subgroup statements","386","synthetic-frame"
"CCRLANG-0603","2026-09-14","The subgroup estimate was exploratory and imprecise, as reflected by the wide confidence interval.","results","abstract-results;discussion","comparison-subgroup-interaction","clinical-statistics","sentence-frame","associative-comparative","ccr-2026-immunotherapy-17","41849236;42149140;42189883;42360104;42405849;42440365;42456046;42485106","subsection-synthesis","ccr-2026-immunotherapy-fulltext-language.md","Section-specific sentence frames","Results: comparative and subgroup statements","387","synthetic-frame"
"CCRLANG-0604","2026-09-14","Although the Wilcoxon test was significant, the corresponding log-rank comparison did not reach the prespecified threshold.","results","abstract-results;discussion","comparison-subgroup-interaction","clinical-statistics","sentence-frame","associative-comparative","ccr-2026-immunotherapy-17","41849236;42149140;42189883;42360104;42405849;42440365;42456046;42485106","subsection-synthesis","ccr-2026-immunotherapy-fulltext-language.md","Section-specific sentence frames","Results: comparative and subgroup statements","388","synthetic-frame"
"CCRLANG-0605","2026-09-14","[Cell population] increased after [first treatment phase] and was followed by an increase in [second population] after [second phase].","results","abstract-results;discussion","longitudinal-multi-omic-finding","multi-omics-immunology","sentence-frame","associative-mechanistic","ccr-2026-immunotherapy-17","41805895;41849236;42008740;42189883;42489696","subsection-synthesis","ccr-2026-immunotherapy-fulltext-language.md","Section-specific sentence frames","Results: longitudinal and multi-omic statements","392","synthetic-frame"
"CCRLANG-0606","2026-09-14","Changes in [marker A] correlated with subsequent changes in [marker B] (rho = [value], P = [value]).","results","abstract-results;discussion","longitudinal-multi-omic-finding","multi-omics-immunology","sentence-frame","associative-mechanistic","ccr-2026-immunotherapy-17","41805895;41849236;42008740;42189883;42489696","subsection-synthesis","ccr-2026-immunotherapy-fulltext-language.md","Section-specific sentence frames","Results: longitudinal and multi-omic statements","393","synthetic-frame"
"CCRLANG-0607","2026-09-14","Baseline [repertoire feature] differed by pathologic response, whereas the difference was no longer evident after treatment.","results","abstract-results;discussion","longitudinal-multi-omic-finding","multi-omics-immunology","sentence-frame","associative-mechanistic","ccr-2026-immunotherapy-17","41805895;41849236;42008740;42189883;42489696","subsection-synthesis","ccr-2026-immunotherapy-fulltext-language.md","Section-specific sentence frames","Results: longitudinal and multi-omic statements","394","synthetic-frame"
"CCRLANG-0608","2026-09-14","Treatment increased [quantitative tissue feature], but this feature did not differ between response groups.","results","abstract-results;discussion","longitudinal-multi-omic-finding","multi-omics-immunology","sentence-frame","associative-mechanistic","ccr-2026-immunotherapy-17","41805895;41849236;42008740;42189883;42489696","subsection-synthesis","ccr-2026-immunotherapy-fulltext-language.md","Section-specific sentence frames","Results: longitudinal and multi-omic statements","395","synthetic-frame"
"CCRLANG-0609","2026-09-14","Pathway analysis indicated enrichment of [program] in [group]; this computational result was supported by [orthogonal assay].","results","abstract-results;discussion","longitudinal-multi-omic-finding","multi-omics-immunology","sentence-frame","associative-mechanistic","ccr-2026-immunotherapy-17","41805895;41849236;42008740;42189883;42489696","subsection-synthesis","ccr-2026-immunotherapy-fulltext-language.md","Section-specific sentence frames","Results: longitudinal and multi-omic statements","396","synthetic-frame"
"CCRLANG-0610","2026-09-14","The inferred interaction was consistent with [mechanistic hypothesis] but was not directly tested by perturbation.","results","abstract-results;discussion","longitudinal-multi-omic-finding","multi-omics-immunology","sentence-frame","associative-mechanistic","ccr-2026-immunotherapy-17","41805895;41849236;42008740;42189883;42489696","subsection-synthesis","ccr-2026-immunotherapy-fulltext-language.md","Section-specific sentence frames","Results: longitudinal and multi-omic statements","397","synthetic-frame"
"CCRLANG-0611","2026-09-14","Responders were enriched for [taxon or metabolite], whereas longitudinal within-group change was significant only for [feature].","results","abstract-results;discussion","longitudinal-multi-omic-finding","multi-omics-immunology","sentence-frame","associative-mechanistic","ccr-2026-immunotherapy-17","41805895;41849236;42008740;42189883;42489696","subsection-synthesis","ccr-2026-immunotherapy-fulltext-language.md","Section-specific sentence frames","Results: longitudinal and multi-omic statements","398","synthetic-frame"
"CCRLANG-0612","2026-09-14","At the prespecified landmark, molecular response was associated with longer [endpoint] after adjustment for [covariates].","results","abstract-results;discussion;conclusion","diagnostic-model-performance","liquid-biopsy-machine-learning","sentence-frame","validation-predictive","ccr-2026-immunotherapy-17","41537692;42126592;42360104;42440365;42456046;42485106;42489696","subsection-synthesis","ccr-2026-immunotherapy-fulltext-language.md","Section-specific sentence frames","Results: diagnostic, liquid-biopsy, and machine-learning statements","402","synthetic-frame"
"CCRLANG-0613","2026-09-14","Matched-WBC filtering increased sensitivity by removing variants attributable to clonal hematopoiesis.","results","abstract-results;discussion;conclusion","diagnostic-model-performance","liquid-biopsy-machine-learning","sentence-frame","validation-predictive","ccr-2026-immunotherapy-17","41537692;42126592;42360104;42440365;42456046;42485106;42489696","subsection-synthesis","ccr-2026-immunotherapy-fulltext-language.md","Section-specific sentence frames","Results: diagnostic, liquid-biopsy, and machine-learning statements","403","synthetic-frame"
"CCRLANG-0614","2026-09-14","The model achieved an ROC AUC of [value] in the held-out set, indicating [weak, modest, or strong] discrimination.","results","abstract-results;discussion;conclusion","diagnostic-model-performance","liquid-biopsy-machine-learning","sentence-frame","validation-predictive","ccr-2026-immunotherapy-17","41537692;42126592;42360104;42440365;42456046;42485106;42489696","subsection-synthesis","ccr-2026-immunotherapy-fulltext-language.md","Section-specific sentence frames","Results: diagnostic, liquid-biopsy, and machine-learning statements","404","synthetic-frame"
"CCRLANG-0615","2026-09-14","Nested cross-validation provided an internally validated performance estimate; independent external validation was not performed.","results","abstract-results;discussion;conclusion","diagnostic-model-performance","liquid-biopsy-machine-learning","sentence-frame","validation-predictive","ccr-2026-immunotherapy-17","41537692;42126592;42360104;42440365;42456046;42485106;42489696","subsection-synthesis","ccr-2026-immunotherapy-fulltext-language.md","Section-specific sentence frames","Results: diagnostic, liquid-biopsy, and machine-learning statements","405","synthetic-frame"
"CCRLANG-0616","2026-09-14","The model ranked patients by estimated treatment benefit and identified a top-ranked subgroup with a lower hazard under [treatment].","results","abstract-results;discussion;conclusion","diagnostic-model-performance","liquid-biopsy-machine-learning","sentence-frame","validation-predictive","ccr-2026-immunotherapy-17","41537692;42126592;42360104;42440365;42456046;42485106;42489696","subsection-synthesis","ccr-2026-immunotherapy-fulltext-language.md","Section-specific sentence frames","Results: diagnostic, liquid-biopsy, and machine-learning statements","406","synthetic-frame"
"CCRLANG-0617","2026-09-14","Because the subgroup and cutoff were model derived, the result should be considered hypothesis generating.","results","abstract-results;discussion;conclusion","diagnostic-model-performance","liquid-biopsy-machine-learning","sentence-frame","validation-predictive","ccr-2026-immunotherapy-17","41537692;42126592;42360104;42440365;42456046;42485106;42489696","subsection-synthesis","ccr-2026-immunotherapy-fulltext-language.md","Section-specific sentence frames","Results: diagnostic, liquid-biopsy, and machine-learning statements","407","synthetic-frame"
"CCRLANG-0618","2026-09-14","In [model], [intervention] reduced tumor-cell viability while preserving [cell population] under the tested parameters.","results","abstract-results;discussion","preclinical-effect","preclinical-cellular-therapy","sentence-frame","preclinical-mechanistic","ccr-2026-immunotherapy-17","41920765","single-paper-synthesis","ccr-2026-immunotherapy-fulltext-language.md","Section-specific sentence frames","Results: preclinical experiments","411","synthetic-frame"
"CCRLANG-0619","2026-09-14","Supernatant from treated tumor cells increased CAR T-cell migration in a Boyden-chamber assay.","results","abstract-results;discussion","preclinical-effect","preclinical-cellular-therapy","sentence-frame","preclinical-mechanistic","ccr-2026-immunotherapy-17","41920765","single-paper-synthesis","ccr-2026-immunotherapy-fulltext-language.md","Section-specific sentence frames","Results: preclinical experiments","412","synthetic-frame"
"CCRLANG-0620","2026-09-14","Pretreatment with [intervention] was associated with greater intratumoral CAR T-cell infiltration and earlier tumor clearance in mice.","results","abstract-results;discussion","preclinical-effect","preclinical-cellular-therapy","sentence-frame","preclinical-mechanistic","ccr-2026-immunotherapy-17","41920765","single-paper-synthesis","ccr-2026-immunotherapy-fulltext-language.md","Section-specific sentence frames","Results: preclinical experiments","413","synthetic-frame"
"CCRLANG-0621","2026-09-14","All active CAR T-cell groups reached the designated survival endpoint; therefore, no survival advantage specific to the combination was established.","results","abstract-results;discussion","preclinical-effect","preclinical-cellular-therapy","sentence-frame","preclinical-mechanistic","ccr-2026-immunotherapy-17","41920765","single-paper-synthesis","ccr-2026-immunotherapy-fulltext-language.md","Section-specific sentence frames","Results: preclinical experiments","414","synthetic-frame"
"CCRLANG-0622","2026-09-14","The finding was reproduced across simulation, three-dimensional culture, and in vivo assays, supporting preclinical feasibility.","results","abstract-results;discussion","preclinical-effect","preclinical-cellular-therapy","sentence-frame","preclinical-mechanistic","ccr-2026-immunotherapy-17","41920765","single-paper-synthesis","ccr-2026-immunotherapy-fulltext-language.md","Section-specific sentence frames","Results: preclinical experiments","415","synthetic-frame"
"CCRLANG-0623","2026-09-14","Exposure increased approximately proportionally over the tested dose range.","results","abstract-results;discussion;conclusion","pharmacokinetics-safety-dose-selection","pharmacology-safety","sentence-frame","descriptive-dose-selection","ccr-2026-immunotherapy-17","41587109;41671081;42574065","subsection-synthesis","ccr-2026-immunotherapy-fulltext-language.md","Section-specific sentence frames","Results: pharmacokinetics and safety","419","synthetic-frame"
"CCRLANG-0624","2026-09-14","The geometric mean trough concentration was higher after thigh than abdominal administration.","results","abstract-results;discussion;conclusion","pharmacokinetics-safety-dose-selection","pharmacology-safety","sentence-frame","descriptive-dose-selection","ccr-2026-immunotherapy-17","41587109;41671081;42574065","subsection-synthesis","ccr-2026-immunotherapy-fulltext-language.md","Section-specific sentence frames","Results: pharmacokinetics and safety","420","synthetic-frame"
"CCRLANG-0625","2026-09-14","No dose-limiting toxicities were observed, and the maximum tolerated dose was not reached.","results","abstract-results;discussion;conclusion","pharmacokinetics-safety-dose-selection","pharmacology-safety","sentence-frame","descriptive-dose-selection","ccr-2026-immunotherapy-17","41587109;41671081;42574065","subsection-synthesis","ccr-2026-immunotherapy-fulltext-language.md","Section-specific sentence frames","Results: pharmacokinetics and safety","421","synthetic-frame"
"CCRLANG-0626","2026-09-14","The recommended phase II dose was selected by integrating safety, pharmacokinetics, peripheral receptor occupancy, and modeled intratumoral exposure.","results","abstract-results;discussion;conclusion","pharmacokinetics-safety-dose-selection","pharmacology-safety","sentence-frame","descriptive-dose-selection","ccr-2026-immunotherapy-17","41587109;41671081;42574065","subsection-synthesis","ccr-2026-immunotherapy-fulltext-language.md","Section-specific sentence frames","Results: pharmacokinetics and safety","422","synthetic-frame"
"CCRLANG-0627","2026-09-14","Grade 3 or higher treatment-related adverse events occurred in [n/N] patients; no grade 4 or 5 treatment-related events were reported.","results","abstract-results;discussion;conclusion","pharmacokinetics-safety-dose-selection","pharmacology-safety","sentence-frame","descriptive-dose-selection","ccr-2026-immunotherapy-17","41587109;41671081;42574065","subsection-synthesis","ccr-2026-immunotherapy-fulltext-language.md","Section-specific sentence frames","Results: pharmacokinetics and safety","423","synthetic-frame"
"CCRLANG-0628","2026-09-14","Treatment-emergent antidrug antibodies were detected in [proportion], with [observed or no observed] effect on exposure.","results","abstract-results;discussion;conclusion","pharmacokinetics-safety-dose-selection","pharmacology-safety","sentence-frame","descriptive-dose-selection","ccr-2026-immunotherapy-17","41587109;41671081;42574065","subsection-synthesis","ccr-2026-immunotherapy-fulltext-language.md","Section-specific sentence frames","Results: pharmacokinetics and safety","424","synthetic-frame"
"CCRLANG-0629","2026-09-14","On [date], the FDA granted accelerated approval to [drug] for [exact indication].","results","conclusion","regulatory-decision-summary","regulatory","sentence-frame","regulatory","ccr-2026-immunotherapy-17","41587109","single-paper-synthesis","ccr-2026-immunotherapy-fulltext-language.md","Section-specific sentence frames","Results: regulatory summary","428","synthetic-frame"
"CCRLANG-0630","2026-09-14","Approval was based on [endpoint] assessed by [review method] in [analysis population].","results","conclusion","regulatory-decision-summary","regulatory","sentence-frame","regulatory","ccr-2026-immunotherapy-17","41587109","single-paper-synthesis","ccr-2026-immunotherapy-fulltext-language.md","Section-specific sentence frames","Results: regulatory summary","429","synthetic-frame"
"CCRLANG-0631","2026-09-14","The observed response rate and durability were considered clinically meaningful in a setting with limited treatment options.","results","conclusion","regulatory-decision-summary","regulatory","sentence-frame","regulatory","ccr-2026-immunotherapy-17","41587109","single-paper-synthesis","ccr-2026-immunotherapy-fulltext-language.md","Section-specific sentence frames","Results: regulatory summary","430","synthetic-frame"
"CCRLANG-0632","2026-09-14","The benefit-risk assessment also incorporated [major toxicities], resulting in [risk-management action].","results","conclusion","regulatory-decision-summary","regulatory","sentence-frame","regulatory","ccr-2026-immunotherapy-17","41587109","single-paper-synthesis","ccr-2026-immunotherapy-fulltext-language.md","Section-specific sentence frames","Results: regulatory summary","431","synthetic-frame"
"CCRLANG-0633","2026-09-14","Continued approval is contingent upon verification and description of clinical benefit in a confirmatory trial.","results","conclusion","regulatory-decision-summary","regulatory","sentence-frame","regulatory","ccr-2026-immunotherapy-17","41587109","single-paper-synthesis","ccr-2026-immunotherapy-fulltext-language.md","Section-specific sentence frames","Results: regulatory summary","432","synthetic-frame"
"CCRLANG-0634","2026-09-14","The principal finding is that [observation], within the constraints of a [design] study.","discussion","conclusion","interpretation-limitation-implication","mixed-biomedical","sentence-frame","mixed","ccr-2026-immunotherapy-17","41537692;41587109;41671081;41805895;41849236;41920765;42008740;42126592;42149140;42189883;42360104;42405849;42440365;42456046;42485106;42489696;42574065","batch-synthesis","ccr-2026-immunotherapy-fulltext-language.md","Section-specific sentence frames","Discussion","436","synthetic-frame"
"CCRLANG-0635","2026-09-14","These data support an association between [marker] and [outcome], but they do not establish that the marker modifies treatment benefit.","discussion","conclusion","interpretation-limitation-implication","mixed-biomedical","sentence-frame","mixed","ccr-2026-immunotherapy-17","41537692;41587109;41671081;41805895;41849236;41920765;42008740;42126592;42149140;42189883;42360104;42405849;42440365;42456046;42485106;42489696;42574065","batch-synthesis","ccr-2026-immunotherapy-fulltext-language.md","Section-specific sentence frames","Discussion","437","synthetic-frame"
"CCRLANG-0636","2026-09-14","The concordance across [modalities] strengthens biological plausibility without proving causality.","discussion","conclusion","interpretation-limitation-implication","mixed-biomedical","sentence-frame","mixed","ccr-2026-immunotherapy-17","41537692;41587109;41671081;41805895;41849236;41920765;42008740;42126592;42149140;42189883;42360104;42405849;42440365;42456046;42485106;42489696;42574065","batch-synthesis","ccr-2026-immunotherapy-fulltext-language.md","Section-specific sentence frames","Discussion","438","synthetic-frame"
"CCRLANG-0637","2026-09-14","The absence of a randomized comparator precludes attribution of the observed outcome to [intervention or exposure].","discussion","conclusion","interpretation-limitation-implication","mixed-biomedical","sentence-frame","mixed","ccr-2026-immunotherapy-17","41537692;41587109;41671081;41805895;41849236;41920765;42008740;42126592;42149140;42189883;42360104;42405849;42440365;42456046;42485106;42489696;42574065","batch-synthesis","ccr-2026-immunotherapy-fulltext-language.md","Section-specific sentence frames","Discussion","439","synthetic-frame"
"CCRLANG-0638","2026-09-14","The small high-resolution subset limits subgroup inference and requires validation in a larger independent cohort.","discussion","conclusion","interpretation-limitation-implication","mixed-biomedical","sentence-frame","mixed","ccr-2026-immunotherapy-17","41537692;41587109;41671081;41805895;41849236;41920765;42008740;42126592;42149140;42189883;42360104;42405849;42440365;42456046;42485106;42489696;42574065","batch-synthesis","ccr-2026-immunotherapy-fulltext-language.md","Section-specific sentence frames","Discussion","440","synthetic-frame"
"CCRLANG-0639","2026-09-14","Residual confounding, treatment heterogeneity, and data-derived thresholds limit immediate clinical application.","discussion","conclusion","interpretation-limitation-implication","mixed-biomedical","sentence-frame","mixed","ccr-2026-immunotherapy-17","41537692;41587109;41671081;41805895;41849236;41920765;42008740;42126592;42149140;42189883;42360104;42405849;42440365;42456046;42485106;42489696;42574065","batch-synthesis","ccr-2026-immunotherapy-fulltext-language.md","Section-specific sentence frames","Discussion","441","synthetic-frame"
"CCRLANG-0640","2026-09-14","The assay may support future risk stratification, but prospective clinical-utility testing is required before treatment adaptation.","conclusion","abstract-conclusion;translational-relevance","bounded-synthesis-validation","mixed-biomedical","sentence-frame","mixed","ccr-2026-immunotherapy-17","41537692;41587109;41671081;41805895;41849236;41920765;42008740;42126592;42149140;42189883;42360104;42405849;42440365;42456046;42485106;42489696;42574065","batch-synthesis","ccr-2026-immunotherapy-fulltext-language.md","Section-specific sentence frames","Conclusion","445","synthetic-frame"
"CCRLANG-0641","2026-09-14","The findings provide a rationale for prospective evaluation rather than a basis for current treatment selection.","conclusion","abstract-conclusion;translational-relevance","bounded-synthesis-validation","mixed-biomedical","sentence-frame","mixed","ccr-2026-immunotherapy-17","41537692;41587109;41671081;41805895;41849236;41920765;42008740;42126592;42149140;42189883;42360104;42405849;42440365;42456046;42485106;42489696;42574065","batch-synthesis","ccr-2026-immunotherapy-fulltext-language.md","Section-specific sentence frames","Conclusion","446","synthetic-frame"
"CCRLANG-0642","2026-09-14","In [population or model], [bounded primary finding] warrants [specific validation or next study] without establishing [unsupported claim].","conclusion","abstract-conclusion;translational-relevance","bounded-synthesis-validation","mixed-biomedical","sentence-frame","mixed","ccr-2026-immunotherapy-17","41537692;41587109;41671081;41805895;41849236;41920765;42008740;42126592;42149140;42189883;42360104;42405849;42440365;42456046;42485106;42489696;42574065","batch-synthesis","ccr-2026-immunotherapy-fulltext-language.md","Section-specific sentence frames","Conclusion","447","synthetic-frame"
"CCRLANG-0643","2026-09-14","analysis population and follow-up -> primary endpoint -> effect estimate with uncertainty -> key secondary endpoint -> safety or maturity qualifier -> inference boundary","results","abstract-results;discussion","clinical-results-architecture","clinical-immunotherapy","paragraph-architecture","mixed","ccr-2026-immunotherapy-17","41537692;41587109;41671081;41805895;41849236;42008740;42149140;42189883;42405849;42440365;42489696;42574065","subsection-synthesis","ccr-2026-immunotherapy-fulltext-language.md","Paragraph architecture","Clinical-results paragraph","453","synthetic-architecture"
"CCRLANG-0644","2026-09-14","sampling time points -> measured population change -> temporal relation between populations -> outcome association -> tissue-surrogate limitation","results","discussion","longitudinal-results-architecture","immunotherapy-multi-omics","paragraph-architecture","associative","ccr-2026-immunotherapy-17","41805895;41849236;42008740;42189883;42489696","subsection-synthesis","ccr-2026-immunotherapy-fulltext-language.md","Paragraph architecture","Longitudinal immune-results paragraph","457","synthetic-architecture"
"CCRLANG-0645","2026-09-14","cohort and modality-specific denominators -> result within each modality -> convergent or divergent signal -> direct versus inferred measurement -> multiplicity and sample-size caveat","results","discussion","multi-omics-results-architecture","multi-omics","paragraph-architecture","associative-mechanistic","ccr-2026-immunotherapy-17","41805895;41849236;42008740;42149140;42456046","subsection-synthesis","ccr-2026-immunotherapy-fulltext-language.md","Paragraph architecture","Multi-omics-results paragraph","461","synthetic-architecture"
"CCRLANG-0646","2026-09-14","target estimand -> development data -> validation scheme -> discrimination or ranking metric -> subgroup estimate -> external-validation and clinical-utility boundary","results","discussion;conclusion","model-results-architecture","machine-learning-bioinformatics","paragraph-architecture","validation-predictive","ccr-2026-immunotherapy-17","42360104;42440365;42456046;42485106","subsection-synthesis","ccr-2026-immunotherapy-fulltext-language.md","Paragraph architecture","Machine-learning-results paragraph","465","synthetic-architecture"
"CCRLANG-0647","2026-09-14","biophysical or biological rationale -> in vitro perturbation -> orthogonal assay -> in vivo effect -> unresolved alternative mechanism -> clinical-translation boundary","results","discussion;conclusion","preclinical-mechanism-architecture","preclinical-cellular-therapy","paragraph-architecture","preclinical-mechanistic","ccr-2026-immunotherapy-17","41920765","single-paper-synthesis","ccr-2026-immunotherapy-fulltext-language.md","Paragraph architecture","Preclinical-mechanism paragraph","469","synthetic-architecture"
"CCRLANG-0648","2026-09-14","exact approval and indication -> pivotal analysis population -> response and durability -> major safety risks -> benefit-risk rationale -> confirmatory requirement","results","discussion;conclusion","regulatory-summary-architecture","regulatory","paragraph-architecture","regulatory","ccr-2026-immunotherapy-17","41587109","single-paper-synthesis","ccr-2026-immunotherapy-fulltext-language.md","Paragraph architecture","Regulatory-summary paragraph","473","synthetic-architecture"
"CCRLANG-0649","2026-09-14","biomarker-defined molecular subset","introduction","abstract;methods;results;discussion;conclusion","terminology","oncology-tumor-biology","vocabulary","mixed","ccr-2026-translational-mechanisms-5","41649868;41817317;41837748;42148884;42507545","batch-synthesis","ccr-2026-translational-mechanisms-fulltext-language.md","Vocabulary and collocation bank","Oncology and tumor biology","76","conventional-term-or-collocation"
"CCRLANG-0650","2026-09-14","driver-defined subgroup","introduction","abstract;methods;results;discussion;conclusion","terminology","oncology-tumor-biology","vocabulary","mixed","ccr-2026-translational-mechanisms-5","41649868;41817317;41837748;42148884;42507545","batch-synthesis","ccr-2026-translational-mechanisms-fulltext-language.md","Vocabulary and collocation bank","Oncology and tumor biology","77","conventional-term-or-collocation"
"CCRLANG-0651","2026-09-14","actionable genomic alteration","introduction","abstract;methods;results;discussion;conclusion","terminology","oncology-tumor-biology","vocabulary","mixed","ccr-2026-translational-mechanisms-5","41649868;41817317;41837748;42148884;42507545","batch-synthesis","ccr-2026-translational-mechanisms-fulltext-language.md","Vocabulary and collocation bank","Oncology and tumor biology","78","conventional-term-or-collocation"
"CCRLANG-0652","2026-09-14","co-occurring alteration","introduction","abstract;methods;results;discussion;conclusion","terminology","oncology-tumor-biology","vocabulary","mixed","ccr-2026-translational-mechanisms-5","41649868;41817317;41837748;42148884;42507545","batch-synthesis","ccr-2026-translational-mechanisms-fulltext-language.md","Vocabulary and collocation bank","Oncology and tumor biology","79","conventional-term-or-collocation"
"CCRLANG-0653","2026-09-14","mutually exclusive alteration","introduction","abstract;methods;results;discussion;conclusion","terminology","oncology-tumor-biology","vocabulary","mixed","ccr-2026-translational-mechanisms-5","41649868;41817317;41837748;42148884;42507545","batch-synthesis","ccr-2026-translational-mechanisms-fulltext-language.md","Vocabulary and collocation bank","Oncology and tumor biology","79","conventional-term-or-collocation"
"CCRLANG-0654","2026-09-14","biallelic loss","introduction","abstract;methods;results;discussion;conclusion","terminology","oncology-tumor-biology","vocabulary","mixed","ccr-2026-translational-mechanisms-5","41649868;41817317;41837748;42148884;42507545","batch-synthesis","ccr-2026-translational-mechanisms-fulltext-language.md","Vocabulary and collocation bank","Oncology and tumor biology","80","conventional-term-or-collocation"
"CCRLANG-0655","2026-09-14","homozygous deletion","introduction","abstract;methods;results;discussion;conclusion","terminology","oncology-tumor-biology","vocabulary","mixed","ccr-2026-translational-mechanisms-5","41649868;41817317;41837748;42148884;42507545","batch-synthesis","ccr-2026-translational-mechanisms-fulltext-language.md","Vocabulary and collocation bank","Oncology and tumor biology","80","conventional-term-or-collocation"
"CCRLANG-0656","2026-09-14","concordant codeletion","introduction","abstract;methods;results;discussion;conclusion","terminology","oncology-tumor-biology","vocabulary","mixed","ccr-2026-translational-mechanisms-5","41649868;41817317;41837748;42148884;42507545","batch-synthesis","ccr-2026-translational-mechanisms-fulltext-language.md","Vocabulary and collocation bank","Oncology and tumor biology","81","conventional-term-or-collocation"
"CCRLANG-0657","2026-09-14","discordant deletion","introduction","abstract;methods;results;discussion;conclusion","terminology","oncology-tumor-biology","vocabulary","mixed","ccr-2026-translational-mechanisms-5","41649868;41817317;41837748;42148884;42507545","batch-synthesis","ccr-2026-translational-mechanisms-fulltext-language.md","Vocabulary and collocation bank","Oncology and tumor biology","81","conventional-term-or-collocation"
"CCRLANG-0658","2026-09-14","focal deletion","introduction","abstract;methods;results;discussion;conclusion","terminology","oncology-tumor-biology","vocabulary","mixed","ccr-2026-translational-mechanisms-5","41649868;41817317;41837748;42148884;42507545","batch-synthesis","ccr-2026-translational-mechanisms-fulltext-language.md","Vocabulary and collocation bank","Oncology and tumor biology","82","conventional-term-or-collocation"
"CCRLANG-0659","2026-09-14","broad deletion","introduction","abstract;methods;results;discussion;conclusion","terminology","oncology-tumor-biology","vocabulary","mixed","ccr-2026-translational-mechanisms-5","41649868;41817317;41837748;42148884;42507545","batch-synthesis","ccr-2026-translational-mechanisms-fulltext-language.md","Vocabulary and collocation bank","Oncology and tumor biology","82","conventional-term-or-collocation"
"CCRLANG-0660","2026-09-14","genomic context","introduction","abstract;methods;results;discussion;conclusion","terminology","oncology-tumor-biology","vocabulary","mixed","ccr-2026-translational-mechanisms-5","41649868;41817317;41837748;42148884;42507545","batch-synthesis","ccr-2026-translational-mechanisms-fulltext-language.md","Vocabulary and collocation bank","Oncology and tumor biology","83","conventional-term-or-collocation"
"CCRLANG-0661","2026-09-14","clinicogenomic landscape","introduction","abstract;methods;results;discussion;conclusion","terminology","oncology-tumor-biology","vocabulary","mixed","ccr-2026-translational-mechanisms-5","41649868;41817317;41837748;42148884;42507545","batch-synthesis","ccr-2026-translational-mechanisms-fulltext-language.md","Vocabulary and collocation bank","Oncology and tumor biology","83","conventional-term-or-collocation"
"CCRLANG-0662","2026-09-14","tumor microenvironment","introduction","abstract;methods;results;discussion;conclusion","terminology","oncology-tumor-biology","vocabulary","mixed","ccr-2026-translational-mechanisms-5","41649868;41817317;41837748;42148884;42507545","batch-synthesis","ccr-2026-translational-mechanisms-fulltext-language.md","Vocabulary and collocation bank","Oncology and tumor biology","84","conventional-term-or-collocation"
"CCRLANG-0663","2026-09-14","immune microenvironment","introduction","abstract;methods;results;discussion;conclusion","terminology","oncology-tumor-biology","vocabulary","mixed","ccr-2026-translational-mechanisms-5","41649868;41817317;41837748;42148884;42507545","batch-synthesis","ccr-2026-translational-mechanisms-fulltext-language.md","Vocabulary and collocation bank","Oncology and tumor biology","84","conventional-term-or-collocation"
"CCRLANG-0664","2026-09-14","immune-excluded phenotype","introduction","abstract;methods;results;discussion;conclusion","terminology","oncology-tumor-biology","vocabulary","mixed","ccr-2026-translational-mechanisms-5","41649868;41817317;41837748;42148884;42507545","batch-synthesis","ccr-2026-translational-mechanisms-fulltext-language.md","Vocabulary and collocation bank","Oncology and tumor biology","85","conventional-term-or-collocation"
"CCRLANG-0665","2026-09-14","immune-cell infiltration","introduction","abstract;methods;results;discussion;conclusion","terminology","oncology-tumor-biology","vocabulary","mixed","ccr-2026-translational-mechanisms-5","41649868;41817317;41837748;42148884;42507545","batch-synthesis","ccr-2026-translational-mechanisms-fulltext-language.md","Vocabulary and collocation bank","Oncology and tumor biology","86","conventional-term-or-collocation"
"CCRLANG-0666","2026-09-14","brain metastasis microenvironment","introduction","abstract;methods;results;discussion;conclusion","terminology","oncology-tumor-biology","vocabulary","mixed","ccr-2026-translational-mechanisms-5","41649868;41817317;41837748;42148884;42507545","batch-synthesis","ccr-2026-translational-mechanisms-fulltext-language.md","Vocabulary and collocation bank","Oncology and tumor biology","87","conventional-term-or-collocation"
"CCRLANG-0667","2026-09-14","intracranial tumor burden","introduction","abstract;methods;results;discussion;conclusion","terminology","oncology-tumor-biology","vocabulary","mixed","ccr-2026-translational-mechanisms-5","41649868;41817317;41837748;42148884;42507545","batch-synthesis","ccr-2026-translational-mechanisms-fulltext-language.md","Vocabulary and collocation bank","Oncology and tumor biology","88","conventional-term-or-collocation"
"CCRLANG-0668","2026-09-14","malignant pleural effusion-derived cells","introduction","abstract;methods;results;discussion;conclusion","terminology","oncology-tumor-biology","vocabulary","mixed","ccr-2026-translational-mechanisms-5","41649868;41817317;41837748;42148884;42507545","batch-synthesis","ccr-2026-translational-mechanisms-fulltext-language.md","Vocabulary and collocation bank","Oncology and tumor biology","89","conventional-term-or-collocation"
"CCRLANG-0669","2026-09-14","tumor-infiltrating lymphocytes","introduction","abstract;methods;results;discussion;conclusion","terminology","oncology-tumor-biology","vocabulary","mixed","ccr-2026-translational-mechanisms-5","41649868;41817317;41837748;42148884;42507545","batch-synthesis","ccr-2026-translational-mechanisms-fulltext-language.md","Vocabulary and collocation bank","Oncology and tumor biology","90","conventional-term-or-collocation"
"CCRLANG-0670","2026-09-14","treatment-naive","introduction","abstract;methods;results;discussion;conclusion","terminology","oncology-tumor-biology","vocabulary","mixed","ccr-2026-translational-mechanisms-5","41649868;41817317;41837748;42148884;42507545","batch-synthesis","ccr-2026-translational-mechanisms-fulltext-language.md","Vocabulary and collocation bank","Oncology and tumor biology","91","conventional-term-or-collocation"
"CCRLANG-0671","2026-09-14","previously treated","introduction","abstract;methods;results;discussion;conclusion","terminology","oncology-tumor-biology","vocabulary","mixed","ccr-2026-translational-mechanisms-5","41649868;41817317;41837748;42148884;42507545","batch-synthesis","ccr-2026-translational-mechanisms-fulltext-language.md","Vocabulary and collocation bank","Oncology and tumor biology","91","conventional-term-or-collocation"
"CCRLANG-0672","2026-09-14","heavily pretreated","introduction","abstract;methods;results;discussion;conclusion","terminology","oncology-tumor-biology","vocabulary","mixed","ccr-2026-translational-mechanisms-5","41649868;41817317;41837748;42148884;42507545","batch-synthesis","ccr-2026-translational-mechanisms-fulltext-language.md","Vocabulary and collocation bank","Oncology and tumor biology","91","conventional-term-or-collocation"
"CCRLANG-0673","2026-09-14","acquired resistance","introduction","abstract;methods;results;discussion;conclusion","terminology","oncology-tumor-biology","vocabulary","mixed","ccr-2026-translational-mechanisms-5","41649868;41817317;41837748;42148884;42507545","batch-synthesis","ccr-2026-translational-mechanisms-fulltext-language.md","Vocabulary and collocation bank","Oncology and tumor biology","92","conventional-term-or-collocation"
"CCRLANG-0674","2026-09-14","on-target resistance","introduction","abstract;methods;results;discussion;conclusion","terminology","oncology-tumor-biology","vocabulary","mixed","ccr-2026-translational-mechanisms-5","41649868;41817317;41837748;42148884;42507545","batch-synthesis","ccr-2026-translational-mechanisms-fulltext-language.md","Vocabulary and collocation bank","Oncology and tumor biology","92","conventional-term-or-collocation"
"CCRLANG-0675","2026-09-14","resistance-associated alteration","introduction","abstract;methods;results;discussion;conclusion","terminology","oncology-tumor-biology","vocabulary","mixed","ccr-2026-translational-mechanisms-5","41649868;41817317;41837748;42148884;42507545","batch-synthesis","ccr-2026-translational-mechanisms-fulltext-language.md","Vocabulary and collocation bank","Oncology and tumor biology","93","conventional-term-or-collocation"
"CCRLANG-0676","2026-09-14","molecularly selected population","introduction","abstract;methods;results;discussion;conclusion","terminology","oncology-tumor-biology","vocabulary","mixed","ccr-2026-translational-mechanisms-5","41649868;41817317;41837748;42148884;42507545","batch-synthesis","ccr-2026-translational-mechanisms-fulltext-language.md","Vocabulary and collocation bank","Oncology and tumor biology","94","conventional-term-or-collocation"
"CCRLANG-0677","2026-09-14","histology-specific association","introduction","abstract;methods;results;discussion;conclusion","terminology","oncology-tumor-biology","vocabulary","mixed","ccr-2026-translational-mechanisms-5","41649868;41817317;41837748;42148884;42507545","batch-synthesis","ccr-2026-translational-mechanisms-fulltext-language.md","Vocabulary and collocation bank","Oncology and tumor biology","95","conventional-term-or-collocation"
"CCRLANG-0678","2026-09-14","clinically annotated cohort","introduction","abstract;methods;results;discussion;conclusion","terminology","oncology-tumor-biology","vocabulary","mixed","ccr-2026-translational-mechanisms-5","41649868;41817317;41837748;42148884;42507545","batch-synthesis","ccr-2026-translational-mechanisms-fulltext-language.md","Vocabulary and collocation bank","Oncology and tumor biology","96","conventional-term-or-collocation"
"CCRLANG-0679","2026-09-14","real-world treatment cohort","introduction","abstract;methods;results;discussion;conclusion","terminology","oncology-tumor-biology","vocabulary","mixed","ccr-2026-translational-mechanisms-5","41649868;41817317;41837748;42148884;42507545","batch-synthesis","ccr-2026-translational-mechanisms-fulltext-language.md","Vocabulary and collocation bank","Oncology and tumor biology","97","conventional-term-or-collocation"
"CCRLANG-0680","2026-09-14","PD-1 blockade","introduction","abstract;methods;results;discussion;conclusion","terminology","immunotherapy-immune-mechanisms","vocabulary","mixed","ccr-2026-translational-mechanisms-5","41817317;41837748;42148884;42507545","subsection-synthesis","ccr-2026-translational-mechanisms-fulltext-language.md","Vocabulary and collocation bank","Immunotherapy and immune mechanisms","101","conventional-term-or-collocation"
"CCRLANG-0681","2026-09-14","CTLA-4 blockade","introduction","abstract;methods;results;discussion;conclusion","terminology","immunotherapy-immune-mechanisms","vocabulary","mixed","ccr-2026-translational-mechanisms-5","41817317;41837748;42148884;42507545","subsection-synthesis","ccr-2026-translational-mechanisms-fulltext-language.md","Vocabulary and collocation bank","Immunotherapy and immune mechanisms","101","conventional-term-or-collocation"
"CCRLANG-0682","2026-09-14","immune-checkpoint inhibitor","introduction","abstract;methods;results;discussion;conclusion","terminology","immunotherapy-immune-mechanisms","vocabulary","mixed","ccr-2026-translational-mechanisms-5","41817317;41837748;42148884;42507545","subsection-synthesis","ccr-2026-translational-mechanisms-fulltext-language.md","Vocabulary and collocation bank","Immunotherapy and immune mechanisms","102","conventional-term-or-collocation"
"CCRLANG-0683","2026-09-14","Fc non-fucosylation","introduction","abstract;methods;results;discussion;conclusion","terminology","immunotherapy-immune-mechanisms","vocabulary","mixed","ccr-2026-translational-mechanisms-5","41817317;41837748;42148884;42507545","subsection-synthesis","ccr-2026-translational-mechanisms-fulltext-language.md","Vocabulary and collocation bank","Immunotherapy and immune mechanisms","103","conventional-term-or-collocation"
"CCRLANG-0684","2026-09-14","peptide-masked antibody","introduction","abstract;methods;results;discussion;conclusion","terminology","immunotherapy-immune-mechanisms","vocabulary","mixed","ccr-2026-translational-mechanisms-5","41817317;41837748;42148884;42507545","subsection-synthesis","ccr-2026-translational-mechanisms-fulltext-language.md","Vocabulary and collocation bank","Immunotherapy and immune mechanisms","104","conventional-term-or-collocation"
"CCRLANG-0685","2026-09-14","conditionally activatable therapeutic","introduction","abstract;methods;results;discussion;conclusion","terminology","immunotherapy-immune-mechanisms","vocabulary","mixed","ccr-2026-translational-mechanisms-5","41817317;41837748;42148884;42507545","subsection-synthesis","ccr-2026-translational-mechanisms-fulltext-language.md","Vocabulary and collocation bank","Immunotherapy and immune mechanisms","105","conventional-term-or-collocation"
"CCRLANG-0686","2026-09-14","protease-mediated unmasking","introduction","abstract;methods;results;discussion;conclusion","terminology","immunotherapy-immune-mechanisms","vocabulary","mixed","ccr-2026-translational-mechanisms-5","41817317;41837748;42148884;42507545","subsection-synthesis","ccr-2026-translational-mechanisms-fulltext-language.md","Vocabulary and collocation bank","Immunotherapy and immune mechanisms","106","conventional-term-or-collocation"
"CCRLANG-0687","2026-09-14","tumor-localized activation","introduction","abstract;methods;results;discussion;conclusion","terminology","immunotherapy-immune-mechanisms","vocabulary","mixed","ccr-2026-translational-mechanisms-5","41817317;41837748;42148884;42507545","subsection-synthesis","ccr-2026-translational-mechanisms-fulltext-language.md","Vocabulary and collocation bank","Immunotherapy and immune mechanisms","107","conventional-term-or-collocation"
"CCRLANG-0688","2026-09-14","Fc gamma receptor co-engagement","introduction","abstract;methods;results;discussion;conclusion","terminology","immunotherapy-immune-mechanisms","vocabulary","mixed","ccr-2026-translational-mechanisms-5","41817317;41837748;42148884;42507545","subsection-synthesis","ccr-2026-translational-mechanisms-fulltext-language.md","Vocabulary and collocation bank","Immunotherapy and immune mechanisms","108","conventional-term-or-collocation"
"CCRLANG-0689","2026-09-14","APC-mediated T-cell priming","introduction","abstract;methods;results;discussion;conclusion","terminology","immunotherapy-immune-mechanisms","vocabulary","mixed","ccr-2026-translational-mechanisms-5","41817317;41837748;42148884;42507545","subsection-synthesis","ccr-2026-translational-mechanisms-fulltext-language.md","Vocabulary and collocation bank","Immunotherapy and immune mechanisms","109","conventional-term-or-collocation"
"CCRLANG-0690","2026-09-14","effector-memory T cell","introduction","abstract;methods;results;discussion;conclusion","terminology","immunotherapy-immune-mechanisms","vocabulary","mixed","ccr-2026-translational-mechanisms-5","41817317;41837748;42148884;42507545","subsection-synthesis","ccr-2026-translational-mechanisms-fulltext-language.md","Vocabulary and collocation bank","Immunotherapy and immune mechanisms","110","conventional-term-or-collocation"
"CCRLANG-0691","2026-09-14","tumor-specific CD8-positive T cell","introduction","abstract;methods;results;discussion;conclusion","terminology","immunotherapy-immune-mechanisms","vocabulary","mixed","ccr-2026-translational-mechanisms-5","41817317;41837748;42148884;42507545","subsection-synthesis","ccr-2026-translational-mechanisms-fulltext-language.md","Vocabulary and collocation bank","Immunotherapy and immune mechanisms","111","conventional-term-or-collocation"
"CCRLANG-0692","2026-09-14","conventional CD4-positive T cell","introduction","abstract;methods;results;discussion;conclusion","terminology","immunotherapy-immune-mechanisms","vocabulary","mixed","ccr-2026-translational-mechanisms-5","41817317;41837748;42148884;42507545","subsection-synthesis","ccr-2026-translational-mechanisms-fulltext-language.md","Vocabulary and collocation bank","Immunotherapy and immune mechanisms","112","conventional-term-or-collocation"
"CCRLANG-0693","2026-09-14","regulatory T-cell depletion","introduction","abstract;methods;results;discussion;conclusion","terminology","immunotherapy-immune-mechanisms","vocabulary","mixed","ccr-2026-translational-mechanisms-5","41817317;41837748;42148884;42507545","subsection-synthesis","ccr-2026-translational-mechanisms-fulltext-language.md","Vocabulary and collocation bank","Immunotherapy and immune mechanisms","113","conventional-term-or-collocation"
"CCRLANG-0694","2026-09-14","Th1-like differentiation","introduction","abstract;methods;results;discussion;conclusion","terminology","immunotherapy-immune-mechanisms","vocabulary","mixed","ccr-2026-translational-mechanisms-5","41817317;41837748;42148884;42507545","subsection-synthesis","ccr-2026-translational-mechanisms-fulltext-language.md","Vocabulary and collocation bank","Immunotherapy and immune mechanisms","114","conventional-term-or-collocation"
"CCRLANG-0695","2026-09-14","T follicular helper cell activation","introduction","abstract;methods;results;discussion;conclusion","terminology","immunotherapy-immune-mechanisms","vocabulary","mixed","ccr-2026-translational-mechanisms-5","41817317;41837748;42148884;42507545","subsection-synthesis","ccr-2026-translational-mechanisms-fulltext-language.md","Vocabulary and collocation bank","Immunotherapy and immune mechanisms","115","conventional-term-or-collocation"
"CCRLANG-0696","2026-09-14","receptor-ligand axis","introduction","abstract;methods;results;discussion;conclusion","terminology","immunotherapy-immune-mechanisms","vocabulary","mixed","ccr-2026-translational-mechanisms-5","41817317;41837748;42148884;42507545","subsection-synthesis","ccr-2026-translational-mechanisms-fulltext-language.md","Vocabulary and collocation bank","Immunotherapy and immune mechanisms","116","conventional-term-or-collocation"
"CCRLANG-0697","2026-09-14","trophic signal","introduction","abstract;methods;results;discussion;conclusion","terminology","immunotherapy-immune-mechanisms","vocabulary","mixed","ccr-2026-translational-mechanisms-5","41817317;41837748;42148884;42507545","subsection-synthesis","ccr-2026-translational-mechanisms-fulltext-language.md","Vocabulary and collocation bank","Immunotherapy and immune mechanisms","117","conventional-term-or-collocation"
"CCRLANG-0698","2026-09-14","peripheral immune activation","introduction","abstract;methods;results;discussion;conclusion","terminology","immunotherapy-immune-mechanisms","vocabulary","mixed","ccr-2026-translational-mechanisms-5","41817317;41837748;42148884;42507545","subsection-synthesis","ccr-2026-translational-mechanisms-fulltext-language.md","Vocabulary and collocation bank","Immunotherapy and immune mechanisms","118","conventional-term-or-collocation"
"CCRLANG-0699","2026-09-14","dose-dependent cytokine induction","introduction","abstract;methods;results;discussion;conclusion","terminology","immunotherapy-immune-mechanisms","vocabulary","mixed","ccr-2026-translational-mechanisms-5","41817317;41837748;42148884;42507545","subsection-synthesis","ccr-2026-translational-mechanisms-fulltext-language.md","Vocabulary and collocation bank","Immunotherapy and immune mechanisms","119","conventional-term-or-collocation"
"CCRLANG-0700","2026-09-14","immune-related adverse event","introduction","abstract;methods;results;discussion;conclusion","terminology","immunotherapy-immune-mechanisms","vocabulary","mixed","ccr-2026-translational-mechanisms-5","41817317;41837748;42148884;42507545","subsection-synthesis","ccr-2026-translational-mechanisms-fulltext-language.md","Vocabulary and collocation bank","Immunotherapy and immune mechanisms","120","conventional-term-or-collocation"
"CCRLANG-0701","2026-09-14","context-dependent immune effect","introduction","abstract;methods;results;discussion;conclusion","terminology","immunotherapy-immune-mechanisms","vocabulary","mixed","ccr-2026-translational-mechanisms-5","41817317;41837748;42148884;42507545","subsection-synthesis","ccr-2026-translational-mechanisms-fulltext-language.md","Vocabulary and collocation bank","Immunotherapy and immune mechanisms","121","conventional-term-or-collocation"
"CCRLANG-0702","2026-09-14","double-edged effect","introduction","abstract;methods;results;discussion;conclusion","terminology","immunotherapy-immune-mechanisms","vocabulary","mixed","ccr-2026-translational-mechanisms-5","41817317;41837748;42148884;42507545","subsection-synthesis","ccr-2026-translational-mechanisms-fulltext-language.md","Vocabulary and collocation bank","Immunotherapy and immune mechanisms","121","conventional-term-or-collocation"
"CCRLANG-0703","2026-09-14","mutant-selective inhibitor","introduction","abstract;methods;results;discussion;conclusion","terminology","targeted-therapy-resistance","vocabulary","mixed","ccr-2026-translational-mechanisms-5","41649868;42507545","subsection-synthesis","ccr-2026-translational-mechanisms-fulltext-language.md","Vocabulary and collocation bank","Targeted therapy and drug resistance","125","conventional-term-or-collocation"
"CCRLANG-0704","2026-09-14","fourth-generation EGFR tyrosine kinase inhibitor","introduction","abstract;methods;results;discussion;conclusion","terminology","targeted-therapy-resistance","vocabulary","mixed","ccr-2026-translational-mechanisms-5","41649868;42507545","subsection-synthesis","ccr-2026-translational-mechanisms-fulltext-language.md","Vocabulary and collocation bank","Targeted therapy and drug resistance","126","conventional-term-or-collocation"
"CCRLANG-0705","2026-09-14","C797S-mediated resistance","introduction","abstract;methods;results;discussion;conclusion","terminology","targeted-therapy-resistance","vocabulary","mixed","ccr-2026-translational-mechanisms-5","41649868;42507545","subsection-synthesis","ccr-2026-translational-mechanisms-fulltext-language.md","Vocabulary and collocation bank","Targeted therapy and drug resistance","127","conventional-term-or-collocation"
"CCRLANG-0706","2026-09-14","wild-type sparing","introduction","abstract;methods;results;discussion;conclusion","terminology","targeted-therapy-resistance","vocabulary","mixed","ccr-2026-translational-mechanisms-5","41649868;42507545","subsection-synthesis","ccr-2026-translational-mechanisms-fulltext-language.md","Vocabulary and collocation bank","Targeted therapy and drug resistance","128","conventional-term-or-collocation"
"CCRLANG-0707","2026-09-14","target engagement","introduction","abstract;methods;results;discussion;conclusion","terminology","targeted-therapy-resistance","vocabulary","mixed","ccr-2026-translational-mechanisms-5","41649868;42507545","subsection-synthesis","ccr-2026-translational-mechanisms-fulltext-language.md","Vocabulary and collocation bank","Targeted therapy and drug resistance","129","conventional-term-or-collocation"
"CCRLANG-0708","2026-09-14","on-target pathway suppression","introduction","abstract;methods;results;discussion;conclusion","terminology","targeted-therapy-resistance","vocabulary","mixed","ccr-2026-translational-mechanisms-5","41649868;42507545","subsection-synthesis","ccr-2026-translational-mechanisms-fulltext-language.md","Vocabulary and collocation bank","Targeted therapy and drug resistance","130","conventional-term-or-collocation"
"CCRLANG-0709","2026-09-14","downstream signaling inhibition","introduction","abstract;methods;results;discussion;conclusion","terminology","targeted-therapy-resistance","vocabulary","mixed","ccr-2026-translational-mechanisms-5","41649868;42507545","subsection-synthesis","ccr-2026-translational-mechanisms-fulltext-language.md","Vocabulary and collocation bank","Targeted therapy and drug resistance","131","conventional-term-or-collocation"
"CCRLANG-0710","2026-09-14","dose-responsive suppression of phosphorylation","introduction","abstract;methods;results;discussion;conclusion","terminology","targeted-therapy-resistance","vocabulary","mixed","ccr-2026-translational-mechanisms-5","41649868;42507545","subsection-synthesis","ccr-2026-translational-mechanisms-fulltext-language.md","Vocabulary and collocation bank","Targeted therapy and drug resistance","132","conventional-term-or-collocation"
"CCRLANG-0711","2026-09-14","antiproliferative activity","introduction","abstract;methods;results;discussion;conclusion","terminology","targeted-therapy-resistance","vocabulary","mixed","ccr-2026-translational-mechanisms-5","41649868;42507545","subsection-synthesis","ccr-2026-translational-mechanisms-fulltext-language.md","Vocabulary and collocation bank","Targeted therapy and drug resistance","133","conventional-term-or-collocation"
"CCRLANG-0712","2026-09-14","colony-forming capacity","introduction","abstract;methods;results;discussion;conclusion","terminology","targeted-therapy-resistance","vocabulary","mixed","ccr-2026-translational-mechanisms-5","41649868;42507545","subsection-synthesis","ccr-2026-translational-mechanisms-fulltext-language.md","Vocabulary and collocation bank","Targeted therapy and drug resistance","134","conventional-term-or-collocation"
"CCRLANG-0713","2026-09-14","blood-brain barrier penetration","introduction","abstract;methods;results;discussion;conclusion","terminology","targeted-therapy-resistance","vocabulary","mixed","ccr-2026-translational-mechanisms-5","41649868;42507545","subsection-synthesis","ccr-2026-translational-mechanisms-fulltext-language.md","Vocabulary and collocation bank","Targeted therapy and drug resistance","135","conventional-term-or-collocation"
"CCRLANG-0714","2026-09-14","intracranial exposure","introduction","abstract;methods;results;discussion;conclusion","terminology","targeted-therapy-resistance","vocabulary","mixed","ccr-2026-translational-mechanisms-5","41649868;42507545","subsection-synthesis","ccr-2026-translational-mechanisms-fulltext-language.md","Vocabulary and collocation bank","Targeted therapy and drug resistance","136","conventional-term-or-collocation"
"CCRLANG-0715","2026-09-14","orthotopic brain-metastasis model","introduction","abstract;methods;results;discussion;conclusion","terminology","targeted-therapy-resistance","vocabulary","mixed","ccr-2026-translational-mechanisms-5","41649868;42507545","subsection-synthesis","ccr-2026-translational-mechanisms-fulltext-language.md","Vocabulary and collocation bank","Targeted therapy and drug resistance","137","conventional-term-or-collocation"
"CCRLANG-0716","2026-09-14","central nervous system activity","introduction","abstract;methods;results;discussion;conclusion","terminology","targeted-therapy-resistance","vocabulary","mixed","ccr-2026-translational-mechanisms-5","41649868;42507545","subsection-synthesis","ccr-2026-translational-mechanisms-fulltext-language.md","Vocabulary and collocation bank","Targeted therapy and drug resistance","138","conventional-term-or-collocation"
"CCRLANG-0717","2026-09-14","synthetic-lethal vulnerability","introduction","abstract;methods;results;discussion;conclusion","terminology","targeted-therapy-resistance","vocabulary","mixed","ccr-2026-translational-mechanisms-5","41649868;42507545","subsection-synthesis","ccr-2026-translational-mechanisms-fulltext-language.md","Vocabulary and collocation bank","Targeted therapy and drug resistance","139","conventional-term-or-collocation"
"CCRLANG-0718","2026-09-14","PRMT5/MAT2A-directed strategy","introduction","abstract;methods;results;discussion;conclusion","terminology","targeted-therapy-resistance","vocabulary","mixed","ccr-2026-translational-mechanisms-5","41649868;42507545","subsection-synthesis","ccr-2026-translational-mechanisms-fulltext-language.md","Vocabulary and collocation bank","Targeted therapy and drug resistance","140","conventional-term-or-collocation"
"CCRLANG-0719","2026-09-14","MTA accumulation","introduction","abstract;methods;results;discussion;conclusion","terminology","targeted-therapy-resistance","vocabulary","mixed","ccr-2026-translational-mechanisms-5","41649868;42507545","subsection-synthesis","ccr-2026-translational-mechanisms-fulltext-language.md","Vocabulary and collocation bank","Targeted therapy and drug resistance","141","conventional-term-or-collocation"
"CCRLANG-0720","2026-09-14","paired tumor-normal sequencing","methods","abstract;introduction;results;discussion","terminology","genomics-transcriptomics-bioinformatics","vocabulary","mixed","ccr-2026-translational-mechanisms-5","41649868;41817317;42507545","subsection-synthesis","ccr-2026-translational-mechanisms-fulltext-language.md","Vocabulary and collocation bank","Genomics, transcriptomics, and bioinformatics","145","conventional-term-or-collocation"
"CCRLANG-0721","2026-09-14","targeted DNA sequencing","methods","abstract;introduction;results;discussion","terminology","genomics-transcriptomics-bioinformatics","vocabulary","mixed","ccr-2026-translational-mechanisms-5","41649868;41817317;42507545","subsection-synthesis","ccr-2026-translational-mechanisms-fulltext-language.md","Vocabulary and collocation bank","Genomics, transcriptomics, and bioinformatics","146","conventional-term-or-collocation"
"CCRLANG-0722","2026-09-14","whole-exome sequencing","methods","abstract;introduction;results;discussion","terminology","genomics-transcriptomics-bioinformatics","vocabulary","mixed","ccr-2026-translational-mechanisms-5","41649868;41817317;42507545","subsection-synthesis","ccr-2026-translational-mechanisms-fulltext-language.md","Vocabulary and collocation bank","Genomics, transcriptomics, and bioinformatics","147","conventional-term-or-collocation"
"CCRLANG-0723","2026-09-14","whole-transcriptome RNA sequencing","methods","abstract;introduction;results;discussion","terminology","genomics-transcriptomics-bioinformatics","vocabulary","mixed","ccr-2026-translational-mechanisms-5","41649868;41817317;42507545","subsection-synthesis","ccr-2026-translational-mechanisms-fulltext-language.md","Vocabulary and collocation bank","Genomics, transcriptomics, and bioinformatics","148","conventional-term-or-collocation"
"CCRLANG-0724","2026-09-14","bulk transcriptomic profile","methods","abstract;introduction;results;discussion","terminology","genomics-transcriptomics-bioinformatics","vocabulary","mixed","ccr-2026-translational-mechanisms-5","41649868;41817317;42507545","subsection-synthesis","ccr-2026-translational-mechanisms-fulltext-language.md","Vocabulary and collocation bank","Genomics, transcriptomics, and bioinformatics","149","conventional-term-or-collocation"
"CCRLANG-0725","2026-09-14","T-cell receptor repertoire sequencing","methods","abstract;introduction;results;discussion","terminology","genomics-transcriptomics-bioinformatics","vocabulary","mixed","ccr-2026-translational-mechanisms-5","41649868;41817317;42507545","subsection-synthesis","ccr-2026-translational-mechanisms-fulltext-language.md","Vocabulary and collocation bank","Genomics, transcriptomics, and bioinformatics","150","conventional-term-or-collocation"
"CCRLANG-0726","2026-09-14","circulating tumor DNA dynamics","methods","abstract;introduction;results;discussion","terminology","genomics-transcriptomics-bioinformatics","vocabulary","mixed","ccr-2026-translational-mechanisms-5","41649868;41817317;42507545","subsection-synthesis","ccr-2026-translational-mechanisms-fulltext-language.md","Vocabulary and collocation bank","Genomics, transcriptomics, and bioinformatics","151","conventional-term-or-collocation"
"CCRLANG-0727","2026-09-14","somatic short variant","methods","abstract;introduction;results;discussion","terminology","genomics-transcriptomics-bioinformatics","vocabulary","mixed","ccr-2026-translational-mechanisms-5","41649868;41817317;42507545","subsection-synthesis","ccr-2026-translational-mechanisms-fulltext-language.md","Vocabulary and collocation bank","Genomics, transcriptomics, and bioinformatics","152","conventional-term-or-collocation"
"CCRLANG-0728","2026-09-14","copy-number alteration","methods","abstract;introduction;results;discussion","terminology","genomics-transcriptomics-bioinformatics","vocabulary","mixed","ccr-2026-translational-mechanisms-5","41649868;41817317;42507545","subsection-synthesis","ccr-2026-translational-mechanisms-fulltext-language.md","Vocabulary and collocation bank","Genomics, transcriptomics, and bioinformatics","153","conventional-term-or-collocation"
"CCRLANG-0729","2026-09-14","gene rearrangement or fusion","methods","abstract;introduction;results;discussion","terminology","genomics-transcriptomics-bioinformatics","vocabulary","mixed","ccr-2026-translational-mechanisms-5","41649868;41817317;42507545","subsection-synthesis","ccr-2026-translational-mechanisms-fulltext-language.md","Vocabulary and collocation bank","Genomics, transcriptomics, and bioinformatics","154","conventional-term-or-collocation"
"CCRLANG-0730","2026-09-14","ploidy-aware copy-number model","methods","abstract;introduction;results;discussion","terminology","genomics-transcriptomics-bioinformatics","vocabulary","mixed","ccr-2026-translational-mechanisms-5","41649868;41817317;42507545","subsection-synthesis","ccr-2026-translational-mechanisms-fulltext-language.md","Vocabulary and collocation bank","Genomics, transcriptomics, and bioinformatics","155","conventional-term-or-collocation"
"CCRLANG-0731","2026-09-14","circular binary segmentation","methods","abstract;introduction;results;discussion","terminology","genomics-transcriptomics-bioinformatics","vocabulary","mixed","ccr-2026-translational-mechanisms-5","41649868;41817317;42507545","subsection-synthesis","ccr-2026-translational-mechanisms-fulltext-language.md","Vocabulary and collocation bank","Genomics, transcriptomics, and bioinformatics","156","conventional-term-or-collocation"
"CCRLANG-0732","2026-09-14","stromal admixture","methods","abstract;introduction;results;discussion","terminology","genomics-transcriptomics-bioinformatics","vocabulary","mixed","ccr-2026-translational-mechanisms-5","41649868;41817317;42507545","subsection-synthesis","ccr-2026-translational-mechanisms-fulltext-language.md","Vocabulary and collocation bank","Genomics, transcriptomics, and bioinformatics","157","conventional-term-or-collocation"
"CCRLANG-0733","2026-09-14","tumor purity","methods","abstract;introduction;results;discussion","terminology","genomics-transcriptomics-bioinformatics","vocabulary","mixed","ccr-2026-translational-mechanisms-5","41649868;41817317;42507545","subsection-synthesis","ccr-2026-translational-mechanisms-fulltext-language.md","Vocabulary and collocation bank","Genomics, transcriptomics, and bioinformatics","157","conventional-term-or-collocation"
"CCRLANG-0734","2026-09-14","log2-transformed TPM","methods","abstract;introduction;results;discussion","terminology","genomics-transcriptomics-bioinformatics","vocabulary","mixed","ccr-2026-translational-mechanisms-5","41649868;41817317;42507545","subsection-synthesis","ccr-2026-translational-mechanisms-fulltext-language.md","Vocabulary and collocation bank","Genomics, transcriptomics, and bioinformatics","158","conventional-term-or-collocation"
"CCRLANG-0735","2026-09-14","trimmed mean of M values normalization","methods","abstract;introduction;results;discussion","terminology","genomics-transcriptomics-bioinformatics","vocabulary","mixed","ccr-2026-translational-mechanisms-5","41649868;41817317;42507545","subsection-synthesis","ccr-2026-translational-mechanisms-fulltext-language.md","Vocabulary and collocation bank","Genomics, transcriptomics, and bioinformatics","159","conventional-term-or-collocation"
"CCRLANG-0736","2026-09-14","voom-transformed expression data","methods","abstract;introduction;results;discussion","terminology","genomics-transcriptomics-bioinformatics","vocabulary","mixed","ccr-2026-translational-mechanisms-5","41649868;41817317;42507545","subsection-synthesis","ccr-2026-translational-mechanisms-fulltext-language.md","Vocabulary and collocation bank","Genomics, transcriptomics, and bioinformatics","160","conventional-term-or-collocation"
"CCRLANG-0737","2026-09-14","single-sample gene-set enrichment analysis","methods","abstract;introduction;results;discussion","terminology","genomics-transcriptomics-bioinformatics","vocabulary","mixed","ccr-2026-translational-mechanisms-5","41649868;41817317;42507545","subsection-synthesis","ccr-2026-translational-mechanisms-fulltext-language.md","Vocabulary and collocation bank","Genomics, transcriptomics, and bioinformatics","161","conventional-term-or-collocation"
"CCRLANG-0738","2026-09-14","pathway-level enrichment score","methods","abstract;introduction;results;discussion","terminology","genomics-transcriptomics-bioinformatics","vocabulary","mixed","ccr-2026-translational-mechanisms-5","41649868;41817317;42507545","subsection-synthesis","ccr-2026-translational-mechanisms-fulltext-language.md","Vocabulary and collocation bank","Genomics, transcriptomics, and bioinformatics","162","conventional-term-or-collocation"
"CCRLANG-0739","2026-09-14","computational immune deconvolution","methods","abstract;introduction;results;discussion","terminology","genomics-transcriptomics-bioinformatics","vocabulary","mixed","ccr-2026-translational-mechanisms-5","41649868;41817317;42507545","subsection-synthesis","ccr-2026-translational-mechanisms-fulltext-language.md","Vocabulary and collocation bank","Genomics, transcriptomics, and bioinformatics","163","conventional-term-or-collocation"
"CCRLANG-0740","2026-09-14","estimated immune-cell fraction","methods","abstract;introduction;results;discussion","terminology","genomics-transcriptomics-bioinformatics","vocabulary","mixed","ccr-2026-translational-mechanisms-5","41649868;41817317;42507545","subsection-synthesis","ccr-2026-translational-mechanisms-fulltext-language.md","Vocabulary and collocation bank","Genomics, transcriptomics, and bioinformatics","164","conventional-term-or-collocation"
"CCRLANG-0741","2026-09-14","TCR diversity","methods","abstract;introduction;results;discussion","terminology","genomics-transcriptomics-bioinformatics","vocabulary","mixed","ccr-2026-translational-mechanisms-5","41649868;41817317;42507545","subsection-synthesis","ccr-2026-translational-mechanisms-fulltext-language.md","Vocabulary and collocation bank","Genomics, transcriptomics, and bioinformatics","165","conventional-term-or-collocation"
"CCRLANG-0742","2026-09-14","TCR clonality","methods","abstract;introduction;results;discussion","terminology","genomics-transcriptomics-bioinformatics","vocabulary","mixed","ccr-2026-translational-mechanisms-5","41649868;41817317;42507545","subsection-synthesis","ccr-2026-translational-mechanisms-fulltext-language.md","Vocabulary and collocation bank","Genomics, transcriptomics, and bioinformatics","165","conventional-term-or-collocation"
"CCRLANG-0743","2026-09-14","TCR density","methods","abstract;introduction;results;discussion","terminology","genomics-transcriptomics-bioinformatics","vocabulary","mixed","ccr-2026-translational-mechanisms-5","41649868;41817317;42507545","subsection-synthesis","ccr-2026-translational-mechanisms-fulltext-language.md","Vocabulary and collocation bank","Genomics, transcriptomics, and bioinformatics","165","conventional-term-or-collocation"
"CCRLANG-0744","2026-09-14","temporally distinct validation cohort","methods","abstract;introduction;results;discussion","terminology","genomics-transcriptomics-bioinformatics","vocabulary","mixed","ccr-2026-translational-mechanisms-5","41649868;41817317;42507545","subsection-synthesis","ccr-2026-translational-mechanisms-fulltext-language.md","Vocabulary and collocation bank","Genomics, transcriptomics, and bioinformatics","166","conventional-term-or-collocation"
"CCRLANG-0745","2026-09-14","biomarker-evaluable population","methods","abstract;introduction;results;discussion","terminology","genomics-transcriptomics-bioinformatics","vocabulary","mixed","ccr-2026-translational-mechanisms-5","41649868;41817317;42507545","subsection-synthesis","ccr-2026-translational-mechanisms-fulltext-language.md","Vocabulary and collocation bank","Genomics, transcriptomics, and bioinformatics","167","conventional-term-or-collocation"
"CCRLANG-0746","2026-09-14","technical confounding from low tumor purity","methods","abstract;introduction;results;discussion","terminology","genomics-transcriptomics-bioinformatics","vocabulary","mixed","ccr-2026-translational-mechanisms-5","41649868;41817317;42507545","subsection-synthesis","ccr-2026-translational-mechanisms-fulltext-language.md","Vocabulary and collocation bank","Genomics, transcriptomics, and bioinformatics","168","conventional-term-or-collocation"
"CCRLANG-0747","2026-09-14","estimated","methods","abstract;introduction;results;discussion","terminology","genomics-transcriptomics-bioinformatics","vocabulary","mixed","ccr-2026-translational-mechanisms-5","41649868;41817317;42507545","subsection-synthesis","ccr-2026-translational-mechanisms-fulltext-language.md","Vocabulary and collocation bank","Genomics, transcriptomics, and bioinformatics","170","conventional-term-or-collocation"
"CCRLANG-0748","2026-09-14","inferred","methods","abstract;introduction;results;discussion","terminology","genomics-transcriptomics-bioinformatics","vocabulary","mixed","ccr-2026-translational-mechanisms-5","41649868;41817317;42507545","subsection-synthesis","ccr-2026-translational-mechanisms-fulltext-language.md","Vocabulary and collocation bank","Genomics, transcriptomics, and bioinformatics","170","conventional-term-or-collocation"
"CCRLANG-0749","2026-09-14","deconvolved","methods","abstract;introduction;results;discussion","terminology","genomics-transcriptomics-bioinformatics","vocabulary","mixed","ccr-2026-translational-mechanisms-5","41649868;41817317;42507545","subsection-synthesis","ccr-2026-translational-mechanisms-fulltext-language.md","Vocabulary and collocation bank","Genomics, transcriptomics, and bioinformatics","170","conventional-term-or-collocation"
"CCRLANG-0750","2026-09-14","measured","methods","abstract;introduction;results;discussion","terminology","genomics-transcriptomics-bioinformatics","vocabulary","mixed","ccr-2026-translational-mechanisms-5","41649868;41817317;42507545","subsection-synthesis","ccr-2026-translational-mechanisms-fulltext-language.md","Vocabulary and collocation bank","Genomics, transcriptomics, and bioinformatics","170","conventional-term-or-collocation"
"CCRLANG-0751","2026-09-14","CRISPR/Cas9-engineered cell line","methods","introduction;results;discussion;conclusion","terminology","preclinical-translational-experiments","vocabulary","mixed","ccr-2026-translational-mechanisms-5","41649868;41837748;42148884","subsection-synthesis","ccr-2026-translational-mechanisms-fulltext-language.md","Vocabulary and collocation bank","Basic and translational experiments","174","conventional-term-or-collocation"
"CCRLANG-0752","2026-09-14","isogenic model","methods","introduction;results;discussion;conclusion","terminology","preclinical-translational-experiments","vocabulary","mixed","ccr-2026-translational-mechanisms-5","41649868;41837748;42148884","subsection-synthesis","ccr-2026-translational-mechanisms-fulltext-language.md","Vocabulary and collocation bank","Basic and translational experiments","175","conventional-term-or-collocation"
"CCRLANG-0753","2026-09-14","patient-derived cell model","methods","introduction;results;discussion;conclusion","terminology","preclinical-translational-experiments","vocabulary","mixed","ccr-2026-translational-mechanisms-5","41649868;41837748;42148884","subsection-synthesis","ccr-2026-translational-mechanisms-fulltext-language.md","Vocabulary and collocation bank","Basic and translational experiments","176","conventional-term-or-collocation"
"CCRLANG-0754","2026-09-14","syngeneic mouse model","methods","introduction;results;discussion;conclusion","terminology","preclinical-translational-experiments","vocabulary","mixed","ccr-2026-translational-mechanisms-5","41649868;41837748;42148884","subsection-synthesis","ccr-2026-translational-mechanisms-fulltext-language.md","Vocabulary and collocation bank","Basic and translational experiments","177","conventional-term-or-collocation"
"CCRLANG-0755","2026-09-14","human target knock-in mouse","methods","introduction;results;discussion;conclusion","terminology","preclinical-translational-experiments","vocabulary","mixed","ccr-2026-translational-mechanisms-5","41649868;41837748;42148884","subsection-synthesis","ccr-2026-translational-mechanisms-fulltext-language.md","Vocabulary and collocation bank","Basic and translational experiments","178","conventional-term-or-collocation"
"CCRLANG-0756","2026-09-14","subcutaneous xenograft","methods","introduction;results;discussion;conclusion","terminology","preclinical-translational-experiments","vocabulary","mixed","ccr-2026-translational-mechanisms-5","41649868;41837748;42148884","subsection-synthesis","ccr-2026-translational-mechanisms-fulltext-language.md","Vocabulary and collocation bank","Basic and translational experiments","179","conventional-term-or-collocation"
"CCRLANG-0757","2026-09-14","orthotopic intracranial xenograft","methods","introduction;results;discussion;conclusion","terminology","preclinical-translational-experiments","vocabulary","mixed","ccr-2026-translational-mechanisms-5","41649868;41837748;42148884","subsection-synthesis","ccr-2026-translational-mechanisms-fulltext-language.md","Vocabulary and collocation bank","Basic and translational experiments","180","conventional-term-or-collocation"
"CCRLANG-0758","2026-09-14","tumor rechallenge","methods","introduction;results;discussion;conclusion","terminology","preclinical-translational-experiments","vocabulary","mixed","ccr-2026-translational-mechanisms-5","41649868;41837748;42148884","subsection-synthesis","ccr-2026-translational-mechanisms-fulltext-language.md","Vocabulary and collocation bank","Basic and translational experiments","181","conventional-term-or-collocation"
"CCRLANG-0759","2026-09-14","treatment washout period","methods","introduction;results;discussion;conclusion","terminology","preclinical-translational-experiments","vocabulary","mixed","ccr-2026-translational-mechanisms-5","41649868;41837748;42148884","subsection-synthesis","ccr-2026-translational-mechanisms-fulltext-language.md","Vocabulary and collocation bank","Basic and translational experiments","182","conventional-term-or-collocation"
"CCRLANG-0760","2026-09-14","bioluminescence imaging","methods","introduction;results;discussion;conclusion","terminology","preclinical-translational-experiments","vocabulary","mixed","ccr-2026-translational-mechanisms-5","41649868;41837748;42148884","subsection-synthesis","ccr-2026-translational-mechanisms-fulltext-language.md","Vocabulary and collocation bank","Basic and translational experiments","183","conventional-term-or-collocation"
"CCRLANG-0761","2026-09-14","multiplex immunofluorescence","methods","introduction;results;discussion;conclusion","terminology","preclinical-translational-experiments","vocabulary","mixed","ccr-2026-translational-mechanisms-5","41649868;41837748;42148884","subsection-synthesis","ccr-2026-translational-mechanisms-fulltext-language.md","Vocabulary and collocation bank","Basic and translational experiments","184","conventional-term-or-collocation"
"CCRLANG-0762","2026-09-14","immunohistochemical H-score","methods","introduction;results;discussion;conclusion","terminology","preclinical-translational-experiments","vocabulary","mixed","ccr-2026-translational-mechanisms-5","41649868;41837748;42148884","subsection-synthesis","ccr-2026-translational-mechanisms-fulltext-language.md","Vocabulary and collocation bank","Basic and translational experiments","185","conventional-term-or-collocation"
"CCRLANG-0763","2026-09-14","phospho-protein immunoblotting","methods","introduction;results;discussion;conclusion","terminology","preclinical-translational-experiments","vocabulary","mixed","ccr-2026-translational-mechanisms-5","41649868;41837748;42148884","subsection-synthesis","ccr-2026-translational-mechanisms-fulltext-language.md","Vocabulary and collocation bank","Basic and translational experiments","186","conventional-term-or-collocation"
"CCRLANG-0764","2026-09-14","flow-cytometric phenotyping","methods","introduction;results;discussion;conclusion","terminology","preclinical-translational-experiments","vocabulary","mixed","ccr-2026-translational-mechanisms-5","41649868;41837748;42148884","subsection-synthesis","ccr-2026-translational-mechanisms-fulltext-language.md","Vocabulary and collocation bank","Basic and translational experiments","187","conventional-term-or-collocation"
"CCRLANG-0765","2026-09-14","transwell coculture","methods","introduction;results;discussion;conclusion","terminology","preclinical-translational-experiments","vocabulary","mixed","ccr-2026-translational-mechanisms-5","41649868;41837748;42148884","subsection-synthesis","ccr-2026-translational-mechanisms-fulltext-language.md","Vocabulary and collocation bank","Basic and translational experiments","188","conventional-term-or-collocation"
"CCRLANG-0766","2026-09-14","receptor knockout experiment","methods","introduction;results;discussion;conclusion","terminology","preclinical-translational-experiments","vocabulary","mixed","ccr-2026-translational-mechanisms-5","41649868;41837748;42148884","subsection-synthesis","ccr-2026-translational-mechanisms-fulltext-language.md","Vocabulary and collocation bank","Basic and translational experiments","189","conventional-term-or-collocation"
"CCRLANG-0767","2026-09-14","SEB-stimulated peripheral blood mononuclear cell assay","methods","introduction;results;discussion;conclusion","terminology","preclinical-translational-experiments","vocabulary","mixed","ccr-2026-translational-mechanisms-5","41649868;41837748;42148884","subsection-synthesis","ccr-2026-translational-mechanisms-fulltext-language.md","Vocabulary and collocation bank","Basic and translational experiments","190","conventional-term-or-collocation"
"CCRLANG-0768","2026-09-14","nonhuman-primate toxicology study","methods","introduction;results;discussion;conclusion","terminology","preclinical-translational-experiments","vocabulary","mixed","ccr-2026-translational-mechanisms-5","41649868;41837748;42148884","subsection-synthesis","ccr-2026-translational-mechanisms-fulltext-language.md","Vocabulary and collocation bank","Basic and translational experiments","191","conventional-term-or-collocation"
"CCRLANG-0769","2026-09-14","pharmacokinetic exposure","methods","introduction;results;discussion;conclusion","terminology","preclinical-translational-experiments","vocabulary","mixed","ccr-2026-translational-mechanisms-5","41649868;41837748;42148884","subsection-synthesis","ccr-2026-translational-mechanisms-fulltext-language.md","Vocabulary and collocation bank","Basic and translational experiments","192","conventional-term-or-collocation"
"CCRLANG-0770","2026-09-14","pharmacodynamic readout","methods","introduction;results;discussion;conclusion","terminology","preclinical-translational-experiments","vocabulary","mixed","ccr-2026-translational-mechanisms-5","41649868;41837748;42148884","subsection-synthesis","ccr-2026-translational-mechanisms-fulltext-language.md","Vocabulary and collocation bank","Basic and translational experiments","193","conventional-term-or-collocation"
"CCRLANG-0771","2026-09-14","orthogonal experimental support","methods","introduction;results;discussion;conclusion","terminology","preclinical-translational-experiments","vocabulary","mixed","ccr-2026-translational-mechanisms-5","41649868;41837748;42148884","subsection-synthesis","ccr-2026-translational-mechanisms-fulltext-language.md","Vocabulary and collocation bank","Basic and translational experiments","194","conventional-term-or-collocation"
"CCRLANG-0772","2026-09-14","half-maximal inhibitory concentration (IC50)","results","abstract;methods;discussion;conclusion","terminology","efficacy-activity-safety","vocabulary","mixed","ccr-2026-translational-mechanisms-5","41649868;41817317;41837748;42148884;42507545","batch-synthesis","ccr-2026-translational-mechanisms-fulltext-language.md","Vocabulary and collocation bank","Efficacy, activity, and safety endpoints","198","conventional-term-or-collocation"
"CCRLANG-0773","2026-09-14","90% inhibitory concentration (IC90)","results","abstract;methods;discussion;conclusion","terminology","efficacy-activity-safety","vocabulary","mixed","ccr-2026-translational-mechanisms-5","41649868;41817317;41837748;42148884;42507545","batch-synthesis","ccr-2026-translational-mechanisms-fulltext-language.md","Vocabulary and collocation bank","Efficacy, activity, and safety endpoints","198","conventional-term-or-collocation"
"CCRLANG-0774","2026-09-14","area under the concentration-response curve","results","abstract;methods;discussion;conclusion","terminology","efficacy-activity-safety","vocabulary","mixed","ccr-2026-translational-mechanisms-5","41649868;41817317;41837748;42148884;42507545","batch-synthesis","ccr-2026-translational-mechanisms-fulltext-language.md","Vocabulary and collocation bank","Efficacy, activity, and safety endpoints","199","conventional-term-or-collocation"
"CCRLANG-0775","2026-09-14","tumor growth inhibition (TGI)","results","abstract;methods;discussion;conclusion","terminology","efficacy-activity-safety","vocabulary","mixed","ccr-2026-translational-mechanisms-5","41649868;41817317;41837748;42148884;42507545","batch-synthesis","ccr-2026-translational-mechanisms-fulltext-language.md","Vocabulary and collocation bank","Efficacy, activity, and safety endpoints","200","conventional-term-or-collocation"
"CCRLANG-0776","2026-09-14","tumor regression","results","abstract;methods;discussion;conclusion","terminology","efficacy-activity-safety","vocabulary","mixed","ccr-2026-translational-mechanisms-5","41649868;41817317;41837748;42148884;42507545","batch-synthesis","ccr-2026-translational-mechanisms-fulltext-language.md","Vocabulary and collocation bank","Efficacy, activity, and safety endpoints","201","conventional-term-or-collocation"
"CCRLANG-0777","2026-09-14","durable tumor control","results","abstract;methods;discussion;conclusion","terminology","efficacy-activity-safety","vocabulary","mixed","ccr-2026-translational-mechanisms-5","41649868;41817317;41837748;42148884;42507545","batch-synthesis","ccr-2026-translational-mechanisms-fulltext-language.md","Vocabulary and collocation bank","Efficacy, activity, and safety endpoints","201","conventional-term-or-collocation"
"CCRLANG-0778","2026-09-14","tumor-free proportion","results","abstract;methods;discussion;conclusion","terminology","efficacy-activity-safety","vocabulary","mixed","ccr-2026-translational-mechanisms-5","41649868;41817317;41837748;42148884;42507545","batch-synthesis","ccr-2026-translational-mechanisms-fulltext-language.md","Vocabulary and collocation bank","Efficacy, activity, and safety endpoints","202","conventional-term-or-collocation"
"CCRLANG-0779","2026-09-14","complete response in a mouse model","results","abstract;methods;discussion;conclusion","terminology","efficacy-activity-safety","vocabulary","mixed","ccr-2026-translational-mechanisms-5","41649868;41817317;41837748;42148884;42507545","batch-synthesis","ccr-2026-translational-mechanisms-fulltext-language.md","Vocabulary and collocation bank","Efficacy, activity, and safety endpoints","202","conventional-term-or-collocation"
"CCRLANG-0780","2026-09-14","best overall response (BOR)","results","abstract;methods;discussion;conclusion","terminology","efficacy-activity-safety","vocabulary","mixed","ccr-2026-translational-mechanisms-5","41649868;41817317;41837748;42148884;42507545","batch-synthesis","ccr-2026-translational-mechanisms-fulltext-language.md","Vocabulary and collocation bank","Efficacy, activity, and safety endpoints","203","conventional-term-or-collocation"
"CCRLANG-0781","2026-09-14","partial response","results","abstract;methods;discussion;conclusion","terminology","efficacy-activity-safety","vocabulary","mixed","ccr-2026-translational-mechanisms-5","41649868;41817317;41837748;42148884;42507545","batch-synthesis","ccr-2026-translational-mechanisms-fulltext-language.md","Vocabulary and collocation bank","Efficacy, activity, and safety endpoints","204","conventional-term-or-collocation"
"CCRLANG-0782","2026-09-14","stable disease","results","abstract;methods;discussion;conclusion","terminology","efficacy-activity-safety","vocabulary","mixed","ccr-2026-translational-mechanisms-5","41649868;41817317;41837748;42148884;42507545","batch-synthesis","ccr-2026-translational-mechanisms-fulltext-language.md","Vocabulary and collocation bank","Efficacy, activity, and safety endpoints","204","conventional-term-or-collocation"
"CCRLANG-0783","2026-09-14","progressive disease","results","abstract;methods;discussion;conclusion","terminology","efficacy-activity-safety","vocabulary","mixed","ccr-2026-translational-mechanisms-5","41649868;41817317;41837748;42148884;42507545","batch-synthesis","ccr-2026-translational-mechanisms-fulltext-language.md","Vocabulary and collocation bank","Efficacy, activity, and safety endpoints","204","conventional-term-or-collocation"
"CCRLANG-0784","2026-09-14","time to next treatment (TTNT)","results","abstract;methods;discussion;conclusion","terminology","efficacy-activity-safety","vocabulary","mixed","ccr-2026-translational-mechanisms-5","41649868;41817317;41837748;42148884;42507545","batch-synthesis","ccr-2026-translational-mechanisms-fulltext-language.md","Vocabulary and collocation bank","Efficacy, activity, and safety endpoints","205","conventional-term-or-collocation"
"CCRLANG-0785","2026-09-14","progression-free survival (PFS)","results","abstract;methods;discussion;conclusion","terminology","efficacy-activity-safety","vocabulary","mixed","ccr-2026-translational-mechanisms-5","41649868;41817317;41837748;42148884;42507545","batch-synthesis","ccr-2026-translational-mechanisms-fulltext-language.md","Vocabulary and collocation bank","Efficacy, activity, and safety endpoints","206","conventional-term-or-collocation"
"CCRLANG-0786","2026-09-14","overall survival (OS)","results","abstract;methods;discussion;conclusion","terminology","efficacy-activity-safety","vocabulary","mixed","ccr-2026-translational-mechanisms-5","41649868;41817317;41837748;42148884;42507545","batch-synthesis","ccr-2026-translational-mechanisms-fulltext-language.md","Vocabulary and collocation bank","Efficacy, activity, and safety endpoints","206","conventional-term-or-collocation"
"CCRLANG-0787","2026-09-14","restricted mean survival time","results","abstract;methods;discussion;conclusion","terminology","efficacy-activity-safety","vocabulary","mixed","ccr-2026-translational-mechanisms-5","41649868;41817317;41837748;42148884;42507545","batch-synthesis","ccr-2026-translational-mechanisms-fulltext-language.md","Vocabulary and collocation bank","Efficacy, activity, and safety endpoints","207","conventional-term-or-collocation"
"CCRLANG-0788","2026-09-14","cumulative incidence function","results","abstract;methods;discussion;conclusion","terminology","efficacy-activity-safety","vocabulary","mixed","ccr-2026-translational-mechanisms-5","41649868;41817317;41837748;42148884;42507545","batch-synthesis","ccr-2026-translational-mechanisms-fulltext-language.md","Vocabulary and collocation bank","Efficacy, activity, and safety endpoints","208","conventional-term-or-collocation"
"CCRLANG-0789","2026-09-14","highest nonseverely toxic dose (HNSTD)","results","abstract;methods;discussion;conclusion","terminology","efficacy-activity-safety","vocabulary","mixed","ccr-2026-translational-mechanisms-5","41649868;41817317;41837748;42148884;42507545","batch-synthesis","ccr-2026-translational-mechanisms-fulltext-language.md","Vocabulary and collocation bank","Efficacy, activity, and safety endpoints","209","conventional-term-or-collocation"
"CCRLANG-0790","2026-09-14","body-weight trajectory","results","abstract;methods;discussion;conclusion","terminology","efficacy-activity-safety","vocabulary","mixed","ccr-2026-translational-mechanisms-5","41649868;41817317;41837748;42148884;42507545","batch-synthesis","ccr-2026-translational-mechanisms-fulltext-language.md","Vocabulary and collocation bank","Efficacy, activity, and safety endpoints","210","conventional-term-or-collocation"
"CCRLANG-0791","2026-09-14","inflammation score","results","abstract;methods;discussion;conclusion","terminology","efficacy-activity-safety","vocabulary","mixed","ccr-2026-translational-mechanisms-5","41649868;41817317;41837748;42148884;42507545","batch-synthesis","ccr-2026-translational-mechanisms-fulltext-language.md","Vocabulary and collocation bank","Efficacy, activity, and safety endpoints","211","conventional-term-or-collocation"
"CCRLANG-0792","2026-09-14","peripheral cytokine induction","results","abstract;methods;discussion;conclusion","terminology","efficacy-activity-safety","vocabulary","mixed","ccr-2026-translational-mechanisms-5","41649868;41817317;41837748;42148884;42507545","batch-synthesis","ccr-2026-translational-mechanisms-fulltext-language.md","Vocabulary and collocation bank","Efficacy, activity, and safety endpoints","212","conventional-term-or-collocation"
"CCRLANG-0793","2026-09-14","two-tailed P value","results","abstract;methods;discussion;conclusion","terminology","statistics","vocabulary","mixed","ccr-2026-translational-mechanisms-5","41649868;41817317;41837748;42148884;42507545","batch-synthesis","ccr-2026-translational-mechanisms-fulltext-language.md","Vocabulary and collocation bank","Statistical reporting","218","conventional-term-or-collocation"
"CCRLANG-0794","2026-09-14","false-discovery-rate-adjusted P value","results","abstract;methods;discussion;conclusion","terminology","statistics","vocabulary","mixed","ccr-2026-translational-mechanisms-5","41649868;41817317;41837748;42148884;42507545","batch-synthesis","ccr-2026-translational-mechanisms-fulltext-language.md","Vocabulary and collocation bank","Statistical reporting","219","conventional-term-or-collocation"
"CCRLANG-0795","2026-09-14","FDR q value","results","abstract;methods;discussion;conclusion","terminology","statistics","vocabulary","mixed","ccr-2026-translational-mechanisms-5","41649868;41817317;41837748;42148884;42507545","batch-synthesis","ccr-2026-translational-mechanisms-fulltext-language.md","Vocabulary and collocation bank","Statistical reporting","219","conventional-term-or-collocation"
"CCRLANG-0796","2026-09-14","Dunnett-adjusted comparison with the reference group","results","abstract;methods;discussion;conclusion","terminology","statistics","vocabulary","mixed","ccr-2026-translational-mechanisms-5","41649868;41817317;41837748;42148884;42507545","batch-synthesis","ccr-2026-translational-mechanisms-fulltext-language.md","Vocabulary and collocation bank","Statistical reporting","220","conventional-term-or-collocation"
"CCRLANG-0797","2026-09-14","Bonferroni- or Sidak-adjusted multiple comparison","results","abstract;methods;discussion;conclusion","terminology","statistics","vocabulary","mixed","ccr-2026-translational-mechanisms-5","41649868;41817317;41837748;42148884;42507545","batch-synthesis","ccr-2026-translational-mechanisms-fulltext-language.md","Vocabulary and collocation bank","Statistical reporting","221","conventional-term-or-collocation"
"CCRLANG-0798","2026-09-14","Mann-Whitney U test","results","abstract;methods;discussion;conclusion","terminology","statistics","vocabulary","mixed","ccr-2026-translational-mechanisms-5","41649868;41817317;41837748;42148884;42507545","batch-synthesis","ccr-2026-translational-mechanisms-fulltext-language.md","Vocabulary and collocation bank","Statistical reporting","222","conventional-term-or-collocation"
"CCRLANG-0799","2026-09-14","Kruskal-Wallis H test","results","abstract;methods;discussion;conclusion","terminology","statistics","vocabulary","mixed","ccr-2026-translational-mechanisms-5","41649868;41817317;41837748;42148884;42507545","batch-synthesis","ccr-2026-translational-mechanisms-fulltext-language.md","Vocabulary and collocation bank","Statistical reporting","222","conventional-term-or-collocation"
"CCRLANG-0800","2026-09-14","Fisher exact test","results","abstract;methods;discussion;conclusion","terminology","statistics","vocabulary","mixed","ccr-2026-translational-mechanisms-5","41649868;41817317;41837748;42148884;42507545","batch-synthesis","ccr-2026-translational-mechanisms-fulltext-language.md","Vocabulary and collocation bank","Statistical reporting","223","conventional-term-or-collocation"
"CCRLANG-0801","2026-09-14","chi-square test","results","abstract;methods;discussion;conclusion","terminology","statistics","vocabulary","mixed","ccr-2026-translational-mechanisms-5","41649868;41817317;41837748;42148884;42507545","batch-synthesis","ccr-2026-translational-mechanisms-fulltext-language.md","Vocabulary and collocation bank","Statistical reporting","223","conventional-term-or-collocation"
"CCRLANG-0802","2026-09-14","one-way or two-way analysis of variance","results","abstract;methods;discussion;conclusion","terminology","statistics","vocabulary","mixed","ccr-2026-translational-mechanisms-5","41649868;41817317;41837748;42148884;42507545","batch-synthesis","ccr-2026-translational-mechanisms-fulltext-language.md","Vocabulary and collocation bank","Statistical reporting","224","conventional-term-or-collocation"
"CCRLANG-0803","2026-09-14","repeated-measures analysis of variance","results","abstract;methods;discussion;conclusion","terminology","statistics","vocabulary","mixed","ccr-2026-translational-mechanisms-5","41649868;41817317;41837748;42148884;42507545","batch-synthesis","ccr-2026-translational-mechanisms-fulltext-language.md","Vocabulary and collocation bank","Statistical reporting","225","conventional-term-or-collocation"
"CCRLANG-0804","2026-09-14","Spearman rank correlation","results","abstract;methods;discussion;conclusion","terminology","statistics","vocabulary","mixed","ccr-2026-translational-mechanisms-5","41649868;41817317;41837748;42148884;42507545","batch-synthesis","ccr-2026-translational-mechanisms-fulltext-language.md","Vocabulary and collocation bank","Statistical reporting","226","conventional-term-or-collocation"
"CCRLANG-0805","2026-09-14","Kaplan-Meier estimate","results","abstract;methods;discussion;conclusion","terminology","statistics","vocabulary","mixed","ccr-2026-translational-mechanisms-5","41649868;41817317;41837748;42148884;42507545","batch-synthesis","ccr-2026-translational-mechanisms-fulltext-language.md","Vocabulary and collocation bank","Statistical reporting","227","conventional-term-or-collocation"
"CCRLANG-0806","2026-09-14","log-rank comparison","results","abstract;methods;discussion;conclusion","terminology","statistics","vocabulary","mixed","ccr-2026-translational-mechanisms-5","41649868;41817317;41837748;42148884;42507545","batch-synthesis","ccr-2026-translational-mechanisms-fulltext-language.md","Vocabulary and collocation bank","Statistical reporting","227","conventional-term-or-collocation"
"CCRLANG-0807","2026-09-14","Gehan-Breslow-Wilcoxon test","results","abstract;methods;discussion;conclusion","terminology","statistics","vocabulary","mixed","ccr-2026-translational-mechanisms-5","41649868;41817317;41837748;42148884;42507545","batch-synthesis","ccr-2026-translational-mechanisms-fulltext-language.md","Vocabulary and collocation bank","Statistical reporting","228","conventional-term-or-collocation"
"CCRLANG-0808","2026-09-14","Cox proportional hazards model","results","abstract;methods;discussion;conclusion","terminology","statistics","vocabulary","mixed","ccr-2026-translational-mechanisms-5","41649868;41817317;41837748;42148884;42507545","batch-synthesis","ccr-2026-translational-mechanisms-fulltext-language.md","Vocabulary and collocation bank","Statistical reporting","229","conventional-term-or-collocation"
"CCRLANG-0809","2026-09-14","multivariable-adjusted hazard ratio","results","abstract;methods;discussion;conclusion","terminology","statistics","vocabulary","mixed","ccr-2026-translational-mechanisms-5","41649868;41817317;41837748;42148884;42507545","batch-synthesis","ccr-2026-translational-mechanisms-fulltext-language.md","Vocabulary and collocation bank","Statistical reporting","230","conventional-term-or-collocation"
"CCRLANG-0810","2026-09-14","likelihood-ratio test","results","abstract;methods;discussion;conclusion","terminology","statistics","vocabulary","mixed","ccr-2026-translational-mechanisms-5","41649868;41817317;41837748;42148884;42507545","batch-synthesis","ccr-2026-translational-mechanisms-fulltext-language.md","Vocabulary and collocation bank","Statistical reporting","231","conventional-term-or-collocation"
"CCRLANG-0811","2026-09-14","competing-risk analysis","results","abstract;methods;discussion;conclusion","terminology","statistics","vocabulary","mixed","ccr-2026-translational-mechanisms-5","41649868;41817317;41837748;42148884;42507545","batch-synthesis","ccr-2026-translational-mechanisms-fulltext-language.md","Vocabulary and collocation bank","Statistical reporting","232","conventional-term-or-collocation"
"CCRLANG-0812","2026-09-14","Gray test","results","abstract;methods;discussion;conclusion","terminology","statistics","vocabulary","mixed","ccr-2026-translational-mechanisms-5","41649868;41817317;41837748;42148884;42507545","batch-synthesis","ccr-2026-translational-mechanisms-fulltext-language.md","Vocabulary and collocation bank","Statistical reporting","232","conventional-term-or-collocation"
"CCRLANG-0813","2026-09-14","right-censoring","results","abstract;methods;discussion;conclusion","terminology","statistics","vocabulary","mixed","ccr-2026-translational-mechanisms-5","41649868;41817317;41837748;42148884;42507545","batch-synthesis","ccr-2026-translational-mechanisms-fulltext-language.md","Vocabulary and collocation bank","Statistical reporting","233","conventional-term-or-collocation"
"CCRLANG-0814","2026-09-14","risk-set adjustment","results","abstract;methods;discussion;conclusion","terminology","statistics","vocabulary","mixed","ccr-2026-translational-mechanisms-5","41649868;41817317;41837748;42148884;42507545","batch-synthesis","ccr-2026-translational-mechanisms-fulltext-language.md","Vocabulary and collocation bank","Statistical reporting","234","conventional-term-or-collocation"
"CCRLANG-0815","2026-09-14","left truncation","results","abstract;methods;discussion;conclusion","terminology","statistics","vocabulary","mixed","ccr-2026-translational-mechanisms-5","41649868;41817317;41837748;42148884;42507545","batch-synthesis","ccr-2026-translational-mechanisms-fulltext-language.md","Vocabulary and collocation bank","Statistical reporting","235","conventional-term-or-collocation"
"CCRLANG-0816","2026-09-14","immortal-time bias","results","abstract;methods;discussion;conclusion","terminology","statistics","vocabulary","mixed","ccr-2026-translational-mechanisms-5","41649868;41817317;41837748;42148884;42507545","batch-synthesis","ccr-2026-translational-mechanisms-fulltext-language.md","Vocabulary and collocation bank","Statistical reporting","235","conventional-term-or-collocation"
"CCRLANG-0817","2026-09-14","prespecified sensitivity analysis","results","abstract;methods;discussion;conclusion","terminology","statistics","vocabulary","mixed","ccr-2026-translational-mechanisms-5","41649868;41817317;41837748;42148884;42507545","batch-synthesis","ccr-2026-translational-mechanisms-fulltext-language.md","Vocabulary and collocation bank","Statistical reporting","236","conventional-term-or-collocation"
"CCRLANG-0818","2026-09-14","subgroup analysis with limited power","results","abstract;methods;discussion;conclusion","terminology","statistics","vocabulary","mixed","ccr-2026-translational-mechanisms-5","41649868;41817317;41837748;42148884;42507545","batch-synthesis","ccr-2026-translational-mechanisms-fulltext-language.md","Vocabulary and collocation bank","Statistical reporting","237","conventional-term-or-collocation"
"CCRLANG-0819","2026-09-14","nominal significance without multiplicity control","results","abstract;methods;discussion;conclusion","terminology","statistics","vocabulary","mixed","ccr-2026-translational-mechanisms-5","41649868;41817317;41837748;42148884;42507545","batch-synthesis","ccr-2026-translational-mechanisms-fulltext-language.md","Vocabulary and collocation bank","Statistical reporting","238","conventional-term-or-collocation"
"CCRLANG-0820","2026-09-14","formal power calculation was not performed","results","abstract;methods;discussion;conclusion","terminology","statistics","vocabulary","mixed","ccr-2026-translational-mechanisms-5","41649868;41817317;41837748;42148884;42507545","batch-synthesis","ccr-2026-translational-mechanisms-fulltext-language.md","Vocabulary and collocation bank","Statistical reporting","239","conventional-term-or-collocation"
"CCRLANG-0821","2026-09-14","[Resistance alteration] is an increasingly recognized mechanism of acquired resistance to [therapy].","introduction","abstract-background;abstract-objective","background-gap-objective","mixed-biomedical","sentence-frame","mixed","ccr-2026-translational-mechanisms-5","41649868;41817317;41837748;42148884;42507545","batch-synthesis","ccr-2026-translational-mechanisms-fulltext-language.md","Section-specific phrase frames","Introduction: clinical problem, mechanism, and gap","247","synthetic-frame"
"CCRLANG-0822","2026-09-14","Effective treatment options remain limited after emergence of [alteration].","introduction","abstract-background;abstract-objective","background-gap-objective","mixed-biomedical","sentence-frame","mixed","ccr-2026-translational-mechanisms-5","41649868;41817317;41837748;42148884;42507545","batch-synthesis","ccr-2026-translational-mechanisms-fulltext-language.md","Section-specific phrase frames","Introduction: clinical problem, mechanism, and gap","248","synthetic-frame"
"CCRLANG-0823","2026-09-14","Strategies that preserve [desired on-target effect] while limiting [systemic or off-tumor effect] are needed.","introduction","abstract-background;abstract-objective","background-gap-objective","mixed-biomedical","sentence-frame","mixed","ccr-2026-translational-mechanisms-5","41649868;41817317;41837748;42148884;42507545","batch-synthesis","ccr-2026-translational-mechanisms-fulltext-language.md","Section-specific phrase frames","Introduction: clinical problem, mechanism, and gap","249","synthetic-frame"
"CCRLANG-0824","2026-09-14","[Molecular event] frequently encompasses neighboring genes, complicating attribution of its clinical effects.","introduction","abstract-background;abstract-objective","background-gap-objective","mixed-biomedical","sentence-frame","mixed","ccr-2026-translational-mechanisms-5","41649868;41817317;41837748;42148884;42507545","batch-synthesis","ccr-2026-translational-mechanisms-fulltext-language.md","Section-specific phrase frames","Introduction: clinical problem, mechanism, and gap","250","synthetic-frame"
"CCRLANG-0825","2026-09-14","The prognostic and treatment-specific implications of [marker] remain incompletely defined.","introduction","abstract-background;abstract-objective","background-gap-objective","mixed-biomedical","sentence-frame","mixed","ccr-2026-translational-mechanisms-5","41649868;41817317;41837748;42148884;42507545","batch-synthesis","ccr-2026-translational-mechanisms-fulltext-language.md","Section-specific phrase frames","Introduction: clinical problem, mechanism, and gap","251","synthetic-frame"
"CCRLANG-0826","2026-09-14","Whether [immune population] contributes to [clinical event] during checkpoint blockade remains unclear.","introduction","abstract-background;abstract-objective","background-gap-objective","mixed-biomedical","sentence-frame","mixed","ccr-2026-translational-mechanisms-5","41649868;41817317;41837748;42148884;42507545","batch-synthesis","ccr-2026-translational-mechanisms-fulltext-language.md","Section-specific phrase frames","Introduction: clinical problem, mechanism, and gap","252","synthetic-frame"
"CCRLANG-0827","2026-09-14","The brain-metastasis microenvironment may differ from extracranial disease in ways that alter local immunity.","introduction","abstract-background;abstract-objective","background-gap-objective","mixed-biomedical","sentence-frame","mixed","ccr-2026-translational-mechanisms-5","41649868;41817317;41837748;42148884;42507545","batch-synthesis","ccr-2026-translational-mechanisms-fulltext-language.md","Section-specific phrase frames","Introduction: clinical problem, mechanism, and gap","253","synthetic-frame"
"CCRLANG-0828","2026-09-14","To address this gap, we integrated [clinical/genomic] analysis with [orthogonal experimental approach].","introduction","abstract-background;abstract-objective","background-gap-objective","mixed-biomedical","sentence-frame","mixed","ccr-2026-translational-mechanisms-5","41649868;41817317;41837748;42148884;42507545","batch-synthesis","ccr-2026-translational-mechanisms-fulltext-language.md","Section-specific phrase frames","Introduction: clinical problem, mechanism, and gap","254","synthetic-frame"
"CCRLANG-0829","2026-09-14","We sought to distinguish [descriptive association] from [mechanistic or predictive hypothesis].","introduction","abstract-background;abstract-objective","background-gap-objective","mixed-biomedical","sentence-frame","mixed","ccr-2026-translational-mechanisms-5","41649868;41817317;41837748;42148884;42507545","batch-synthesis","ccr-2026-translational-mechanisms-fulltext-language.md","Section-specific phrase frames","Introduction: clinical problem, mechanism, and gap","255","synthetic-frame"
"CCRLANG-0830","2026-09-14","This is the first...","introduction","abstract-background;abstract-objective","background-gap-objective","mixed-biomedical","sentence-frame","mixed","ccr-2026-translational-mechanisms-5","41649868;41817317;41837748;42148884;42507545","batch-synthesis","ccr-2026-translational-mechanisms-fulltext-language.md","Section-specific phrase frames","Introduction: clinical problem, mechanism, and gap","257","synthetic-frame"
"CCRLANG-0831","2026-09-14","This is the largest...","introduction","abstract-background;abstract-objective","background-gap-objective","mixed-biomedical","sentence-frame","mixed","ccr-2026-translational-mechanisms-5","41649868;41817317;41837748;42148884;42507545","batch-synthesis","ccr-2026-translational-mechanisms-fulltext-language.md","Section-specific phrase frames","Introduction: clinical problem, mechanism, and gap","257","synthetic-frame"
"CCRLANG-0832","2026-09-14","Patients were included if they had [diagnosis], evaluable [assay], and documented [clinical variable].","methods","abstract-methods","population-specimen-definition","clinical-oncology","sentence-frame","descriptive","ccr-2026-translational-mechanisms-5","41649868;41817317;41837748;42148884;42507545","batch-synthesis","ccr-2026-translational-mechanisms-fulltext-language.md","Section-specific phrase frames","Methods: population and specimen definition","261","synthetic-frame"
"CCRLANG-0833","2026-09-14","The analysis was restricted to specimens collected within [window] of [index event].","methods","abstract-methods","population-specimen-definition","clinical-oncology","sentence-frame","descriptive","ccr-2026-translational-mechanisms-5","41649868;41817317;41837748;42148884;42507545","batch-synthesis","ccr-2026-translational-mechanisms-fulltext-language.md","Section-specific phrase frames","Methods: population and specimen definition","262","synthetic-frame"
"CCRLANG-0834","2026-09-14","Samples with estimated tumor purity below [threshold] were excluded because of reduced sensitivity for copy-number calling.","methods","abstract-methods","population-specimen-definition","clinical-oncology","sentence-frame","descriptive","ccr-2026-translational-mechanisms-5","41649868;41817317;41837748;42148884;42507545","batch-synthesis","ccr-2026-translational-mechanisms-fulltext-language.md","Section-specific phrase frames","Methods: population and specimen definition","263","synthetic-frame"
"CCRLANG-0835","2026-09-14","The biomarker-evaluable population comprised randomized patients with interpretable tissue-based genomic profiling.","methods","abstract-methods","population-specimen-definition","clinical-oncology","sentence-frame","descriptive","ccr-2026-translational-mechanisms-5","41649868;41817317;41837748;42148884;42507545","batch-synthesis","ccr-2026-translational-mechanisms-fulltext-language.md","Section-specific phrase frames","Methods: population and specimen definition","264","synthetic-frame"
"CCRLANG-0836","2026-09-14","The validation cohort was temporally distinct from the primary cohort.","methods","abstract-methods","population-specimen-definition","clinical-oncology","sentence-frame","descriptive","ccr-2026-translational-mechanisms-5","41649868;41817317;41837748;42148884;42507545","batch-synthesis","ccr-2026-translational-mechanisms-fulltext-language.md","Section-specific phrase frames","Methods: population and specimen definition","265","synthetic-frame"
"CCRLANG-0837","2026-09-14","Clinical response was abstracted from treating-physician documentation rather than formal RECIST assessment.","methods","abstract-methods","population-specimen-definition","clinical-oncology","sentence-frame","descriptive","ccr-2026-translational-mechanisms-5","41649868;41817317;41837748;42148884;42507545","batch-synthesis","ccr-2026-translational-mechanisms-fulltext-language.md","Section-specific phrase frames","Methods: population and specimen definition","266","synthetic-frame"
"CCRLANG-0838","2026-09-14","At the data cutoff of [date], [N] patients had received at least one dose.","methods","abstract-methods","population-specimen-definition","clinical-oncology","sentence-frame","descriptive","ccr-2026-translational-mechanisms-5","41649868;41817317;41837748;42148884;42507545","batch-synthesis","ccr-2026-translational-mechanisms-fulltext-language.md","Section-specific phrase frames","Methods: population and specimen definition","267","synthetic-frame"
"CCRLANG-0839","2026-09-14","Tumor and matched-normal specimens underwent targeted DNA sequencing, and tumor RNA underwent whole-transcriptome sequencing.","methods","abstract-methods","assay-computation","genomics-transcriptomics-bioinformatics","sentence-frame","descriptive","ccr-2026-translational-mechanisms-5","41649868;41817317;42507545","subsection-synthesis","ccr-2026-translational-mechanisms-fulltext-language.md","Section-specific phrase frames","Methods: omics and bioinformatics","271","synthetic-frame"
"CCRLANG-0840","2026-09-14","Pathogenic or likely pathogenic short variants and prespecified copy-number alterations were retained for analysis.","methods","abstract-methods","assay-computation","genomics-transcriptomics-bioinformatics","sentence-frame","descriptive","ccr-2026-translational-mechanisms-5","41649868;41817317;42507545","subsection-synthesis","ccr-2026-translational-mechanisms-fulltext-language.md","Section-specific phrase frames","Methods: omics and bioinformatics","272","synthetic-frame"
"CCRLANG-0841","2026-09-14","RNA abundance was expressed as log2(TPM + 1).","methods","abstract-methods","assay-computation","genomics-transcriptomics-bioinformatics","sentence-frame","descriptive","ccr-2026-translational-mechanisms-5","41649868;41817317;42507545","subsection-synthesis","ccr-2026-translational-mechanisms-fulltext-language.md","Section-specific phrase frames","Methods: omics and bioinformatics","273","synthetic-frame"
"CCRLANG-0842","2026-09-14","Immune-cell fractions were estimated from bulk RNA-seq using [deconvolution method].","methods","abstract-methods","assay-computation","genomics-transcriptomics-bioinformatics","sentence-frame","descriptive","ccr-2026-translational-mechanisms-5","41649868;41817317;42507545","subsection-synthesis","ccr-2026-translational-mechanisms-fulltext-language.md","Section-specific phrase frames","Methods: omics and bioinformatics","274","synthetic-frame"
"CCRLANG-0843","2026-09-14","Pathway enrichment scores were calculated for each sample using single-sample gene-set enrichment analysis.","methods","abstract-methods","assay-computation","genomics-transcriptomics-bioinformatics","sentence-frame","descriptive","ccr-2026-translational-mechanisms-5","41649868;41817317;42507545","subsection-synthesis","ccr-2026-translational-mechanisms-fulltext-language.md","Section-specific phrase frames","Methods: omics and bioinformatics","275","synthetic-frame"
"CCRLANG-0844","2026-09-14","TCR repertoire diversity, clonality, and density were quantified separately.","methods","abstract-methods","assay-computation","genomics-transcriptomics-bioinformatics","sentence-frame","descriptive","ccr-2026-translational-mechanisms-5","41649868;41817317;42507545","subsection-synthesis","ccr-2026-translational-mechanisms-fulltext-language.md","Section-specific phrase frames","Methods: omics and bioinformatics","276","synthetic-frame"
"CCRLANG-0845","2026-09-14","Copy-number segments were mapped to genes using [annotation release].","methods","abstract-methods","assay-computation","genomics-transcriptomics-bioinformatics","sentence-frame","descriptive","ccr-2026-translational-mechanisms-5","41649868;41817317;42507545","subsection-synthesis","ccr-2026-translational-mechanisms-fulltext-language.md","Section-specific phrase frames","Methods: omics and bioinformatics","277","synthetic-frame"
"CCRLANG-0846","2026-09-14","Co-occurrence and mutual exclusivity were evaluated using [test] and log odds ratios.","methods","abstract-methods","assay-computation","genomics-transcriptomics-bioinformatics","sentence-frame","descriptive","ccr-2026-translational-mechanisms-5","41649868;41817317;42507545","subsection-synthesis","ccr-2026-translational-mechanisms-fulltext-language.md","Section-specific phrase frames","Methods: omics and bioinformatics","278","synthetic-frame"
"CCRLANG-0847","2026-09-14","Multiple-hypothesis correction was performed using the false discovery rate.","methods","abstract-methods","assay-computation","genomics-transcriptomics-bioinformatics","sentence-frame","descriptive","ccr-2026-translational-mechanisms-5","41649868;41817317;42507545","subsection-synthesis","ccr-2026-translational-mechanisms-fulltext-language.md","Section-specific phrase frames","Methods: omics and bioinformatics","279","synthetic-frame"
"CCRLANG-0848","2026-09-14","[Cell model] was engineered to express [specified mutant allele] and confirmed by [assay].","methods","abstract-methods","experimental-pharmacology-procedure","preclinical-pharmacology","sentence-frame","descriptive","ccr-2026-translational-mechanisms-5","41649868;41837748;42148884","subsection-synthesis","ccr-2026-translational-mechanisms-fulltext-language.md","Section-specific phrase frames","Methods: preclinical and pharmacology","283","synthetic-frame"
"CCRLANG-0849","2026-09-14","Antiproliferative activity was summarized using IC50, IC90, and area-under-the-curve estimates.","methods","abstract-methods","experimental-pharmacology-procedure","preclinical-pharmacology","sentence-frame","descriptive","ccr-2026-translational-mechanisms-5","41649868;41837748;42148884","subsection-synthesis","ccr-2026-translational-mechanisms-fulltext-language.md","Section-specific phrase frames","Methods: preclinical and pharmacology","284","synthetic-frame"
"CCRLANG-0850","2026-09-14","Pathway inhibition was assessed by changes in phosphorylated [target] and downstream [effectors].","methods","abstract-methods","experimental-pharmacology-procedure","preclinical-pharmacology","sentence-frame","descriptive","ccr-2026-translational-mechanisms-5","41649868;41837748;42148884","subsection-synthesis","ccr-2026-translational-mechanisms-fulltext-language.md","Section-specific phrase frames","Methods: preclinical and pharmacology","285","synthetic-frame"
"CCRLANG-0851","2026-09-14","Mice with established tumors were assigned to [treatment groups] and monitored for tumor volume and body weight.","methods","abstract-methods","experimental-pharmacology-procedure","preclinical-pharmacology","sentence-frame","descriptive","ccr-2026-translational-mechanisms-5","41649868;41837748;42148884","subsection-synthesis","ccr-2026-translational-mechanisms-fulltext-language.md","Section-specific phrase frames","Methods: preclinical and pharmacology","286","synthetic-frame"
"CCRLANG-0852","2026-09-14","Intracranial tumor burden was monitored longitudinally by bioluminescence imaging.","methods","abstract-methods","experimental-pharmacology-procedure","preclinical-pharmacology","sentence-frame","descriptive","ccr-2026-translational-mechanisms-5","41649868;41837748;42148884","subsection-synthesis","ccr-2026-translational-mechanisms-fulltext-language.md","Section-specific phrase frames","Methods: preclinical and pharmacology","287","synthetic-frame"
"CCRLANG-0853","2026-09-14","A complete response was defined prospectively as [operational definition].","methods","abstract-methods","experimental-pharmacology-procedure","preclinical-pharmacology","sentence-frame","descriptive","ccr-2026-translational-mechanisms-5","41649868;41837748;42148884","subsection-synthesis","ccr-2026-translational-mechanisms-fulltext-language.md","Section-specific phrase frames","Methods: preclinical and pharmacology","288","synthetic-frame"
"CCRLANG-0854","2026-09-14","Tumor rechallenge was used to assess the persistence of antitumor immune memory.","methods","abstract-methods","experimental-pharmacology-procedure","preclinical-pharmacology","sentence-frame","descriptive","ccr-2026-translational-mechanisms-5","41649868;41837748;42148884","subsection-synthesis","ccr-2026-translational-mechanisms-fulltext-language.md","Section-specific phrase frames","Methods: preclinical and pharmacology","289","synthetic-frame"
"CCRLANG-0855","2026-09-14","Pharmacokinetic, pharmacodynamic, and toxicology endpoints were evaluated in nonhuman primates.","methods","abstract-methods","experimental-pharmacology-procedure","preclinical-pharmacology","sentence-frame","descriptive","ccr-2026-translational-mechanisms-5","41649868;41837748;42148884","subsection-synthesis","ccr-2026-translational-mechanisms-fulltext-language.md","Section-specific phrase frames","Methods: preclinical and pharmacology","290","synthetic-frame"
"CCRLANG-0856","2026-09-14","TTNT was defined from first-line treatment initiation to the next line of therapy, death, or last follow-up and was censored at [time].","methods","abstract-methods","endpoint-statistical-analysis","statistics","sentence-frame","descriptive","ccr-2026-translational-mechanisms-5","41649868;41817317;41837748;42148884;42507545","batch-synthesis","ccr-2026-translational-mechanisms-fulltext-language.md","Section-specific phrase frames","Methods: outcomes and statistics","296","synthetic-frame"
"CCRLANG-0857","2026-09-14","Death was treated as a competing event in the cumulative-incidence analysis.","methods","abstract-methods","endpoint-statistical-analysis","statistics","sentence-frame","descriptive","ccr-2026-translational-mechanisms-5","41649868;41817317;41837748;42148884;42507545","batch-synthesis","ccr-2026-translational-mechanisms-fulltext-language.md","Section-specific phrase frames","Methods: outcomes and statistics","297","synthetic-frame"
"CCRLANG-0858","2026-09-14","Risk-set adjustment was used to mitigate left truncation and immortal-time bias.","methods","abstract-methods","endpoint-statistical-analysis","statistics","sentence-frame","descriptive","ccr-2026-translational-mechanisms-5","41649868;41817317;41837748;42148884;42507545","batch-synthesis","ccr-2026-translational-mechanisms-fulltext-language.md","Section-specific phrase frames","Methods: outcomes and statistics","298","synthetic-frame"
"CCRLANG-0859","2026-09-14","Patients sequenced more than [window] after treatment initiation were excluded from the delayed-entry analysis.","methods","abstract-methods","endpoint-statistical-analysis","statistics","sentence-frame","descriptive","ccr-2026-translational-mechanisms-5","41649868;41817317;41837748;42148884;42507545","batch-synthesis","ccr-2026-translational-mechanisms-fulltext-language.md","Section-specific phrase frames","Methods: outcomes and statistics","299","synthetic-frame"
"CCRLANG-0860","2026-09-14","The multivariable model included [covariates selected from the evidence ledger].","methods","abstract-methods","endpoint-statistical-analysis","statistics","sentence-frame","descriptive","ccr-2026-translational-mechanisms-5","41649868;41817317;41837748;42148884;42507545","batch-synthesis","ccr-2026-translational-mechanisms-fulltext-language.md","Section-specific phrase frames","Methods: outcomes and statistics","300","synthetic-frame"
"CCRLANG-0861","2026-09-14","No formal power calculation was performed; sample size was determined by the available retrospective cohort.","methods","abstract-methods","endpoint-statistical-analysis","statistics","sentence-frame","descriptive","ccr-2026-translational-mechanisms-5","41649868;41817317;41837748;42148884;42507545","batch-synthesis","ccr-2026-translational-mechanisms-fulltext-language.md","Section-specific phrase frames","Methods: outcomes and statistics","301","synthetic-frame"
"CCRLANG-0862","2026-09-14","The [time]-restricted analysis was prespecified as a sensitivity analysis.","methods","abstract-methods","endpoint-statistical-analysis","statistics","sentence-frame","descriptive","ccr-2026-translational-mechanisms-5","41649868;41817317;41837748;42148884;42507545","batch-synthesis","ccr-2026-translational-mechanisms-fulltext-language.md","Section-specific phrase frames","Methods: outcomes and statistics","302","synthetic-frame"
"CCRLANG-0863","2026-09-14","Of [N screened], [N analyzed] met the prespecified inclusion criteria.","results","abstract-results","analysis-set-denominator","clinical-statistics","sentence-frame","descriptive","ccr-2026-translational-mechanisms-5","41649868;41817317;41837748;42148884;42507545","batch-synthesis","ccr-2026-translational-mechanisms-fulltext-language.md","Section-specific phrase frames","Results: analysis set and denominator","306","synthetic-frame"
"CCRLANG-0864","2026-09-14","After excluding samples with [technical criterion], [N] remained in the primary analysis.","results","abstract-results","analysis-set-denominator","clinical-statistics","sentence-frame","descriptive","ccr-2026-translational-mechanisms-5","41649868;41817317;41837748;42148884;42507545","batch-synthesis","ccr-2026-translational-mechanisms-fulltext-language.md","Section-specific phrase frames","Results: analysis set and denominator","307","synthetic-frame"
"CCRLANG-0865","2026-09-14","Among [N] evaluable patients, [n] had a partial response and [n] had stable disease.","results","abstract-results","analysis-set-denominator","clinical-statistics","sentence-frame","descriptive","ccr-2026-translational-mechanisms-5","41649868;41817317;41837748;42148884;42507545","batch-synthesis","ccr-2026-translational-mechanisms-fulltext-language.md","Section-specific phrase frames","Results: analysis set and denominator","308","synthetic-frame"
"CCRLANG-0866","2026-09-14","The outcome analysis included [N] patients with documented first-line therapy and eligible sequencing dates.","results","abstract-results","analysis-set-denominator","clinical-statistics","sentence-frame","descriptive","ccr-2026-translational-mechanisms-5","41649868;41817317;41837748;42148884;42507545","batch-synthesis","ccr-2026-translational-mechanisms-fulltext-language.md","Section-specific phrase frames","Results: analysis set and denominator","309","synthetic-frame"
"CCRLANG-0867","2026-09-14","Results are reported for the biomarker-evaluable rather than the intention-to-treat population.","results","abstract-results","analysis-set-denominator","clinical-statistics","sentence-frame","descriptive","ccr-2026-translational-mechanisms-5","41649868;41817317;41837748;42148884;42507545","batch-synthesis","ccr-2026-translational-mechanisms-fulltext-language.md","Section-specific phrase frames","Results: analysis set and denominator","310","synthetic-frame"
"CCRLANG-0868","2026-09-14","[Alteration] was enriched in [group] and depleted in [comparator] after FDR correction.","results","abstract-results;discussion","molecular-omics-finding","genomics-transcriptomics-immunology","sentence-frame","associative","ccr-2026-translational-mechanisms-5","41817317;42507545","subsection-synthesis","ccr-2026-translational-mechanisms-fulltext-language.md","Section-specific phrase frames","Results: molecular and omics findings","314","synthetic-frame"
"CCRLANG-0869","2026-09-14","[Marker-positive] tumors had lower estimated [immune subset] fractions and lower enrichment scores for [pathway].","results","abstract-results;discussion","molecular-omics-finding","genomics-transcriptomics-immunology","sentence-frame","associative","ccr-2026-translational-mechanisms-5","41817317;42507545","subsection-synthesis","ccr-2026-translational-mechanisms-fulltext-language.md","Section-specific phrase frames","Results: molecular and omics findings","315","synthetic-frame"
"CCRLANG-0870","2026-09-14","The association was reproduced in a temporally distinct validation cohort.","results","abstract-results;discussion","molecular-omics-finding","genomics-transcriptomics-immunology","sentence-frame","associative","ccr-2026-translational-mechanisms-5","41817317;42507545","subsection-synthesis","ccr-2026-translational-mechanisms-fulltext-language.md","Section-specific phrase frames","Results: molecular and omics findings","316","synthetic-frame"
"CCRLANG-0871","2026-09-14","TCR diversity increased after [exposure], whereas clonality and density were not significantly altered.","results","abstract-results;discussion","molecular-omics-finding","genomics-transcriptomics-immunology","sentence-frame","associative","ccr-2026-translational-mechanisms-5","41817317;42507545","subsection-synthesis","ccr-2026-translational-mechanisms-fulltext-language.md","Section-specific phrase frames","Results: molecular and omics findings","317","synthetic-frame"
"CCRLANG-0872","2026-09-14","Higher [immune metric] was independently associated with [survival endpoint] after adjustment for [covariates].","results","abstract-results;discussion","molecular-omics-finding","genomics-transcriptomics-immunology","sentence-frame","associative","ccr-2026-translational-mechanisms-5","41817317;42507545","subsection-synthesis","ccr-2026-translational-mechanisms-fulltext-language.md","Section-specific phrase frames","Results: molecular and omics findings","318","synthetic-frame"
"CCRLANG-0873","2026-09-14","Expression of [gene] was lower in [deletion class], consistent with the physical extent of the deletion.","results","abstract-results;discussion","molecular-omics-finding","genomics-transcriptomics-immunology","sentence-frame","associative","ccr-2026-translational-mechanisms-5","41817317;42507545","subsection-synthesis","ccr-2026-translational-mechanisms-fulltext-language.md","Section-specific phrase frames","Results: molecular and omics findings","319","synthetic-frame"
"CCRLANG-0874","2026-09-14","reproduced","results","abstract-results;discussion","molecular-omics-finding","genomics-transcriptomics-immunology","sentence-frame","associative","ccr-2026-translational-mechanisms-5","41817317;42507545","subsection-synthesis","ccr-2026-translational-mechanisms-fulltext-language.md","Section-specific phrase frames","Results: molecular and omics findings","321","synthetic-frame"
"CCRLANG-0875","2026-09-14","was consistent","results","abstract-results;discussion","molecular-omics-finding","genomics-transcriptomics-immunology","sentence-frame","associative","ccr-2026-translational-mechanisms-5","41817317;42507545","subsection-synthesis","ccr-2026-translational-mechanisms-fulltext-language.md","Section-specific phrase frames","Results: molecular and omics findings","321","synthetic-frame"
"CCRLANG-0876","2026-09-14","validated","results","abstract-results;discussion","molecular-omics-finding","genomics-transcriptomics-immunology","sentence-frame","associative","ccr-2026-translational-mechanisms-5","41817317;42507545","subsection-synthesis","ccr-2026-translational-mechanisms-fulltext-language.md","Section-specific phrase frames","Results: molecular and omics findings","321","synthetic-frame"
"CCRLANG-0877","2026-09-14","[Agent] inhibited proliferation across [models], including cells harboring [resistance genotype].","results","abstract-results;discussion","preclinical-drug-activity","preclinical-pharmacology","sentence-frame","preclinical-mechanistic","ccr-2026-translational-mechanisms-5","41649868;41837748;42148884","subsection-synthesis","ccr-2026-translational-mechanisms-fulltext-language.md","Section-specific phrase frames","Results: preclinical drug activity","325","synthetic-frame"
"CCRLANG-0878","2026-09-14","Treatment reduced phosphorylation of [target] and downstream [effectors] in a concentration-dependent manner.","results","abstract-results;discussion","preclinical-drug-activity","preclinical-pharmacology","sentence-frame","preclinical-mechanistic","ccr-2026-translational-mechanisms-5","41649868;41837748;42148884","subsection-synthesis","ccr-2026-translational-mechanisms-fulltext-language.md","Section-specific phrase frames","Results: preclinical drug activity","326","synthetic-frame"
"CCRLANG-0879","2026-09-14","[Agent] achieved a TGI of [x%] at [dose], compared with [y%] for [comparator].","results","abstract-results;discussion","preclinical-drug-activity","preclinical-pharmacology","sentence-frame","preclinical-mechanistic","ccr-2026-translational-mechanisms-5","41649868;41837748;42148884","subsection-synthesis","ccr-2026-translational-mechanisms-fulltext-language.md","Section-specific phrase frames","Results: preclinical drug activity","327","synthetic-frame"
"CCRLANG-0880","2026-09-14","Tumor regression was observed without a statistically significant change in body weight during the observation period.","results","abstract-results;discussion","preclinical-drug-activity","preclinical-pharmacology","sentence-frame","preclinical-mechanistic","ccr-2026-translational-mechanisms-5","41649868;41837748;42148884","subsection-synthesis","ccr-2026-translational-mechanisms-fulltext-language.md","Section-specific phrase frames","Results: preclinical drug activity","328","synthetic-frame"
"CCRLANG-0881","2026-09-14","In the intracranial model, treatment reduced bioluminescent tumor burden and prolonged survival relative to [control].","results","abstract-results;discussion","preclinical-drug-activity","preclinical-pharmacology","sentence-frame","preclinical-mechanistic","ccr-2026-translational-mechanisms-5","41649868;41837748;42148884","subsection-synthesis","ccr-2026-translational-mechanisms-fulltext-language.md","Section-specific phrase frames","Results: preclinical drug activity","329","synthetic-frame"
"CCRLANG-0882","2026-09-14","The modified antibody increased the proportion of tumor-free mice relative to the comparator.","results","abstract-results;discussion","preclinical-drug-activity","preclinical-pharmacology","sentence-frame","preclinical-mechanistic","ccr-2026-translational-mechanisms-5","41649868;41837748;42148884","subsection-synthesis","ccr-2026-translational-mechanisms-fulltext-language.md","Section-specific phrase frames","Results: preclinical drug activity","330","synthetic-frame"
"CCRLANG-0883","2026-09-14","The antitumor effect was retained after conditional unmasking in vivo.","results","abstract-results;discussion","preclinical-drug-activity","preclinical-pharmacology","sentence-frame","preclinical-mechanistic","ccr-2026-translational-mechanisms-5","41649868;41837748;42148884","subsection-synthesis","ccr-2026-translational-mechanisms-fulltext-language.md","Section-specific phrase frames","Results: preclinical drug activity","331","synthetic-frame"
"CCRLANG-0884","2026-09-14","Rechallenge of tumor-free mice provided evidence of durable antitumor immune memory.","results","abstract-results;discussion","preclinical-drug-activity","preclinical-pharmacology","sentence-frame","preclinical-mechanistic","ccr-2026-translational-mechanisms-5","41649868;41837748;42148884","subsection-synthesis","ccr-2026-translational-mechanisms-fulltext-language.md","Section-specific phrase frames","Results: preclinical drug activity","332","synthetic-frame"
"CCRLANG-0885","2026-09-14","greater antitumor activity in this model","results","abstract-results;discussion","preclinical-drug-activity","preclinical-pharmacology","sentence-frame","preclinical-mechanistic","ccr-2026-translational-mechanisms-5","41649868;41837748;42148884","subsection-synthesis","ccr-2026-translational-mechanisms-fulltext-language.md","Section-specific phrase frames","Results: preclinical drug activity","334","synthetic-frame"
"CCRLANG-0886","2026-09-14","superior efficacy","results","abstract-results;discussion","preclinical-drug-activity","preclinical-pharmacology","sentence-frame","preclinical-mechanistic","ccr-2026-translational-mechanisms-5","41649868;41837748;42148884","subsection-synthesis","ccr-2026-translational-mechanisms-fulltext-language.md","Section-specific phrase frames","Results: preclinical drug activity","334","synthetic-frame"
"CCRLANG-0887","2026-09-14","At data cutoff, preliminary antitumor activity was observed in the dose-escalation cohort.","results","abstract-results;discussion","clinical-activity-association-null","clinical-statistics","sentence-frame","descriptive-associative","ccr-2026-translational-mechanisms-5","41649868;41817317;42148884;42507545","subsection-synthesis","ccr-2026-translational-mechanisms-fulltext-language.md","Section-specific phrase frames","Results: clinical activity, association, and null findings","338","synthetic-frame"
"CCRLANG-0888","2026-09-14","Three of [N] treated patients had a partial response; the uncontrolled sample does not support a comparative efficacy claim.","results","abstract-results;discussion","clinical-activity-association-null","clinical-statistics","sentence-frame","descriptive-associative","ccr-2026-translational-mechanisms-5","41649868;41817317;42148884;42507545","subsection-synthesis","ccr-2026-translational-mechanisms-fulltext-language.md","Section-specific phrase frames","Results: clinical activity, association, and null findings","339","synthetic-frame"
"CCRLANG-0889","2026-09-14","[Exposure] was associated with a higher recorded cumulative incidence of [event] in the historical-cohort analysis.","results","abstract-results;discussion","clinical-activity-association-null","clinical-statistics","sentence-frame","descriptive-associative","ccr-2026-translational-mechanisms-5","41649868;41817317;42148884;42507545","subsection-synthesis","ccr-2026-translational-mechanisms-fulltext-language.md","Section-specific phrase frames","Results: clinical activity, association, and null findings","340","synthetic-frame"
"CCRLANG-0890","2026-09-14","The crude relative risk was attenuated after adjustment for the secular trend but remained elevated.","results","abstract-results;discussion","clinical-activity-association-null","clinical-statistics","sentence-frame","descriptive-associative","ccr-2026-translational-mechanisms-5","41649868;41817317;42148884;42507545","subsection-synthesis","ccr-2026-translational-mechanisms-fulltext-language.md","Section-specific phrase frames","Results: clinical activity, association, and null findings","341","synthetic-frame"
"CCRLANG-0891","2026-09-14","No statistically significant difference in TTNT was observed between the biomarker groups in the [treatment] cohort.","results","abstract-results;discussion","clinical-activity-association-null","clinical-statistics","sentence-frame","descriptive-associative","ccr-2026-translational-mechanisms-5","41649868;41817317;42148884;42507545","subsection-synthesis","ccr-2026-translational-mechanisms-fulltext-language.md","Section-specific phrase frames","Results: clinical activity, association, and null findings","342","synthetic-frame"
"CCRLANG-0892","2026-09-14","BOR did not differ significantly across biomarker groups.","results","abstract-results;discussion","clinical-activity-association-null","clinical-statistics","sentence-frame","descriptive-associative","ccr-2026-translational-mechanisms-5","41649868;41817317;42148884;42507545","subsection-synthesis","ccr-2026-translational-mechanisms-fulltext-language.md","Section-specific phrase frames","Results: clinical activity, association, and null findings","343","synthetic-frame"
"CCRLANG-0893","2026-09-14","The association weakened after multivariable adjustment, suggesting potential confounding by [covariates].","results","abstract-results;discussion","clinical-activity-association-null","clinical-statistics","sentence-frame","descriptive-associative","ccr-2026-translational-mechanisms-5","41649868;41817317;42148884;42507545","subsection-synthesis","ccr-2026-translational-mechanisms-fulltext-language.md","Section-specific phrase frames","Results: clinical activity, association, and null findings","344","synthetic-frame"
"CCRLANG-0894","2026-09-14","The point estimate was elevated, but the confidence interval crossed the null and the P value was nonsignificant.","results","abstract-results;discussion","clinical-activity-association-null","clinical-statistics","sentence-frame","descriptive-associative","ccr-2026-translational-mechanisms-5","41649868;41817317;42148884;42507545","subsection-synthesis","ccr-2026-translational-mechanisms-fulltext-language.md","Section-specific phrase frames","Results: clinical activity, association, and null findings","345","synthetic-frame"
"CCRLANG-0895","2026-09-14","Results differed across survival tests, limiting the robustness of the apparent association.","results","abstract-results;discussion","clinical-activity-association-null","clinical-statistics","sentence-frame","descriptive-associative","ccr-2026-translational-mechanisms-5","41649868;41817317;42148884;42507545","subsection-synthesis","ccr-2026-translational-mechanisms-fulltext-language.md","Section-specific phrase frames","Results: clinical activity, association, and null findings","346","synthetic-frame"
"CCRLANG-0896","2026-09-14","The subgroup pattern was exploratory and should not be interpreted as evidence of treatment interaction.","results","abstract-results;discussion","clinical-activity-association-null","clinical-statistics","sentence-frame","descriptive-associative","ccr-2026-translational-mechanisms-5","41649868;41817317;42148884;42507545","subsection-synthesis","ccr-2026-translational-mechanisms-fulltext-language.md","Section-specific phrase frames","Results: clinical activity, association, and null findings","347","synthetic-frame"
"CCRLANG-0897","2026-09-14","Exposure increased approximately dose proportionally across [dose range].","results","abstract-results;discussion;conclusion","pharmacology-safety","pharmacology-safety","sentence-frame","preclinical-clinical","ccr-2026-translational-mechanisms-5","41649868;41837748","subsection-synthesis","ccr-2026-translational-mechanisms-fulltext-language.md","Section-specific phrase frames","Results: pharmacology and safety","351","synthetic-frame"
"CCRLANG-0898","2026-09-14","The HNSTD was higher for [agent A] than for [agent B] in the nonhuman-primate study.","results","abstract-results;discussion;conclusion","pharmacology-safety","pharmacology-safety","sentence-frame","preclinical-clinical","ccr-2026-translational-mechanisms-5","41649868;41837748","subsection-synthesis","ccr-2026-translational-mechanisms-fulltext-language.md","Section-specific phrase frames","Results: pharmacology and safety","352","synthetic-frame"
"CCRLANG-0899","2026-09-14","Peripheral cytokine induction was lower with [agent A] at the evaluated doses.","results","abstract-results;discussion;conclusion","pharmacology-safety","pharmacology-safety","sentence-frame","preclinical-clinical","ccr-2026-translational-mechanisms-5","41649868;41837748","subsection-synthesis","ccr-2026-translational-mechanisms-fulltext-language.md","Section-specific phrase frames","Results: pharmacology and safety","353","synthetic-frame"
"CCRLANG-0900","2026-09-14","Differences in dose and schedule precluded a definitive cross-trial comparison.","results","abstract-results;discussion;conclusion","pharmacology-safety","pharmacology-safety","sentence-frame","preclinical-clinical","ccr-2026-translational-mechanisms-5","41649868;41837748","subsection-synthesis","ccr-2026-translational-mechanisms-fulltext-language.md","Section-specific phrase frames","Results: pharmacology and safety","354","synthetic-frame"
"CCRLANG-0901","2026-09-14","No significant body-weight change was observed; broader safety conclusions require dedicated toxicology or clinical data.","results","abstract-results;discussion;conclusion","pharmacology-safety","pharmacology-safety","sentence-frame","preclinical-clinical","ccr-2026-translational-mechanisms-5","41649868;41837748","subsection-synthesis","ccr-2026-translational-mechanisms-fulltext-language.md","Section-specific phrase frames","Results: pharmacology and safety","355","synthetic-frame"
"CCRLANG-0902","2026-09-14","Taken together, these data support a model in which [perturbed pathway] contributes to [bounded phenotype].","discussion","conclusion","interpretation-mechanism-implication","mixed-biomedical","sentence-frame","mechanistic","ccr-2026-translational-mechanisms-5","41649868;41817317;41837748;42148884;42507545","batch-synthesis","ccr-2026-translational-mechanisms-fulltext-language.md","Section-specific phrase frames","Discussion: interpretation and mechanism","359","synthetic-frame"
"CCRLANG-0903","2026-09-14","The knockout and coculture experiments support involvement of the [ligand/receptor] axis.","discussion","conclusion","interpretation-mechanism-implication","mixed-biomedical","sentence-frame","mechanistic","ccr-2026-translational-mechanisms-5","41649868;41817317;41837748;42148884;42507545","batch-synthesis","ccr-2026-translational-mechanisms-fulltext-language.md","Section-specific phrase frames","Discussion: interpretation and mechanism","360","synthetic-frame"
"CCRLANG-0904","2026-09-14","The concordance of clinical, pathologic, and experimental observations increases biological plausibility.","discussion","conclusion","interpretation-mechanism-implication","mixed-biomedical","sentence-frame","mechanistic","ccr-2026-translational-mechanisms-5","41649868;41817317;41837748;42148884;42507545","batch-synthesis","ccr-2026-translational-mechanisms-fulltext-language.md","Section-specific phrase frames","Discussion: interpretation and mechanism","361","synthetic-frame"
"CCRLANG-0905","2026-09-14","The net effect may depend on the receptor profile of the malignant cells and the balance between trophic and antitumor signals.","discussion","conclusion","interpretation-mechanism-implication","mixed-biomedical","sentence-frame","mechanistic","ccr-2026-translational-mechanisms-5","41649868;41817317;41837748;42148884;42507545","batch-synthesis","ccr-2026-translational-mechanisms-fulltext-language.md","Section-specific phrase frames","Discussion: interpretation and mechanism","362","synthetic-frame"
"CCRLANG-0906","2026-09-14","The finding is consistent with resistance biology but does not establish a treatment-predictive biomarker.","discussion","conclusion","interpretation-mechanism-implication","mixed-biomedical","sentence-frame","mechanistic","ccr-2026-translational-mechanisms-5","41649868;41817317;41837748;42148884;42507545","batch-synthesis","ccr-2026-translational-mechanisms-fulltext-language.md","Section-specific phrase frames","Discussion: interpretation and mechanism","363","synthetic-frame"
"CCRLANG-0907","2026-09-14","Radiation-associated changes in immune repertoire diversity may have prognostic relevance.","discussion","conclusion","interpretation-mechanism-implication","mixed-biomedical","sentence-frame","mechanistic","ccr-2026-translational-mechanisms-5","41649868;41817317;41837748;42148884;42507545","batch-synthesis","ccr-2026-translational-mechanisms-fulltext-language.md","Section-specific phrase frames","Discussion: interpretation and mechanism","364","synthetic-frame"
"CCRLANG-0908","2026-09-14","Preclinical intracranial activity provides a rationale for prospective evaluation in patients with brain metastases.","discussion","conclusion","interpretation-mechanism-implication","mixed-biomedical","sentence-frame","mechanistic","ccr-2026-translational-mechanisms-5","41649868;41817317;41837748;42148884;42507545","batch-synthesis","ccr-2026-translational-mechanisms-fulltext-language.md","Section-specific phrase frames","Discussion: interpretation and mechanism","365","synthetic-frame"
"CCRLANG-0909","2026-09-14","The results motivate biomarker-enriched trials of [therapeutic strategy].","discussion","conclusion","interpretation-mechanism-implication","mixed-biomedical","sentence-frame","mechanistic","ccr-2026-translational-mechanisms-5","41649868;41817317;41837748;42148884;42507545","batch-synthesis","ccr-2026-translational-mechanisms-fulltext-language.md","Section-specific phrase frames","Discussion: interpretation and mechanism","366","synthetic-frame"
"CCRLANG-0910","2026-09-14","Historical treatment eras may introduce temporal confounding that cannot be eliminated by sensitivity analysis.","discussion","conclusion","limitation-inference","mixed-biomedical","sentence-frame","mixed","ccr-2026-translational-mechanisms-5","41649868;41817317;41837748;42148884;42507545","batch-synthesis","ccr-2026-translational-mechanisms-fulltext-language.md","Section-specific phrase frames","Discussion: limitations linked to inference","370","synthetic-frame"
"CCRLANG-0911","2026-09-14","Administrative claims lacked sufficient histologic detail to classify all lymphoma events.","discussion","conclusion","limitation-inference","mixed-biomedical","sentence-frame","mixed","ccr-2026-translational-mechanisms-5","41649868;41817317;41837748;42148884;42507545","batch-synthesis","ccr-2026-translational-mechanisms-fulltext-language.md","Section-specific phrase frames","Discussion: limitations linked to inference","371","synthetic-frame"
"CCRLANG-0912","2026-09-14","Pharmacovigilance reports are vulnerable to reporting and surveillance biases and do not provide an incidence denominator.","discussion","conclusion","limitation-inference","mixed-biomedical","sentence-frame","mixed","ccr-2026-translational-mechanisms-5","41649868;41817317;41837748;42148884;42507545","batch-synthesis","ccr-2026-translational-mechanisms-fulltext-language.md","Section-specific phrase frames","Discussion: limitations linked to inference","372","synthetic-frame"
"CCRLANG-0913","2026-09-14","The single-arm dose-escalation cohort was small and lacked a standard-of-care comparator.","discussion","conclusion","limitation-inference","mixed-biomedical","sentence-frame","mixed","ccr-2026-translational-mechanisms-5","41649868;41817317;41837748;42148884;42507545","batch-synthesis","ccr-2026-translational-mechanisms-fulltext-language.md","Section-specific phrase frames","Discussion: limitations linked to inference","373","synthetic-frame"
"CCRLANG-0914","2026-09-14","Cross-trial biomarker comparisons used different doses and schedules and are therefore exploratory.","discussion","conclusion","limitation-inference","mixed-biomedical","sentence-frame","mixed","ccr-2026-translational-mechanisms-5","41649868;41817317;41837748;42148884;42507545","batch-synthesis","ccr-2026-translational-mechanisms-fulltext-language.md","Section-specific phrase frames","Discussion: limitations linked to inference","374","synthetic-frame"
"CCRLANG-0915","2026-09-14","TTNT is an imperfect surrogate for PFS and may overestimate treatment benefit.","discussion","conclusion","limitation-inference","mixed-biomedical","sentence-frame","mixed","ccr-2026-translational-mechanisms-5","41649868;41817317;41837748;42148884;42507545","batch-synthesis","ccr-2026-translational-mechanisms-fulltext-language.md","Section-specific phrase frames","Discussion: limitations linked to inference","375","synthetic-frame"
"CCRLANG-0916","2026-09-14","Filtering low-purity tumors improved copy-number reliability but may have excluded immune-rich tumors.","discussion","conclusion","limitation-inference","mixed-biomedical","sentence-frame","mixed","ccr-2026-translational-mechanisms-5","41649868;41817317;41837748;42148884;42507545","batch-synthesis","ccr-2026-translational-mechanisms-fulltext-language.md","Section-specific phrase frames","Discussion: limitations linked to inference","376","synthetic-frame"
"CCRLANG-0917","2026-09-14","Subgroup analyses of deletion length had limited power and generalizability.","discussion","conclusion","limitation-inference","mixed-biomedical","sentence-frame","mixed","ccr-2026-translational-mechanisms-5","41649868;41817317;41837748;42148884;42507545","batch-synthesis","ccr-2026-translational-mechanisms-fulltext-language.md","Section-specific phrase frames","Discussion: limitations linked to inference","377","synthetic-frame"
"CCRLANG-0918","2026-09-14","A significant prognostic association does not establish prediction of treatment benefit.","discussion","conclusion","limitation-inference","mixed-biomedical","sentence-frame","mixed","ccr-2026-translational-mechanisms-5","41649868;41817317;41837748;42148884;42507545","batch-synthesis","ccr-2026-translational-mechanisms-fulltext-language.md","Section-specific phrase frames","Discussion: limitations linked to inference","378","synthetic-frame"
"CCRLANG-0919","2026-09-14","Discordant results across statistical tests reduce confidence in the robustness of the finding.","discussion","conclusion","limitation-inference","mixed-biomedical","sentence-frame","mixed","ccr-2026-translational-mechanisms-5","41649868;41817317;41837748;42148884;42507545","batch-synthesis","ccr-2026-translational-mechanisms-fulltext-language.md","Section-specific phrase frames","Discussion: limitations linked to inference","379","synthetic-frame"
"CCRLANG-0920","2026-09-14","These findings provide a rationale for prospective evaluation of [agent or combination] in [molecularly selected population].","translational-relevance","discussion;conclusion","intended-use-validation","translational-oncology","sentence-frame","mixed","ccr-2026-translational-mechanisms-5","41649868;41817317;41837748;42148884;42507545","batch-synthesis","ccr-2026-translational-mechanisms-fulltext-language.md","Section-specific phrase frames","Translational Relevance","383","synthetic-frame"
"CCRLANG-0921","2026-09-14","The biomarker may support risk stratification, but treatment selection requires evidence of a biomarker-by-treatment interaction.","translational-relevance","discussion;conclusion","intended-use-validation","translational-oncology","sentence-frame","mixed","ccr-2026-translational-mechanisms-5","41649868;41817317;41837748;42148884;42507545","batch-synthesis","ccr-2026-translational-mechanisms-fulltext-language.md","Section-specific phrase frames","Translational Relevance","384","synthetic-frame"
"CCRLANG-0922","2026-09-14","The preclinical therapeutic window warrants evaluation in a controlled clinical study.","translational-relevance","discussion;conclusion","intended-use-validation","translational-oncology","sentence-frame","mixed","ccr-2026-translational-mechanisms-5","41649868;41817317;41837748;42148884;42507545","batch-synthesis","ccr-2026-translational-mechanisms-fulltext-language.md","Section-specific phrase frames","Translational Relevance","385","synthetic-frame"
"CCRLANG-0923","2026-09-14","The mechanistic findings identify a candidate pathway for intervention without establishing clinical utility.","translational-relevance","discussion;conclusion","intended-use-validation","translational-oncology","sentence-frame","mixed","ccr-2026-translational-mechanisms-5","41649868;41817317;41837748;42148884;42507545","batch-synthesis","ccr-2026-translational-mechanisms-fulltext-language.md","Section-specific phrase frames","Translational Relevance","386","synthetic-frame"
"CCRLANG-0924","2026-09-14","In [population or model], [bounded primary finding] supports [specific next step] but does not establish [unsupported claim].","conclusion","abstract-conclusion;translational-relevance","bounded-synthesis-validation","mixed-biomedical","sentence-frame","mixed","ccr-2026-translational-mechanisms-5","41649868;41817317;41837748;42148884;42507545","batch-synthesis","ccr-2026-translational-mechanisms-fulltext-language.md","Section-specific phrase frames","Conclusion","390","synthetic-frame"
"CCRLANG-0925","2026-09-14","Prospective studies are needed to quantify the event frequency and define clinicopathologic risk factors.","conclusion","abstract-conclusion;translational-relevance","bounded-synthesis-validation","mixed-biomedical","sentence-frame","mixed","ccr-2026-translational-mechanisms-5","41649868;41817317;41837748;42148884;42507545","batch-synthesis","ccr-2026-translational-mechanisms-fulltext-language.md","Section-specific phrase frames","Conclusion","391","synthetic-frame"
"CCRLANG-0926","2026-09-14","Further work should integrate complete genomic annotation with standardized clinical endpoints.","conclusion","abstract-conclusion;translational-relevance","bounded-synthesis-validation","mixed-biomedical","sentence-frame","mixed","ccr-2026-translational-mechanisms-5","41649868;41817317;41837748;42148884;42507545","batch-synthesis","ccr-2026-translational-mechanisms-fulltext-language.md","Section-specific phrase frames","Conclusion","392","synthetic-frame"
"CCRLANG-0927","2026-09-14","bound","results","discussion;conclusion","claim-strength-calibration","drug-efficacy","phrase-frame","mixed","ccr-2026-translational-mechanisms-5","41649868;41817317;41837748;42148884;42507545","batch-synthesis","ccr-2026-translational-mechanisms-fulltext-language.md","Drug-efficacy wording ladder","","398","abstracted-pattern"
"CCRLANG-0928","2026-09-14","inhibited phosphorylation","results","discussion;conclusion","claim-strength-calibration","drug-efficacy","phrase-frame","mixed","ccr-2026-translational-mechanisms-5","41649868;41817317;41837748;42148884;42507545","batch-synthesis","ccr-2026-translational-mechanisms-fulltext-language.md","Drug-efficacy wording ladder","","398","abstracted-pattern"
"CCRLANG-0929","2026-09-14","reduced viability","results","discussion;conclusion","claim-strength-calibration","drug-efficacy","phrase-frame","mixed","ccr-2026-translational-mechanisms-5","41649868;41817317;41837748;42148884;42507545","batch-synthesis","ccr-2026-translational-mechanisms-fulltext-language.md","Drug-efficacy wording ladder","","398","abstracted-pattern"
"CCRLANG-0930","2026-09-14","showed antiproliferative activity","results","discussion;conclusion","claim-strength-calibration","drug-efficacy","phrase-frame","mixed","ccr-2026-translational-mechanisms-5","41649868;41817317;41837748;42148884;42507545","batch-synthesis","ccr-2026-translational-mechanisms-fulltext-language.md","Drug-efficacy wording ladder","","398","abstracted-pattern"
"CCRLANG-0931","2026-09-14","reduced tumor growth","results","discussion;conclusion","claim-strength-calibration","drug-efficacy","phrase-frame","mixed","ccr-2026-translational-mechanisms-5","41649868;41817317;41837748;42148884;42507545","batch-synthesis","ccr-2026-translational-mechanisms-fulltext-language.md","Drug-efficacy wording ladder","","399","abstracted-pattern"
"CCRLANG-0932","2026-09-14","induced regression","results","discussion;conclusion","claim-strength-calibration","drug-efficacy","phrase-frame","mixed","ccr-2026-translational-mechanisms-5","41649868;41817317;41837748;42148884;42507545","batch-synthesis","ccr-2026-translational-mechanisms-fulltext-language.md","Drug-efficacy wording ladder","","399","abstracted-pattern"
"CCRLANG-0933","2026-09-14","increased the tumor-free proportion","results","discussion;conclusion","claim-strength-calibration","drug-efficacy","phrase-frame","mixed","ccr-2026-translational-mechanisms-5","41649868;41817317;41837748;42148884;42507545","batch-synthesis","ccr-2026-translational-mechanisms-fulltext-language.md","Drug-efficacy wording ladder","","399","abstracted-pattern"
"CCRLANG-0934","2026-09-14","prolonged survival in the model","results","discussion;conclusion","claim-strength-calibration","drug-efficacy","phrase-frame","mixed","ccr-2026-translational-mechanisms-5","41649868;41817317;41837748;42148884;42507545","batch-synthesis","ccr-2026-translational-mechanisms-fulltext-language.md","Drug-efficacy wording ladder","","399","abstracted-pattern"
"CCRLANG-0935","2026-09-14","showed a higher HNSTD","results","discussion;conclusion","claim-strength-calibration","drug-efficacy","phrase-frame","mixed","ccr-2026-translational-mechanisms-5","41649868;41817317;41837748;42148884;42507545","batch-synthesis","ccr-2026-translational-mechanisms-fulltext-language.md","Drug-efficacy wording ladder","","400","abstracted-pattern"
"CCRLANG-0936","2026-09-14","reduced peripheral immune activation at the tested doses","results","discussion;conclusion","claim-strength-calibration","drug-efficacy","phrase-frame","mixed","ccr-2026-translational-mechanisms-5","41649868;41817317;41837748;42148884;42507545","batch-synthesis","ccr-2026-translational-mechanisms-fulltext-language.md","Drug-efficacy wording ladder","","400","abstracted-pattern"
"CCRLANG-0937","2026-09-14","preliminary activity was observed","results","discussion;conclusion","claim-strength-calibration","drug-efficacy","phrase-frame","mixed","ccr-2026-translational-mechanisms-5","41649868;41817317;41837748;42148884;42507545","batch-synthesis","ccr-2026-translational-mechanisms-fulltext-language.md","Drug-efficacy wording ladder","","401","abstracted-pattern"
"CCRLANG-0938","2026-09-14","n of N patients had a partial response","results","discussion;conclusion","claim-strength-calibration","drug-efficacy","phrase-frame","mixed","ccr-2026-translational-mechanisms-5","41649868;41817317;41837748;42148884;42507545","batch-synthesis","ccr-2026-translational-mechanisms-fulltext-language.md","Drug-efficacy wording ladder","","401","abstracted-pattern"
"CCRLANG-0939","2026-09-14","was associated with shorter TTNT","results","discussion;conclusion","claim-strength-calibration","drug-efficacy","phrase-frame","mixed","ccr-2026-translational-mechanisms-5","41649868;41817317;41837748;42148884;42507545","batch-synthesis","ccr-2026-translational-mechanisms-fulltext-language.md","Drug-efficacy wording ladder","","402","abstracted-pattern"
"CCRLANG-0940","2026-09-14","the adjusted association weakened","results","discussion;conclusion","claim-strength-calibration","drug-efficacy","phrase-frame","mixed","ccr-2026-translational-mechanisms-5","41649868;41817317;41837748;42148884;42507545","batch-synthesis","ccr-2026-translational-mechanisms-fulltext-language.md","Drug-efficacy wording ladder","","402","abstracted-pattern"
"CCRLANG-0941","2026-09-14","was associated with a higher recorded incidence","results","discussion;conclusion","claim-strength-calibration","drug-efficacy","phrase-frame","mixed","ccr-2026-translational-mechanisms-5","41649868;41817317;41837748;42148884;42507545","batch-synthesis","ccr-2026-translational-mechanisms-fulltext-language.md","Drug-efficacy wording ladder","","403","abstracted-pattern"
"CCRLANG-0942","2026-09-14","improved","results","discussion;conclusion","claim-strength-calibration","drug-efficacy","phrase-frame","mixed","ccr-2026-translational-mechanisms-5","41649868;41817317;41837748;42148884;42507545","batch-synthesis","ccr-2026-translational-mechanisms-fulltext-language.md","Drug-efficacy wording ladder","","404","abstracted-pattern"
"CCRLANG-0943","2026-09-14","reduced","results","discussion;conclusion","claim-strength-calibration","drug-efficacy","phrase-frame","mixed","ccr-2026-translational-mechanisms-5","41649868;41817317;41837748;42148884;42507545","batch-synthesis","ccr-2026-translational-mechanisms-fulltext-language.md","Drug-efficacy wording ladder","","404","abstracted-pattern"
"CCRLANG-0944","2026-09-14","Higher TCR diversity was independently associated with longer survival in the analyzed brain-metastasis cohort, whereas the study did not test a biomarker-by-treatment interaction; the finding is therefore prognostic rather than predictive.","discussion","results;conclusion","prognostic-versus-predictive-calibration","immune-repertoire-statistics","sentence-model","prognostic","ccr-2026-translational-mechanisms-5","41817317","single-paper-synthesis","ccr-2026-translational-mechanisms-fulltext-language.md","Synthetic full-sentence models","Immune repertoire and prognosis","412","synthetic-model"
"CCRLANG-0945","2026-09-14","In the human CTLA-4 knock-in mouse model, Fc non-fucosylation increased the proportion of tumor-free animals relative to the ipilimumab-like comparator, while peptide masking reduced peripheral immune activation at the evaluated doses.","discussion","results;conclusion","preclinical-translation-calibration","engineered-immunotherapy","sentence-model","preclinical","ccr-2026-translational-mechanisms-5","41837748","single-paper-synthesis","ccr-2026-translational-mechanisms-fulltext-language.md","Synthetic full-sentence models","Engineered immunotherapy","416","synthetic-model"
"CCRLANG-0946","2026-09-14","These preclinical findings support further evaluation of the engineered antibody but do not establish greater efficacy or safety in patients.","discussion","results;conclusion","preclinical-translation-calibration","engineered-immunotherapy","sentence-model","preclinical","ccr-2026-translational-mechanisms-5","41837748","single-paper-synthesis","ccr-2026-translational-mechanisms-fulltext-language.md","Synthetic full-sentence models","Engineered immunotherapy","418","synthetic-model"
"CCRLANG-0947","2026-09-14","JIN-A02 suppressed mutant EGFR signaling and induced regression in C797S-containing xenograft models, including an orthotopic intracranial model.","results","discussion;conclusion","preclinical-to-clinical-calibration","targeted-therapy","sentence-model","preclinical-clinical","ccr-2026-translational-mechanisms-5","41649868","single-paper-synthesis","ccr-2026-translational-mechanisms-fulltext-language.md","Synthetic full-sentence models","Fourth-generation targeted therapy","422","synthetic-model"
"CCRLANG-0948","2026-09-14","Partial responses in the ongoing dose-escalation cohort constitute preliminary activity in a small, uncontrolled population and should not be presented as comparative benefit.","results","discussion;conclusion","preclinical-to-clinical-calibration","targeted-therapy","sentence-model","preclinical-clinical","ccr-2026-translational-mechanisms-5","41649868","single-paper-synthesis","ccr-2026-translational-mechanisms-fulltext-language.md","Synthetic full-sentence models","Fourth-generation targeted therapy","424","synthetic-model"
"CCRLANG-0949","2026-09-14","PD-1 blockade was associated with a higher recorded incidence of lymphoma in a historical-cohort analysis; complementary pathology and perturbation experiments support biological plausibility but do not eliminate temporal or surveillance confounding.","discussion","results;conclusion","association-causality-calibration","immunotherapy-safety","sentence-model","associative-mechanistic","ccr-2026-translational-mechanisms-5","42148884","single-paper-synthesis","ccr-2026-translational-mechanisms-fulltext-language.md","Synthetic full-sentence models","Immunotherapy-associated secondary malignancy","428","synthetic-model"
"CCRLANG-0950","2026-09-14","CDKN2A/MTAP codeletion was associated with distinct genomic, transcriptomic, and immune features and with shorter TTNT in selected treatment cohorts, although attenuation after multivariable adjustment and heterogeneous treatment-specific patterns limit a predictive interpretation.","discussion","results;conclusion","prognostic-predictive-calibration","multi-omics-biomarker","sentence-model","associative-predictive","ccr-2026-translational-mechanisms-5","42507545","single-paper-synthesis","ccr-2026-translational-mechanisms-fulltext-language.md","Synthetic full-sentence models","Multiomic real-world biomarker","432","synthetic-model"
"CCRLANG-0951","2026-09-14","Among [N] eligible tumors, [marker] was present in [n (%)] and was enriched in [molecular context] after FDR correction. Bulk RNA-seq showed lower enrichment scores for [immune pathway], and computational deconvolution estimated lower fractions of [cell population] in marker-positive tumors. In the treatment cohort, [marker] was associated with shorter [endpoint] in univariable analysis (HR, [x]; 95% CI, [a-b]), but the association attenuated after adjustment for [covariates]. BOR did not differ significantly between groups. Together, these findings define a clinicogenomic phenotype but do not establish treatment-specific predictive value.","results","discussion","integrated-results-model","multi-omics-biomarker","paragraph-model","associative","ccr-2026-translational-mechanisms-5","42507545","single-paper-synthesis","ccr-2026-translational-mechanisms-fulltext-language.md","Synthetic paragraph models","Integrated Results paragraph","438","synthetic-model"
"CCRLANG-0952","2026-09-14","The candidate agent inhibited [mutant target] signaling in engineered and patient-derived models and reduced tumor burden in both subcutaneous and intracranial xenografts. No significant body-weight change was observed during the study period. At the clinical data cutoff, [n/N] patients in the dose-escalation cohort had a partial response. These observations support continued clinical evaluation, although the small single-arm cohort precludes conclusions about comparative efficacy or safety.","results","discussion;conclusion","preclinical-to-clinical-model","targeted-therapy","paragraph-model","preclinical-clinical","ccr-2026-translational-mechanisms-5","41649868","single-paper-synthesis","ccr-2026-translational-mechanisms-fulltext-language.md","Synthetic paragraph models","Preclinical-to-clinical paragraph","442","synthetic-model"
"CCRLANG-0953","2026-09-14","The clinical database analysis identified a higher recorded incidence of [event] after [exposure]. Multiplex tissue imaging localized [cell population] within the malignant compartment, and receptor knockout experiments attenuated [functional readout] in vitro and in vivo. This triangulation supports a biologically plausible [cell-cell or ligand-receptor] mechanism; however, the observational comparison remains susceptible to temporal, surveillance, and residual confounding.","discussion","results;conclusion","mechanistic-triangulation-model","immunotherapy-safety","paragraph-model","associative-mechanistic","ccr-2026-translational-mechanisms-5","42148884","single-paper-synthesis","ccr-2026-translational-mechanisms-fulltext-language.md","Synthetic paragraph models","Mechanistic triangulation paragraph","446","synthetic-model"
"CCRLANG-0954","2026-09-14","molecular correlates of [outcome]","title","","title-terminology","mixed-biomedical","vocabulary","mixed","ccr-39-paper-cross-corpus-synthesis","39466024;39545922;39576208;39786430;39821070;40208070;40247431;40343815;40499141;40552922;40553459;40788282;40828417;40864503;40928991;41026583;41065506;41537692;41587109;41649868;41671081;41805895;41817317;41837748;41849236;41920765;42008740;42126592;42148884;42149140;42189883;42360104;42405849;42440365;42456046;42485106;42489696;42507545;42574065","batch-synthesis","ccr-phrase-patterns.md","Title","Vocabulary and collocations","58","cross-corpus-conventional-term"
"CCRLANG-0955","2026-09-14","mechanisms of resistance to [therapy]","title","","title-terminology","mixed-biomedical","vocabulary","mixed","ccr-39-paper-cross-corpus-synthesis","39466024;39545922;39576208;39786430;39821070;40208070;40247431;40343815;40499141;40552922;40553459;40788282;40828417;40864503;40928991;41026583;41065506;41537692;41587109;41649868;41671081;41805895;41817317;41837748;41849236;41920765;42008740;42126592;42148884;42149140;42189883;42360104;42405849;42440365;42456046;42485106;42489696;42507545;42574065","batch-synthesis","ccr-phrase-patterns.md","Title","Vocabulary and collocations","59","cross-corpus-conventional-term"
"CCRLANG-0956","2026-09-14","clinicogenomic landscape of [population]","title","","title-terminology","mixed-biomedical","vocabulary","mixed","ccr-39-paper-cross-corpus-synthesis","39466024;39545922;39576208;39786430;39821070;40208070;40247431;40343815;40499141;40552922;40553459;40788282;40828417;40864503;40928991;41026583;41065506;41537692;41587109;41649868;41671081;41805895;41817317;41837748;41849236;41920765;42008740;42126592;42148884;42149140;42189883;42360104;42405849;42440365;42456046;42485106;42489696;42507545;42574065","batch-synthesis","ccr-phrase-patterns.md","Title","Vocabulary and collocations","60","cross-corpus-conventional-term"
"CCRLANG-0957","2026-09-14","integrated multi-omic analysis of [process]","title","","title-terminology","mixed-biomedical","vocabulary","mixed","ccr-39-paper-cross-corpus-synthesis","39466024;39545922;39576208;39786430;39821070;40208070;40247431;40343815;40499141;40552922;40553459;40788282;40828417;40864503;40928991;41026583;41065506;41537692;41587109;41649868;41671081;41805895;41817317;41837748;41849236;41920765;42008740;42126592;42148884;42149140;42189883;42360104;42405849;42440365;42456046;42485106;42489696;42507545;42574065","batch-synthesis","ccr-phrase-patterns.md","Title","Vocabulary and collocations","61","cross-corpus-conventional-term"
"CCRLANG-0958","2026-09-14","single-cell and spatial profiling of [tissue or state]","title","","title-terminology","mixed-biomedical","vocabulary","mixed","ccr-39-paper-cross-corpus-synthesis","39466024;39545922;39576208;39786430;39821070;40208070;40247431;40343815;40499141;40552922;40553459;40788282;40828417;40864503;40928991;41026583;41065506;41537692;41587109;41649868;41671081;41805895;41817317;41837748;41849236;41920765;42008740;42126592;42148884;42149140;42189883;42360104;42405849;42440365;42456046;42485106;42489696;42507545;42574065","batch-synthesis","ccr-phrase-patterns.md","Title","Vocabulary and collocations","62","cross-corpus-conventional-term"
"CCRLANG-0959","2026-09-14","preclinical activity of [agent] in [model]","title","","title-terminology","mixed-biomedical","vocabulary","mixed","ccr-39-paper-cross-corpus-synthesis","39466024;39545922;39576208;39786430;39821070;40208070;40247431;40343815;40499141;40552922;40553459;40788282;40828417;40864503;40928991;41026583;41065506;41537692;41587109;41649868;41671081;41805895;41817317;41837748;41849236;41920765;42008740;42126592;42148884;42149140;42189883;42360104;42405849;42440365;42456046;42485106;42489696;42507545;42574065","batch-synthesis","ccr-phrase-patterns.md","Title","Vocabulary and collocations","63","cross-corpus-conventional-term"
"CCRLANG-0960","2026-09-14","phase [number] study of [intervention] in [population]","title","","title-terminology","mixed-biomedical","vocabulary","mixed","ccr-39-paper-cross-corpus-synthesis","39466024;39545922;39576208;39786430;39821070;40208070;40247431;40343815;40499141;40552922;40553459;40788282;40828417;40864503;40928991;41026583;41065506;41537692;41587109;41649868;41671081;41805895;41817317;41837748;41849236;41920765;42008740;42126592;42148884;42149140;42189883;42360104;42405849;42440365;42456046;42485106;42489696;42507545;42574065","batch-synthesis","ccr-phrase-patterns.md","Title","Vocabulary and collocations","64","cross-corpus-conventional-term"
"CCRLANG-0961","2026-09-14","retrospective cohort study","title","","title-terminology","mixed-biomedical","vocabulary","mixed","ccr-39-paper-cross-corpus-synthesis","39466024;39545922;39576208;39786430;39821070;40208070;40247431;40343815;40499141;40552922;40553459;40788282;40828417;40864503;40928991;41026583;41065506;41537692;41587109;41649868;41671081;41805895;41817317;41837748;41849236;41920765;42008740;42126592;42148884;42149140;42189883;42360104;42405849;42440365;42456046;42485106;42489696;42507545;42574065","batch-synthesis","ccr-phrase-patterns.md","Title","Vocabulary and collocations","65","cross-corpus-conventional-term"
"CCRLANG-0962","2026-09-14","prospective observational study","title","","title-terminology","mixed-biomedical","vocabulary","mixed","ccr-39-paper-cross-corpus-synthesis","39466024;39545922;39576208;39786430;39821070;40208070;40247431;40343815;40499141;40552922;40553459;40788282;40828417;40864503;40928991;41026583;41065506;41537692;41587109;41649868;41671081;41805895;41817317;41837748;41849236;41920765;42008740;42126592;42148884;42149140;42189883;42360104;42405849;42440365;42456046;42485106;42489696;42507545;42574065","batch-synthesis","ccr-phrase-patterns.md","Title","Vocabulary and collocations","65","cross-corpus-conventional-term"
"CCRLANG-0963","2026-09-14","[Central exposure or intervention] and [outcome] in [population]: a [design] study","title","","title-construction","mixed-biomedical","phrase-frame","mixed","ccr-39-paper-cross-corpus-synthesis","39466024;39545922;39576208;39786430;39821070;40208070;40247431;40343815;40499141;40552922;40553459;40788282;40828417;40864503;40928991;41026583;41065506;41537692;41587109;41649868;41671081;41805895;41817317;41837748;41849236;41920765;42008740;42126592;42148884;42149140;42189883;42360104;42405849;42440365;42456046;42485106;42489696;42507545;42574065","batch-synthesis","ccr-phrase-patterns.md","Title","Phrase frames","69","cross-corpus-synthetic-frame"
"CCRLANG-0964","2026-09-14","[Assay or modality] identifies [bounded phenotype] in [disease or model]","title","","title-construction","mixed-biomedical","phrase-frame","mixed","ccr-39-paper-cross-corpus-synthesis","39466024;39545922;39576208;39786430;39821070;40208070;40247431;40343815;40499141;40552922;40553459;40788282;40828417;40864503;40928991;41026583;41065506;41537692;41587109;41649868;41671081;41805895;41817317;41837748;41849236;41920765;42008740;42126592;42148884;42149140;42189883;42360104;42405849;42440365;42456046;42485106;42489696;42507545;42574065","batch-synthesis","ccr-phrase-patterns.md","Title","Phrase frames","70","cross-corpus-synthetic-frame"
"CCRLANG-0965","2026-09-14","[Agent] shows [preclinical or preliminary clinical activity] in [defined setting]","title","","title-construction","mixed-biomedical","phrase-frame","mixed","ccr-39-paper-cross-corpus-synthesis","39466024;39545922;39576208;39786430;39821070;40208070;40247431;40343815;40499141;40552922;40553459;40788282;40828417;40864503;40928991;41026583;41065506;41537692;41587109;41649868;41671081;41805895;41817317;41837748;41849236;41920765;42008740;42126592;42148884;42149140;42189883;42360104;42405849;42440365;42456046;42485106;42489696;42507545;42574065","batch-synthesis","ccr-phrase-patterns.md","Title","Phrase frames","71","cross-corpus-synthetic-frame"
"CCRLANG-0966","2026-09-14","remains a major clinical challenge","abstract-background","abstract-objective;abstract-methods;abstract-results;abstract-conclusion","abstract-terminology","mixed-biomedical","vocabulary","mixed","ccr-39-paper-cross-corpus-synthesis","39466024;39545922;39576208;39786430;39821070;40208070;40247431;40343815;40499141;40552922;40553459;40788282;40828417;40864503;40928991;41026583;41065506;41537692;41587109;41649868;41671081;41805895;41817317;41837748;41849236;41920765;42008740;42126592;42148884;42149140;42189883;42360104;42405849;42440365;42456046;42485106;42489696;42507545;42574065","batch-synthesis","ccr-phrase-patterns.md","Abstract","Vocabulary and collocations by abstract function","83","cross-corpus-conventional-term"
"CCRLANG-0967","2026-09-14","treatment options remain limited","abstract-background","abstract-objective;abstract-methods;abstract-results;abstract-conclusion","abstract-terminology","mixed-biomedical","vocabulary","mixed","ccr-39-paper-cross-corpus-synthesis","39466024;39545922;39576208;39786430;39821070;40208070;40247431;40343815;40499141;40552922;40553459;40788282;40828417;40864503;40928991;41026583;41065506;41537692;41587109;41649868;41671081;41805895;41817317;41837748;41849236;41920765;42008740;42126592;42148884;42149140;42189883;42360104;42405849;42440365;42456046;42485106;42489696;42507545;42574065","batch-synthesis","ccr-phrase-patterns.md","Abstract","Vocabulary and collocations by abstract function","83","cross-corpus-conventional-term"
"CCRLANG-0968","2026-09-14","outcomes remain heterogeneous","abstract-background","abstract-objective;abstract-methods;abstract-results;abstract-conclusion","abstract-terminology","mixed-biomedical","vocabulary","mixed","ccr-39-paper-cross-corpus-synthesis","39466024;39545922;39576208;39786430;39821070;40208070;40247431;40343815;40499141;40552922;40553459;40788282;40828417;40864503;40928991;41026583;41065506;41537692;41587109;41649868;41671081;41805895;41817317;41837748;41849236;41920765;42008740;42126592;42148884;42149140;42189883;42360104;42405849;42440365;42456046;42485106;42489696;42507545;42574065","batch-synthesis","ccr-phrase-patterns.md","Abstract","Vocabulary and collocations by abstract function","83","cross-corpus-conventional-term"
"CCRLANG-0969","2026-09-14","the biological basis is incompletely understood","abstract-background","abstract-objective;abstract-methods;abstract-results;abstract-conclusion","abstract-terminology","mixed-biomedical","vocabulary","mixed","ccr-39-paper-cross-corpus-synthesis","39466024;39545922;39576208;39786430;39821070;40208070;40247431;40343815;40499141;40552922;40553459;40788282;40828417;40864503;40928991;41026583;41065506;41537692;41587109;41649868;41671081;41805895;41817317;41837748;41849236;41920765;42008740;42126592;42148884;42149140;42189883;42360104;42405849;42440365;42456046;42485106;42489696;42507545;42574065","batch-synthesis","ccr-phrase-patterns.md","Abstract","Vocabulary and collocations by abstract function","83","cross-corpus-conventional-term"
"CCRLANG-0970","2026-09-14","we evaluated","abstract-background","abstract-objective;abstract-methods;abstract-results;abstract-conclusion","abstract-terminology","mixed-biomedical","vocabulary","mixed","ccr-39-paper-cross-corpus-synthesis","39466024;39545922;39576208;39786430;39821070;40208070;40247431;40343815;40499141;40552922;40553459;40788282;40828417;40864503;40928991;41026583;41065506;41537692;41587109;41649868;41671081;41805895;41817317;41837748;41849236;41920765;42008740;42126592;42148884;42149140;42189883;42360104;42405849;42440365;42456046;42485106;42489696;42507545;42574065","batch-synthesis","ccr-phrase-patterns.md","Abstract","Vocabulary and collocations by abstract function","84","cross-corpus-conventional-term"
"CCRLANG-0971","2026-09-14","we investigated","abstract-background","abstract-objective;abstract-methods;abstract-results;abstract-conclusion","abstract-terminology","mixed-biomedical","vocabulary","mixed","ccr-39-paper-cross-corpus-synthesis","39466024;39545922;39576208;39786430;39821070;40208070;40247431;40343815;40499141;40552922;40553459;40788282;40828417;40864503;40928991;41026583;41065506;41537692;41587109;41649868;41671081;41805895;41817317;41837748;41849236;41920765;42008740;42126592;42148884;42149140;42189883;42360104;42405849;42440365;42456046;42485106;42489696;42507545;42574065","batch-synthesis","ccr-phrase-patterns.md","Abstract","Vocabulary and collocations by abstract function","84","cross-corpus-conventional-term"
"CCRLANG-0972","2026-09-14","we sought to characterize","abstract-background","abstract-objective;abstract-methods;abstract-results;abstract-conclusion","abstract-terminology","mixed-biomedical","vocabulary","mixed","ccr-39-paper-cross-corpus-synthesis","39466024;39545922;39576208;39786430;39821070;40208070;40247431;40343815;40499141;40552922;40553459;40788282;40828417;40864503;40928991;41026583;41065506;41537692;41587109;41649868;41671081;41805895;41817317;41837748;41849236;41920765;42008740;42126592;42148884;42149140;42189883;42360104;42405849;42440365;42456046;42485106;42489696;42507545;42574065","batch-synthesis","ccr-phrase-patterns.md","Abstract","Vocabulary and collocations by abstract function","84","cross-corpus-conventional-term"
"CCRLANG-0973","2026-09-14","we assessed whether","abstract-background","abstract-objective;abstract-methods;abstract-results;abstract-conclusion","abstract-terminology","mixed-biomedical","vocabulary","mixed","ccr-39-paper-cross-corpus-synthesis","39466024;39545922;39576208;39786430;39821070;40208070;40247431;40343815;40499141;40552922;40553459;40788282;40828417;40864503;40928991;41026583;41065506;41537692;41587109;41649868;41671081;41805895;41817317;41837748;41849236;41920765;42008740;42126592;42148884;42149140;42189883;42360104;42405849;42440365;42456046;42485106;42489696;42507545;42574065","batch-synthesis","ccr-phrase-patterns.md","Abstract","Vocabulary and collocations by abstract function","84","cross-corpus-conventional-term"
"CCRLANG-0974","2026-09-14","the primary objective was","abstract-background","abstract-objective;abstract-methods;abstract-results;abstract-conclusion","abstract-terminology","mixed-biomedical","vocabulary","mixed","ccr-39-paper-cross-corpus-synthesis","39466024;39545922;39576208;39786430;39821070;40208070;40247431;40343815;40499141;40552922;40553459;40788282;40828417;40864503;40928991;41026583;41065506;41537692;41587109;41649868;41671081;41805895;41817317;41837748;41849236;41920765;42008740;42126592;42148884;42149140;42189883;42360104;42405849;42440365;42456046;42485106;42489696;42507545;42574065","batch-synthesis","ccr-phrase-patterns.md","Abstract","Vocabulary and collocations by abstract function","84","cross-corpus-conventional-term"
"CCRLANG-0975","2026-09-14","multicenter cohort","abstract-background","abstract-objective;abstract-methods;abstract-results;abstract-conclusion","abstract-terminology","mixed-biomedical","vocabulary","mixed","ccr-39-paper-cross-corpus-synthesis","39466024;39545922;39576208;39786430;39821070;40208070;40247431;40343815;40499141;40552922;40553459;40788282;40828417;40864503;40928991;41026583;41065506;41537692;41587109;41649868;41671081;41805895;41817317;41837748;41849236;41920765;42008740;42126592;42148884;42149140;42189883;42360104;42405849;42440365;42456046;42485106;42489696;42507545;42574065","batch-synthesis","ccr-phrase-patterns.md","Abstract","Vocabulary and collocations by abstract function","85","cross-corpus-conventional-term"
"CCRLANG-0976","2026-09-14","single-arm phase II study","abstract-background","abstract-objective;abstract-methods;abstract-results;abstract-conclusion","abstract-terminology","mixed-biomedical","vocabulary","mixed","ccr-39-paper-cross-corpus-synthesis","39466024;39545922;39576208;39786430;39821070;40208070;40247431;40343815;40499141;40552922;40553459;40788282;40828417;40864503;40928991;41026583;41065506;41537692;41587109;41649868;41671081;41805895;41817317;41837748;41849236;41920765;42008740;42126592;42148884;42149140;42189883;42360104;42405849;42440365;42456046;42485106;42489696;42507545;42574065","batch-synthesis","ccr-phrase-patterns.md","Abstract","Vocabulary and collocations by abstract function","85","cross-corpus-conventional-term"
"CCRLANG-0977","2026-09-14","paired tumor and blood specimens","abstract-background","abstract-objective;abstract-methods;abstract-results;abstract-conclusion","abstract-terminology","mixed-biomedical","vocabulary","mixed","ccr-39-paper-cross-corpus-synthesis","39466024;39545922;39576208;39786430;39821070;40208070;40247431;40343815;40499141;40552922;40553459;40788282;40828417;40864503;40928991;41026583;41065506;41537692;41587109;41649868;41671081;41805895;41817317;41837748;41849236;41920765;42008740;42126592;42148884;42149140;42189883;42360104;42405849;42440365;42456046;42485106;42489696;42507545;42574065","batch-synthesis","ccr-phrase-patterns.md","Abstract","Vocabulary and collocations by abstract function","85","cross-corpus-conventional-term"
"CCRLANG-0978","2026-09-14","integrated multi-omic profiling","abstract-background","abstract-objective;abstract-methods;abstract-results;abstract-conclusion","abstract-terminology","mixed-biomedical","vocabulary","mixed","ccr-39-paper-cross-corpus-synthesis","39466024;39545922;39576208;39786430;39821070;40208070;40247431;40343815;40499141;40552922;40553459;40788282;40828417;40864503;40928991;41026583;41065506;41537692;41587109;41649868;41671081;41805895;41817317;41837748;41849236;41920765;42008740;42126592;42148884;42149140;42189883;42360104;42405849;42440365;42456046;42485106;42489696;42507545;42574065","batch-synthesis","ccr-phrase-patterns.md","Abstract","Vocabulary and collocations by abstract function","85","cross-corpus-conventional-term"
"CCRLANG-0979","2026-09-14","prespecified primary endpoint","abstract-background","abstract-objective;abstract-methods;abstract-results;abstract-conclusion","abstract-terminology","mixed-biomedical","vocabulary","mixed","ccr-39-paper-cross-corpus-synthesis","39466024;39545922;39576208;39786430;39821070;40208070;40247431;40343815;40499141;40552922;40553459;40788282;40828417;40864503;40928991;41026583;41065506;41537692;41587109;41649868;41671081;41805895;41817317;41837748;41849236;41920765;42008740;42126592;42148884;42149140;42189883;42360104;42405849;42440365;42456046;42485106;42489696;42507545;42574065","batch-synthesis","ccr-phrase-patterns.md","Abstract","Vocabulary and collocations by abstract function","85","cross-corpus-conventional-term"
"CCRLANG-0980","2026-09-14","exploratory biomarker analysis","abstract-background","abstract-objective;abstract-methods;abstract-results;abstract-conclusion","abstract-terminology","mixed-biomedical","vocabulary","mixed","ccr-39-paper-cross-corpus-synthesis","39466024;39545922;39576208;39786430;39821070;40208070;40247431;40343815;40499141;40552922;40553459;40788282;40828417;40864503;40928991;41026583;41065506;41537692;41587109;41649868;41671081;41805895;41817317;41837748;41849236;41920765;42008740;42126592;42148884;42149140;42189883;42360104;42405849;42440365;42456046;42485106;42489696;42507545;42574065","batch-synthesis","ccr-phrase-patterns.md","Abstract","Vocabulary and collocations by abstract function","85","cross-corpus-conventional-term"
"CCRLANG-0981","2026-09-14","a total of [N] patients","abstract-background","abstract-objective;abstract-methods;abstract-results;abstract-conclusion","abstract-terminology","mixed-biomedical","vocabulary","mixed","ccr-39-paper-cross-corpus-synthesis","39466024;39545922;39576208;39786430;39821070;40208070;40247431;40343815;40499141;40552922;40553459;40788282;40828417;40864503;40928991;41026583;41065506;41537692;41587109;41649868;41671081;41805895;41817317;41837748;41849236;41920765;42008740;42126592;42148884;42149140;42189883;42360104;42405849;42440365;42456046;42485106;42489696;42507545;42574065","batch-synthesis","ccr-phrase-patterns.md","Abstract","Vocabulary and collocations by abstract function","86","cross-corpus-conventional-term"
"CCRLANG-0982","2026-09-14","at a median follow-up","abstract-background","abstract-objective;abstract-methods;abstract-results;abstract-conclusion","abstract-terminology","mixed-biomedical","vocabulary","mixed","ccr-39-paper-cross-corpus-synthesis","39466024;39545922;39576208;39786430;39821070;40208070;40247431;40343815;40499141;40552922;40553459;40788282;40828417;40864503;40928991;41026583;41065506;41537692;41587109;41649868;41671081;41805895;41817317;41837748;41849236;41920765;42008740;42126592;42148884;42149140;42189883;42360104;42405849;42440365;42456046;42485106;42489696;42507545;42574065","batch-synthesis","ccr-phrase-patterns.md","Abstract","Vocabulary and collocations by abstract function","86","cross-corpus-conventional-term"
"CCRLANG-0983","2026-09-14","objective response rate","abstract-background","abstract-objective;abstract-methods;abstract-results;abstract-conclusion","abstract-terminology","mixed-biomedical","vocabulary","mixed","ccr-39-paper-cross-corpus-synthesis","39466024;39545922;39576208;39786430;39821070;40208070;40247431;40343815;40499141;40552922;40553459;40788282;40828417;40864503;40928991;41026583;41065506;41537692;41587109;41649868;41671081;41805895;41817317;41837748;41849236;41920765;42008740;42126592;42148884;42149140;42189883;42360104;42405849;42440365;42456046;42485106;42489696;42507545;42574065","batch-synthesis","ccr-phrase-patterns.md","Abstract","Vocabulary and collocations by abstract function","86","cross-corpus-conventional-term"
"CCRLANG-0984","2026-09-14","adjusted hazard ratio","abstract-background","abstract-objective;abstract-methods;abstract-results;abstract-conclusion","abstract-terminology","mixed-biomedical","vocabulary","mixed","ccr-39-paper-cross-corpus-synthesis","39466024;39545922;39576208;39786430;39821070;40208070;40247431;40343815;40499141;40552922;40553459;40788282;40828417;40864503;40928991;41026583;41065506;41537692;41587109;41649868;41671081;41805895;41817317;41837748;41849236;41920765;42008740;42126592;42148884;42149140;42189883;42360104;42405849;42440365;42456046;42485106;42489696;42507545;42574065","batch-synthesis","ccr-phrase-patterns.md","Abstract","Vocabulary and collocations by abstract function","86","cross-corpus-conventional-term"
"CCRLANG-0985","2026-09-14","95% confidence interval","abstract-background","abstract-objective;abstract-methods;abstract-results;abstract-conclusion","abstract-terminology","mixed-biomedical","vocabulary","mixed","ccr-39-paper-cross-corpus-synthesis","39466024;39545922;39576208;39786430;39821070;40208070;40247431;40343815;40499141;40552922;40553459;40788282;40828417;40864503;40928991;41026583;41065506;41537692;41587109;41649868;41671081;41805895;41817317;41837748;41849236;41920765;42008740;42126592;42148884;42149140;42189883;42360104;42405849;42440365;42456046;42485106;42489696;42507545;42574065","batch-synthesis","ccr-phrase-patterns.md","Abstract","Vocabulary and collocations by abstract function","86","cross-corpus-conventional-term"
"CCRLANG-0986","2026-09-14","no statistically significant difference","abstract-background","abstract-objective;abstract-methods;abstract-results;abstract-conclusion","abstract-terminology","mixed-biomedical","vocabulary","mixed","ccr-39-paper-cross-corpus-synthesis","39466024;39545922;39576208;39786430;39821070;40208070;40247431;40343815;40499141;40552922;40553459;40788282;40828417;40864503;40928991;41026583;41065506;41537692;41587109;41649868;41671081;41805895;41817317;41837748;41849236;41920765;42008740;42126592;42148884;42149140;42189883;42360104;42405849;42440365;42456046;42485106;42489696;42507545;42574065","batch-synthesis","ccr-phrase-patterns.md","Abstract","Vocabulary and collocations by abstract function","86","cross-corpus-conventional-term"
"CCRLANG-0987","2026-09-14","preliminary antitumor activity","abstract-background","abstract-objective;abstract-methods;abstract-results;abstract-conclusion","abstract-terminology","mixed-biomedical","vocabulary","mixed","ccr-39-paper-cross-corpus-synthesis","39466024;39545922;39576208;39786430;39821070;40208070;40247431;40343815;40499141;40552922;40553459;40788282;40828417;40864503;40928991;41026583;41065506;41537692;41587109;41649868;41671081;41805895;41817317;41837748;41849236;41920765;42008740;42126592;42148884;42149140;42189883;42360104;42405849;42440365;42456046;42485106;42489696;42507545;42574065","batch-synthesis","ccr-phrase-patterns.md","Abstract","Vocabulary and collocations by abstract function","86","cross-corpus-conventional-term"
"CCRLANG-0988","2026-09-14","these findings suggest","abstract-background","abstract-objective;abstract-methods;abstract-results;abstract-conclusion","abstract-terminology","mixed-biomedical","vocabulary","mixed","ccr-39-paper-cross-corpus-synthesis","39466024;39545922;39576208;39786430;39821070;40208070;40247431;40343815;40499141;40552922;40553459;40788282;40828417;40864503;40928991;41026583;41065506;41537692;41587109;41649868;41671081;41805895;41817317;41837748;41849236;41920765;42008740;42126592;42148884;42149140;42189883;42360104;42405849;42440365;42456046;42485106;42489696;42507545;42574065","batch-synthesis","ccr-phrase-patterns.md","Abstract","Vocabulary and collocations by abstract function","87","cross-corpus-conventional-term"
"CCRLANG-0989","2026-09-14","support further evaluation","abstract-background","abstract-objective;abstract-methods;abstract-results;abstract-conclusion","abstract-terminology","mixed-biomedical","vocabulary","mixed","ccr-39-paper-cross-corpus-synthesis","39466024;39545922;39576208;39786430;39821070;40208070;40247431;40343815;40499141;40552922;40553459;40788282;40828417;40864503;40928991;41026583;41065506;41537692;41587109;41649868;41671081;41805895;41817317;41837748;41849236;41920765;42008740;42126592;42148884;42149140;42189883;42360104;42405849;42440365;42456046;42485106;42489696;42507545;42574065","batch-synthesis","ccr-phrase-patterns.md","Abstract","Vocabulary and collocations by abstract function","87","cross-corpus-conventional-term"
"CCRLANG-0990","2026-09-14","provide a rationale for","abstract-background","abstract-objective;abstract-methods;abstract-results;abstract-conclusion","abstract-terminology","mixed-biomedical","vocabulary","mixed","ccr-39-paper-cross-corpus-synthesis","39466024;39545922;39576208;39786430;39821070;40208070;40247431;40343815;40499141;40552922;40553459;40788282;40828417;40864503;40928991;41026583;41065506;41537692;41587109;41649868;41671081;41805895;41817317;41837748;41849236;41920765;42008740;42126592;42148884;42149140;42189883;42360104;42405849;42440365;42456046;42485106;42489696;42507545;42574065","batch-synthesis","ccr-phrase-patterns.md","Abstract","Vocabulary and collocations by abstract function","87","cross-corpus-conventional-term"
"CCRLANG-0991","2026-09-14","require prospective validation","abstract-background","abstract-objective;abstract-methods;abstract-results;abstract-conclusion","abstract-terminology","mixed-biomedical","vocabulary","mixed","ccr-39-paper-cross-corpus-synthesis","39466024;39545922;39576208;39786430;39821070;40208070;40247431;40343815;40499141;40552922;40553459;40788282;40828417;40864503;40928991;41026583;41065506;41537692;41587109;41649868;41671081;41805895;41817317;41837748;41849236;41920765;42008740;42126592;42148884;42149140;42189883;42360104;42405849;42440365;42456046;42485106;42489696;42507545;42574065","batch-synthesis","ccr-phrase-patterns.md","Abstract","Vocabulary and collocations by abstract function","87","cross-corpus-conventional-term"
"CCRLANG-0992","2026-09-14","do not establish clinical utility","abstract-background","abstract-objective;abstract-methods;abstract-results;abstract-conclusion","abstract-terminology","mixed-biomedical","vocabulary","mixed","ccr-39-paper-cross-corpus-synthesis","39466024;39545922;39576208;39786430;39821070;40208070;40247431;40343815;40499141;40552922;40553459;40788282;40828417;40864503;40928991;41026583;41065506;41537692;41587109;41649868;41671081;41805895;41817317;41837748;41849236;41920765;42008740;42126592;42148884;42149140;42189883;42360104;42405849;42440365;42456046;42485106;42489696;42507545;42574065","batch-synthesis","ccr-phrase-patterns.md","Abstract","Vocabulary and collocations by abstract function","87","cross-corpus-conventional-term"
"CCRLANG-0993","2026-09-14","[Clinical problem] remains a major limitation in [population or setting].","abstract-background","abstract-objective","background-gap-objective","mixed-biomedical","sentence-frame","mixed","ccr-39-paper-cross-corpus-synthesis","39466024;39545922;39576208;39786430;39821070;40208070;40247431;40343815;40499141;40552922;40553459;40788282;40828417;40864503;40928991;41026583;41065506;41537692;41587109;41649868;41671081;41805895;41817317;41837748;41849236;41920765;42008740;42126592;42148884;42149140;42189883;42360104;42405849;42440365;42456046;42485106;42489696;42507545;42574065","batch-synthesis","ccr-phrase-patterns.md","Abstract","Background and objective frames","91","cross-corpus-synthetic-frame"
"CCRLANG-0994","2026-09-14","The role of [factor] in [response, resistance, toxicity, or progression] remains unclear.","abstract-background","abstract-objective","background-gap-objective","mixed-biomedical","sentence-frame","mixed","ccr-39-paper-cross-corpus-synthesis","39466024;39545922;39576208;39786430;39821070;40208070;40247431;40343815;40499141;40552922;40553459;40788282;40828417;40864503;40928991;41026583;41065506;41537692;41587109;41649868;41671081;41805895;41817317;41837748;41849236;41920765;42008740;42126592;42148884;42149140;42189883;42360104;42405849;42440365;42456046;42485106;42489696;42507545;42574065","batch-synthesis","ccr-phrase-patterns.md","Abstract","Background and objective frames","92","cross-corpus-synthetic-frame"
"CCRLANG-0995","2026-09-14","Evidence supporting [proposed use] is limited in [population or setting].","abstract-background","abstract-objective","background-gap-objective","mixed-biomedical","sentence-frame","mixed","ccr-39-paper-cross-corpus-synthesis","39466024;39545922;39576208;39786430;39821070;40208070;40247431;40343815;40499141;40552922;40553459;40788282;40828417;40864503;40928991;41026583;41065506;41537692;41587109;41649868;41671081;41805895;41817317;41837748;41849236;41920765;42008740;42126592;42148884;42149140;42189883;42360104;42405849;42440365;42456046;42485106;42489696;42507545;42574065","batch-synthesis","ccr-phrase-patterns.md","Abstract","Background and objective frames","93","cross-corpus-synthetic-frame"
"CCRLANG-0996","2026-09-14","We evaluated [endpoint or relationship] in [design and population].","abstract-background","abstract-objective","background-gap-objective","mixed-biomedical","sentence-frame","mixed","ccr-39-paper-cross-corpus-synthesis","39466024;39545922;39576208;39786430;39821070;40208070;40247431;40343815;40499141;40552922;40553459;40788282;40828417;40864503;40928991;41026583;41065506;41537692;41587109;41649868;41671081;41805895;41817317;41837748;41849236;41920765;42008740;42126592;42148884;42149140;42189883;42360104;42405849;42440365;42456046;42485106;42489696;42507545;42574065","batch-synthesis","ccr-phrase-patterns.md","Abstract","Background and objective frames","94","cross-corpus-synthetic-frame"
"CCRLANG-0997","2026-09-14","We sought to characterize [phenotype, mechanism, or resistance state] using [modalities].","abstract-background","abstract-objective","background-gap-objective","mixed-biomedical","sentence-frame","mixed","ccr-39-paper-cross-corpus-synthesis","39466024;39545922;39576208;39786430;39821070;40208070;40247431;40343815;40499141;40552922;40553459;40788282;40828417;40864503;40928991;41026583;41065506;41537692;41587109;41649868;41671081;41805895;41817317;41837748;41849236;41920765;42008740;42126592;42148884;42149140;42189883;42360104;42405849;42440365;42456046;42485106;42489696;42507545;42574065","batch-synthesis","ccr-phrase-patterns.md","Abstract","Background and objective frames","95","cross-corpus-synthetic-frame"
"CCRLANG-0998","2026-09-14","We conducted a [prospective/retrospective] [design] involving [population or model].","abstract-methods","","design-assay-analysis-summary","mixed-biomedical","sentence-frame","descriptive","ccr-39-paper-cross-corpus-synthesis","39466024;39545922;39576208;39786430;39821070;40208070;40247431;40343815;40499141;40552922;40553459;40788282;40828417;40864503;40928991;41026583;41065506;41537692;41587109;41649868;41671081;41805895;41817317;41837748;41849236;41920765;42008740;42126592;42148884;42149140;42189883;42360104;42405849;42440365;42456046;42485106;42489696;42507545;42574065","batch-synthesis","ccr-phrase-patterns.md","Abstract","Methods frames","99","cross-corpus-synthetic-frame"
"CCRLANG-0999","2026-09-14","[Specimens or data] underwent [assays], followed by [statistical or computational analysis].","abstract-methods","","design-assay-analysis-summary","mixed-biomedical","sentence-frame","descriptive","ccr-39-paper-cross-corpus-synthesis","39466024;39545922;39576208;39786430;39821070;40208070;40247431;40343815;40499141;40552922;40553459;40788282;40828417;40864503;40928991;41026583;41065506;41537692;41587109;41649868;41671081;41805895;41817317;41837748;41849236;41920765;42008740;42126592;42148884;42149140;42189883;42360104;42405849;42440365;42456046;42485106;42489696;42507545;42574065","batch-synthesis","ccr-phrase-patterns.md","Abstract","Methods frames","100","cross-corpus-synthetic-frame"
"CCRLANG-1000","2026-09-14","The primary endpoint was [endpoint], and [analysis] was [prespecified/exploratory/post hoc].","abstract-methods","","design-assay-analysis-summary","mixed-biomedical","sentence-frame","descriptive","ccr-39-paper-cross-corpus-synthesis","39466024;39545922;39576208;39786430;39821070;40208070;40247431;40343815;40499141;40552922;40553459;40788282;40828417;40864503;40928991;41026583;41065506;41537692;41587109;41649868;41671081;41805895;41817317;41837748;41849236;41920765;42008740;42126592;42148884;42149140;42189883;42360104;42405849;42440365;42456046;42485106;42489696;42507545;42574065","batch-synthesis","ccr-phrase-patterns.md","Abstract","Methods frames","101","cross-corpus-synthetic-frame"
"CCRLANG-1001","2026-09-14","The biomarker-evaluable population included [N] participants with [required material or data].","abstract-methods","","design-assay-analysis-summary","mixed-biomedical","sentence-frame","descriptive","ccr-39-paper-cross-corpus-synthesis","39466024;39545922;39576208;39786430;39821070;40208070;40247431;40343815;40499141;40552922;40553459;40788282;40828417;40864503;40928991;41026583;41065506;41537692;41587109;41649868;41671081;41805895;41817317;41837748;41849236;41920765;42008740;42126592;42148884;42149140;42189883;42360104;42405849;42440365;42456046;42485106;42489696;42507545;42574065","batch-synthesis","ccr-phrase-patterns.md","Abstract","Methods frames","102","cross-corpus-synthetic-frame"
"CCRLANG-1002","2026-09-14","Among [N] evaluable patients, [n] ([%]) had [outcome].","abstract-results","","estimate-comparison-finding","mixed-biomedical","sentence-frame","mixed","ccr-39-paper-cross-corpus-synthesis","39466024;39545922;39576208;39786430;39821070;40208070;40247431;40343815;40499141;40552922;40553459;40788282;40828417;40864503;40928991;41026583;41065506;41537692;41587109;41649868;41671081;41805895;41817317;41837748;41849236;41920765;42008740;42126592;42148884;42149140;42189883;42360104;42405849;42440365;42456046;42485106;42489696;42507545;42574065","batch-synthesis","ccr-phrase-patterns.md","Abstract","Results frames","106","cross-corpus-synthetic-frame"
"CCRLANG-1003","2026-09-14","At a median follow-up of [time], [endpoint] was [estimate] (95% CI, [interval]).","abstract-results","","estimate-comparison-finding","mixed-biomedical","sentence-frame","mixed","ccr-39-paper-cross-corpus-synthesis","39466024;39545922;39576208;39786430;39821070;40208070;40247431;40343815;40499141;40552922;40553459;40788282;40828417;40864503;40928991;41026583;41065506;41537692;41587109;41649868;41671081;41805895;41817317;41837748;41849236;41920765;42008740;42126592;42148884;42149140;42189883;42360104;42405849;42440365;42456046;42485106;42489696;42507545;42574065","batch-synthesis","ccr-phrase-patterns.md","Abstract","Results frames","107","cross-corpus-synthetic-frame"
"CCRLANG-1004","2026-09-14","[Exposure] was associated with [outcome] (effect estimate, [value]; 95% CI, [interval]).","abstract-results","","estimate-comparison-finding","mixed-biomedical","sentence-frame","mixed","ccr-39-paper-cross-corpus-synthesis","39466024;39545922;39576208;39786430;39821070;40208070;40247431;40343815;40499141;40552922;40553459;40788282;40828417;40864503;40928991;41026583;41065506;41537692;41587109;41649868;41671081;41805895;41817317;41837748;41849236;41920765;42008740;42126592;42148884;42149140;42189883;42360104;42405849;42440365;42456046;42485106;42489696;42507545;42574065","batch-synthesis","ccr-phrase-patterns.md","Abstract","Results frames","108","cross-corpus-synthetic-frame"
"CCRLANG-1005","2026-09-14","No statistically significant difference was observed between [groups] ([estimate and uncertainty]).","abstract-results","","estimate-comparison-finding","mixed-biomedical","sentence-frame","mixed","ccr-39-paper-cross-corpus-synthesis","39466024;39545922;39576208;39786430;39821070;40208070;40247431;40343815;40499141;40552922;40553459;40788282;40828417;40864503;40928991;41026583;41065506;41537692;41587109;41649868;41671081;41805895;41817317;41837748;41849236;41920765;42008740;42126592;42148884;42149140;42189883;42360104;42405849;42440365;42456046;42485106;42489696;42507545;42574065","batch-synthesis","ccr-phrase-patterns.md","Abstract","Results frames","109","cross-corpus-synthetic-frame"
"CCRLANG-1006","2026-09-14","[Omics or experimental finding] was observed in [analysis set or model] and was supported by [orthogonal evidence].","abstract-results","","estimate-comparison-finding","mixed-biomedical","sentence-frame","mixed","ccr-39-paper-cross-corpus-synthesis","39466024;39545922;39576208;39786430;39821070;40208070;40247431;40343815;40499141;40552922;40553459;40788282;40828417;40864503;40928991;41026583;41065506;41537692;41587109;41649868;41671081;41805895;41817317;41837748;41849236;41920765;42008740;42126592;42148884;42149140;42189883;42360104;42405849;42440365;42456046;42485106;42489696;42507545;42574065","batch-synthesis","ccr-phrase-patterns.md","Abstract","Results frames","110","cross-corpus-synthetic-frame"
"CCRLANG-1007","2026-09-14","Grade [threshold] or higher [adverse event class] occurred in [n/N] patients.","abstract-results","","estimate-comparison-finding","mixed-biomedical","sentence-frame","mixed","ccr-39-paper-cross-corpus-synthesis","39466024;39545922;39576208;39786430;39821070;40208070;40247431;40343815;40499141;40552922;40553459;40788282;40828417;40864503;40928991;41026583;41065506;41537692;41587109;41649868;41671081;41805895;41817317;41837748;41849236;41920765;42008740;42126592;42148884;42149140;42189883;42360104;42405849;42440365;42456046;42485106;42489696;42507545;42574065","batch-synthesis","ccr-phrase-patterns.md","Abstract","Results frames","111","cross-corpus-synthetic-frame"
"CCRLANG-1008","2026-09-14","These findings support [specific next evaluation] in [defined population or model].","abstract-conclusion","","bounded-synthesis-validation","mixed-biomedical","sentence-frame","mixed","ccr-39-paper-cross-corpus-synthesis","39466024;39545922;39576208;39786430;39821070;40208070;40247431;40343815;40499141;40552922;40553459;40788282;40828417;40864503;40928991;41026583;41065506;41537692;41587109;41649868;41671081;41805895;41817317;41837748;41849236;41920765;42008740;42126592;42148884;42149140;42189883;42360104;42405849;42440365;42456046;42485106;42489696;42507545;42574065","batch-synthesis","ccr-phrase-patterns.md","Abstract","Conclusion frames","115","cross-corpus-synthetic-frame"
"CCRLANG-1009","2026-09-14","[Marker or assay] may inform [risk stratification or monitoring], pending [validation requirement].","abstract-conclusion","","bounded-synthesis-validation","mixed-biomedical","sentence-frame","mixed","ccr-39-paper-cross-corpus-synthesis","39466024;39545922;39576208;39786430;39821070;40208070;40247431;40343815;40499141;40552922;40553459;40788282;40828417;40864503;40928991;41026583;41065506;41537692;41587109;41649868;41671081;41805895;41817317;41837748;41849236;41920765;42008740;42126592;42148884;42149140;42189883;42360104;42405849;42440365;42456046;42485106;42489696;42507545;42574065","batch-synthesis","ccr-phrase-patterns.md","Abstract","Conclusion frames","116","cross-corpus-synthetic-frame"
"CCRLANG-1010","2026-09-14","The results provide a rationale for [strategy] but do not establish [unsupported causal, predictive, or clinical-utility claim].","abstract-conclusion","","bounded-synthesis-validation","mixed-biomedical","sentence-frame","mixed","ccr-39-paper-cross-corpus-synthesis","39466024;39545922;39576208;39786430;39821070;40208070;40247431;40343815;40499141;40552922;40553459;40788282;40828417;40864503;40928991;41026583;41065506;41537692;41587109;41649868;41671081;41805895;41817317;41837748;41849236;41920765;42008740;42126592;42148884;42149140;42189883;42360104;42405849;42440365;42456046;42485106;42489696;42507545;42574065","batch-synthesis","ccr-phrase-patterns.md","Abstract","Conclusion frames","117","cross-corpus-synthetic-frame"
"CCRLANG-1011","2026-09-14","Prospective [analytical/clinical/external] validation is required before [intended use].","abstract-conclusion","","bounded-synthesis-validation","mixed-biomedical","sentence-frame","mixed","ccr-39-paper-cross-corpus-synthesis","39466024;39545922;39576208;39786430;39821070;40208070;40247431;40343815;40499141;40552922;40553459;40788282;40828417;40864503;40928991;41026583;41065506;41537692;41587109;41649868;41671081;41805895;41817317;41837748;41849236;41920765;42008740;42126592;42148884;42149140;42189883;42360104;42405849;42440365;42456046;42485106;42489696;42507545;42574065","batch-synthesis","ccr-phrase-patterns.md","Abstract","Conclusion frames","118","cross-corpus-synthetic-frame"
"CCRLANG-1012","2026-09-14","problem -> exact objective -> design and population -> analysis denominator -> primary estimate and uncertainty -> key secondary or mechanistic finding -> bounded conclusion","abstract-background","abstract-objective;abstract-methods;abstract-results;abstract-conclusion","abstract-architecture","mixed-biomedical","paragraph-architecture","mixed","ccr-39-paper-cross-corpus-synthesis","39466024;39545922;39576208;39786430;39821070;40208070;40247431;40343815;40499141;40552922;40553459;40788282;40828417;40864503;40928991;41026583;41065506;41537692;41587109;41649868;41671081;41805895;41817317;41837748;41849236;41920765;42008740;42126592;42148884;42149140;42189883;42360104;42405849;42440365;42456046;42485106;42489696;42507545;42574065","batch-synthesis","ccr-phrase-patterns.md","Abstract","Abstract architecture","122","cross-corpus-synthetic-architecture"
"CCRLANG-1013","2026-09-14","The contribution of [pathway activation] to [disease phenotype] and clinical outcomes remains incompletely defined.","abstract-background","abstract-objective","abstract-background-summary","genomics-transcriptomics-preclinical-immunotherapy","sentence-frame","evidence-calibrated","ccr-2026-09-12-four-main-pdfs","33077574","single-paper-synthesis","ccr-2026-09-12-supplement-language.md","PMID 33077574","Abstract background","18","synthetic-frame"
"CCRLANG-1014","2026-09-14","We combined [genetically defined models] with [clinical biomarker cohorts] to distinguish experimental effects from patient-level associations.","abstract-methods","","abstract-methods-summary","genomics-transcriptomics-preclinical-immunotherapy","sentence-frame","evidence-calibrated","ccr-2026-09-12-four-main-pdfs","33077574","single-paper-synthesis","ccr-2026-09-12-supplement-language.md","PMID 33077574","Abstract methods","20","synthetic-frame"
"CCRLANG-1015","2026-09-14","[Perturbation] altered [phenotype] in [model], whereas [signature] was associated with [endpoint] in [patient cohort].","abstract-results","","abstract-results-summary","genomics-transcriptomics-preclinical-immunotherapy","sentence-frame","evidence-calibrated","ccr-2026-09-12-four-main-pdfs","33077574","single-paper-synthesis","ccr-2026-09-12-supplement-language.md","PMID 33077574","Abstract results","22","synthetic-frame"
"CCRLANG-1016","2026-09-14","These findings support a role for [pathway] in [model phenotype] and motivate prospective evaluation of [candidate biomarker].","abstract-conclusion","","abstract-conclusion-summary","genomics-transcriptomics-preclinical-immunotherapy","sentence-frame","evidence-calibrated","ccr-2026-09-12-four-main-pdfs","33077574","single-paper-synthesis","ccr-2026-09-12-supplement-language.md","PMID 33077574","Abstract conclusion","24","synthetic-frame"
"CCRLANG-1017","2026-09-14","constitutive transcription-factor stabilization","introduction","methods;results;discussion","terminology","genomics-transcriptomics-preclinical-immunotherapy","vocabulary","terminology-only","ccr-2026-09-12-four-main-pdfs","33077574","single-paper-synthesis","ccr-2026-09-12-supplement-language.md","PMID 33077574","Introduction vocabulary","26","conventional-term-or-collocation"
"CCRLANG-1018","2026-09-14","co-occurring genomic alterations","introduction","methods;results;discussion","terminology","genomics-transcriptomics-preclinical-immunotherapy","vocabulary","terminology-only","ccr-2026-09-12-four-main-pdfs","33077574","single-paper-synthesis","ccr-2026-09-12-supplement-language.md","PMID 33077574","Introduction vocabulary","27","conventional-term-or-collocation"
"CCRLANG-1019","2026-09-14","tumor immune contexture","introduction","methods;results;discussion","terminology","genomics-transcriptomics-preclinical-immunotherapy","vocabulary","terminology-only","ccr-2026-09-12-four-main-pdfs","33077574","single-paper-synthesis","ccr-2026-09-12-supplement-language.md","PMID 33077574","Introduction vocabulary","28","conventional-term-or-collocation"
"CCRLANG-1020","2026-09-14","histologic and genomic heterogeneity","introduction","methods;results;discussion","terminology","genomics-transcriptomics-preclinical-immunotherapy","vocabulary","terminology-only","ccr-2026-09-12-four-main-pdfs","33077574","single-paper-synthesis","ccr-2026-09-12-supplement-language.md","PMID 33077574","Introduction vocabulary","29","conventional-term-or-collocation"
"CCRLANG-1021","2026-09-14","oncogenic cooperativity","introduction","methods;results;discussion","terminology","genomics-transcriptomics-preclinical-immunotherapy","vocabulary","terminology-only","ccr-2026-09-12-four-main-pdfs","33077574","single-paper-synthesis","ccr-2026-09-12-supplement-language.md","PMID 33077574","Introduction vocabulary","30","conventional-term-or-collocation"
"CCRLANG-1022","2026-09-14","Because [alteration A] frequently co-occurs with [alteration B], models incorporating both are needed to separate their individual and combined effects.","introduction","","introduction-evidence-reporting","genomics-transcriptomics-preclinical-immunotherapy","sentence-frame","preclinical-mechanistic-clinical-associative","ccr-2026-09-12-four-main-pdfs","33077574","single-paper-synthesis","ccr-2026-09-12-supplement-language.md","PMID 33077574","Introduction frames","32","synthetic-frame"
"CCRLANG-1023","2026-09-14","Existing signatures capture [feature], but their [scope or complexity] may limit [intended application].","introduction","","introduction-evidence-reporting","genomics-transcriptomics-preclinical-immunotherapy","sentence-frame","preclinical-mechanistic-clinical-associative","ccr-2026-09-12-four-main-pdfs","33077574","single-paper-synthesis","ccr-2026-09-12-supplement-language.md","PMID 33077574","Introduction frames","33","synthetic-frame"
"CCRLANG-1024","2026-09-14","compound-mutant genetically engineered mouse models","methods","introduction;results;discussion","terminology","genomics-transcriptomics-preclinical-immunotherapy","vocabulary","terminology-only","ccr-2026-09-12-four-main-pdfs","33077574","single-paper-synthesis","ccr-2026-09-12-supplement-language.md","PMID 33077574","Methods vocabulary","35","conventional-term-or-collocation"
"CCRLANG-1025","2026-09-14","intratracheal delivery of Cre recombinase","methods","introduction;results;discussion","terminology","genomics-transcriptomics-preclinical-immunotherapy","vocabulary","terminology-only","ccr-2026-09-12-four-main-pdfs","33077574","single-paper-synthesis","ccr-2026-09-12-supplement-language.md","PMID 33077574","Methods vocabulary","36","conventional-term-or-collocation"
"CCRLANG-1026","2026-09-14","inducible knockdown and gene reconstitution","methods","introduction;results;discussion","terminology","genomics-transcriptomics-preclinical-immunotherapy","vocabulary","terminology-only","ccr-2026-09-12-four-main-pdfs","33077574","single-paper-synthesis","ccr-2026-09-12-supplement-language.md","PMID 33077574","Methods vocabulary","37","conventional-term-or-collocation"
"CCRLANG-1027","2026-09-14","whole-transcriptome profiling","methods","introduction;results;discussion","terminology","genomics-transcriptomics-preclinical-immunotherapy","vocabulary","terminology-only","ccr-2026-09-12-four-main-pdfs","33077574","single-paper-synthesis","ccr-2026-09-12-supplement-language.md","PMID 33077574","Methods vocabulary","38","conventional-term-or-collocation"
"CCRLANG-1028","2026-09-14","histology-specific signature thresholds","methods","introduction;results;discussion","terminology","genomics-transcriptomics-preclinical-immunotherapy","vocabulary","terminology-only","ccr-2026-09-12-four-main-pdfs","33077574","single-paper-synthesis","ccr-2026-09-12-supplement-language.md","PMID 33077574","Methods vocabulary","39","conventional-term-or-collocation"
"CCRLANG-1029","2026-09-14","likelihood-ratio comparison of nested models","methods","introduction;results;discussion","terminology","genomics-transcriptomics-preclinical-immunotherapy","vocabulary","terminology-only","ccr-2026-09-12-four-main-pdfs","33077574","single-paper-synthesis","ccr-2026-09-12-supplement-language.md","PMID 33077574","Methods vocabulary","40","conventional-term-or-collocation"
"CCRLANG-1030","2026-09-14","flow-cytometric measurement of intracellular ROS","methods","introduction;results;discussion","terminology","genomics-transcriptomics-preclinical-immunotherapy","vocabulary","terminology-only","ccr-2026-09-12-four-main-pdfs","33077574","single-paper-synthesis","ccr-2026-09-12-supplement-language.md","PMID 33077574","Methods vocabulary","41","conventional-term-or-collocation"
"CCRLANG-1031","2026-09-14","lipid-peroxidation readouts","methods","introduction;results;discussion","terminology","genomics-transcriptomics-preclinical-immunotherapy","vocabulary","terminology-only","ccr-2026-09-12-four-main-pdfs","33077574","single-paper-synthesis","ccr-2026-09-12-supplement-language.md","PMID 33077574","Methods vocabulary","42","conventional-term-or-collocation"
"CCRLANG-1032","2026-09-14","We quantified [readout] in [defined cell population] and compared [genotypes] using [test] with [multiplicity correction].","methods","","methods-evidence-reporting","genomics-transcriptomics-preclinical-immunotherapy","sentence-frame","descriptive","ccr-2026-09-12-four-main-pdfs","33077574","single-paper-synthesis","ccr-2026-09-12-supplement-language.md","PMID 33077574","Methods frames","44","synthetic-frame"
"CCRLANG-1033","2026-09-14","To evaluate incremental prognostic information, we compared models with and without [signature] while retaining [genomic covariates].","methods","","methods-evidence-reporting","genomics-transcriptomics-preclinical-immunotherapy","sentence-frame","descriptive","ccr-2026-09-12-four-main-pdfs","33077574","single-paper-synthesis","ccr-2026-09-12-supplement-language.md","PMID 33077574","Methods frames","45","synthetic-frame"
"CCRLANG-1034","2026-09-14","Expression profiles were analyzed separately for [platform/cohort], with [pathway analysis] applied to the specified comparison.","methods","","methods-evidence-reporting","genomics-transcriptomics-preclinical-immunotherapy","sentence-frame","descriptive","ccr-2026-09-12-four-main-pdfs","33077574","single-paper-synthesis","ccr-2026-09-12-supplement-language.md","PMID 33077574","Methods frames","46","synthetic-frame"
"CCRLANG-1035","2026-09-14","early-onset multifocal tumor initiation","results","introduction;methods;discussion","terminology","genomics-transcriptomics-preclinical-immunotherapy","vocabulary","terminology-only","ccr-2026-09-12-four-main-pdfs","33077574","single-paper-synthesis","ccr-2026-09-12-supplement-language.md","PMID 33077574","Results vocabulary","48","conventional-term-or-collocation"
"CCRLANG-1036","2026-09-14","intrabronchiolar papillary carcinomas","results","introduction;methods;discussion","terminology","genomics-transcriptomics-preclinical-immunotherapy","vocabulary","terminology-only","ccr-2026-09-12-four-main-pdfs","33077574","single-paper-synthesis","ccr-2026-09-12-supplement-language.md","PMID 33077574","Results vocabulary","49","conventional-term-or-collocation"
"CCRLANG-1037","2026-09-14","mucinous differentiation","results","introduction;methods;discussion","terminology","genomics-transcriptomics-preclinical-immunotherapy","vocabulary","terminology-only","ccr-2026-09-12-four-main-pdfs","33077574","single-paper-synthesis","ccr-2026-09-12-supplement-language.md","PMID 33077574","Results vocabulary","50","conventional-term-or-collocation"
"CCRLANG-1038","2026-09-14","restoration of redox homeostasis","results","introduction;methods;discussion","terminology","genomics-transcriptomics-preclinical-immunotherapy","vocabulary","terminology-only","ccr-2026-09-12-four-main-pdfs","33077574","single-paper-synthesis","ccr-2026-09-12-supplement-language.md","PMID 33077574","Results vocabulary","51","conventional-term-or-collocation"
"CCRLANG-1039","2026-09-14","cross-species phenotypic concordance","results","introduction;methods;discussion","terminology","genomics-transcriptomics-preclinical-immunotherapy","vocabulary","terminology-only","ccr-2026-09-12-four-main-pdfs","33077574","single-paper-synthesis","ccr-2026-09-12-supplement-language.md","PMID 33077574","Results vocabulary","52","conventional-term-or-collocation"
"CCRLANG-1040","2026-09-14","functional pathway activation beyond mutation status","results","introduction;methods;discussion","terminology","genomics-transcriptomics-preclinical-immunotherapy","vocabulary","terminology-only","ccr-2026-09-12-four-main-pdfs","33077574","single-paper-synthesis","ccr-2026-09-12-supplement-language.md","PMID 33077574","Results vocabulary","53","conventional-term-or-collocation"
"CCRLANG-1041","2026-09-14","incremental prognostic information","results","introduction;methods;discussion","terminology","genomics-transcriptomics-preclinical-immunotherapy","vocabulary","terminology-only","ccr-2026-09-12-four-main-pdfs","33077574","single-paper-synthesis","ccr-2026-09-12-supplement-language.md","PMID 33077574","Results vocabulary","54","conventional-term-or-collocation"
"CCRLANG-1042","2026-09-14","[Perturbation] reduced [stress marker] and increased [antioxidant measure] in [genotype-defined model].","results","","results-evidence-reporting","genomics-transcriptomics-preclinical-immunotherapy","sentence-frame","preclinical-mechanistic-clinical-associative","ccr-2026-09-12-four-main-pdfs","33077574","single-paper-synthesis","ccr-2026-09-12-supplement-language.md","PMID 33077574","Results frames","56","synthetic-frame"
"CCRLANG-1043","2026-09-14","The phenotype was reversed by [rescue manipulation], supporting a role for [pathway] within this experimental system.","results","","results-evidence-reporting","genomics-transcriptomics-preclinical-immunotherapy","sentence-frame","preclinical-mechanistic-clinical-associative","ccr-2026-09-12-four-main-pdfs","33077574","single-paper-synthesis","ccr-2026-09-12-supplement-language.md","PMID 33077574","Results frames","57","synthetic-frame"
"CCRLANG-1044","2026-09-14","[Signature] remained associated with [survival endpoint] after adjustment for [co-alterations] (HR, [value]; 95% CI, [interval]).","results","","results-evidence-reporting","genomics-transcriptomics-preclinical-immunotherapy","sentence-frame","preclinical-mechanistic-clinical-associative","ccr-2026-09-12-four-main-pdfs","33077574","single-paper-synthesis","ccr-2026-09-12-supplement-language.md","PMID 33077574","Results frames","58","synthetic-frame"
"CCRLANG-1045","2026-09-14","The association was observed in both treatment arms, supporting prognostic relevance rather than establishing treatment-specific prediction.","results","","results-evidence-reporting","genomics-transcriptomics-preclinical-immunotherapy","sentence-frame","preclinical-mechanistic-clinical-associative","ccr-2026-09-12-four-main-pdfs","33077574","single-paper-synthesis","ccr-2026-09-12-supplement-language.md","PMID 33077574","Results frames","59","synthetic-frame"
"CCRLANG-1046","2026-09-14","Although subgroup estimates differed numerically, the treatment-by-biomarker interaction did not reach statistical significance.","results","","results-evidence-reporting","genomics-transcriptomics-preclinical-immunotherapy","sentence-frame","preclinical-mechanistic-clinical-associative","ccr-2026-09-12-four-main-pdfs","33077574","single-paper-synthesis","ccr-2026-09-12-supplement-language.md","PMID 33077574","Results frames","60","synthetic-frame"
"CCRLANG-1047","2026-09-14","epistatic relationships among oncogenic events","discussion","conclusion","terminology","genomics-transcriptomics-preclinical-immunotherapy","vocabulary","terminology-only","ccr-2026-09-12-four-main-pdfs","33077574","single-paper-synthesis","ccr-2026-09-12-supplement-language.md","PMID 33077574","Discussion vocabulary","62","conventional-term-or-collocation"
"CCRLANG-1048","2026-09-14","context-dependent pathway activity","discussion","conclusion","terminology","genomics-transcriptomics-preclinical-immunotherapy","vocabulary","terminology-only","ccr-2026-09-12-four-main-pdfs","33077574","single-paper-synthesis","ccr-2026-09-12-supplement-language.md","PMID 33077574","Discussion vocabulary","63","conventional-term-or-collocation"
"CCRLANG-1049","2026-09-14","prospective biomarker validation","discussion","conclusion","terminology","genomics-transcriptomics-preclinical-immunotherapy","vocabulary","terminology-only","ccr-2026-09-12-four-main-pdfs","33077574","single-paper-synthesis","ccr-2026-09-12-supplement-language.md","PMID 33077574","Discussion vocabulary","64","conventional-term-or-collocation"
"CCRLANG-1050","2026-09-14","Differences in [delivery route, timing, or sample size] may contribute to the discrepancy between the present model and earlier reports.","discussion","","discussion-evidence-reporting","genomics-transcriptomics-preclinical-immunotherapy","sentence-frame","preclinical-mechanistic-clinical-associative","ccr-2026-09-12-four-main-pdfs","33077574","single-paper-synthesis","ccr-2026-09-12-supplement-language.md","PMID 33077574","Discussion frames","66","synthetic-frame"
"CCRLANG-1051","2026-09-14","A transcriptional readout may capture pathway activity missed by mutation status, but its intended clinical use requires prospective validation.","discussion","","discussion-evidence-reporting","genomics-transcriptomics-preclinical-immunotherapy","sentence-frame","preclinical-mechanistic-clinical-associative","ccr-2026-09-12-four-main-pdfs","33077574","single-paper-synthesis","ccr-2026-09-12-supplement-language.md","PMID 33077574","Discussion frames","67","synthetic-frame"
"CCRLANG-1052","2026-09-14","Experimental cooperation between [alterations] does not by itself establish differential clinical benefit from [therapy].","discussion","","discussion-evidence-reporting","genomics-transcriptomics-preclinical-immunotherapy","sentence-frame","preclinical-mechanistic-clinical-associative","ccr-2026-09-12-four-main-pdfs","33077574","single-paper-synthesis","ccr-2026-09-12-supplement-language.md","PMID 33077574","Discussion frames","68","synthetic-frame"
"CCRLANG-1053","2026-09-14","The combined findings link [genetic context] to [experimental phenotype] and [clinical association], without establishing a treatment-selection assay.","conclusion","abstract-conclusion","bounded-synthesis-validation","genomics-transcriptomics-preclinical-immunotherapy","sentence-frame","evidence-calibrated","ccr-2026-09-12-four-main-pdfs","33077574","single-paper-synthesis","ccr-2026-09-12-supplement-language.md","PMID 33077574","Conclusion frames","70","synthetic-frame"
"CCRLANG-1054","2026-09-14","[Functional signature] is a candidate approach to refine [biological classification]; prospective studies must establish its clinical utility.","translational-relevance","conclusion","intended-use-validation","genomics-transcriptomics-preclinical-immunotherapy","sentence-frame","evidence-calibrated","ccr-2026-09-12-four-main-pdfs","33077574","single-paper-synthesis","ccr-2026-09-12-supplement-language.md","PMID 33077574","Translational Relevance frames","72","synthetic-frame"
"CCRLANG-1055","2026-09-14","We first compared [genetically defined groups] and observed [phenotype]. Orthogonal measurements of [readout A] and [readout B] supported [model-specific interpretation]. In an independent clinical dataset, [signature] was associated with [endpoint] after adjustment for [covariates]. These clinical associations were analyzed separately from the experimental perturbation results.","results","","section-paragraph-synthesis","genomics-transcriptomics-preclinical-immunotherapy","paragraph-model","evidence-calibrated","ccr-2026-09-12-four-main-pdfs","33077574","single-paper-synthesis","ccr-2026-09-12-supplement-language.md","PMID 33077574","Results paragraph","74","synthetic-model"
"CCRLANG-1056","2026-09-14","The experimental and clinical findings converge on [pathway] but answer different questions. Perturbation establishes a role within [model], whereas the clinical analyses indicate [association]. Because [interaction or validation limitation], the results do not yet support using [biomarker] to select [therapy].","discussion","","section-paragraph-synthesis","genomics-transcriptomics-preclinical-immunotherapy","paragraph-model","evidence-calibrated","ccr-2026-09-12-four-main-pdfs","33077574","single-paper-synthesis","ccr-2026-09-12-supplement-language.md","PMID 33077574","Discussion paragraph","76","synthetic-model"
"CCRLANG-1057","2026-09-14","We report prespecified [secondary endpoints] and an updated analysis of [survival endpoint] from [randomized trial].","abstract-background","abstract-objective","abstract-background-summary","clinical-trial-targeted-therapy-endpoints","sentence-frame","evidence-calibrated","ccr-2026-09-12-four-main-pdfs","42714840","single-paper-synthesis","ccr-2026-09-12-supplement-language.md","PMID 42714840","Abstract background","87","synthetic-frame"
"CCRLANG-1058","2026-09-14","Patients without progression after [prior therapy] were randomized [ratio] to [intervention] or [comparator], with [crossover policy] after progression.","abstract-methods","","abstract-methods-summary","clinical-trial-targeted-therapy-endpoints","sentence-frame","evidence-calibrated","ccr-2026-09-12-four-main-pdfs","42714840","single-paper-synthesis","ccr-2026-09-12-supplement-language.md","PMID 42714840","Abstract methods","89","synthetic-frame"
"CCRLANG-1059","2026-09-14","[Endpoint] favored [intervention] (HR, [value]; 95% CI, [interval]), whereas the estimate for [other endpoint] remained imprecise.","abstract-results","","abstract-results-summary","clinical-trial-targeted-therapy-endpoints","sentence-frame","evidence-calibrated","ccr-2026-09-12-four-main-pdfs","42714840","single-paper-synthesis","ccr-2026-09-12-supplement-language.md","PMID 42714840","Abstract results","91","synthetic-frame"
"CCRLANG-1060","2026-09-14","The post-progression findings support [bounded interpretation], while the effect on overall survival remains uncertain at the current data maturity.","abstract-conclusion","","abstract-conclusion-summary","clinical-trial-targeted-therapy-endpoints","sentence-frame","evidence-calibrated","ccr-2026-09-12-four-main-pdfs","42714840","single-paper-synthesis","ccr-2026-09-12-supplement-language.md","PMID 42714840","Abstract conclusion","93","synthetic-frame"
"CCRLANG-1061","2026-09-14","unresectable stage III EGFR-mutated NSCLC","introduction","methods;results;discussion","terminology","clinical-trial-targeted-therapy-endpoints","vocabulary","terminology-only","ccr-2026-09-12-four-main-pdfs","42714840","single-paper-synthesis","ccr-2026-09-12-supplement-language.md","PMID 42714840","Introduction vocabulary","95","conventional-term-or-collocation"
"CCRLANG-1062","2026-09-14","definitive chemoradiotherapy","introduction","methods;results;discussion","terminology","clinical-trial-targeted-therapy-endpoints","vocabulary","terminology-only","ccr-2026-09-12-four-main-pdfs","42714840","single-paper-synthesis","ccr-2026-09-12-supplement-language.md","PMID 42714840","Introduction vocabulary","96","conventional-term-or-collocation"
"CCRLANG-1063","2026-09-14","CNS-active tyrosine kinase inhibitor","introduction","methods;results;discussion","terminology","clinical-trial-targeted-therapy-endpoints","vocabulary","terminology-only","ccr-2026-09-12-four-main-pdfs","42714840","single-paper-synthesis","ccr-2026-09-12-supplement-language.md","PMID 42714840","Introduction vocabulary","97","conventional-term-or-collocation"
"CCRLANG-1064","2026-09-14","post-progression endpoints","introduction","methods;results;discussion","terminology","clinical-trial-targeted-therapy-endpoints","vocabulary","terminology-only","ccr-2026-09-12-four-main-pdfs","42714840","single-paper-synthesis","ccr-2026-09-12-supplement-language.md","PMID 42714840","Introduction vocabulary","98","conventional-term-or-collocation"
"CCRLANG-1065","2026-09-14","intermediate clinical endpoints","introduction","methods;results;discussion","terminology","clinical-trial-targeted-therapy-endpoints","vocabulary","terminology-only","ccr-2026-09-12-four-main-pdfs","42714840","single-paper-synthesis","ccr-2026-09-12-supplement-language.md","PMID 42714840","Introduction vocabulary","99","conventional-term-or-collocation"
"CCRLANG-1066","2026-09-14","Although [primary endpoint] has been reported, [longer-term outcome] remains immature, motivating analysis of [prespecified endpoints].","introduction","","introduction-evidence-reporting","clinical-trial-targeted-therapy-endpoints","sentence-frame","comparative-secondary-descriptive","ccr-2026-09-12-four-main-pdfs","42714840","single-paper-synthesis","ccr-2026-09-12-supplement-language.md","PMID 42714840","Introduction frames","101","synthetic-frame"
"CCRLANG-1067","2026-09-14","These endpoints provide additional information on the treatment course but should not be treated as interchangeable with overall survival.","introduction","","introduction-evidence-reporting","clinical-trial-targeted-therapy-endpoints","sentence-frame","comparative-secondary-descriptive","ccr-2026-09-12-four-main-pdfs","42714840","single-paper-synthesis","ccr-2026-09-12-supplement-language.md","PMID 42714840","Introduction frames","102","synthetic-frame"
"CCRLANG-1068","2026-09-14","blinded independent central review","methods","introduction;results;discussion","terminology","clinical-trial-targeted-therapy-endpoints","vocabulary","terminology-only","ccr-2026-09-12-four-main-pdfs","42714840","single-paper-synthesis","ccr-2026-09-12-supplement-language.md","PMID 42714840","Methods vocabulary","104","conventional-term-or-collocation"
"CCRLANG-1069","2026-09-14","open-label crossover treatment","methods","introduction;results;discussion","terminology","clinical-trial-targeted-therapy-endpoints","vocabulary","terminology-only","ccr-2026-09-12-four-main-pdfs","42714840","single-paper-synthesis","ccr-2026-09-12-supplement-language.md","PMID 42714840","Methods vocabulary","105","conventional-term-or-collocation"
"CCRLANG-1070","2026-09-14","time to first subsequent treatment or death","methods","introduction;results;discussion","terminology","clinical-trial-targeted-therapy-endpoints","vocabulary","terminology-only","ccr-2026-09-12-four-main-pdfs","42714840","single-paper-synthesis","ccr-2026-09-12-supplement-language.md","PMID 42714840","Methods vocabulary","106","conventional-term-or-collocation"
"CCRLANG-1071","2026-09-14","time to second subsequent treatment or death","methods","introduction;results;discussion","terminology","clinical-trial-targeted-therapy-endpoints","vocabulary","terminology-only","ccr-2026-09-12-four-main-pdfs","42714840","single-paper-synthesis","ccr-2026-09-12-supplement-language.md","PMID 42714840","Methods vocabulary","107","conventional-term-or-collocation"
"CCRLANG-1072","2026-09-14","second progression-free survival","methods","introduction;results;discussion","terminology","clinical-trial-targeted-therapy-endpoints","vocabulary","terminology-only","ccr-2026-09-12-four-main-pdfs","42714840","single-paper-synthesis","ccr-2026-09-12-supplement-language.md","PMID 42714840","Methods vocabulary","108","conventional-term-or-collocation"
"CCRLANG-1073","2026-09-14","censoring at the last known event-free assessment","methods","introduction;results;discussion","terminology","clinical-trial-targeted-therapy-endpoints","vocabulary","terminology-only","ccr-2026-09-12-four-main-pdfs","42714840","single-paper-synthesis","ccr-2026-09-12-supplement-language.md","PMID 42714840","Methods vocabulary","109","conventional-term-or-collocation"
"CCRLANG-1074","2026-09-14","stratified log-rank analysis","methods","introduction;results;discussion","terminology","clinical-trial-targeted-therapy-endpoints","vocabulary","terminology-only","ccr-2026-09-12-four-main-pdfs","42714840","single-paper-synthesis","ccr-2026-09-12-supplement-language.md","PMID 42714840","Methods vocabulary","110","conventional-term-or-collocation"
"CCRLANG-1075","2026-09-14","interim analysis with an allocated nominal alpha","methods","introduction;results;discussion","terminology","clinical-trial-targeted-therapy-endpoints","vocabulary","terminology-only","ccr-2026-09-12-four-main-pdfs","42714840","single-paper-synthesis","ccr-2026-09-12-supplement-language.md","PMID 42714840","Methods vocabulary","111","conventional-term-or-collocation"
"CCRLANG-1076","2026-09-14","[Endpoint] was measured from randomization to [specified event] or death, whichever occurred first.","methods","","methods-evidence-reporting","clinical-trial-targeted-therapy-endpoints","sentence-frame","descriptive","ccr-2026-09-12-four-main-pdfs","42714840","single-paper-synthesis","ccr-2026-09-12-supplement-language.md","PMID 42714840","Methods frames","113","synthetic-frame"
"CCRLANG-1077","2026-09-14","Patients without a recorded event were censored at [endpoint-specific last known time].","methods","","methods-evidence-reporting","clinical-trial-targeted-therapy-endpoints","sentence-frame","descriptive","ccr-2026-09-12-four-main-pdfs","42714840","single-paper-synthesis","ccr-2026-09-12-supplement-language.md","PMID 42714840","Methods frames","114","synthetic-frame"
"CCRLANG-1078","2026-09-14","[Post-progression endpoint] was assessed by investigators according to local practice; formal [response criteria] measurements were not collected.","methods","","methods-evidence-reporting","clinical-trial-targeted-therapy-endpoints","sentence-frame","descriptive","ccr-2026-09-12-four-main-pdfs","42714840","single-paper-synthesis","ccr-2026-09-12-supplement-language.md","PMID 42714840","Methods frames","115","synthetic-frame"
"CCRLANG-1079","2026-09-14","overall data maturity","results","introduction;methods;discussion","terminology","clinical-trial-targeted-therapy-endpoints","vocabulary","terminology-only","ccr-2026-09-12-four-main-pdfs","42714840","single-paper-synthesis","ccr-2026-09-12-supplement-language.md","PMID 42714840","Results vocabulary","117","conventional-term-or-collocation"
"CCRLANG-1080","2026-09-14","not reached","results","introduction;methods;discussion","terminology","clinical-trial-targeted-therapy-endpoints","vocabulary","terminology-only","ccr-2026-09-12-four-main-pdfs","42714840","single-paper-synthesis","ccr-2026-09-12-supplement-language.md","PMID 42714840","Results vocabulary","118","conventional-term-or-collocation"
"CCRLANG-1081","2026-09-14","not calculable","results","introduction;methods;discussion","terminology","clinical-trial-targeted-therapy-endpoints","vocabulary","terminology-only","ccr-2026-09-12-four-main-pdfs","42714840","single-paper-synthesis","ccr-2026-09-12-supplement-language.md","PMID 42714840","Results vocabulary","119","conventional-term-or-collocation"
"CCRLANG-1082","2026-09-14","first subsequent systemic therapy","results","introduction;methods;discussion","terminology","clinical-trial-targeted-therapy-endpoints","vocabulary","terminology-only","ccr-2026-09-12-four-main-pdfs","42714840","single-paper-synthesis","ccr-2026-09-12-supplement-language.md","PMID 42714840","Results vocabulary","120","conventional-term-or-collocation"
"CCRLANG-1083","2026-09-14","sustained separation of Kaplan–Meier curves","results","introduction;methods;discussion","terminology","clinical-trial-targeted-therapy-endpoints","vocabulary","terminology-only","ccr-2026-09-12-four-main-pdfs","42714840","single-paper-synthesis","ccr-2026-09-12-supplement-language.md","PMID 42714840","Results vocabulary","121","conventional-term-or-collocation"
"CCRLANG-1084","2026-09-14","patients remaining at risk","results","introduction;methods;discussion","terminology","clinical-trial-targeted-therapy-endpoints","vocabulary","terminology-only","ccr-2026-09-12-four-main-pdfs","42714840","single-paper-synthesis","ccr-2026-09-12-supplement-language.md","PMID 42714840","Results vocabulary","122","conventional-term-or-collocation"
"CCRLANG-1085","2026-09-14","At the [date] cutoff, [n/N] patients had experienced [event], corresponding to [percentage] data maturity.","results","","results-evidence-reporting","clinical-trial-targeted-therapy-endpoints","sentence-frame","comparative-secondary-descriptive","ccr-2026-09-12-four-main-pdfs","42714840","single-paper-synthesis","ccr-2026-09-12-supplement-language.md","PMID 42714840","Results frames","124","synthetic-frame"
"CCRLANG-1086","2026-09-14","Among patients who discontinued randomized treatment, [n/N] received [subsequent therapy].","results","","results-evidence-reporting","clinical-trial-targeted-therapy-endpoints","sentence-frame","comparative-secondary-descriptive","ccr-2026-09-12-four-main-pdfs","42714840","single-paper-synthesis","ccr-2026-09-12-supplement-language.md","PMID 42714840","Results frames","125","synthetic-frame"
"CCRLANG-1087","2026-09-14","The hazard-ratio estimate favored [intervention], but its confidence interval included 1 and the comparison was not statistically significant.","results","","results-evidence-reporting","clinical-trial-targeted-therapy-endpoints","sentence-frame","comparative-secondary-descriptive","ccr-2026-09-12-four-main-pdfs","42714840","single-paper-synthesis","ccr-2026-09-12-supplement-language.md","PMID 42714840","Results frames","126","synthetic-frame"
"CCRLANG-1088","2026-09-14","Median [endpoint] was not reached in [arm]; the upper confidence limit was not calculable.","results","","results-evidence-reporting","clinical-trial-targeted-therapy-endpoints","sentence-frame","comparative-secondary-descriptive","ccr-2026-09-12-four-main-pdfs","42714840","single-paper-synthesis","ccr-2026-09-12-supplement-language.md","PMID 42714840","Results frames","127","synthetic-frame"
"CCRLANG-1089","2026-09-14","Patients could contribute to more than one treatment category because combination regimens included agents from multiple classes.","results","","results-evidence-reporting","clinical-trial-targeted-therapy-endpoints","sentence-frame","comparative-secondary-descriptive","ccr-2026-09-12-four-main-pdfs","42714840","single-paper-synthesis","ccr-2026-09-12-supplement-language.md","PMID 42714840","Results frames","128","synthetic-frame"
"CCRLANG-1090","2026-09-14","immature overall-survival data","discussion","conclusion","terminology","clinical-trial-targeted-therapy-endpoints","vocabulary","terminology-only","ccr-2026-09-12-four-main-pdfs","42714840","single-paper-synthesis","ccr-2026-09-12-supplement-language.md","PMID 42714840","Discussion vocabulary","130","conventional-term-or-collocation"
"CCRLANG-1091","2026-09-14","post-progression treatment crossover","discussion","conclusion","terminology","clinical-trial-targeted-therapy-endpoints","vocabulary","terminology-only","ccr-2026-09-12-four-main-pdfs","42714840","single-paper-synthesis","ccr-2026-09-12-supplement-language.md","PMID 42714840","Discussion vocabulary","131","conventional-term-or-collocation"
"CCRLANG-1092","2026-09-14","sparse risk sets at the curve tail","discussion","conclusion","terminology","clinical-trial-targeted-therapy-endpoints","vocabulary","terminology-only","ccr-2026-09-12-four-main-pdfs","42714840","single-paper-synthesis","ccr-2026-09-12-supplement-language.md","PMID 42714840","Discussion vocabulary","132","conventional-term-or-collocation"
"CCRLANG-1093","2026-09-14","Median estimates should be interpreted cautiously because few patients remained at risk near the curve tail.","discussion","","discussion-evidence-reporting","clinical-trial-targeted-therapy-endpoints","sentence-frame","comparative-secondary-descriptive","ccr-2026-09-12-four-main-pdfs","42714840","single-paper-synthesis","ccr-2026-09-12-supplement-language.md","PMID 42714840","Discussion frames","134","synthetic-frame"
"CCRLANG-1094","2026-09-14","Subsequent treatment and crossover complicate interpretation of long-term outcomes; the observed treatment patterns are descriptive rather than randomized comparisons.","discussion","","discussion-evidence-reporting","clinical-trial-targeted-therapy-endpoints","sentence-frame","comparative-secondary-descriptive","ccr-2026-09-12-four-main-pdfs","42714840","single-paper-synthesis","ccr-2026-09-12-supplement-language.md","PMID 42714840","Discussion frames","135","synthetic-frame"
"CCRLANG-1095","2026-09-14","A numerically favorable survival estimate at an immature analysis does not establish a statistically significant survival benefit.","discussion","","discussion-evidence-reporting","clinical-trial-targeted-therapy-endpoints","sentence-frame","comparative-secondary-descriptive","ccr-2026-09-12-four-main-pdfs","42714840","single-paper-synthesis","ccr-2026-09-12-supplement-language.md","PMID 42714840","Discussion frames","136","synthetic-frame"
"CCRLANG-1096","2026-09-14","The findings extend the assessment beyond first progression, but mature survival follow-up is required to determine the effect on overall survival.","conclusion","abstract-conclusion","bounded-synthesis-validation","clinical-trial-targeted-therapy-endpoints","sentence-frame","evidence-calibrated","ccr-2026-09-12-four-main-pdfs","42714840","single-paper-synthesis","ccr-2026-09-12-supplement-language.md","PMID 42714840","Conclusion frames","138","synthetic-frame"
"CCRLANG-1097","2026-09-14","Prespecified intermediate endpoints can inform interpretation while survival data mature, provided their definitions and uncertainty remain explicit.","translational-relevance","conclusion","intended-use-validation","clinical-trial-targeted-therapy-endpoints","sentence-frame","evidence-calibrated","ccr-2026-09-12-four-main-pdfs","42714840","single-paper-synthesis","ccr-2026-09-12-supplement-language.md","PMID 42714840","Translational Relevance frames","140","synthetic-frame"
"CCRLANG-1098","2026-09-14","At [cutoff], [n/N] participants had experienced [event]. Median [endpoint] was [value] versus [value], with an HR of [value] (95% CI, [interval]; nominal P=[value]). For [second endpoint], the point estimate favored [arm], but the interval included the null. Subsequent therapy was summarized among [specified denominator], separately from the randomized efficacy population.","results","","section-paragraph-synthesis","clinical-trial-targeted-therapy-endpoints","paragraph-model","evidence-calibrated","ccr-2026-09-12-four-main-pdfs","42714840","single-paper-synthesis","ccr-2026-09-12-supplement-language.md","PMID 42714840","Results paragraph","142","synthetic-model"
"CCRLANG-1099","2026-09-14","The results complement the previously reported primary endpoint without resolving the remaining uncertainty in survival. Crossover and subsequent treatments contribute to the observed treatment course, and sparse late risk sets limit precision. Further follow-up is therefore required before interpreting a favorable point estimate as a survival benefit.","discussion","","section-paragraph-synthesis","clinical-trial-targeted-therapy-endpoints","paragraph-model","evidence-calibrated","ccr-2026-09-12-four-main-pdfs","42714840","single-paper-synthesis","ccr-2026-09-12-supplement-language.md","PMID 42714840","Discussion paragraph","144","synthetic-model"
"CCRLANG-1100","2026-09-14","We evaluated whether [biomarker-defined cohorts] showed different activity signals with [combination] after [prior-treatment failure].","abstract-background","abstract-objective","abstract-background-summary","immunotherapy-bulk-transcriptomics-bioinformatics-preclinical-statistics","sentence-frame","evidence-calibrated","ccr-2026-09-12-four-main-pdfs","42714874","single-paper-synthesis","ccr-2026-09-12-supplement-language.md","PMID 42714874","Abstract background","155","synthetic-frame"
"CCRLANG-1101","2026-09-14","Two prospective parallel cohorts received [regimen], with [response] and [durable benefit] as co-primary outcomes.","abstract-methods","","abstract-methods-summary","immunotherapy-bulk-transcriptomics-bioinformatics-preclinical-statistics","sentence-frame","evidence-calibrated","ccr-2026-09-12-four-main-pdfs","42714874","single-paper-synthesis","ccr-2026-09-12-supplement-language.md","PMID 42714874","Abstract methods","157","synthetic-frame"
"CCRLANG-1102","2026-09-14","Bayesian estimates were numerically higher in [cohort], but the study did not establish a difference between cohorts.","abstract-results","","abstract-results-summary","immunotherapy-bulk-transcriptomics-bioinformatics-preclinical-statistics","sentence-frame","evidence-calibrated","ccr-2026-09-12-four-main-pdfs","42714874","single-paper-synthesis","ccr-2026-09-12-supplement-language.md","PMID 42714874","Abstract results","159","synthetic-frame"
"CCRLANG-1103","2026-09-14","These findings warrant further biomarker investigation but do not establish [mutation] as a treatment-selection criterion.","abstract-conclusion","","abstract-conclusion-summary","immunotherapy-bulk-transcriptomics-bioinformatics-preclinical-statistics","sentence-frame","evidence-calibrated","ccr-2026-09-12-four-main-pdfs","42714874","single-paper-synthesis","ccr-2026-09-12-supplement-language.md","PMID 42714874","Abstract conclusion","161","synthetic-frame"
"CCRLANG-1104","2026-09-14","immune checkpoint blockade resistance","introduction","methods;results;discussion","terminology","immunotherapy-bulk-transcriptomics-bioinformatics-preclinical-statistics","vocabulary","terminology-only","ccr-2026-09-12-four-main-pdfs","42714874","single-paper-synthesis","ccr-2026-09-12-supplement-language.md","PMID 42714874","Introduction vocabulary","163","conventional-term-or-collocation"
"CCRLANG-1105","2026-09-14","transcription–replication conflicts","introduction","methods;results;discussion","terminology","immunotherapy-bulk-transcriptomics-bioinformatics-preclinical-statistics","vocabulary","terminology-only","ccr-2026-09-12-four-main-pdfs","42714874","single-paper-synthesis","ccr-2026-09-12-supplement-language.md","PMID 42714874","Introduction vocabulary","164","conventional-term-or-collocation"
"CCRLANG-1106","2026-09-14","replication-fork stalling","introduction","methods;results;discussion","terminology","immunotherapy-bulk-transcriptomics-bioinformatics-preclinical-statistics","vocabulary","terminology-only","ccr-2026-09-12-four-main-pdfs","42714874","single-paper-synthesis","ccr-2026-09-12-supplement-language.md","PMID 42714874","Introduction vocabulary","165","conventional-term-or-collocation"
"CCRLANG-1107","2026-09-14","acentric micronuclei","introduction","methods;results;discussion","terminology","immunotherapy-bulk-transcriptomics-bioinformatics-preclinical-statistics","vocabulary","terminology-only","ccr-2026-09-12-four-main-pdfs","42714874","single-paper-synthesis","ccr-2026-09-12-supplement-language.md","PMID 42714874","Introduction vocabulary","166","conventional-term-or-collocation"
"CCRLANG-1108","2026-09-14","myeloid-cell recruitment and polarization","introduction","methods;results;discussion","terminology","immunotherapy-bulk-transcriptomics-bioinformatics-preclinical-statistics","vocabulary","terminology-only","ccr-2026-09-12-four-main-pdfs","42714874","single-paper-synthesis","ccr-2026-09-12-supplement-language.md","PMID 42714874","Introduction vocabulary","167","conventional-term-or-collocation"
"CCRLANG-1109","2026-09-14","genotype-matched targeted therapy","introduction","methods;results;discussion","terminology","immunotherapy-bulk-transcriptomics-bioinformatics-preclinical-statistics","vocabulary","terminology-only","ccr-2026-09-12-four-main-pdfs","42714874","single-paper-synthesis","ccr-2026-09-12-supplement-language.md","PMID 42714874","Introduction vocabulary","168","conventional-term-or-collocation"
"CCRLANG-1110","2026-09-14","Preclinical evidence provides a rationale for combining [DNA-damage-response inhibitor] with [checkpoint blockade], but clinical activity requires direct evaluation.","introduction","","introduction-evidence-reporting","immunotherapy-bulk-transcriptomics-bioinformatics-preclinical-statistics","sentence-frame","preclinical-mechanistic-clinical-associative","ccr-2026-09-12-four-main-pdfs","42714874","single-paper-synthesis","ccr-2026-09-12-supplement-language.md","PMID 42714874","Introduction frames","170","synthetic-frame"
"CCRLANG-1111","2026-09-14","Mutation subtypes and co-alterations may modify [phenotype], arguing against treating [mutation-positive disease] as a homogeneous entity.","introduction","","introduction-evidence-reporting","immunotherapy-bulk-transcriptomics-bioinformatics-preclinical-statistics","sentence-frame","preclinical-mechanistic-clinical-associative","ccr-2026-09-12-four-main-pdfs","42714874","single-paper-synthesis","ccr-2026-09-12-supplement-language.md","PMID 42714874","Introduction frames","171","synthetic-frame"
"CCRLANG-1112","2026-09-14","prospective parallel biomarker cohorts","methods","introduction;results;discussion","terminology","immunotherapy-bulk-transcriptomics-bioinformatics-preclinical-statistics","vocabulary","terminology-only","ccr-2026-09-12-four-main-pdfs","42714874","single-paper-synthesis","ccr-2026-09-12-supplement-language.md","PMID 42714874","Methods vocabulary","173","conventional-term-or-collocation"
"CCRLANG-1113","2026-09-14","Bayesian adaptive design","methods","introduction;results;discussion","terminology","immunotherapy-bulk-transcriptomics-bioinformatics-preclinical-statistics","vocabulary","terminology-only","ccr-2026-09-12-four-main-pdfs","42714874","single-paper-synthesis","ccr-2026-09-12-supplement-language.md","PMID 42714874","Methods vocabulary","174","conventional-term-or-collocation"
"CCRLANG-1114","2026-09-14","per-protocol analysis population","methods","introduction;results;discussion","terminology","immunotherapy-bulk-transcriptomics-bioinformatics-preclinical-statistics","vocabulary","terminology-only","ccr-2026-09-12-four-main-pdfs","42714874","single-paper-synthesis","ccr-2026-09-12-supplement-language.md","PMID 42714874","Methods vocabulary","175","conventional-term-or-collocation"
"CCRLANG-1115","2026-09-14","24-week durable clinical benefit","methods","introduction;results;discussion","terminology","immunotherapy-bulk-transcriptomics-bioinformatics-preclinical-statistics","vocabulary","terminology-only","ccr-2026-09-12-four-main-pdfs","42714874","single-paper-synthesis","ccr-2026-09-12-supplement-language.md","PMID 42714874","Methods vocabulary","176","conventional-term-or-collocation"
"CCRLANG-1116","2026-09-14","RSEM-normalized bulk RNA-seq data","methods","introduction;results;discussion","terminology","immunotherapy-bulk-transcriptomics-bioinformatics-preclinical-statistics","vocabulary","terminology-only","ccr-2026-09-12-four-main-pdfs","42714874","single-paper-synthesis","ccr-2026-09-12-supplement-language.md","PMID 42714874","Methods vocabulary","177","conventional-term-or-collocation"
"CCRLANG-1117","2026-09-14","GSVA enrichment scores","methods","introduction;results;discussion","terminology","immunotherapy-bulk-transcriptomics-bioinformatics-preclinical-statistics","vocabulary","terminology-only","ccr-2026-09-12-four-main-pdfs","42714874","single-paper-synthesis","ccr-2026-09-12-supplement-language.md","PMID 42714874","Methods vocabulary","178","conventional-term-or-collocation"
"CCRLANG-1118","2026-09-14","Benjamini–Hochberg adjustment","methods","introduction;results;discussion","terminology","immunotherapy-bulk-transcriptomics-bioinformatics-preclinical-statistics","vocabulary","terminology-only","ccr-2026-09-12-four-main-pdfs","42714874","single-paper-synthesis","ccr-2026-09-12-supplement-language.md","PMID 42714874","Methods vocabulary","179","conventional-term-or-collocation"
"CCRLANG-1119","2026-09-14","loading-control-normalized immunoblot quantification","methods","introduction;results;discussion","terminology","immunotherapy-bulk-transcriptomics-bioinformatics-preclinical-statistics","vocabulary","terminology-only","ccr-2026-09-12-four-main-pdfs","42714874","single-paper-synthesis","ccr-2026-09-12-supplement-language.md","PMID 42714874","Methods vocabulary","180","conventional-term-or-collocation"
"CCRLANG-1120","2026-09-14","compartment-specific lymphocyte abundance","methods","introduction;results;discussion","terminology","immunotherapy-bulk-transcriptomics-bioinformatics-preclinical-statistics","vocabulary","terminology-only","ccr-2026-09-12-four-main-pdfs","42714874","single-paper-synthesis","ccr-2026-09-12-supplement-language.md","PMID 42714874","Methods vocabulary","181","conventional-term-or-collocation"
"CCRLANG-1121","2026-09-14","To isolate the contribution of [driver], we compared tumors with that alteration alone against a common reference group wild type for [specified genes].","methods","","methods-evidence-reporting","immunotherapy-bulk-transcriptomics-bioinformatics-preclinical-statistics","sentence-frame","descriptive","ccr-2026-09-12-four-main-pdfs","42714874","single-paper-synthesis","ccr-2026-09-12-supplement-language.md","PMID 42714874","Methods frames","183","synthetic-frame"
"CCRLANG-1122","2026-09-14","Cells were induced with [agent] for [duration], exposed to [drug], and quantified using [readout] with [replicate number].","methods","","methods-evidence-reporting","immunotherapy-bulk-transcriptomics-bioinformatics-preclinical-statistics","sentence-frame","descriptive","ccr-2026-09-12-four-main-pdfs","42714874","single-paper-synthesis","ccr-2026-09-12-supplement-language.md","PMID 42714874","Methods frames","184","synthetic-frame"
"CCRLANG-1123","2026-09-14","We report posterior estimates and 95% credible intervals separately from observed response counts.","methods","","methods-evidence-reporting","immunotherapy-bulk-transcriptomics-bioinformatics-preclinical-statistics","sentence-frame","descriptive","ccr-2026-09-12-four-main-pdfs","42714874","single-paper-synthesis","ccr-2026-09-12-supplement-language.md","PMID 42714874","Methods frames","185","synthetic-frame"
"CCRLANG-1124","2026-09-14","posterior predictive probability of success","results","introduction;methods;discussion","terminology","immunotherapy-bulk-transcriptomics-bioinformatics-preclinical-statistics","vocabulary","terminology-only","ccr-2026-09-12-four-main-pdfs","42714874","single-paper-synthesis","ccr-2026-09-12-supplement-language.md","PMID 42714874","Results vocabulary","187","conventional-term-or-collocation"
"CCRLANG-1125","2026-09-14","numerically favorable but inconclusive estimates","results","introduction;methods;discussion","terminology","immunotherapy-bulk-transcriptomics-bioinformatics-preclinical-statistics","vocabulary","terminology-only","ccr-2026-09-12-four-main-pdfs","42714874","single-paper-synthesis","ccr-2026-09-12-supplement-language.md","PMID 42714874","Results vocabulary","188","conventional-term-or-collocation"
"CCRLANG-1126","2026-09-14","dose-dependent micronucleus formation","results","introduction;methods;discussion","terminology","immunotherapy-bulk-transcriptomics-bioinformatics-preclinical-statistics","vocabulary","terminology-only","ccr-2026-09-12-four-main-pdfs","42714874","single-paper-synthesis","ccr-2026-09-12-supplement-language.md","PMID 42714874","Results vocabulary","189","conventional-term-or-collocation"
"CCRLANG-1127","2026-09-14","attenuation of STAT1 downregulation","results","introduction;methods;discussion","terminology","immunotherapy-bulk-transcriptomics-bioinformatics-preclinical-statistics","vocabulary","terminology-only","ccr-2026-09-12-four-main-pdfs","42714874","single-paper-synthesis","ccr-2026-09-12-supplement-language.md","PMID 42714874","Results vocabulary","190","conventional-term-or-collocation"
"CCRLANG-1128","2026-09-14","co-mutation-dependent immune signatures","results","introduction;methods;discussion","terminology","immunotherapy-bulk-transcriptomics-bioinformatics-preclinical-statistics","vocabulary","terminology-only","ccr-2026-09-12-four-main-pdfs","42714874","single-paper-synthesis","ccr-2026-09-12-supplement-language.md","PMID 42714874","Results vocabulary","191","conventional-term-or-collocation"
"CCRLANG-1129","2026-09-14","lymphoid aggregate composition","results","introduction;methods;discussion","terminology","immunotherapy-bulk-transcriptomics-bioinformatics-preclinical-statistics","vocabulary","terminology-only","ccr-2026-09-12-four-main-pdfs","42714874","single-paper-synthesis","ccr-2026-09-12-supplement-language.md","PMID 42714874","Results vocabulary","192","conventional-term-or-collocation"
"CCRLANG-1130","2026-09-14","Of [registered N] participants, [n] met the prespecified analysis-population criteria; accrual ended before the planned target was reached.","results","","results-evidence-reporting","immunotherapy-bulk-transcriptomics-bioinformatics-preclinical-statistics","sentence-frame","preclinical-mechanistic-clinical-associative","ccr-2026-09-12-four-main-pdfs","42714874","single-paper-synthesis","ccr-2026-09-12-supplement-language.md","PMID 42714874","Results frames","194","synthetic-frame"
"CCRLANG-1131","2026-09-14","The observed response count was [n/N], whereas the Bayesian estimate of the response rate was [value] with a 95% credible interval of [interval].","results","","results-evidence-reporting","immunotherapy-bulk-transcriptomics-bioinformatics-preclinical-statistics","sentence-frame","preclinical-mechanistic-clinical-associative","ccr-2026-09-12-four-main-pdfs","42714874","single-paper-synthesis","ccr-2026-09-12-supplement-language.md","PMID 42714874","Results frames","195","synthetic-frame"
"CCRLANG-1132","2026-09-14","[Drug] attenuated the reduction in total [protein], without an appreciable change in [phosphorylated protein].","results","","results-evidence-reporting","immunotherapy-bulk-transcriptomics-bioinformatics-preclinical-statistics","sentence-frame","preclinical-mechanistic-clinical-associative","ccr-2026-09-12-four-main-pdfs","42714874","single-paper-synthesis","ccr-2026-09-12-supplement-language.md","PMID 42714874","Results frames","196","synthetic-frame"
"CCRLANG-1133","2026-09-14","Only [gene] was significantly upregulated in the prespecified panel; the remaining directional changes did not meet the adjusted significance threshold.","results","","results-evidence-reporting","immunotherapy-bulk-transcriptomics-bioinformatics-preclinical-statistics","sentence-frame","preclinical-mechanistic-clinical-associative","ccr-2026-09-12-four-main-pdfs","42714874","single-paper-synthesis","ccr-2026-09-12-supplement-language.md","PMID 42714874","Results frames","197","synthetic-frame"
"CCRLANG-1134","2026-09-14","A durable response was observed in one patient with [co-alterations], an observation insufficient to establish a predictive biomarker.","results","","results-evidence-reporting","immunotherapy-bulk-transcriptomics-bioinformatics-preclinical-statistics","sentence-frame","preclinical-mechanistic-clinical-associative","ccr-2026-09-12-four-main-pdfs","42714874","single-paper-synthesis","ccr-2026-09-12-supplement-language.md","PMID 42714874","Results frames","198","synthetic-frame"
"CCRLANG-1135","2026-09-14","biomarker-enriched trial design","discussion","conclusion","terminology","immunotherapy-bulk-transcriptomics-bioinformatics-preclinical-statistics","vocabulary","terminology-only","ccr-2026-09-12-four-main-pdfs","42714874","single-paper-synthesis","ccr-2026-09-12-supplement-language.md","PMID 42714874","Discussion vocabulary","200","conventional-term-or-collocation"
"CCRLANG-1136","2026-09-14","co-mutation context","discussion","conclusion","terminology","immunotherapy-bulk-transcriptomics-bioinformatics-preclinical-statistics","vocabulary","terminology-only","ccr-2026-09-12-four-main-pdfs","42714874","single-paper-synthesis","ccr-2026-09-12-supplement-language.md","PMID 42714874","Discussion vocabulary","201","conventional-term-or-collocation"
"CCRLANG-1137","2026-09-14","primary-versus-resistant-metastatic tissue mismatch","discussion","conclusion","terminology","immunotherapy-bulk-transcriptomics-bioinformatics-preclinical-statistics","vocabulary","terminology-only","ccr-2026-09-12-four-main-pdfs","42714874","single-paper-synthesis","ccr-2026-09-12-supplement-language.md","PMID 42714874","Discussion vocabulary","202","conventional-term-or-collocation"
"CCRLANG-1138","2026-09-14","Findings in treatment-naive primary tumors may not represent the immunobiology of metastatic disease after checkpoint-inhibitor exposure.","discussion","","discussion-evidence-reporting","immunotherapy-bulk-transcriptomics-bioinformatics-preclinical-statistics","sentence-frame","preclinical-mechanistic-clinical-associative","ccr-2026-09-12-four-main-pdfs","42714874","single-paper-synthesis","ccr-2026-09-12-supplement-language.md","PMID 42714874","Discussion frames","204","synthetic-frame"
"CCRLANG-1139","2026-09-14","Overlapping credible intervals and limited accrual warrant caution; neither equivalence nor a validated treatment interaction was established.","discussion","","discussion-evidence-reporting","immunotherapy-bulk-transcriptomics-bioinformatics-preclinical-statistics","sentence-frame","preclinical-mechanistic-clinical-associative","ccr-2026-09-12-four-main-pdfs","42714874","single-paper-synthesis","ccr-2026-09-12-supplement-language.md","PMID 42714874","Discussion frames","205","synthetic-frame"
"CCRLANG-1140","2026-09-14","The distinction between total [protein] abundance and its phosphorylation state limits claims of pathway reactivation.","discussion","","discussion-evidence-reporting","immunotherapy-bulk-transcriptomics-bioinformatics-preclinical-statistics","sentence-frame","preclinical-mechanistic-clinical-associative","ccr-2026-09-12-four-main-pdfs","42714874","single-paper-synthesis","ccr-2026-09-12-supplement-language.md","PMID 42714874","Discussion frames","206","synthetic-frame"
"CCRLANG-1141","2026-09-14","The combination showed limited activity signals in [setting]; larger, appropriately selected studies are needed to assess whether [co-alterations] identify benefit.","conclusion","abstract-conclusion","bounded-synthesis-validation","immunotherapy-bulk-transcriptomics-bioinformatics-preclinical-statistics","sentence-frame","evidence-calibrated","ccr-2026-09-12-four-main-pdfs","42714874","single-paper-synthesis","ccr-2026-09-12-supplement-language.md","PMID 42714874","Conclusion frames","208","synthetic-frame"
"CCRLANG-1142","2026-09-14","Biological rationale alone is insufficient for patient selection; clinical testing must account for mutation subtype, co-alterations, and prior-treatment context.","translational-relevance","conclusion","intended-use-validation","immunotherapy-bulk-transcriptomics-bioinformatics-preclinical-statistics","sentence-frame","evidence-calibrated","ccr-2026-09-12-four-main-pdfs","42714874","single-paper-synthesis","ccr-2026-09-12-supplement-language.md","PMID 42714874","Translational Relevance frames","210","synthetic-frame"
"CCRLANG-1143","2026-09-14","Among [analysis population], [n/N] patients achieved [defined outcome]. The corresponding Bayesian estimate was [value] (95% CrI, [interval]). Results were numerically different across the parallel cohorts, but did not establish comparative benefit. In the experimental model, [perturbation] altered [readout]; these data provide mechanistic context rather than a clinical interaction test.","results","","section-paragraph-synthesis","immunotherapy-bulk-transcriptomics-bioinformatics-preclinical-statistics","paragraph-model","evidence-calibrated","ccr-2026-09-12-four-main-pdfs","42714874","single-paper-synthesis","ccr-2026-09-12-supplement-language.md","PMID 42714874","Results paragraph","212","synthetic-model"
"CCRLANG-1144","2026-09-14","The clinical signal was modest despite the experimental rationale. Limited accrual and the absence of a randomized single-agent comparator constrain efficacy claims, while tissue analyses in resected primary disease may not generalize to resistant metastases. Future studies should prospectively test the relevant co-alterations rather than assuming uniform biology across all [driver]-mutant tumors.","discussion","","section-paragraph-synthesis","immunotherapy-bulk-transcriptomics-bioinformatics-preclinical-statistics","paragraph-model","evidence-calibrated","ccr-2026-09-12-four-main-pdfs","42714874","single-paper-synthesis","ccr-2026-09-12-supplement-language.md","PMID 42714874","Discussion paragraph","214","synthetic-model"
"CCRLANG-1145","2026-09-14","The relationship of [routine inflammatory marker] to both efficacy and toxicity during [ADC therapy] remains incompletely characterized.","abstract-background","abstract-objective","abstract-background-summary","targeted-plasma-proteomics-adc-biomarker-statistics","sentence-frame","evidence-calibrated","ccr-2026-09-12-four-main-pdfs","42714875","single-paper-synthesis","ccr-2026-09-12-supplement-language.md","PMID 42714875","Abstract background","227","synthetic-frame"
"CCRLANG-1146","2026-09-14","We performed a post hoc analysis of [trial cohort] and explored candidate mechanisms using targeted protein profiling in a smaller specimen subset.","abstract-methods","","abstract-methods-summary","targeted-plasma-proteomics-adc-biomarker-statistics","sentence-frame","evidence-calibrated","ccr-2026-09-12-four-main-pdfs","42714875","single-paper-synthesis","ccr-2026-09-12-supplement-language.md","PMID 42714875","Abstract methods","229","synthetic-frame"
"CCRLANG-1147","2026-09-14","Higher baseline [marker] was associated with [outcome], and targeted profiling identified an inflammatory protein pattern associated with marker status.","abstract-results","","abstract-results-summary","targeted-plasma-proteomics-adc-biomarker-statistics","sentence-frame","evidence-calibrated","ccr-2026-09-12-four-main-pdfs","42714875","single-paper-synthesis","ccr-2026-09-12-supplement-language.md","PMID 42714875","Abstract results","231","synthetic-frame"
"CCRLANG-1148","2026-09-14","The associations support further biomarker investigation but require independent prospective validation before clinical implementation.","abstract-conclusion","","abstract-conclusion-summary","targeted-plasma-proteomics-adc-biomarker-statistics","sentence-frame","evidence-calibrated","ccr-2026-09-12-four-main-pdfs","42714875","single-paper-synthesis","ccr-2026-09-12-supplement-language.md","PMID 42714875","Abstract conclusion","233","synthetic-frame"
"CCRLANG-1149","2026-09-14","protease-cleavable ADC linker","introduction","methods;results;discussion","terminology","targeted-plasma-proteomics-adc-biomarker-statistics","vocabulary","terminology-only","ccr-2026-09-12-four-main-pdfs","42714875","single-paper-synthesis","ccr-2026-09-12-supplement-language.md","PMID 42714875","Introduction vocabulary","235","conventional-term-or-collocation"
"CCRLANG-1150","2026-09-14","topoisomerase I inhibitor payload","introduction","methods;results;discussion","terminology","targeted-plasma-proteomics-adc-biomarker-statistics","vocabulary","terminology-only","ccr-2026-09-12-four-main-pdfs","42714875","single-paper-synthesis","ccr-2026-09-12-supplement-language.md","PMID 42714875","Introduction vocabulary","236","conventional-term-or-collocation"
"CCRLANG-1151","2026-09-14","systemic immune-inflammation index","introduction","methods;results;discussion","terminology","targeted-plasma-proteomics-adc-biomarker-statistics","vocabulary","terminology-only","ccr-2026-09-12-four-main-pdfs","42714875","single-paper-synthesis","ccr-2026-09-12-supplement-language.md","PMID 42714875","Introduction vocabulary","237","conventional-term-or-collocation"
"CCRLANG-1152","2026-09-14","baseline neutrophil-to-lymphocyte ratio","introduction","methods;results;discussion","terminology","targeted-plasma-proteomics-adc-biomarker-statistics","vocabulary","terminology-only","ccr-2026-09-12-four-main-pdfs","42714875","single-paper-synthesis","ccr-2026-09-12-supplement-language.md","PMID 42714875","Introduction vocabulary","238","conventional-term-or-collocation"
"CCRLANG-1153","2026-09-14","efficacy–toxicity biomarker associations","introduction","methods;results;discussion","terminology","targeted-plasma-proteomics-adc-biomarker-statistics","vocabulary","terminology-only","ccr-2026-09-12-four-main-pdfs","42714875","single-paper-synthesis","ccr-2026-09-12-supplement-language.md","PMID 42714875","Introduction vocabulary","239","conventional-term-or-collocation"
"CCRLANG-1154","2026-09-14","Evidence for [marker] in other treatment settings does not establish its role during [new drug class].","introduction","","introduction-evidence-reporting","targeted-plasma-proteomics-adc-biomarker-statistics","sentence-frame","exploratory-associative","ccr-2026-09-12-four-main-pdfs","42714875","single-paper-synthesis","ccr-2026-09-12-supplement-language.md","PMID 42714875","Introduction frames","241","synthetic-frame"
"CCRLANG-1155","2026-09-14","We therefore examined associations with both [efficacy endpoint] and [toxicity endpoint], followed by exploratory molecular profiling.","introduction","","introduction-evidence-reporting","targeted-plasma-proteomics-adc-biomarker-statistics","sentence-frame","exploratory-associative","ccr-2026-09-12-four-main-pdfs","42714875","single-paper-synthesis","ccr-2026-09-12-supplement-language.md","PMID 42714875","Introduction frames","242","synthetic-frame"
"CCRLANG-1156","2026-09-14","multiplex proximity extension assay","methods","introduction;results;discussion","terminology","targeted-plasma-proteomics-adc-biomarker-statistics","vocabulary","terminology-only","ccr-2026-09-12-four-main-pdfs","42714875","single-paper-synthesis","ccr-2026-09-12-supplement-language.md","PMID 42714875","Methods vocabulary","244","conventional-term-or-collocation"
"CCRLANG-1157","2026-09-14","normalized protein expression values","methods","introduction;results;discussion","terminology","targeted-plasma-proteomics-adc-biomarker-statistics","vocabulary","terminology-only","ccr-2026-09-12-four-main-pdfs","42714875","single-paper-synthesis","ccr-2026-09-12-supplement-language.md","PMID 42714875","Methods vocabulary","245","conventional-term-or-collocation"
"CCRLANG-1158","2026-09-14","limit-of-detection filtering","methods","introduction;results;discussion","terminology","targeted-plasma-proteomics-adc-biomarker-statistics","vocabulary","terminology-only","ccr-2026-09-12-four-main-pdfs","42714875","single-paper-synthesis","ccr-2026-09-12-supplement-language.md","PMID 42714875","Methods vocabulary","246","conventional-term-or-collocation"
"CCRLANG-1159","2026-09-14","paired baseline and on-treatment samples","methods","introduction;results;discussion","terminology","targeted-plasma-proteomics-adc-biomarker-statistics","vocabulary","terminology-only","ccr-2026-09-12-four-main-pdfs","42714875","single-paper-synthesis","ccr-2026-09-12-supplement-language.md","PMID 42714875","Methods vocabulary","247","conventional-term-or-collocation"
"CCRLANG-1160","2026-09-14","endpoint-specific data-derived cutoffs","methods","introduction;results;discussion","terminology","targeted-plasma-proteomics-adc-biomarker-statistics","vocabulary","terminology-only","ccr-2026-09-12-four-main-pdfs","42714875","single-paper-synthesis","ccr-2026-09-12-supplement-language.md","PMID 42714875","Methods vocabulary","248","conventional-term-or-collocation"
"CCRLANG-1161","2026-09-14","Akaike information criterion–based model selection","methods","introduction;results;discussion","terminology","targeted-plasma-proteomics-adc-biomarker-statistics","vocabulary","terminology-only","ccr-2026-09-12-four-main-pdfs","42714875","single-paper-synthesis","ccr-2026-09-12-supplement-language.md","PMID 42714875","Methods vocabulary","249","conventional-term-or-collocation"
"CCRLANG-1162","2026-09-14","protein–protein interaction network","methods","introduction;results;discussion","terminology","targeted-plasma-proteomics-adc-biomarker-statistics","vocabulary","terminology-only","ccr-2026-09-12-four-main-pdfs","42714875","single-paper-synthesis","ccr-2026-09-12-supplement-language.md","PMID 42714875","Methods vocabulary","250","conventional-term-or-collocation"
"CCRLANG-1163","2026-09-14","covariate-adjusted logistic regression","methods","introduction;results;discussion","terminology","targeted-plasma-proteomics-adc-biomarker-statistics","vocabulary","terminology-only","ccr-2026-09-12-four-main-pdfs","42714875","single-paper-synthesis","ccr-2026-09-12-supplement-language.md","PMID 42714875","Methods vocabulary","251","conventional-term-or-collocation"
"CCRLANG-1164","2026-09-14","Of [assayed proteins], [retained proteins] passed prespecified missingness and detection-limit filters for downstream analysis.","methods","","methods-evidence-reporting","targeted-plasma-proteomics-adc-biomarker-statistics","sentence-frame","descriptive","ccr-2026-09-12-four-main-pdfs","42714875","single-paper-synthesis","ccr-2026-09-12-supplement-language.md","PMID 42714875","Methods frames","253","synthetic-frame"
"CCRLANG-1165","2026-09-14","We analyzed [samples] from [patients], including [paired subset], and kept patient and specimen denominators separate.","methods","","methods-evidence-reporting","targeted-plasma-proteomics-adc-biomarker-statistics","sentence-frame","descriptive","ccr-2026-09-12-four-main-pdfs","42714875","single-paper-synthesis","ccr-2026-09-12-supplement-language.md","PMID 42714875","Methods frames","254","synthetic-frame"
"CCRLANG-1166","2026-09-14","Cutoffs were selected separately for [efficacy] and [toxicity] using [specified methods].","methods","","methods-evidence-reporting","targeted-plasma-proteomics-adc-biomarker-statistics","sentence-frame","descriptive","ccr-2026-09-12-four-main-pdfs","42714875","single-paper-synthesis","ccr-2026-09-12-supplement-language.md","PMID 42714875","Methods frames","255","synthetic-frame"
"CCRLANG-1167","2026-09-14","Associations with time-to-event and binary outcomes were modeled using Cox and logistic regression, respectively.","methods","","methods-evidence-reporting","targeted-plasma-proteomics-adc-biomarker-statistics","sentence-frame","descriptive","ccr-2026-09-12-four-main-pdfs","42714875","single-paper-synthesis","ccr-2026-09-12-supplement-language.md","PMID 42714875","Methods frames","256","synthetic-frame"
"CCRLANG-1168","2026-09-14","increased odds of nonresponse","results","introduction;methods;discussion","terminology","targeted-plasma-proteomics-adc-biomarker-statistics","vocabulary","terminology-only","ccr-2026-09-12-four-main-pdfs","42714875","single-paper-synthesis","ccr-2026-09-12-supplement-language.md","PMID 42714875","Results vocabulary","258","conventional-term-or-collocation"
"CCRLANG-1169","2026-09-14","shorter progression-free survival","results","introduction;methods;discussion","terminology","targeted-plasma-proteomics-adc-biomarker-statistics","vocabulary","terminology-only","ccr-2026-09-12-four-main-pdfs","42714875","single-paper-synthesis","ccr-2026-09-12-supplement-language.md","PMID 42714875","Results vocabulary","259","conventional-term-or-collocation"
"CCRLANG-1170","2026-09-14","grade 3 or higher treatment-related adverse events","results","introduction;methods;discussion","terminology","targeted-plasma-proteomics-adc-biomarker-statistics","vocabulary","terminology-only","ccr-2026-09-12-four-main-pdfs","42714875","single-paper-synthesis","ccr-2026-09-12-supplement-language.md","PMID 42714875","Results vocabulary","260","conventional-term-or-collocation"
"CCRLANG-1171","2026-09-14","differentially abundant inflammatory proteins","results","introduction;methods;discussion","terminology","targeted-plasma-proteomics-adc-biomarker-statistics","vocabulary","terminology-only","ccr-2026-09-12-four-main-pdfs","42714875","single-paper-synthesis","ccr-2026-09-12-supplement-language.md","PMID 42714875","Results vocabulary","261","conventional-term-or-collocation"
"CCRLANG-1172","2026-09-14","network hub based on connectivity","results","introduction;methods;discussion","terminology","targeted-plasma-proteomics-adc-biomarker-statistics","vocabulary","terminology-only","ccr-2026-09-12-four-main-pdfs","42714875","single-paper-synthesis","ccr-2026-09-12-supplement-language.md","PMID 42714875","Results vocabulary","262","conventional-term-or-collocation"
"CCRLANG-1173","2026-09-14","nonsignificant longitudinal protein changes","results","introduction;methods;discussion","terminology","targeted-plasma-proteomics-adc-biomarker-statistics","vocabulary","terminology-only","ccr-2026-09-12-four-main-pdfs","42714875","single-paper-synthesis","ccr-2026-09-12-supplement-language.md","PMID 42714875","Results vocabulary","263","conventional-term-or-collocation"
"CCRLANG-1174","2026-09-14","After adjustment for [covariates], [marker group] remained associated with shorter PFS (HR, [value]; 95% CI, [interval]; P=[value]).","results","","results-evidence-reporting","targeted-plasma-proteomics-adc-biomarker-statistics","sentence-frame","exploratory-associative","ccr-2026-09-12-four-main-pdfs","42714875","single-paper-synthesis","ccr-2026-09-12-supplement-language.md","PMID 42714875","Results frames","265","synthetic-frame"
"CCRLANG-1175","2026-09-14","Compared with [reference], [marker group] had higher odds of nonresponse (OR, [value]; 95% CI, [interval]).","results","","results-evidence-reporting","targeted-plasma-proteomics-adc-biomarker-statistics","sentence-frame","exploratory-associative","ccr-2026-09-12-four-main-pdfs","42714875","single-paper-synthesis","ccr-2026-09-12-supplement-language.md","PMID 42714875","Results frames","266","synthetic-frame"
"CCRLANG-1176","2026-09-14","Targeted profiling identified [number] differentially abundant proteins, of which [number] also met the prespecified fold-change threshold.","results","","results-evidence-reporting","targeted-plasma-proteomics-adc-biomarker-statistics","sentence-frame","exploratory-associative","ccr-2026-09-12-four-main-pdfs","42714875","single-paper-synthesis","ccr-2026-09-12-supplement-language.md","PMID 42714875","Results frames","267","synthetic-frame"
"CCRLANG-1177","2026-09-14","[Protein] had high network connectivity, identifying it as a candidate for mechanistic follow-up rather than proving a causal role.","results","","results-evidence-reporting","targeted-plasma-proteomics-adc-biomarker-statistics","sentence-frame","exploratory-associative","ccr-2026-09-12-four-main-pdfs","42714875","single-paper-synthesis","ccr-2026-09-12-supplement-language.md","PMID 42714875","Results frames","268","synthetic-frame"
"CCRLANG-1178","2026-09-14","Paired changes differed directionally across response categories, but none established a statistically significant longitudinal association.","results","","results-evidence-reporting","targeted-plasma-proteomics-adc-biomarker-statistics","sentence-frame","exploratory-associative","ccr-2026-09-12-four-main-pdfs","42714875","single-paper-synthesis","ccr-2026-09-12-supplement-language.md","PMID 42714875","Results frames","269","synthetic-frame"
"CCRLANG-1179","2026-09-14","post hoc hypothesis-generating analysis","discussion","conclusion","terminology","targeted-plasma-proteomics-adc-biomarker-statistics","vocabulary","terminology-only","ccr-2026-09-12-four-main-pdfs","42714875","single-paper-synthesis","ccr-2026-09-12-supplement-language.md","PMID 42714875","Discussion vocabulary","271","conventional-term-or-collocation"
"CCRLANG-1180","2026-09-14","residual confounding","discussion","conclusion","terminology","targeted-plasma-proteomics-adc-biomarker-statistics","vocabulary","terminology-only","ccr-2026-09-12-four-main-pdfs","42714875","single-paper-synthesis","ccr-2026-09-12-supplement-language.md","PMID 42714875","Discussion vocabulary","272","conventional-term-or-collocation"
"CCRLANG-1181","2026-09-14","nominal uncorrected clinical P values","discussion","conclusion","terminology","targeted-plasma-proteomics-adc-biomarker-statistics","vocabulary","terminology-only","ccr-2026-09-12-four-main-pdfs","42714875","single-paper-synthesis","ccr-2026-09-12-supplement-language.md","PMID 42714875","Discussion vocabulary","273","conventional-term-or-collocation"
"CCRLANG-1182","2026-09-14","absence of an independent validation cohort","discussion","conclusion","terminology","targeted-plasma-proteomics-adc-biomarker-statistics","vocabulary","terminology-only","ccr-2026-09-12-four-main-pdfs","42714875","single-paper-synthesis","ccr-2026-09-12-supplement-language.md","PMID 42714875","Discussion vocabulary","274","conventional-term-or-collocation"
"CCRLANG-1183","2026-09-14","The observed association may reflect [biological process], but network enrichment and correlation do not establish the proposed causal pathway.","discussion","","discussion-evidence-reporting","targeted-plasma-proteomics-adc-biomarker-statistics","sentence-frame","exploratory-associative","ccr-2026-09-12-four-main-pdfs","42714875","single-paper-synthesis","ccr-2026-09-12-supplement-language.md","PMID 42714875","Discussion frames","276","synthetic-frame"
"CCRLANG-1184","2026-09-14","Data-derived cutoffs, multiple endpoints, and the lack of external validation limit the generalizability of these exploratory findings.","discussion","","discussion-evidence-reporting","targeted-plasma-proteomics-adc-biomarker-statistics","sentence-frame","exploratory-associative","ccr-2026-09-12-four-main-pdfs","42714875","single-paper-synthesis","ccr-2026-09-12-supplement-language.md","PMID 42714875","Discussion frames","277","synthetic-frame"
"CCRLANG-1185","2026-09-14","A biomarker associated with outcomes within one treated cohort is not necessarily predictive of differential benefit from that treatment.","discussion","","discussion-evidence-reporting","targeted-plasma-proteomics-adc-biomarker-statistics","sentence-frame","exploratory-associative","ccr-2026-09-12-four-main-pdfs","42714875","single-paper-synthesis","ccr-2026-09-12-supplement-language.md","PMID 42714875","Discussion frames","278","synthetic-frame"
"CCRLANG-1186","2026-09-14","The results identify candidate inflammatory biomarkers for further study, not a validated rule for selecting or modifying [therapy].","conclusion","abstract-conclusion","bounded-synthesis-validation","targeted-plasma-proteomics-adc-biomarker-statistics","sentence-frame","evidence-calibrated","ccr-2026-09-12-four-main-pdfs","42714875","single-paper-synthesis","ccr-2026-09-12-supplement-language.md","PMID 42714875","Conclusion frames","280","synthetic-frame"
"CCRLANG-1187","2026-09-14","A readily available blood-count marker may support future risk stratification, but prospective validation and clinical-utility assessment are still required.","translational-relevance","conclusion","intended-use-validation","targeted-plasma-proteomics-adc-biomarker-statistics","sentence-frame","evidence-calibrated","ccr-2026-09-12-four-main-pdfs","42714875","single-paper-synthesis","ccr-2026-09-12-supplement-language.md","PMID 42714875","Translational Relevance frames","282","synthetic-frame"
"CCRLANG-1188","2026-09-14","The efficacy and safety analyses included [N1] and [N2] patients, respectively. Higher [marker] was associated with [endpoint] after adjustment for [covariates]. In the smaller profiling cohort, [proteins/pathways] differed by marker status. Paired on-treatment changes were directionally consistent with [hypothesis] but did not reach statistical significance.","results","","section-paragraph-synthesis","targeted-plasma-proteomics-adc-biomarker-statistics","paragraph-model","evidence-calibrated","ccr-2026-09-12-four-main-pdfs","42714875","single-paper-synthesis","ccr-2026-09-12-supplement-language.md","PMID 42714875","Results paragraph","284","synthetic-model"
"CCRLANG-1189","2026-09-14","The clinical associations and targeted protein findings are compatible with an inflammatory phenotype. However, post hoc cutoff selection, residual confounding, multiple nominal comparisons, and the absence of an independent validation cohort preclude immediate treatment-selection use. The proposed pathway should be tested directly rather than inferred from network centrality.","discussion","","section-paragraph-synthesis","targeted-plasma-proteomics-adc-biomarker-statistics","paragraph-model","evidence-calibrated","ccr-2026-09-12-four-main-pdfs","42714875","single-paper-synthesis","ccr-2026-09-12-supplement-language.md","PMID 42714875","Discussion paragraph","286","synthetic-model"
"CCRLANG-1190","2026-09-14","The clinical significance of [alteration] within the co-mutational landscape of [disease] remains incompletely defined.","abstract-background","abstract-objective","abstract-background-summary","smarca4-stk11-keap1-genomics-ihc-survival-immunotherapy-statistics","sentence-frame","evidence-calibrated","ccr-2026-09-14-stk11-priority-3","32709715","single-paper-synthesis","ccr-2026-09-14-atm-smarca4-stk11-priority-language.md","PMID 32709715","Abstract background","18","synthetic-frame"
"CCRLANG-1191","2026-09-14","Although [gene] is recurrently altered in [disease], its relationship to protein expression and patient outcome is uncertain.","abstract-background","abstract-objective","abstract-background-summary","smarca4-stk11-keap1-genomics-ihc-survival-immunotherapy-statistics","sentence-frame","evidence-calibrated","ccr-2026-09-14-stk11-priority-3","32709715","single-paper-synthesis","ccr-2026-09-14-atm-smarca4-stk11-priority-language.md","PMID 32709715","Abstract background","19","synthetic-frame"
"CCRLANG-1192","2026-09-14","We integrated tumor genomic profiling, protein-expression assessment, and clinical outcomes to characterize [alteration] in [population].","abstract-methods","","abstract-methods-summary","smarca4-stk11-keap1-genomics-ihc-survival-immunotherapy-statistics","sentence-frame","evidence-calibrated","ccr-2026-09-14-stk11-priority-3","32709715","single-paper-synthesis","ccr-2026-09-14-atm-smarca4-stk11-priority-language.md","PMID 32709715","Abstract methods","21","synthetic-frame"
"CCRLANG-1193","2026-09-14","Alterations were grouped by variant class before associations with [molecular feature] and [clinical endpoint] were evaluated.","abstract-methods","","abstract-methods-summary","smarca4-stk11-keap1-genomics-ihc-survival-immunotherapy-statistics","sentence-frame","evidence-calibrated","ccr-2026-09-14-stk11-priority-3","32709715","single-paper-synthesis","ccr-2026-09-14-atm-smarca4-stk11-priority-language.md","PMID 32709715","Abstract methods","22","synthetic-frame"
"CCRLANG-1194","2026-09-14","[Alteration] was detected in [n/N] tumors and was enriched with [co-alterations].","abstract-results","","abstract-results-summary","smarca4-stk11-keap1-genomics-ihc-survival-immunotherapy-statistics","sentence-frame","evidence-calibrated","ccr-2026-09-14-stk11-priority-3","32709715","single-paper-synthesis","ccr-2026-09-14-atm-smarca4-stk11-priority-language.md","PMID 32709715","Abstract results","24","synthetic-frame"
"CCRLANG-1195","2026-09-14","Protein loss was confined largely to [variant class], whereas both classes were associated with [outcome].","abstract-results","","abstract-results-summary","smarca4-stk11-keap1-genomics-ihc-survival-immunotherapy-statistics","sentence-frame","evidence-calibrated","ccr-2026-09-14-stk11-priority-3","32709715","single-paper-synthesis","ccr-2026-09-14-atm-smarca4-stk11-priority-language.md","PMID 32709715","Abstract results","25","synthetic-frame"
"CCRLANG-1196","2026-09-14","Receipt of [therapy] was associated with [outcome] in the retrospective cohort; this comparison was not randomized.","abstract-results","","abstract-results-summary","smarca4-stk11-keap1-genomics-ihc-survival-immunotherapy-statistics","sentence-frame","evidence-calibrated","ccr-2026-09-14-stk11-priority-3","32709715","single-paper-synthesis","ccr-2026-09-14-atm-smarca4-stk11-priority-language.md","PMID 32709715","Abstract results","26","synthetic-frame"
"CCRLANG-1197","2026-09-14","The findings distinguish clinically relevant [variant classes] and support prospective evaluation of their prognostic and treatment-associated implications.","abstract-conclusion","","abstract-conclusion-summary","smarca4-stk11-keap1-genomics-ihc-survival-immunotherapy-statistics","sentence-frame","evidence-calibrated","ccr-2026-09-14-stk11-priority-3","32709715","single-paper-synthesis","ccr-2026-09-14-atm-smarca4-stk11-priority-language.md","PMID 32709715","Abstract conclusion","28","synthetic-frame"
"CCRLANG-1198","2026-09-14","SWI/SNF chromatin-remodeling complex","introduction","methods;results;discussion","terminology","smarca4-stk11-keap1-genomics-ihc-survival-immunotherapy-statistics","vocabulary","terminology-only","ccr-2026-09-14-stk11-priority-3","32709715","single-paper-synthesis","ccr-2026-09-14-atm-smarca4-stk11-priority-language.md","PMID 32709715","Introduction vocabulary","31","conventional-term-or-collocation"
"CCRLANG-1199","2026-09-14","recurrent genomic alteration","introduction","methods;results;discussion","terminology","smarca4-stk11-keap1-genomics-ihc-survival-immunotherapy-statistics","vocabulary","terminology-only","ccr-2026-09-14-stk11-priority-3","32709715","single-paper-synthesis","ccr-2026-09-14-atm-smarca4-stk11-priority-language.md","PMID 32709715","Introduction vocabulary","32","conventional-term-or-collocation"
"CCRLANG-1200","2026-09-14","loss of tumor-suppressor function","introduction","methods;results;discussion","terminology","smarca4-stk11-keap1-genomics-ihc-survival-immunotherapy-statistics","vocabulary","terminology-only","ccr-2026-09-14-stk11-priority-3","32709715","single-paper-synthesis","ccr-2026-09-14-atm-smarca4-stk11-priority-language.md","PMID 32709715","Introduction vocabulary","33","conventional-term-or-collocation"
"CCRLANG-1201","2026-09-14","alteration-specific protein expression","introduction","methods;results;discussion","terminology","smarca4-stk11-keap1-genomics-ihc-survival-immunotherapy-statistics","vocabulary","terminology-only","ccr-2026-09-14-stk11-priority-3","32709715","single-paper-synthesis","ccr-2026-09-14-atm-smarca4-stk11-priority-language.md","PMID 32709715","Introduction vocabulary","34","conventional-term-or-collocation"
"CCRLANG-1202","2026-09-14","co-mutational genomic context","introduction","methods;results;discussion","terminology","smarca4-stk11-keap1-genomics-ihc-survival-immunotherapy-statistics","vocabulary","terminology-only","ccr-2026-09-14-stk11-priority-3","32709715","single-paper-synthesis","ccr-2026-09-14-atm-smarca4-stk11-priority-language.md","PMID 32709715","Introduction vocabulary","35","conventional-term-or-collocation"
"CCRLANG-1203","2026-09-14","aggressive clinicopathologic phenotype","introduction","methods;results;discussion","terminology","smarca4-stk11-keap1-genomics-ihc-survival-immunotherapy-statistics","vocabulary","terminology-only","ccr-2026-09-14-stk11-priority-3","32709715","single-paper-synthesis","ccr-2026-09-14-atm-smarca4-stk11-priority-language.md","PMID 32709715","Introduction vocabulary","36","conventional-term-or-collocation"
"CCRLANG-1204","2026-09-14","immune-checkpoint-blockade responsiveness","introduction","methods;results;discussion","terminology","smarca4-stk11-keap1-genomics-ihc-survival-immunotherapy-statistics","vocabulary","terminology-only","ccr-2026-09-14-stk11-priority-3","32709715","single-paper-synthesis","ccr-2026-09-14-atm-smarca4-stk11-priority-language.md","PMID 32709715","Introduction vocabulary","37","conventional-term-or-collocation"
"CCRLANG-1205","2026-09-14","therapeutic vulnerability","introduction","methods;results;discussion","terminology","smarca4-stk11-keap1-genomics-ihc-survival-immunotherapy-statistics","vocabulary","terminology-only","ccr-2026-09-14-stk11-priority-3","32709715","single-paper-synthesis","ccr-2026-09-14-atm-smarca4-stk11-priority-language.md","PMID 32709715","Introduction vocabulary","38","conventional-term-or-collocation"
"CCRLANG-1206","2026-09-14","Prior studies have linked [alteration] to [phenotype], but its relationship to common co-alterations has not been resolved.","introduction","","introduction-evidence-reporting","smarca4-stk11-keap1-genomics-ihc-survival-immunotherapy-statistics","sentence-frame","observational-prognostic-treatment-associated","ccr-2026-09-14-stk11-priority-3","32709715","single-paper-synthesis","ccr-2026-09-14-atm-smarca4-stk11-priority-language.md","PMID 32709715","Introduction frames","40","synthetic-frame"
"CCRLANG-1207","2026-09-14","Because genomic alteration does not invariably imply protein loss, variant class and protein expression require separate evaluation.","introduction","","introduction-evidence-reporting","smarca4-stk11-keap1-genomics-ihc-survival-immunotherapy-statistics","sentence-frame","observational-prognostic-treatment-associated","ccr-2026-09-14-stk11-priority-3","32709715","single-paper-synthesis","ccr-2026-09-14-atm-smarca4-stk11-priority-language.md","PMID 32709715","Introduction frames","41","synthetic-frame"
"CCRLANG-1208","2026-09-14","The prognostic effect of [alteration] should be examined after accounting for [co-alterations] that independently influence outcome.","introduction","","introduction-evidence-reporting","smarca4-stk11-keap1-genomics-ihc-survival-immunotherapy-statistics","sentence-frame","observational-prognostic-treatment-associated","ccr-2026-09-14-stk11-priority-3","32709715","single-paper-synthesis","ccr-2026-09-14-atm-smarca4-stk11-priority-language.md","PMID 32709715","Introduction frames","42","synthetic-frame"
"CCRLANG-1209","2026-09-14","Whether [alteration] identifies differential benefit from [therapy] remains a distinct question from its association with prognosis.","introduction","","introduction-evidence-reporting","smarca4-stk11-keap1-genomics-ihc-survival-immunotherapy-statistics","sentence-frame","observational-prognostic-treatment-associated","ccr-2026-09-14-stk11-priority-3","32709715","single-paper-synthesis","ccr-2026-09-14-atm-smarca4-stk11-priority-language.md","PMID 32709715","Introduction frames","43","synthetic-frame"
"CCRLANG-1210","2026-09-14","hybridization-capture next-generation sequencing","methods","introduction;results;discussion","terminology","smarca4-stk11-keap1-genomics-ihc-survival-immunotherapy-statistics","vocabulary","terminology-only","ccr-2026-09-14-stk11-priority-3","32709715","single-paper-synthesis","ccr-2026-09-14-atm-smarca4-stk11-priority-language.md","PMID 32709715","Methods vocabulary","46","conventional-term-or-collocation"
"CCRLANG-1211","2026-09-14","matched tumor–normal sequencing","methods","introduction;results;discussion","terminology","smarca4-stk11-keap1-genomics-ihc-survival-immunotherapy-statistics","vocabulary","terminology-only","ccr-2026-09-14-stk11-priority-3","32709715","single-paper-synthesis","ccr-2026-09-14-atm-smarca4-stk11-priority-language.md","PMID 32709715","Methods vocabulary","47","conventional-term-or-collocation"
"CCRLANG-1212","2026-09-14","oncogenicity-informed variant classification","methods","introduction;results;discussion","terminology","smarca4-stk11-keap1-genomics-ihc-survival-immunotherapy-statistics","vocabulary","terminology-only","ccr-2026-09-14-stk11-priority-3","32709715","single-paper-synthesis","ccr-2026-09-14-atm-smarca4-stk11-priority-language.md","PMID 32709715","Methods vocabulary","48","conventional-term-or-collocation"
"CCRLANG-1213","2026-09-14","truncating mutation, gene fusion, or homozygous deletion","methods","introduction;results;discussion","terminology","smarca4-stk11-keap1-genomics-ihc-survival-immunotherapy-statistics","vocabulary","terminology-only","ccr-2026-09-14-stk11-priority-3","32709715","single-paper-synthesis","ccr-2026-09-14-atm-smarca4-stk11-priority-language.md","PMID 32709715","Methods vocabulary","49","conventional-term-or-collocation"
"CCRLANG-1214","2026-09-14","missense variant or variant of unknown significance","methods","introduction;results;discussion","terminology","smarca4-stk11-keap1-genomics-ihc-survival-immunotherapy-statistics","vocabulary","terminology-only","ccr-2026-09-14-stk11-priority-3","32709715","single-paper-synthesis","ccr-2026-09-14-atm-smarca4-stk11-priority-language.md","PMID 32709715","Methods vocabulary","50","conventional-term-or-collocation"
"CCRLANG-1215","2026-09-14","SMARCA4 immunohistochemistry","methods","introduction;results;discussion","terminology","smarca4-stk11-keap1-genomics-ihc-survival-immunotherapy-statistics","vocabulary","terminology-only","ccr-2026-09-14-stk11-priority-3","32709715","single-paper-synthesis","ccr-2026-09-14-atm-smarca4-stk11-priority-language.md","PMID 32709715","Methods vocabulary","51","conventional-term-or-collocation"
"CCRLANG-1216","2026-09-14","complete loss of nuclear expression","methods","introduction;results;discussion","terminology","smarca4-stk11-keap1-genomics-ihc-survival-immunotherapy-statistics","vocabulary","terminology-only","ccr-2026-09-14-stk11-priority-3","32709715","single-paper-synthesis","ccr-2026-09-14-atm-smarca4-stk11-priority-language.md","PMID 32709715","Methods vocabulary","52","conventional-term-or-collocation"
"CCRLANG-1217","2026-09-14","mutation-enrichment analysis with false-discovery-rate control","methods","introduction;results;discussion","terminology","smarca4-stk11-keap1-genomics-ihc-survival-immunotherapy-statistics","vocabulary","terminology-only","ccr-2026-09-14-stk11-priority-3","32709715","single-paper-synthesis","ccr-2026-09-14-atm-smarca4-stk11-priority-language.md","PMID 32709715","Methods vocabulary","53","conventional-term-or-collocation"
"CCRLANG-1218","2026-09-14","left-truncated survival analysis","methods","introduction;results;discussion","terminology","smarca4-stk11-keap1-genomics-ihc-survival-immunotherapy-statistics","vocabulary","terminology-only","ccr-2026-09-14-stk11-priority-3","32709715","single-paper-synthesis","ccr-2026-09-14-atm-smarca4-stk11-priority-language.md","PMID 32709715","Methods vocabulary","54","conventional-term-or-collocation"
"CCRLANG-1219","2026-09-14","propensity score for treatment exposure","methods","introduction;results;discussion","terminology","smarca4-stk11-keap1-genomics-ihc-survival-immunotherapy-statistics","vocabulary","terminology-only","ccr-2026-09-14-stk11-priority-3","32709715","single-paper-synthesis","ccr-2026-09-14-atm-smarca4-stk11-priority-language.md","PMID 32709715","Methods vocabulary","55","conventional-term-or-collocation"
"CCRLANG-1220","2026-09-14","multivariable Cox proportional-hazards model","methods","introduction;results;discussion","terminology","smarca4-stk11-keap1-genomics-ihc-survival-immunotherapy-statistics","vocabulary","terminology-only","ccr-2026-09-14-stk11-priority-3","32709715","single-paper-synthesis","ccr-2026-09-14-atm-smarca4-stk11-priority-language.md","PMID 32709715","Methods vocabulary","56","conventional-term-or-collocation"
"CCRLANG-1221","2026-09-14","best overall response by investigator assessment","methods","introduction;results;discussion","terminology","smarca4-stk11-keap1-genomics-ihc-survival-immunotherapy-statistics","vocabulary","terminology-only","ccr-2026-09-14-stk11-priority-3","32709715","single-paper-synthesis","ccr-2026-09-14-atm-smarca4-stk11-priority-language.md","PMID 32709715","Methods vocabulary","57","conventional-term-or-collocation"
"CCRLANG-1222","2026-09-14","Variants were classified as [class 1] or [class 2] according to [prespecified molecular criteria].","methods","","methods-evidence-reporting","smarca4-stk11-keap1-genomics-ihc-survival-immunotherapy-statistics","sentence-frame","descriptive","ccr-2026-09-14-stk11-priority-3","32709715","single-paper-synthesis","ccr-2026-09-14-atm-smarca4-stk11-priority-language.md","PMID 32709715","Methods frames","59","synthetic-frame"
"CCRLANG-1223","2026-09-14","Protein expression was scored independently of mutation class using [assay and loss definition].","methods","","methods-evidence-reporting","smarca4-stk11-keap1-genomics-ihc-survival-immunotherapy-statistics","sentence-frame","descriptive","ccr-2026-09-14-stk11-priority-3","32709715","single-paper-synthesis","ccr-2026-09-14-atm-smarca4-stk11-priority-language.md","PMID 32709715","Methods frames","60","synthetic-frame"
"CCRLANG-1224","2026-09-14","Co-alteration frequencies were compared with adjustment for multiple testing using [method and threshold].","methods","","methods-evidence-reporting","smarca4-stk11-keap1-genomics-ihc-survival-immunotherapy-statistics","sentence-frame","descriptive","ccr-2026-09-14-stk11-priority-3","32709715","single-paper-synthesis","ccr-2026-09-14-atm-smarca4-stk11-priority-language.md","PMID 32709715","Methods frames","61","synthetic-frame"
"CCRLANG-1225","2026-09-14","Overall survival was measured from [origin], with left truncation used to address delayed cohort entry.","methods","","methods-evidence-reporting","smarca4-stk11-keap1-genomics-ihc-survival-immunotherapy-statistics","sentence-frame","descriptive","ccr-2026-09-14-stk11-priority-3","32709715","single-paper-synthesis","ccr-2026-09-14-atm-smarca4-stk11-priority-language.md","PMID 32709715","Methods frames","62","synthetic-frame"
"CCRLANG-1226","2026-09-14","The treatment-exposure analysis incorporated a propensity score based on [available covariates], but remained observational.","methods","","methods-evidence-reporting","smarca4-stk11-keap1-genomics-ihc-survival-immunotherapy-statistics","sentence-frame","descriptive","ccr-2026-09-14-stk11-priority-3","32709715","single-paper-synthesis","ccr-2026-09-14-atm-smarca4-stk11-priority-language.md","PMID 32709715","Methods frames","63","synthetic-frame"
"CCRLANG-1227","2026-09-14","spectrum of genomic alterations","results","introduction;methods;discussion","terminology","smarca4-stk11-keap1-genomics-ihc-survival-immunotherapy-statistics","vocabulary","terminology-only","ccr-2026-09-14-stk11-priority-3","32709715","single-paper-synthesis","ccr-2026-09-14-atm-smarca4-stk11-priority-language.md","PMID 32709715","Results vocabulary","66","conventional-term-or-collocation"
"CCRLANG-1228","2026-09-14","class-specific protein-expression loss","results","introduction;methods;discussion","terminology","smarca4-stk11-keap1-genomics-ihc-survival-immunotherapy-statistics","vocabulary","terminology-only","ccr-2026-09-14-stk11-priority-3","32709715","single-paper-synthesis","ccr-2026-09-14-atm-smarca4-stk11-priority-language.md","PMID 32709715","Results vocabulary","67","conventional-term-or-collocation"
"CCRLANG-1229","2026-09-14","co-occurring alteration frequency","results","introduction;methods;discussion","terminology","smarca4-stk11-keap1-genomics-ihc-survival-immunotherapy-statistics","vocabulary","terminology-only","ccr-2026-09-14-stk11-priority-3","32709715","single-paper-synthesis","ccr-2026-09-14-atm-smarca4-stk11-priority-language.md","PMID 32709715","Results vocabulary","68","conventional-term-or-collocation"
"CCRLANG-1230","2026-09-14","enrichment after multiplicity correction","results","introduction;methods;discussion","terminology","smarca4-stk11-keap1-genomics-ihc-survival-immunotherapy-statistics","vocabulary","terminology-only","ccr-2026-09-14-stk11-priority-3","32709715","single-paper-synthesis","ccr-2026-09-14-atm-smarca4-stk11-priority-language.md","PMID 32709715","Results vocabulary","69","conventional-term-or-collocation"
"CCRLANG-1231","2026-09-14","independent adverse prognostic factor","results","introduction;methods;discussion","terminology","smarca4-stk11-keap1-genomics-ihc-survival-immunotherapy-statistics","vocabulary","terminology-only","ccr-2026-09-14-stk11-priority-3","32709715","single-paper-synthesis","ccr-2026-09-14-atm-smarca4-stk11-priority-language.md","PMID 32709715","Results vocabulary","70","conventional-term-or-collocation"
"CCRLANG-1232","2026-09-14","adjusted hazard ratio","results","introduction;methods;discussion","terminology","smarca4-stk11-keap1-genomics-ihc-survival-immunotherapy-statistics","vocabulary","terminology-only","ccr-2026-09-14-stk11-priority-3","32709715","single-paper-synthesis","ccr-2026-09-14-atm-smarca4-stk11-priority-language.md","PMID 32709715","Results vocabulary","71","conventional-term-or-collocation"
"CCRLANG-1233","2026-09-14","treatment-exposure association","results","introduction;methods;discussion","terminology","smarca4-stk11-keap1-genomics-ihc-survival-immunotherapy-statistics","vocabulary","terminology-only","ccr-2026-09-14-stk11-priority-3","32709715","single-paper-synthesis","ccr-2026-09-14-atm-smarca4-stk11-priority-language.md","PMID 32709715","Results vocabulary","72","conventional-term-or-collocation"
"CCRLANG-1234","2026-09-14","objective response rate","results","introduction;methods;discussion","terminology","smarca4-stk11-keap1-genomics-ihc-survival-immunotherapy-statistics","vocabulary","terminology-only","ccr-2026-09-14-stk11-priority-3","32709715","single-paper-synthesis","ccr-2026-09-14-atm-smarca4-stk11-priority-language.md","PMID 32709715","Results vocabulary","73","conventional-term-or-collocation"
"CCRLANG-1235","2026-09-14","class-specific progression-free survival","results","introduction;methods;discussion","terminology","smarca4-stk11-keap1-genomics-ihc-survival-immunotherapy-statistics","vocabulary","terminology-only","ccr-2026-09-14-stk11-priority-3","32709715","single-paper-synthesis","ccr-2026-09-14-atm-smarca4-stk11-priority-language.md","PMID 32709715","Results vocabulary","74","conventional-term-or-collocation"
"CCRLANG-1236","2026-09-14","confidence interval spanning the null","results","introduction;methods;discussion","terminology","smarca4-stk11-keap1-genomics-ihc-survival-immunotherapy-statistics","vocabulary","terminology-only","ccr-2026-09-14-stk11-priority-3","32709715","single-paper-synthesis","ccr-2026-09-14-atm-smarca4-stk11-priority-language.md","PMID 32709715","Results vocabulary","75","conventional-term-or-collocation"
"CCRLANG-1237","2026-09-14","Among [N] tumors, [n] ([percentage]) harbored [alteration], including [n1] class 1 and [n2] class 2 events.","results","","results-evidence-reporting","smarca4-stk11-keap1-genomics-ihc-survival-immunotherapy-statistics","sentence-frame","observational-prognostic-treatment-associated","ccr-2026-09-14-stk11-priority-3","32709715","single-paper-synthesis","ccr-2026-09-14-atm-smarca4-stk11-priority-language.md","PMID 32709715","Results frames","77","synthetic-frame"
"CCRLANG-1238","2026-09-14","Complete protein-expression loss occurred in [n/N] class 1 tumors and in [n/N] class 2 tumors (P=[value]).","results","","results-evidence-reporting","smarca4-stk11-keap1-genomics-ihc-survival-immunotherapy-statistics","sentence-frame","observational-prognostic-treatment-associated","ccr-2026-09-14-stk11-priority-3","32709715","single-paper-synthesis","ccr-2026-09-14-atm-smarca4-stk11-priority-language.md","PMID 32709715","Results frames","78","synthetic-frame"
"CCRLANG-1239","2026-09-14","[Gene A] and [gene B] showed the strongest co-enrichment with [index alteration] after false-discovery-rate correction.","results","","results-evidence-reporting","smarca4-stk11-keap1-genomics-ihc-survival-immunotherapy-statistics","sentence-frame","observational-prognostic-treatment-associated","ccr-2026-09-14-stk11-priority-3","32709715","single-paper-synthesis","ccr-2026-09-14-atm-smarca4-stk11-priority-language.md","PMID 32709715","Results frames","79","synthetic-frame"
"CCRLANG-1240","2026-09-14","Although [gene] differed nominally between variant classes, the q value exceeded the prespecified threshold.","results","","results-evidence-reporting","smarca4-stk11-keap1-genomics-ihc-survival-immunotherapy-statistics","sentence-frame","observational-prognostic-treatment-associated","ccr-2026-09-14-stk11-priority-3","32709715","single-paper-synthesis","ccr-2026-09-14-atm-smarca4-stk11-priority-language.md","PMID 32709715","Results frames","80","synthetic-frame"
"CCRLANG-1241","2026-09-14","In the multivariable model, [alteration] remained associated with shorter overall survival after adjustment for [covariates].","results","","results-evidence-reporting","smarca4-stk11-keap1-genomics-ihc-survival-immunotherapy-statistics","sentence-frame","observational-prognostic-treatment-associated","ccr-2026-09-14-stk11-priority-3","32709715","single-paper-synthesis","ccr-2026-09-14-atm-smarca4-stk11-priority-language.md","PMID 32709715","Results frames","81","synthetic-frame"
"CCRLANG-1242","2026-09-14","Within the [molecularly defined] subgroup, the estimate for [co-alteration] was [direction], but the interval included 1.","results","","results-evidence-reporting","smarca4-stk11-keap1-genomics-ihc-survival-immunotherapy-statistics","sentence-frame","observational-prognostic-treatment-associated","ccr-2026-09-14-stk11-priority-3","32709715","single-paper-synthesis","ccr-2026-09-14-atm-smarca4-stk11-priority-language.md","PMID 32709715","Results frames","82","synthetic-frame"
"CCRLANG-1243","2026-09-14","Receipt of [therapy] was associated with longer survival (HR, [value]; 95% CI, [interval]) in this retrospective exposure analysis.","results","","results-evidence-reporting","smarca4-stk11-keap1-genomics-ihc-survival-immunotherapy-statistics","sentence-frame","observational-prognostic-treatment-associated","ccr-2026-09-14-stk11-priority-3","32709715","single-paper-synthesis","ccr-2026-09-14-atm-smarca4-stk11-priority-language.md","PMID 32709715","Results frames","83","synthetic-frame"
"CCRLANG-1244","2026-09-14","The response rate differed by mutation class, whereas PFS and OS did not show statistically significant class-specific differences.","results","","results-evidence-reporting","smarca4-stk11-keap1-genomics-ihc-survival-immunotherapy-statistics","sentence-frame","observational-prognostic-treatment-associated","ccr-2026-09-14-stk11-priority-3","32709715","single-paper-synthesis","ccr-2026-09-14-atm-smarca4-stk11-priority-language.md","PMID 32709715","Results frames","84","synthetic-frame"
"CCRLANG-1245","2026-09-14","independent prognostic contribution","discussion","conclusion","terminology","smarca4-stk11-keap1-genomics-ihc-survival-immunotherapy-statistics","vocabulary","terminology-only","ccr-2026-09-14-stk11-priority-3","32709715","single-paper-synthesis","ccr-2026-09-14-atm-smarca4-stk11-priority-language.md","PMID 32709715","Discussion vocabulary","87","conventional-term-or-collocation"
"CCRLANG-1246","2026-09-14","additive survival association","discussion","conclusion","terminology","smarca4-stk11-keap1-genomics-ihc-survival-immunotherapy-statistics","vocabulary","terminology-only","ccr-2026-09-14-stk11-priority-3","32709715","single-paper-synthesis","ccr-2026-09-14-atm-smarca4-stk11-priority-language.md","PMID 32709715","Discussion vocabulary","88","conventional-term-or-collocation"
"CCRLANG-1247","2026-09-14","residual treatment-selection bias","discussion","conclusion","terminology","smarca4-stk11-keap1-genomics-ihc-survival-immunotherapy-statistics","vocabulary","terminology-only","ccr-2026-09-14-stk11-priority-3","32709715","single-paper-synthesis","ccr-2026-09-14-atm-smarca4-stk11-priority-language.md","PMID 32709715","Discussion vocabulary","89","conventional-term-or-collocation"
"CCRLANG-1248","2026-09-14","discordance between genotype and protein phenotype","discussion","conclusion","terminology","smarca4-stk11-keap1-genomics-ihc-survival-immunotherapy-statistics","vocabulary","terminology-only","ccr-2026-09-14-stk11-priority-3","32709715","single-paper-synthesis","ccr-2026-09-14-atm-smarca4-stk11-priority-language.md","PMID 32709715","Discussion vocabulary","90","conventional-term-or-collocation"
"CCRLANG-1249","2026-09-14","candidate predictive biomarker","discussion","conclusion","terminology","smarca4-stk11-keap1-genomics-ihc-survival-immunotherapy-statistics","vocabulary","terminology-only","ccr-2026-09-14-stk11-priority-3","32709715","single-paper-synthesis","ccr-2026-09-14-atm-smarca4-stk11-priority-language.md","PMID 32709715","Discussion vocabulary","91","conventional-term-or-collocation"
"CCRLANG-1250","2026-09-14","prospective treatment-by-biomarker evaluation","discussion","conclusion","terminology","smarca4-stk11-keap1-genomics-ihc-survival-immunotherapy-statistics","vocabulary","terminology-only","ccr-2026-09-14-stk11-priority-3","32709715","single-paper-synthesis","ccr-2026-09-14-atm-smarca4-stk11-priority-language.md","PMID 32709715","Discussion vocabulary","92","conventional-term-or-collocation"
"CCRLANG-1251","2026-09-14","The data indicate an adverse prognostic association independent of [co-alterations], but they do not establish biological independence.","discussion","","discussion-evidence-reporting","smarca4-stk11-keap1-genomics-ihc-survival-immunotherapy-statistics","sentence-frame","observational-prognostic-treatment-associated","ccr-2026-09-14-stk11-priority-3","32709715","single-paper-synthesis","ccr-2026-09-14-atm-smarca4-stk11-priority-language.md","PMID 32709715","Discussion frames","94","synthetic-frame"
"CCRLANG-1252","2026-09-14","Frequent co-occurrence with [STK11/KEAP1] makes genomic context essential when interpreting survival and immunotherapy outcomes.","discussion","","discussion-evidence-reporting","smarca4-stk11-keap1-genomics-ihc-survival-immunotherapy-statistics","sentence-frame","observational-prognostic-treatment-associated","ccr-2026-09-14-stk11-priority-3","32709715","single-paper-synthesis","ccr-2026-09-14-atm-smarca4-stk11-priority-language.md","PMID 32709715","Discussion frames","95","synthetic-frame"
"CCRLANG-1253","2026-09-14","The observed treatment association is compatible with benefit but remains vulnerable to treatment-selection and time-related confounding.","discussion","","discussion-evidence-reporting","smarca4-stk11-keap1-genomics-ihc-survival-immunotherapy-statistics","sentence-frame","observational-prognostic-treatment-associated","ccr-2026-09-14-stk11-priority-3","32709715","single-paper-synthesis","ccr-2026-09-14-atm-smarca4-stk11-priority-language.md","PMID 32709715","Discussion frames","96","synthetic-frame"
"CCRLANG-1254","2026-09-14","A response-rate difference without corresponding PFS or OS separation should not be presented as a validated predictive effect.","discussion","","discussion-evidence-reporting","smarca4-stk11-keap1-genomics-ihc-survival-immunotherapy-statistics","sentence-frame","observational-prognostic-treatment-associated","ccr-2026-09-14-stk11-priority-3","32709715","single-paper-synthesis","ccr-2026-09-14-atm-smarca4-stk11-priority-language.md","PMID 32709715","Discussion frames","97","synthetic-frame"
"CCRLANG-1255","2026-09-14","Variant class was strongly related to protein loss, yet retained expression among some altered tumors underscores functional heterogeneity.","discussion","","discussion-evidence-reporting","smarca4-stk11-keap1-genomics-ihc-survival-immunotherapy-statistics","sentence-frame","observational-prognostic-treatment-associated","ccr-2026-09-14-stk11-priority-3","32709715","single-paper-synthesis","ccr-2026-09-14-atm-smarca4-stk11-priority-language.md","PMID 32709715","Discussion frames","98","synthetic-frame"
"CCRLANG-1256","2026-09-14","The results support including [alteration] as a covariate in future STK11-focused analyses rather than attributing outcome solely to STK11.","discussion","","discussion-evidence-reporting","smarca4-stk11-keap1-genomics-ihc-survival-immunotherapy-statistics","sentence-frame","observational-prognostic-treatment-associated","ccr-2026-09-14-stk11-priority-3","32709715","single-paper-synthesis","ccr-2026-09-14-atm-smarca4-stk11-priority-language.md","PMID 32709715","Discussion frames","99","synthetic-frame"
"CCRLANG-1257","2026-09-14","Prospective studies with explicit treatment-by-biomarker interaction testing are required to separate prognosis from treatment prediction.","discussion","","discussion-evidence-reporting","smarca4-stk11-keap1-genomics-ihc-survival-immunotherapy-statistics","sentence-frame","observational-prognostic-treatment-associated","ccr-2026-09-14-stk11-priority-3","32709715","single-paper-synthesis","ccr-2026-09-14-atm-smarca4-stk11-priority-language.md","PMID 32709715","Discussion frames","100","synthetic-frame"
"CCRLANG-1258","2026-09-14","In NSCLC, [alteration classes] differed in protein phenotype and prognosis within a complex co-mutational background.","conclusion","abstract-conclusion","bounded-synthesis-validation","smarca4-stk11-keap1-genomics-ihc-survival-immunotherapy-statistics","sentence-frame","evidence-calibrated","ccr-2026-09-14-stk11-priority-3","32709715","single-paper-synthesis","ccr-2026-09-14-atm-smarca4-stk11-priority-language.md","PMID 32709715","Conclusion frames","103","synthetic-frame"
"CCRLANG-1259","2026-09-14","The retrospective immunotherapy signal supports further evaluation but does not establish treatment-selection utility.","conclusion","abstract-conclusion","bounded-synthesis-validation","smarca4-stk11-keap1-genomics-ihc-survival-immunotherapy-statistics","sentence-frame","evidence-calibrated","ccr-2026-09-14-stk11-priority-3","32709715","single-paper-synthesis","ccr-2026-09-14-atm-smarca4-stk11-priority-language.md","PMID 32709715","Conclusion frames","104","synthetic-frame"
"CCRLANG-1260","2026-09-14","Accounting for SMARCA4, STK11, KEAP1, and KRAS together may improve interpretation of outcomes in molecularly defined NSCLC cohorts.","translational-relevance","conclusion","intended-use-validation","smarca4-stk11-keap1-genomics-ihc-survival-immunotherapy-statistics","sentence-frame","evidence-calibrated","ccr-2026-09-14-stk11-priority-3","32709715","single-paper-synthesis","ccr-2026-09-14-atm-smarca4-stk11-priority-language.md","PMID 32709715","Translational Relevance frames","106","synthetic-frame"
"CCRLANG-1261","2026-09-14","A molecularly defined subgroup may warrant prospective study even when current evidence is observational and not treatment-interaction based.","translational-relevance","conclusion","intended-use-validation","smarca4-stk11-keap1-genomics-ihc-survival-immunotherapy-statistics","sentence-frame","evidence-calibrated","ccr-2026-09-14-stk11-priority-3","32709715","single-paper-synthesis","ccr-2026-09-14-atm-smarca4-stk11-priority-language.md","PMID 32709715","Translational Relevance frames","107","synthetic-frame"
"CCRLANG-1262","2026-09-14","Among [N] sequenced tumors, [n] carried SMARCA4 alterations and were divided into [classes]. Protein-expression loss was concentrated in [class], while STK11 and KEAP1 were enriched across the altered cohort. In adjusted survival models, SMARCA4 and STK11 each retained adverse prognostic associations. Retrospective ICI exposure was associated with longer survival, but mutation-class differences were not consistent across response, PFS, and OS.","results","","section-paragraph-synthesis","smarca4-stk11-keap1-genomics-ihc-survival-immunotherapy-statistics","paragraph-model","evidence-calibrated","ccr-2026-09-14-stk11-priority-3","32709715","single-paper-synthesis","ccr-2026-09-14-atm-smarca4-stk11-priority-language.md","PMID 32709715","Results paragraph","109","synthetic-model"
"CCRLANG-1263","2026-09-14","SMARCA4 alterations occur within an STK11/KEAP1-rich genomic context and therefore provide an important covariate framework for STK11-focused work. The study separates mutation class from protein phenotype and adjusts survival models for major co-alterations. However, retrospective treatment exposure, incomplete tissue availability, and the absence of randomized interaction testing preclude a definitive predictive claim.","discussion","","section-paragraph-synthesis","smarca4-stk11-keap1-genomics-ihc-survival-immunotherapy-statistics","paragraph-model","evidence-calibrated","ccr-2026-09-14-stk11-priority-3","32709715","single-paper-synthesis","ccr-2026-09-14-atm-smarca4-stk11-priority-language.md","PMID 32709715","Discussion paragraph","111","synthetic-model"
"CCRLANG-1264","2026-09-14","The clinicogenomic and immune correlates of [DDR-gene] alterations in NSCLC remain incompletely characterized.","abstract-background","abstract-objective","abstract-background-summary","atm-stk11-genomics-ihc-loh-immunophenotyping-bulk-rna-immunotherapy-statistics","sentence-frame","evidence-calibrated","ccr-2026-09-14-stk11-priority-3","37097610","single-paper-synthesis","ccr-2026-09-14-atm-smarca4-stk11-priority-language.md","PMID 37097610","Abstract background","122","synthetic-frame"
"CCRLANG-1265","2026-09-14","Mutation frequency alone does not resolve whether [gene] status reflects functional loss or treatment response.","abstract-background","abstract-objective","abstract-background-summary","atm-stk11-genomics-ihc-loh-immunophenotyping-bulk-rna-immunotherapy-statistics","sentence-frame","evidence-calibrated","ccr-2026-09-14-stk11-priority-3","37097610","single-paper-synthesis","ccr-2026-09-14-atm-smarca4-stk11-priority-language.md","PMID 37097610","Abstract background","123","synthetic-frame"
"CCRLANG-1266","2026-09-14","We analyzed genomic, protein-expression, clinical-outcome, and immune-profile data across independent NSCLC cohorts.","abstract-methods","","abstract-methods-summary","atm-stk11-genomics-ihc-loh-immunophenotyping-bulk-rna-immunotherapy-statistics","sentence-frame","evidence-calibrated","ccr-2026-09-14-stk11-priority-3","37097610","single-paper-synthesis","ccr-2026-09-14-atm-smarca4-stk11-priority-language.md","PMID 37097610","Abstract methods","125","synthetic-frame"
"CCRLANG-1267","2026-09-14","Treatment outcomes were evaluated separately for [therapy A] and [therapy B], with molecular subgroups defined a priori or exploratorily as specified.","abstract-methods","","abstract-methods-summary","atm-stk11-genomics-ihc-loh-immunophenotyping-bulk-rna-immunotherapy-statistics","sentence-frame","evidence-calibrated","ccr-2026-09-14-stk11-priority-3","37097610","single-paper-synthesis","ccr-2026-09-14-atm-smarca4-stk11-priority-language.md","PMID 37097610","Abstract methods","126","synthetic-frame"
"CCRLANG-1268","2026-09-14","ATM-mutant tumors were enriched for [co-alterations] and showed higher [genomic feature] than ATM-wild-type tumors.","abstract-results","","abstract-results-summary","atm-stk11-genomics-ihc-loh-immunophenotyping-bulk-rna-immunotherapy-statistics","sentence-frame","evidence-calibrated","ccr-2026-09-14-stk11-priority-3","37097610","single-paper-synthesis","ccr-2026-09-14-atm-smarca4-stk11-priority-language.md","PMID 37097610","Abstract results","128","synthetic-frame"
"CCRLANG-1269","2026-09-14","ATM status alone was not associated with response or survival after [therapy], whereas the [ATM/TP53] subgroup showed an exploratory signal.","abstract-results","","abstract-results-summary","atm-stk11-genomics-ihc-loh-immunophenotyping-bulk-rna-immunotherapy-statistics","sentence-frame","evidence-calibrated","ccr-2026-09-14-stk11-priority-3","37097610","single-paper-synthesis","ccr-2026-09-14-atm-smarca4-stk11-priority-language.md","PMID 37097610","Abstract results","129","synthetic-frame"
"CCRLANG-1270","2026-09-14","Protein loss was more frequent among [variant class] and tumors with putative loss of heterozygosity.","abstract-results","","abstract-results-summary","atm-stk11-genomics-ihc-loh-immunophenotyping-bulk-rna-immunotherapy-statistics","sentence-frame","evidence-calibrated","ccr-2026-09-14-stk11-priority-3","37097610","single-paper-synthesis","ccr-2026-09-14-atm-smarca4-stk11-priority-language.md","PMID 37097610","Abstract results","130","synthetic-frame"
"CCRLANG-1271","2026-09-14","ATM alterations define a heterogeneous molecular subgroup whose therapeutic implications depend on variant function and co-mutational context.","abstract-conclusion","","abstract-conclusion-summary","atm-stk11-genomics-ihc-loh-immunophenotyping-bulk-rna-immunotherapy-statistics","sentence-frame","evidence-calibrated","ccr-2026-09-14-stk11-priority-3","37097610","single-paper-synthesis","ccr-2026-09-14-atm-smarca4-stk11-priority-language.md","PMID 37097610","Abstract conclusion","132","synthetic-frame"
"CCRLANG-1272","2026-09-14","DNA damage-response gene","introduction","methods;results;discussion","terminology","atm-stk11-genomics-ihc-loh-immunophenotyping-bulk-rna-immunotherapy-statistics","vocabulary","terminology-only","ccr-2026-09-14-stk11-priority-3","37097610","single-paper-synthesis","ccr-2026-09-14-atm-smarca4-stk11-priority-language.md","PMID 37097610","Introduction vocabulary","135","conventional-term-or-collocation"
"CCRLANG-1273","2026-09-14","biallelic functional inactivation","introduction","methods;results;discussion","terminology","atm-stk11-genomics-ihc-loh-immunophenotyping-bulk-rna-immunotherapy-statistics","vocabulary","terminology-only","ccr-2026-09-14-stk11-priority-3","37097610","single-paper-synthesis","ccr-2026-09-14-atm-smarca4-stk11-priority-language.md","PMID 37097610","Introduction vocabulary","136","conventional-term-or-collocation"
"CCRLANG-1274","2026-09-14","variant-level functional heterogeneity","introduction","methods;results;discussion","terminology","atm-stk11-genomics-ihc-loh-immunophenotyping-bulk-rna-immunotherapy-statistics","vocabulary","terminology-only","ccr-2026-09-14-stk11-priority-3","37097610","single-paper-synthesis","ccr-2026-09-14-atm-smarca4-stk11-priority-language.md","PMID 37097610","Introduction vocabulary","137","conventional-term-or-collocation"
"CCRLANG-1275","2026-09-14","co-mutational landscape","introduction","methods;results;discussion","terminology","atm-stk11-genomics-ihc-loh-immunophenotyping-bulk-rna-immunotherapy-statistics","vocabulary","terminology-only","ccr-2026-09-14-stk11-priority-3","37097610","single-paper-synthesis","ccr-2026-09-14-atm-smarca4-stk11-priority-language.md","PMID 37097610","Introduction vocabulary","138","conventional-term-or-collocation"
"CCRLANG-1276","2026-09-14","immunophenotypic landscape","introduction","methods;results;discussion","terminology","atm-stk11-genomics-ihc-loh-immunophenotyping-bulk-rna-immunotherapy-statistics","vocabulary","terminology-only","ccr-2026-09-14-stk11-priority-3","37097610","single-paper-synthesis","ccr-2026-09-14-atm-smarca4-stk11-priority-language.md","PMID 37097610","Introduction vocabulary","139","conventional-term-or-collocation"
"CCRLANG-1277","2026-09-14","tumor mutational burden","introduction","methods;results;discussion","terminology","atm-stk11-genomics-ihc-loh-immunophenotyping-bulk-rna-immunotherapy-statistics","vocabulary","terminology-only","ccr-2026-09-14-stk11-priority-3","37097610","single-paper-synthesis","ccr-2026-09-14-atm-smarca4-stk11-priority-language.md","PMID 37097610","Introduction vocabulary","140","conventional-term-or-collocation"
"CCRLANG-1278","2026-09-14","immune-checkpoint-inhibitor outcome","introduction","methods;results;discussion","terminology","atm-stk11-genomics-ihc-loh-immunophenotyping-bulk-rna-immunotherapy-statistics","vocabulary","terminology-only","ccr-2026-09-14-stk11-priority-3","37097610","single-paper-synthesis","ccr-2026-09-14-atm-smarca4-stk11-priority-language.md","PMID 37097610","Introduction vocabulary","141","conventional-term-or-collocation"
"CCRLANG-1279","2026-09-14","genotype–phenotype correlation","introduction","methods;results;discussion","terminology","atm-stk11-genomics-ihc-loh-immunophenotyping-bulk-rna-immunotherapy-statistics","vocabulary","terminology-only","ccr-2026-09-14-stk11-priority-3","37097610","single-paper-synthesis","ccr-2026-09-14-atm-smarca4-stk11-priority-language.md","PMID 37097610","Introduction vocabulary","142","conventional-term-or-collocation"
"CCRLANG-1280","2026-09-14","Previous studies have reported variable estimates of [protein loss or mutation prevalence], partly reflecting differences in assay and definition.","introduction","","introduction-evidence-reporting","atm-stk11-genomics-ihc-loh-immunophenotyping-bulk-rna-immunotherapy-statistics","sentence-frame","observational-descriptive-exploratory-associative","ccr-2026-09-14-stk11-priority-3","37097610","single-paper-synthesis","ccr-2026-09-14-atm-smarca4-stk11-priority-language.md","PMID 37097610","Introduction frames","144","synthetic-frame"
"CCRLANG-1281","2026-09-14","The therapeutic implications of [gene] alteration may depend on mutation class, allelic status, and co-occurring genomic events.","introduction","","introduction-evidence-reporting","atm-stk11-genomics-ihc-loh-immunophenotyping-bulk-rna-immunotherapy-statistics","sentence-frame","observational-descriptive-exploratory-associative","ccr-2026-09-14-stk11-priority-3","37097610","single-paper-synthesis","ccr-2026-09-14-atm-smarca4-stk11-priority-language.md","PMID 37097610","Introduction frames","145","synthetic-frame"
"CCRLANG-1282","2026-09-14","Because [co-mutation] independently shapes the immune phenotype, analyses of [index gene] require genomic-context stratification.","introduction","","introduction-evidence-reporting","atm-stk11-genomics-ihc-loh-immunophenotyping-bulk-rna-immunotherapy-statistics","sentence-frame","observational-descriptive-exploratory-associative","ccr-2026-09-14-stk11-priority-3","37097610","single-paper-synthesis","ccr-2026-09-14-atm-smarca4-stk11-priority-language.md","PMID 37097610","Introduction frames","146","synthetic-frame"
"CCRLANG-1283","2026-09-14","We sought to connect variant annotation with protein expression, immune contexture, and treatment outcome without assuming their equivalence.","introduction","","introduction-evidence-reporting","atm-stk11-genomics-ihc-loh-immunophenotyping-bulk-rna-immunotherapy-statistics","sentence-frame","observational-descriptive-exploratory-associative","ccr-2026-09-14-stk11-priority-3","37097610","single-paper-synthesis","ccr-2026-09-14-atm-smarca4-stk11-priority-language.md","PMID 37097610","Introduction frames","147","synthetic-frame"
"CCRLANG-1284","2026-09-14","institutional clinicogenomic cohort","methods","introduction;results;discussion","terminology","atm-stk11-genomics-ihc-loh-immunophenotyping-bulk-rna-immunotherapy-statistics","vocabulary","terminology-only","ccr-2026-09-14-stk11-priority-3","37097610","single-paper-synthesis","ccr-2026-09-14-atm-smarca4-stk11-priority-language.md","PMID 37097610","Methods vocabulary","150","conventional-term-or-collocation"
"CCRLANG-1285","2026-09-14","deleterious-variant curation","methods","introduction;results;discussion","terminology","atm-stk11-genomics-ihc-loh-immunophenotyping-bulk-rna-immunotherapy-statistics","vocabulary","terminology-only","ccr-2026-09-14-stk11-priority-3","37097610","single-paper-synthesis","ccr-2026-09-14-atm-smarca4-stk11-priority-language.md","PMID 37097610","Methods vocabulary","151","conventional-term-or-collocation"
"CCRLANG-1286","2026-09-14","in silico pathogenicity prediction","methods","introduction;results;discussion","terminology","atm-stk11-genomics-ihc-loh-immunophenotyping-bulk-rna-immunotherapy-statistics","vocabulary","terminology-only","ccr-2026-09-14-stk11-priority-3","37097610","single-paper-synthesis","ccr-2026-09-14-atm-smarca4-stk11-priority-language.md","PMID 37097610","Methods vocabulary","152","conventional-term-or-collocation"
"CCRLANG-1287","2026-09-14","potential germline variant from tumor-only sequencing","methods","introduction;results;discussion","terminology","atm-stk11-genomics-ihc-loh-immunophenotyping-bulk-rna-immunotherapy-statistics","vocabulary","terminology-only","ccr-2026-09-14-stk11-priority-3","37097610","single-paper-synthesis","ccr-2026-09-14-atm-smarca4-stk11-priority-language.md","PMID 37097610","Methods vocabulary","153","conventional-term-or-collocation"
"CCRLANG-1288","2026-09-14","ATM immunohistochemical expression score","methods","introduction;results;discussion","terminology","atm-stk11-genomics-ihc-loh-immunophenotyping-bulk-rna-immunotherapy-statistics","vocabulary","terminology-only","ccr-2026-09-14-stk11-priority-3","37097610","single-paper-synthesis","ccr-2026-09-14-atm-smarca4-stk11-priority-language.md","PMID 37097610","Methods vocabulary","154","conventional-term-or-collocation"
"CCRLANG-1289","2026-09-14","putative loss of heterozygosity","methods","introduction;results;discussion","terminology","atm-stk11-genomics-ihc-loh-immunophenotyping-bulk-rna-immunotherapy-statistics","vocabulary","terminology-only","ccr-2026-09-14-stk11-priority-3","37097610","single-paper-synthesis","ccr-2026-09-14-atm-smarca4-stk11-priority-language.md","PMID 37097610","Methods vocabulary","155","conventional-term-or-collocation"
"CCRLANG-1290","2026-09-14","RECIST-defined objective response","methods","introduction;results;discussion","terminology","atm-stk11-genomics-ihc-loh-immunophenotyping-bulk-rna-immunotherapy-statistics","vocabulary","terminology-only","ccr-2026-09-14-stk11-priority-3","37097610","single-paper-synthesis","ccr-2026-09-14-atm-smarca4-stk11-priority-language.md","PMID 37097610","Methods vocabulary","156","conventional-term-or-collocation"
"CCRLANG-1291","2026-09-14","real-world progression-free survival","methods","introduction;results;discussion","terminology","atm-stk11-genomics-ihc-loh-immunophenotyping-bulk-rna-immunotherapy-statistics","vocabulary","terminology-only","ccr-2026-09-14-stk11-priority-3","37097610","single-paper-synthesis","ccr-2026-09-14-atm-smarca4-stk11-priority-language.md","PMID 37097610","Methods vocabulary","157","conventional-term-or-collocation"
"CCRLANG-1292","2026-09-14","multiplex immunofluorescence","methods","introduction;results;discussion","terminology","atm-stk11-genomics-ihc-loh-immunophenotyping-bulk-rna-immunotherapy-statistics","vocabulary","terminology-only","ccr-2026-09-14-stk11-priority-3","37097610","single-paper-synthesis","ccr-2026-09-14-atm-smarca4-stk11-priority-language.md","PMID 37097610","Methods vocabulary","158","conventional-term-or-collocation"
"CCRLANG-1293","2026-09-14","immune-cell density per tissue area","methods","introduction;results;discussion","terminology","atm-stk11-genomics-ihc-loh-immunophenotyping-bulk-rna-immunotherapy-statistics","vocabulary","terminology-only","ccr-2026-09-14-stk11-priority-3","37097610","single-paper-synthesis","ccr-2026-09-14-atm-smarca4-stk11-priority-language.md","PMID 37097610","Methods vocabulary","159","conventional-term-or-collocation"
"CCRLANG-1294","2026-09-14","bulk-RNA immune-cell deconvolution","methods","introduction;results;discussion","terminology","atm-stk11-genomics-ihc-loh-immunophenotyping-bulk-rna-immunotherapy-statistics","vocabulary","terminology-only","ccr-2026-09-14-stk11-priority-3","37097610","single-paper-synthesis","ccr-2026-09-14-atm-smarca4-stk11-priority-language.md","PMID 37097610","Methods vocabulary","160","conventional-term-or-collocation"
"CCRLANG-1295","2026-09-14","false-discovery-rate-adjusted comparison","methods","introduction;results;discussion","terminology","atm-stk11-genomics-ihc-loh-immunophenotyping-bulk-rna-immunotherapy-statistics","vocabulary","terminology-only","ccr-2026-09-14-stk11-priority-3","37097610","single-paper-synthesis","ccr-2026-09-14-atm-smarca4-stk11-priority-language.md","PMID 37097610","Methods vocabulary","161","conventional-term-or-collocation"
"CCRLANG-1296","2026-09-14","ATM variants were classified by mutation type and predicted functional consequence; predicted pathogenicity was not treated as direct functional validation.","methods","","methods-evidence-reporting","atm-stk11-genomics-ihc-loh-immunophenotyping-bulk-rna-immunotherapy-statistics","sentence-frame","descriptive","ccr-2026-09-14-stk11-priority-3","37097610","single-paper-synthesis","ccr-2026-09-14-atm-smarca4-stk11-priority-language.md","PMID 37097610","Methods frames","163","synthetic-frame"
"CCRLANG-1297","2026-09-14","Potential germline events were inferred from tumor-only data using [allele-frequency criterion] and require germline confirmation.","methods","","methods-evidence-reporting","atm-stk11-genomics-ihc-loh-immunophenotyping-bulk-rna-immunotherapy-statistics","sentence-frame","descriptive","ccr-2026-09-14-stk11-priority-3","37097610","single-paper-synthesis","ccr-2026-09-14-atm-smarca4-stk11-priority-language.md","PMID 37097610","Methods frames","164","synthetic-frame"
"CCRLANG-1298","2026-09-14","Protein-expression loss and putative allelic loss were assessed as related but noninterchangeable measures.","methods","","methods-evidence-reporting","atm-stk11-genomics-ihc-loh-immunophenotyping-bulk-rna-immunotherapy-statistics","sentence-frame","descriptive","ccr-2026-09-14-stk11-priority-3","37097610","single-paper-synthesis","ccr-2026-09-14-atm-smarca4-stk11-priority-language.md","PMID 37097610","Methods frames","165","synthetic-frame"
"CCRLANG-1299","2026-09-14","Clinical outcomes were analyzed within treatment-specific cohorts using [response and time-to-event definitions].","methods","","methods-evidence-reporting","atm-stk11-genomics-ihc-loh-immunophenotyping-bulk-rna-immunotherapy-statistics","sentence-frame","descriptive","ccr-2026-09-14-stk11-priority-3","37097610","single-paper-synthesis","ccr-2026-09-14-atm-smarca4-stk11-priority-language.md","PMID 37097610","Methods frames","166","synthetic-frame"
"CCRLANG-1300","2026-09-14","Immune-cell abundance was measured by multiplex imaging and estimated independently from bulk transcriptomic data.","methods","","methods-evidence-reporting","atm-stk11-genomics-ihc-loh-immunophenotyping-bulk-rna-immunotherapy-statistics","sentence-frame","descriptive","ccr-2026-09-14-stk11-priority-3","37097610","single-paper-synthesis","ccr-2026-09-14-atm-smarca4-stk11-priority-language.md","PMID 37097610","Methods frames","167","synthetic-frame"
"CCRLANG-1301","2026-09-14","deleterious ATM alteration prevalence","results","introduction;methods;discussion","terminology","atm-stk11-genomics-ihc-loh-immunophenotyping-bulk-rna-immunotherapy-statistics","vocabulary","terminology-only","ccr-2026-09-14-stk11-priority-3","37097610","single-paper-synthesis","ccr-2026-09-14-atm-smarca4-stk11-priority-language.md","PMID 37097610","Results vocabulary","170","conventional-term-or-collocation"
"CCRLANG-1302","2026-09-14","KRAS/STK11 co-enrichment","results","introduction;methods;discussion","terminology","atm-stk11-genomics-ihc-loh-immunophenotyping-bulk-rna-immunotherapy-statistics","vocabulary","terminology-only","ccr-2026-09-14-stk11-priority-3","37097610","single-paper-synthesis","ccr-2026-09-14-atm-smarca4-stk11-priority-language.md","PMID 37097610","Results vocabulary","171","conventional-term-or-collocation"
"CCRLANG-1303","2026-09-14","TP53/EGFR mutual depletion","results","introduction;methods;discussion","terminology","atm-stk11-genomics-ihc-loh-immunophenotyping-bulk-rna-immunotherapy-statistics","vocabulary","terminology-only","ccr-2026-09-14-stk11-priority-3","37097610","single-paper-synthesis","ccr-2026-09-14-atm-smarca4-stk11-priority-language.md","PMID 37097610","Results vocabulary","172","conventional-term-or-collocation"
"CCRLANG-1304","2026-09-14","class-dependent ATM protein loss","results","introduction;methods;discussion","terminology","atm-stk11-genomics-ihc-loh-immunophenotyping-bulk-rna-immunotherapy-statistics","vocabulary","terminology-only","ccr-2026-09-14-stk11-priority-3","37097610","single-paper-synthesis","ccr-2026-09-14-atm-smarca4-stk11-priority-language.md","PMID 37097610","Results vocabulary","173","conventional-term-or-collocation"
"CCRLANG-1305","2026-09-14","allelic-loss-associated protein deficiency","results","introduction;methods;discussion","terminology","atm-stk11-genomics-ihc-loh-immunophenotyping-bulk-rna-immunotherapy-statistics","vocabulary","terminology-only","ccr-2026-09-14-stk11-priority-3","37097610","single-paper-synthesis","ccr-2026-09-14-atm-smarca4-stk11-priority-language.md","PMID 37097610","Results vocabulary","174","conventional-term-or-collocation"
"CCRLANG-1306","2026-09-14","treatment-specific outcome cohort","results","introduction;methods;discussion","terminology","atm-stk11-genomics-ihc-loh-immunophenotyping-bulk-rna-immunotherapy-statistics","vocabulary","terminology-only","ccr-2026-09-14-stk11-priority-3","37097610","single-paper-synthesis","ccr-2026-09-14-atm-smarca4-stk11-priority-language.md","PMID 37097610","Results vocabulary","175","conventional-term-or-collocation"
"CCRLANG-1307","2026-09-14","omnibus subgroup comparison","results","introduction;methods;discussion","terminology","atm-stk11-genomics-ihc-loh-immunophenotyping-bulk-rna-immunotherapy-statistics","vocabulary","terminology-only","ccr-2026-09-14-stk11-priority-3","37097610","single-paper-synthesis","ccr-2026-09-14-atm-smarca4-stk11-priority-language.md","PMID 37097610","Results vocabulary","176","conventional-term-or-collocation"
"CCRLANG-1308","2026-09-14","immune-cell spatial marker density","results","introduction;methods;discussion","terminology","atm-stk11-genomics-ihc-loh-immunophenotyping-bulk-rna-immunotherapy-statistics","vocabulary","terminology-only","ccr-2026-09-14-stk11-priority-3","37097610","single-paper-synthesis","ccr-2026-09-14-atm-smarca4-stk11-priority-language.md","PMID 37097610","Results vocabulary","177","conventional-term-or-collocation"
"CCRLANG-1309","2026-09-14","transcriptome-inferred immune fraction","results","introduction;methods;discussion","terminology","atm-stk11-genomics-ihc-loh-immunophenotyping-bulk-rna-immunotherapy-statistics","vocabulary","terminology-only","ccr-2026-09-14-stk11-priority-3","37097610","single-paper-synthesis","ccr-2026-09-14-atm-smarca4-stk11-priority-language.md","PMID 37097610","Results vocabulary","178","conventional-term-or-collocation"
"CCRLANG-1310","2026-09-14","nonsignificant adjusted association","results","introduction;methods;discussion","terminology","atm-stk11-genomics-ihc-loh-immunophenotyping-bulk-rna-immunotherapy-statistics","vocabulary","terminology-only","ccr-2026-09-14-stk11-priority-3","37097610","single-paper-synthesis","ccr-2026-09-14-atm-smarca4-stk11-priority-language.md","PMID 37097610","Results vocabulary","179","conventional-term-or-collocation"
"CCRLANG-1311","2026-09-14","Across [N] patients, [n] carried ATM mutations, of whom [n] met the study's deleterious-variant criteria.","results","","results-evidence-reporting","atm-stk11-genomics-ihc-loh-immunophenotyping-bulk-rna-immunotherapy-statistics","sentence-frame","observational-descriptive-exploratory-associative","ccr-2026-09-14-stk11-priority-3","37097610","single-paper-synthesis","ccr-2026-09-14-atm-smarca4-stk11-priority-language.md","PMID 37097610","Results frames","181","synthetic-frame"
"CCRLANG-1312","2026-09-14","ATM-mutant tumors were enriched for KRAS and STK11 and depleted for TP53 and EGFR relative to ATM-wild-type tumors.","results","","results-evidence-reporting","atm-stk11-genomics-ihc-loh-immunophenotyping-bulk-rna-immunotherapy-statistics","sentence-frame","observational-descriptive-exploratory-associative","ccr-2026-09-14-stk11-priority-3","37097610","single-paper-synthesis","ccr-2026-09-14-atm-smarca4-stk11-priority-language.md","PMID 37097610","Results frames","182","synthetic-frame"
"CCRLANG-1313","2026-09-14","The direction of [selected co-mutation] was evaluated in an external dataset, whereas other associations remained cohort specific.","results","","results-evidence-reporting","atm-stk11-genomics-ihc-loh-immunophenotyping-bulk-rna-immunotherapy-statistics","sentence-frame","observational-descriptive-exploratory-associative","ccr-2026-09-14-stk11-priority-3","37097610","single-paper-synthesis","ccr-2026-09-14-atm-smarca4-stk11-priority-language.md","PMID 37097610","Results frames","183","synthetic-frame"
"CCRLANG-1314","2026-09-14","Complete ATM-expression loss was observed in [n/N] evaluable tumors and was more frequent in class I than class II variants.","results","","results-evidence-reporting","atm-stk11-genomics-ihc-loh-immunophenotyping-bulk-rna-immunotherapy-statistics","sentence-frame","observational-descriptive-exploratory-associative","ccr-2026-09-14-stk11-priority-3","37097610","single-paper-synthesis","ccr-2026-09-14-atm-smarca4-stk11-priority-language.md","PMID 37097610","Results frames","184","synthetic-frame"
"CCRLANG-1315","2026-09-14","Putative loss of heterozygosity was associated with protein loss, but most sequenced tumors did not meet the study's LOH definition.","results","","results-evidence-reporting","atm-stk11-genomics-ihc-loh-immunophenotyping-bulk-rna-immunotherapy-statistics","sentence-frame","observational-descriptive-exploratory-associative","ccr-2026-09-14-stk11-priority-3","37097610","single-paper-synthesis","ccr-2026-09-14-atm-smarca4-stk11-priority-language.md","PMID 37097610","Results frames","185","synthetic-frame"
"CCRLANG-1316","2026-09-14","No statistically significant difference in ORR, PFS, or OS was observed by ATM status in the ICI-monotherapy cohort.","results","","results-evidence-reporting","atm-stk11-genomics-ihc-loh-immunophenotyping-bulk-rna-immunotherapy-statistics","sentence-frame","observational-descriptive-exploratory-associative","ccr-2026-09-14-stk11-priority-3","37097610","single-paper-synthesis","ccr-2026-09-14-atm-smarca4-stk11-priority-language.md","PMID 37097610","Results frames","186","synthetic-frame"
"CCRLANG-1317","2026-09-14","In the ICI-plus-chemotherapy cohort, point estimates were [direction], but confidence intervals included the null.","results","","results-evidence-reporting","atm-stk11-genomics-ihc-loh-immunophenotyping-bulk-rna-immunotherapy-statistics","sentence-frame","observational-descriptive-exploratory-associative","ccr-2026-09-14-stk11-priority-3","37097610","single-paper-synthesis","ccr-2026-09-14-atm-smarca4-stk11-priority-language.md","PMID 37097610","Results frames","187","synthetic-frame"
"CCRLANG-1318","2026-09-14","The ATM/TP53 subgroup had the highest observed response rate in the monotherapy cohort, although the analysis was exploratory and OS did not differ.","results","","results-evidence-reporting","atm-stk11-genomics-ihc-loh-immunophenotyping-bulk-rna-immunotherapy-statistics","sentence-frame","observational-descriptive-exploratory-associative","ccr-2026-09-14-stk11-priority-3","37097610","single-paper-synthesis","ccr-2026-09-14-atm-smarca4-stk11-priority-language.md","PMID 37097610","Results frames","188","synthetic-frame"
"CCRLANG-1319","2026-09-14","Neither ATM/STK11 nor ATM/KEAP1 subgroup comparisons reached statistical significance; limited subgroup size precludes a no-effect conclusion.","results","","results-evidence-reporting","atm-stk11-genomics-ihc-loh-immunophenotyping-bulk-rna-immunotherapy-statistics","sentence-frame","observational-descriptive-exploratory-associative","ccr-2026-09-14-stk11-priority-3","37097610","single-paper-synthesis","ccr-2026-09-14-atm-smarca4-stk11-priority-language.md","PMID 37097610","Results frames","189","synthetic-frame"
"CCRLANG-1320","2026-09-14","Multiplex imaging showed no overall ATM-status difference, whereas bulk-RNA deconvolution suggested differences in selected inferred immune populations.","results","","results-evidence-reporting","atm-stk11-genomics-ihc-loh-immunophenotyping-bulk-rna-immunotherapy-statistics","sentence-frame","observational-descriptive-exploratory-associative","ccr-2026-09-14-stk11-priority-3","37097610","single-paper-synthesis","ccr-2026-09-14-atm-smarca4-stk11-priority-language.md","PMID 37097610","Results frames","190","synthetic-frame"
"CCRLANG-1321","2026-09-14","molecularly heterogeneous ATM-mutant NSCLC","discussion","conclusion","terminology","atm-stk11-genomics-ihc-loh-immunophenotyping-bulk-rna-immunotherapy-statistics","vocabulary","terminology-only","ccr-2026-09-14-stk11-priority-3","37097610","single-paper-synthesis","ccr-2026-09-14-atm-smarca4-stk11-priority-language.md","PMID 37097610","Discussion vocabulary","193","conventional-term-or-collocation"
"CCRLANG-1322","2026-09-14","functional consequence of variant class","discussion","conclusion","terminology","atm-stk11-genomics-ihc-loh-immunophenotyping-bulk-rna-immunotherapy-statistics","vocabulary","terminology-only","ccr-2026-09-14-stk11-priority-3","37097610","single-paper-synthesis","ccr-2026-09-14-atm-smarca4-stk11-priority-language.md","PMID 37097610","Discussion vocabulary","194","conventional-term-or-collocation"
"CCRLANG-1323","2026-09-14","co-mutation-dependent immune phenotype","discussion","conclusion","terminology","atm-stk11-genomics-ihc-loh-immunophenotyping-bulk-rna-immunotherapy-statistics","vocabulary","terminology-only","ccr-2026-09-14-stk11-priority-3","37097610","single-paper-synthesis","ccr-2026-09-14-atm-smarca4-stk11-priority-language.md","PMID 37097610","Discussion vocabulary","195","conventional-term-or-collocation"
"CCRLANG-1324","2026-09-14","discordant immune readouts across modalities","discussion","conclusion","terminology","atm-stk11-genomics-ihc-loh-immunophenotyping-bulk-rna-immunotherapy-statistics","vocabulary","terminology-only","ccr-2026-09-14-stk11-priority-3","37097610","single-paper-synthesis","ccr-2026-09-14-atm-smarca4-stk11-priority-language.md","PMID 37097610","Discussion vocabulary","196","conventional-term-or-collocation"
"CCRLANG-1325","2026-09-14","exploratory treatment-response association","discussion","conclusion","terminology","atm-stk11-genomics-ihc-loh-immunophenotyping-bulk-rna-immunotherapy-statistics","vocabulary","terminology-only","ccr-2026-09-14-stk11-priority-3","37097610","single-paper-synthesis","ccr-2026-09-14-atm-smarca4-stk11-priority-language.md","PMID 37097610","Discussion vocabulary","197","conventional-term-or-collocation"
"CCRLANG-1326","2026-09-14","unmeasured clinical confounding","discussion","conclusion","terminology","atm-stk11-genomics-ihc-loh-immunophenotyping-bulk-rna-immunotherapy-statistics","vocabulary","terminology-only","ccr-2026-09-14-stk11-priority-3","37097610","single-paper-synthesis","ccr-2026-09-14-atm-smarca4-stk11-priority-language.md","PMID 37097610","Discussion vocabulary","198","conventional-term-or-collocation"
"CCRLANG-1327","2026-09-14","ATM status alone was not associated with ICI outcome, arguing against its use as a standalone treatment-selection biomarker in this dataset.","discussion","","discussion-evidence-reporting","atm-stk11-genomics-ihc-loh-immunophenotyping-bulk-rna-immunotherapy-statistics","sentence-frame","observational-descriptive-exploratory-associative","ccr-2026-09-14-stk11-priority-3","37097610","single-paper-synthesis","ccr-2026-09-14-atm-smarca4-stk11-priority-language.md","PMID 37097610","Discussion frames","200","synthetic-frame"
"CCRLANG-1328","2026-09-14","The ATM/TP53 signal may reflect a distinct genomic and immune context rather than an ATM-specific predictive effect.","discussion","","discussion-evidence-reporting","atm-stk11-genomics-ihc-loh-immunophenotyping-bulk-rna-immunotherapy-statistics","sentence-frame","observational-descriptive-exploratory-associative","ccr-2026-09-14-stk11-priority-3","37097610","single-paper-synthesis","ccr-2026-09-14-atm-smarca4-stk11-priority-language.md","PMID 37097610","Discussion frames","201","synthetic-frame"
"CCRLANG-1329","2026-09-14","STK11 enrichment among ATM-mutant tumors creates a plausible confounding structure that should be modeled rather than ignored.","discussion","","discussion-evidence-reporting","atm-stk11-genomics-ihc-loh-immunophenotyping-bulk-rna-immunotherapy-statistics","sentence-frame","observational-descriptive-exploratory-associative","ccr-2026-09-14-stk11-priority-3","37097610","single-paper-synthesis","ccr-2026-09-14-atm-smarca4-stk11-priority-language.md","PMID 37097610","Discussion frames","202","synthetic-frame"
"CCRLANG-1330","2026-09-14","Predicted deleteriousness, allelic loss, and protein-expression loss identify overlapping but nonidentical biological subsets.","discussion","","discussion-evidence-reporting","atm-stk11-genomics-ihc-loh-immunophenotyping-bulk-rna-immunotherapy-statistics","sentence-frame","observational-descriptive-exploratory-associative","ccr-2026-09-14-stk11-priority-3","37097610","single-paper-synthesis","ccr-2026-09-14-atm-smarca4-stk11-priority-language.md","PMID 37097610","Discussion frames","203","synthetic-frame"
"CCRLANG-1331","2026-09-14","Differences between multiplex imaging and bulk-RNA deconvolution may reflect measurement scale, tissue composition, or statistical power.","discussion","","discussion-evidence-reporting","atm-stk11-genomics-ihc-loh-immunophenotyping-bulk-rna-immunotherapy-statistics","sentence-frame","observational-descriptive-exploratory-associative","ccr-2026-09-14-stk11-priority-3","37097610","single-paper-synthesis","ccr-2026-09-14-atm-smarca4-stk11-priority-language.md","PMID 37097610","Discussion frames","204","synthetic-frame"
"CCRLANG-1332","2026-09-14","Nonsignificant subgroup comparisons do not demonstrate equivalence or absence of biological interaction.","discussion","","discussion-evidence-reporting","atm-stk11-genomics-ihc-loh-immunophenotyping-bulk-rna-immunotherapy-statistics","sentence-frame","observational-descriptive-exploratory-associative","ccr-2026-09-14-stk11-priority-3","37097610","single-paper-synthesis","ccr-2026-09-14-atm-smarca4-stk11-priority-language.md","PMID 37097610","Discussion frames","205","synthetic-frame"
"CCRLANG-1333","2026-09-14","Prospective cohorts with confirmed germline status, functional annotation, and treatment-interaction analysis are needed for clinical use.","discussion","","discussion-evidence-reporting","atm-stk11-genomics-ihc-loh-immunophenotyping-bulk-rna-immunotherapy-statistics","sentence-frame","observational-descriptive-exploratory-associative","ccr-2026-09-14-stk11-priority-3","37097610","single-paper-synthesis","ccr-2026-09-14-atm-smarca4-stk11-priority-language.md","PMID 37097610","Discussion frames","206","synthetic-frame"
"CCRLANG-1334","2026-09-14","ATM-mutant NSCLC comprises functionally and genomically distinct subsets rather than a uniform biomarker group.","conclusion","abstract-conclusion","bounded-synthesis-validation","atm-stk11-genomics-ihc-loh-immunophenotyping-bulk-rna-immunotherapy-statistics","sentence-frame","evidence-calibrated","ccr-2026-09-14-stk11-priority-3","37097610","single-paper-synthesis","ccr-2026-09-14-atm-smarca4-stk11-priority-language.md","PMID 37097610","Conclusion frames","209","synthetic-frame"
"CCRLANG-1335","2026-09-14","Co-mutation-aware analyses are required before ATM or STK11 status can be assigned treatment-predictive utility.","conclusion","abstract-conclusion","bounded-synthesis-validation","atm-stk11-genomics-ihc-loh-immunophenotyping-bulk-rna-immunotherapy-statistics","sentence-frame","evidence-calibrated","ccr-2026-09-14-stk11-priority-3","37097610","single-paper-synthesis","ccr-2026-09-14-atm-smarca4-stk11-priority-language.md","PMID 37097610","Conclusion frames","210","synthetic-frame"
"CCRLANG-1336","2026-09-14","Variant class, allelic status, and co-mutations should be integrated when evaluating ATM as a biomarker in NSCLC.","translational-relevance","conclusion","intended-use-validation","atm-stk11-genomics-ihc-loh-immunophenotyping-bulk-rna-immunotherapy-statistics","sentence-frame","evidence-calibrated","ccr-2026-09-14-stk11-priority-3","37097610","single-paper-synthesis","ccr-2026-09-14-atm-smarca4-stk11-priority-language.md","PMID 37097610","Translational Relevance frames","212","synthetic-frame"
"CCRLANG-1337","2026-09-14","The absence of an overall treatment association narrows the immediate clinical claim while identifying specific hypotheses for prospective testing.","translational-relevance","conclusion","intended-use-validation","atm-stk11-genomics-ihc-loh-immunophenotyping-bulk-rna-immunotherapy-statistics","sentence-frame","evidence-calibrated","ccr-2026-09-14-stk11-priority-3","37097610","single-paper-synthesis","ccr-2026-09-14-atm-smarca4-stk11-priority-language.md","PMID 37097610","Translational Relevance frames","213","synthetic-frame"
"CCRLANG-1338","2026-09-14","ATM mutations were identified in [n/N] patients, with a smaller subset meeting the study's deleterious-variant criteria. ATM-mutant tumors were enriched for KRAS and STK11, and protein loss varied by mutation class and allelic status. Across treatment-specific cohorts, ATM status alone was not associated with ORR, PFS, or OS. Exploratory ATM/TP53 findings and modality-specific immune differences were reported separately from the overall null treatment associations.","results","","section-paragraph-synthesis","atm-stk11-genomics-ihc-loh-immunophenotyping-bulk-rna-immunotherapy-statistics","paragraph-model","evidence-calibrated","ccr-2026-09-14-stk11-priority-3","37097610","single-paper-synthesis","ccr-2026-09-14-atm-smarca4-stk11-priority-language.md","PMID 37097610","Results paragraph","215","synthetic-model"
"CCRLANG-1339","2026-09-14","This study shows why ATM and STK11 should be interpreted within a co-mutational framework. Genomic enrichment, predicted variant effect, allelic loss, and IHC loss describe different layers of biology, while treatment associations arise from retrospective cohorts. The data therefore support covariate-aware hypothesis generation but not a standalone ATM- or STK11-directed immunotherapy rule.","discussion","","section-paragraph-synthesis","atm-stk11-genomics-ihc-loh-immunophenotyping-bulk-rna-immunotherapy-statistics","paragraph-model","evidence-calibrated","ccr-2026-09-14-stk11-priority-3","37097610","single-paper-synthesis","ccr-2026-09-14-atm-smarca4-stk11-priority-language.md","PMID 37097610","Discussion paragraph","217","synthetic-model"
"CCRLANG-1340","2026-09-14","The molecular correlates and therapeutic implications of ATM alteration in NSCLC have not been fully resolved.","abstract-background","abstract-objective","abstract-background-summary","atm-stk11-kras-genomics-multiomics-preclinical-immunotherapy-chemotherapy-statistics","sentence-frame","evidence-calibrated","ccr-2026-09-14-stk11-priority-3","37733794","single-paper-synthesis","ccr-2026-09-14-atm-smarca4-stk11-priority-language.md","PMID 37733794","Abstract background","228","synthetic-frame"
"CCRLANG-1341","2026-09-14","A recurrent DNA-damage-response alteration may mark distinct genomic contexts rather than a uniform functional state.","abstract-background","abstract-objective","abstract-background-summary","atm-stk11-kras-genomics-multiomics-preclinical-immunotherapy-chemotherapy-statistics","sentence-frame","evidence-calibrated","ccr-2026-09-14-stk11-priority-3","37733794","single-paper-synthesis","ccr-2026-09-14-atm-smarca4-stk11-priority-language.md","PMID 37733794","Abstract background","229","synthetic-frame"
"CCRLANG-1342","2026-09-14","We combined multi-cohort genomic analysis, real-world treatment outcomes, and isogenic perturbation experiments to evaluate [gene].","abstract-methods","","abstract-methods-summary","atm-stk11-kras-genomics-multiomics-preclinical-immunotherapy-chemotherapy-statistics","sentence-frame","evidence-calibrated","ccr-2026-09-14-stk11-priority-3","37733794","single-paper-synthesis","ccr-2026-09-14-atm-smarca4-stk11-priority-language.md","PMID 37733794","Abstract methods","231","synthetic-frame"
"CCRLANG-1343","2026-09-14","Co-mutation patterns were assessed across cohorts, whereas treatment outcomes were evaluated in a separately curated functional-variant subset.","abstract-methods","","abstract-methods-summary","atm-stk11-kras-genomics-multiomics-preclinical-immunotherapy-chemotherapy-statistics","sentence-frame","evidence-calibrated","ccr-2026-09-14-stk11-priority-3","37733794","single-paper-synthesis","ccr-2026-09-14-atm-smarca4-stk11-priority-language.md","PMID 37733794","Abstract methods","232","synthetic-frame"
"CCRLANG-1344","2026-09-14","ATM alterations were associated with KRAS enrichment and EGFR depletion, with co-mutation patterns differing by KRAS status.","abstract-results","","abstract-results-summary","atm-stk11-kras-genomics-multiomics-preclinical-immunotherapy-chemotherapy-statistics","sentence-frame","evidence-calibrated","ccr-2026-09-14-stk11-priority-3","37733794","single-paper-synthesis","ccr-2026-09-14-atm-smarca4-stk11-priority-language.md","PMID 37733794","Abstract results","234","synthetic-frame"
"CCRLANG-1345","2026-09-14","Longer survival was observed only in the retrospective ICI-plus-chemotherapy cohort, not in the other treatment cohorts.","abstract-results","","abstract-results-summary","atm-stk11-kras-genomics-multiomics-preclinical-immunotherapy-chemotherapy-statistics","sentence-frame","evidence-calibrated","ccr-2026-09-14-stk11-priority-3","37733794","single-paper-synthesis","ccr-2026-09-14-atm-smarca4-stk11-priority-language.md","PMID 37733794","Abstract results","235","synthetic-frame"
"CCRLANG-1346","2026-09-14","Chemotherapy induced greater relative STING-pathway signaling after ATM loss without uniformly increasing direct drug sensitivity.","abstract-results","","abstract-results-summary","atm-stk11-kras-genomics-multiomics-preclinical-immunotherapy-chemotherapy-statistics","sentence-frame","evidence-calibrated","ccr-2026-09-14-stk11-priority-3","37733794","single-paper-synthesis","ccr-2026-09-14-atm-smarca4-stk11-priority-language.md","PMID 37733794","Abstract results","236","synthetic-frame"
"CCRLANG-1347","2026-09-14","The findings identify context-dependent molecular and treatment-associated hypotheses that require prospective and mechanistic validation.","abstract-conclusion","","abstract-conclusion-summary","atm-stk11-kras-genomics-multiomics-preclinical-immunotherapy-chemotherapy-statistics","sentence-frame","evidence-calibrated","ccr-2026-09-14-stk11-priority-3","37733794","single-paper-synthesis","ccr-2026-09-14-atm-smarca4-stk11-priority-language.md","PMID 37733794","Abstract conclusion","238","synthetic-frame"
"CCRLANG-1348","2026-09-14","ataxia-telangiectasia mutated kinase","introduction","methods;results;discussion","terminology","atm-stk11-kras-genomics-multiomics-preclinical-immunotherapy-chemotherapy-statistics","vocabulary","terminology-only","ccr-2026-09-14-stk11-priority-3","37733794","single-paper-synthesis","ccr-2026-09-14-atm-smarca4-stk11-priority-language.md","PMID 37733794","Introduction vocabulary","241","conventional-term-or-collocation"
"CCRLANG-1349","2026-09-14","double-strand DNA-break response","introduction","methods;results;discussion","terminology","atm-stk11-kras-genomics-multiomics-preclinical-immunotherapy-chemotherapy-statistics","vocabulary","terminology-only","ccr-2026-09-14-stk11-priority-3","37733794","single-paper-synthesis","ccr-2026-09-14-atm-smarca4-stk11-priority-language.md","PMID 37733794","Introduction vocabulary","242","conventional-term-or-collocation"
"CCRLANG-1350","2026-09-14","cell-cycle-checkpoint activation","introduction","methods;results;discussion","terminology","atm-stk11-kras-genomics-multiomics-preclinical-immunotherapy-chemotherapy-statistics","vocabulary","terminology-only","ccr-2026-09-14-stk11-priority-3","37733794","single-paper-synthesis","ccr-2026-09-14-atm-smarca4-stk11-priority-language.md","PMID 37733794","Introduction vocabulary","243","conventional-term-or-collocation"
"CCRLANG-1351","2026-09-14","somatic versus germline alteration","introduction","methods;results;discussion","terminology","atm-stk11-kras-genomics-multiomics-preclinical-immunotherapy-chemotherapy-statistics","vocabulary","terminology-only","ccr-2026-09-14-stk11-priority-3","37733794","single-paper-synthesis","ccr-2026-09-14-atm-smarca4-stk11-priority-language.md","PMID 37733794","Introduction vocabulary","244","conventional-term-or-collocation"
"CCRLANG-1352","2026-09-14","context-dependent co-mutation pattern","introduction","methods;results;discussion","terminology","atm-stk11-kras-genomics-multiomics-preclinical-immunotherapy-chemotherapy-statistics","vocabulary","terminology-only","ccr-2026-09-14-stk11-priority-3","37733794","single-paper-synthesis","ccr-2026-09-14-atm-smarca4-stk11-priority-language.md","PMID 37733794","Introduction vocabulary","245","conventional-term-or-collocation"
"CCRLANG-1353","2026-09-14","DNA-damaging chemotherapy","introduction","methods;results;discussion","terminology","atm-stk11-kras-genomics-multiomics-preclinical-immunotherapy-chemotherapy-statistics","vocabulary","terminology-only","ccr-2026-09-14-stk11-priority-3","37733794","single-paper-synthesis","ccr-2026-09-14-atm-smarca4-stk11-priority-language.md","PMID 37733794","Introduction vocabulary","246","conventional-term-or-collocation"
"CCRLANG-1354","2026-09-14","cGAS/STING innate-immune signaling","introduction","methods;results;discussion","terminology","atm-stk11-kras-genomics-multiomics-preclinical-immunotherapy-chemotherapy-statistics","vocabulary","terminology-only","ccr-2026-09-14-stk11-priority-3","37733794","single-paper-synthesis","ccr-2026-09-14-atm-smarca4-stk11-priority-language.md","PMID 37733794","Introduction vocabulary","247","conventional-term-or-collocation"
"CCRLANG-1355","2026-09-14","therapeutic vulnerability hypothesis","introduction","methods;results;discussion","terminology","atm-stk11-kras-genomics-multiomics-preclinical-immunotherapy-chemotherapy-statistics","vocabulary","terminology-only","ccr-2026-09-14-stk11-priority-3","37733794","single-paper-synthesis","ccr-2026-09-14-atm-smarca4-stk11-priority-language.md","PMID 37733794","Introduction vocabulary","248","conventional-term-or-collocation"
"CCRLANG-1356","2026-09-14","Although ATM is frequently altered in NSCLC, the functional relevance of many nonsynonymous variants remains uncertain.","introduction","","introduction-evidence-reporting","atm-stk11-kras-genomics-multiomics-preclinical-immunotherapy-chemotherapy-statistics","sentence-frame","meta-analytic-observational-preclinical-mechanistic","ccr-2026-09-14-stk11-priority-3","37733794","single-paper-synthesis","ccr-2026-09-14-atm-smarca4-stk11-priority-language.md","PMID 37733794","Introduction frames","250","synthetic-frame"
"CCRLANG-1357","2026-09-14","Co-mutational structure may explain apparently inconsistent associations between [gene] status and treatment outcome.","introduction","","introduction-evidence-reporting","atm-stk11-kras-genomics-multiomics-preclinical-immunotherapy-chemotherapy-statistics","sentence-frame","meta-analytic-observational-preclinical-mechanistic","ccr-2026-09-14-stk11-priority-3","37733794","single-paper-synthesis","ccr-2026-09-14-atm-smarca4-stk11-priority-language.md","PMID 37733794","Introduction frames","251","synthetic-frame"
"CCRLANG-1358","2026-09-14","An observed survival advantage after combination therapy could reflect biological interaction, patient selection, or genomic context.","introduction","","introduction-evidence-reporting","atm-stk11-kras-genomics-multiomics-preclinical-immunotherapy-chemotherapy-statistics","sentence-frame","meta-analytic-observational-preclinical-mechanistic","ccr-2026-09-14-stk11-priority-3","37733794","single-paper-synthesis","ccr-2026-09-14-atm-smarca4-stk11-priority-language.md","PMID 37733794","Introduction frames","252","synthetic-frame"
"CCRLANG-1359","2026-09-14","We therefore examined genomic patterns, clinical outcomes, and pathway responses as related but distinct evidence layers.","introduction","","introduction-evidence-reporting","atm-stk11-kras-genomics-multiomics-preclinical-immunotherapy-chemotherapy-statistics","sentence-frame","meta-analytic-observational-preclinical-mechanistic","ccr-2026-09-14-stk11-priority-3","37733794","single-paper-synthesis","ccr-2026-09-14-atm-smarca4-stk11-priority-language.md","PMID 37733794","Introduction frames","253","synthetic-frame"
"CCRLANG-1360","2026-09-14","pan-cohort mutation meta-analysis","methods","introduction;results;discussion","terminology","atm-stk11-kras-genomics-multiomics-preclinical-immunotherapy-chemotherapy-statistics","vocabulary","terminology-only","ccr-2026-09-14-stk11-priority-3","37733794","single-paper-synthesis","ccr-2026-09-14-atm-smarca4-stk11-priority-language.md","PMID 37733794","Methods vocabulary","256","conventional-term-or-collocation"
"CCRLANG-1361","2026-09-14","nonsynonymous-variant analysis set","methods","introduction;results;discussion","terminology","atm-stk11-kras-genomics-multiomics-preclinical-immunotherapy-chemotherapy-statistics","vocabulary","terminology-only","ccr-2026-09-14-stk11-priority-3","37733794","single-paper-synthesis","ccr-2026-09-14-atm-smarca4-stk11-priority-language.md","PMID 37733794","Methods vocabulary","257","conventional-term-or-collocation"
"CCRLANG-1362","2026-09-14","curated likely functional alteration","methods","introduction;results;discussion","terminology","atm-stk11-kras-genomics-multiomics-preclinical-immunotherapy-chemotherapy-statistics","vocabulary","terminology-only","ccr-2026-09-14-stk11-priority-3","37733794","single-paper-synthesis","ccr-2026-09-14-atm-smarca4-stk11-priority-language.md","PMID 37733794","Methods vocabulary","258","conventional-term-or-collocation"
"CCRLANG-1363","2026-09-14","KRAS-stratified co-mutation analysis","methods","introduction;results;discussion","terminology","atm-stk11-kras-genomics-multiomics-preclinical-immunotherapy-chemotherapy-statistics","vocabulary","terminology-only","ccr-2026-09-14-stk11-priority-3","37733794","single-paper-synthesis","ccr-2026-09-14-atm-smarca4-stk11-priority-language.md","PMID 37733794","Methods vocabulary","259","conventional-term-or-collocation"
"CCRLANG-1364","2026-09-14","random-effects meta-analysis","methods","introduction;results;discussion","terminology","atm-stk11-kras-genomics-multiomics-preclinical-immunotherapy-chemotherapy-statistics","vocabulary","terminology-only","ccr-2026-09-14-stk11-priority-3","37733794","single-paper-synthesis","ccr-2026-09-14-atm-smarca4-stk11-priority-language.md","PMID 37733794","Methods vocabulary","260","conventional-term-or-collocation"
"CCRLANG-1365","2026-09-14","mutational-signature attribution","methods","introduction;results;discussion","terminology","atm-stk11-kras-genomics-multiomics-preclinical-immunotherapy-chemotherapy-statistics","vocabulary","terminology-only","ccr-2026-09-14-stk11-priority-3","37733794","single-paper-synthesis","ccr-2026-09-14-atm-smarca4-stk11-priority-language.md","PMID 37733794","Methods vocabulary","261","conventional-term-or-collocation"
"CCRLANG-1366","2026-09-14","reverse-phase protein array","methods","introduction;results;discussion","terminology","atm-stk11-kras-genomics-multiomics-preclinical-immunotherapy-chemotherapy-statistics","vocabulary","terminology-only","ccr-2026-09-14-stk11-priority-3","37733794","single-paper-synthesis","ccr-2026-09-14-atm-smarca4-stk11-priority-language.md","PMID 37733794","Methods vocabulary","262","conventional-term-or-collocation"
"CCRLANG-1367","2026-09-14","clinicogenomic treatment cohort","methods","introduction;results;discussion","terminology","atm-stk11-kras-genomics-multiomics-preclinical-immunotherapy-chemotherapy-statistics","vocabulary","terminology-only","ccr-2026-09-14-stk11-priority-3","37733794","single-paper-synthesis","ccr-2026-09-14-atm-smarca4-stk11-priority-language.md","PMID 37733794","Methods vocabulary","263","conventional-term-or-collocation"
"CCRLANG-1368","2026-09-14","stepwise multivariable model selection","methods","introduction;results;discussion","terminology","atm-stk11-kras-genomics-multiomics-preclinical-immunotherapy-chemotherapy-statistics","vocabulary","terminology-only","ccr-2026-09-14-stk11-priority-3","37733794","single-paper-synthesis","ccr-2026-09-14-atm-smarca4-stk11-priority-language.md","PMID 37733794","Methods vocabulary","264","conventional-term-or-collocation"
"CCRLANG-1369","2026-09-14","CRISPR/Cas9-mediated ATM knockout","methods","introduction;results;discussion","terminology","atm-stk11-kras-genomics-multiomics-preclinical-immunotherapy-chemotherapy-statistics","vocabulary","terminology-only","ccr-2026-09-14-stk11-priority-3","37733794","single-paper-synthesis","ccr-2026-09-14-atm-smarca4-stk11-priority-language.md","PMID 37733794","Methods vocabulary","265","conventional-term-or-collocation"
"CCRLANG-1370","2026-09-14","isogenic murine KRAS-mutant cell model","methods","introduction;results;discussion","terminology","atm-stk11-kras-genomics-multiomics-preclinical-immunotherapy-chemotherapy-statistics","vocabulary","terminology-only","ccr-2026-09-14-stk11-priority-3","37733794","single-paper-synthesis","ccr-2026-09-14-atm-smarca4-stk11-priority-language.md","PMID 37733794","Methods vocabulary","266","conventional-term-or-collocation"
"CCRLANG-1371","2026-09-14","half-maximal inhibitory concentration","methods","introduction;results;discussion","terminology","atm-stk11-kras-genomics-multiomics-preclinical-immunotherapy-chemotherapy-statistics","vocabulary","terminology-only","ccr-2026-09-14-stk11-priority-3","37733794","single-paper-synthesis","ccr-2026-09-14-atm-smarca4-stk11-priority-language.md","PMID 37733794","Methods vocabulary","267","conventional-term-or-collocation"
"CCRLANG-1372","2026-09-14","chemotherapy-induced pathway phosphorylation","methods","introduction;results;discussion","terminology","atm-stk11-kras-genomics-multiomics-preclinical-immunotherapy-chemotherapy-statistics","vocabulary","terminology-only","ccr-2026-09-14-stk11-priority-3","37733794","single-paper-synthesis","ccr-2026-09-14-atm-smarca4-stk11-priority-language.md","PMID 37733794","Methods vocabulary","268","conventional-term-or-collocation"
"CCRLANG-1373","2026-09-14","Molecular analyses included all nonsynonymous ATM variants, whereas clinical analyses were restricted to [functional-curation criteria].","methods","","methods-evidence-reporting","atm-stk11-kras-genomics-multiomics-preclinical-immunotherapy-chemotherapy-statistics","sentence-frame","descriptive","ccr-2026-09-14-stk11-priority-3","37733794","single-paper-synthesis","ccr-2026-09-14-atm-smarca4-stk11-priority-language.md","PMID 37733794","Methods frames","270","synthetic-frame"
"CCRLANG-1374","2026-09-14","Co-mutation associations were estimated within each cohort and combined using a [fixed/random]-effects model.","methods","","methods-evidence-reporting","atm-stk11-kras-genomics-multiomics-preclinical-immunotherapy-chemotherapy-statistics","sentence-frame","descriptive","ccr-2026-09-14-stk11-priority-3","37733794","single-paper-synthesis","ccr-2026-09-14-atm-smarca4-stk11-priority-language.md","PMID 37733794","Methods frames","271","synthetic-frame"
"CCRLANG-1375","2026-09-14","Analyses were stratified by KRAS status to evaluate whether the index association depended on oncogenic context.","methods","","methods-evidence-reporting","atm-stk11-kras-genomics-multiomics-preclinical-immunotherapy-chemotherapy-statistics","sentence-frame","descriptive","ccr-2026-09-14-stk11-priority-3","37733794","single-paper-synthesis","ccr-2026-09-14-atm-smarca4-stk11-priority-language.md","PMID 37733794","Methods frames","272","synthetic-frame"
"CCRLANG-1376","2026-09-14","Transcript, protein, and mutational-signature measures were analyzed separately rather than assumed to represent the same biological state.","methods","","methods-evidence-reporting","atm-stk11-kras-genomics-multiomics-preclinical-immunotherapy-chemotherapy-statistics","sentence-frame","descriptive","ccr-2026-09-14-stk11-priority-3","37733794","single-paper-synthesis","ccr-2026-09-14-atm-smarca4-stk11-priority-language.md","PMID 37733794","Methods frames","273","synthetic-frame"
"CCRLANG-1377","2026-09-14","ATM knockout and control cells were exposed to [agents], followed by measurement of viability and pathway-specific readouts.","methods","","methods-evidence-reporting","atm-stk11-kras-genomics-multiomics-preclinical-immunotherapy-chemotherapy-statistics","sentence-frame","descriptive","ccr-2026-09-14-stk11-priority-3","37733794","single-paper-synthesis","ccr-2026-09-14-atm-smarca4-stk11-priority-language.md","PMID 37733794","Methods frames","274","synthetic-frame"
"CCRLANG-1378","2026-09-14","Comparisons between non-isogenic human cell lines were treated as supportive and potentially confounded by background genotype.","methods","","methods-evidence-reporting","atm-stk11-kras-genomics-multiomics-preclinical-immunotherapy-chemotherapy-statistics","sentence-frame","descriptive","ccr-2026-09-14-stk11-priority-3","37733794","single-paper-synthesis","ccr-2026-09-14-atm-smarca4-stk11-priority-language.md","PMID 37733794","Methods frames","275","synthetic-frame"
"CCRLANG-1379","2026-09-14","KRAS-constrained co-mutation landscape","results","introduction;methods;discussion","terminology","atm-stk11-kras-genomics-multiomics-preclinical-immunotherapy-chemotherapy-statistics","vocabulary","terminology-only","ccr-2026-09-14-stk11-priority-3","37733794","single-paper-synthesis","ccr-2026-09-14-atm-smarca4-stk11-priority-language.md","PMID 37733794","Results vocabulary","278","conventional-term-or-collocation"
"CCRLANG-1380","2026-09-14","conditional mutual exclusivity","results","introduction;methods;discussion","terminology","atm-stk11-kras-genomics-multiomics-preclinical-immunotherapy-chemotherapy-statistics","vocabulary","terminology-only","ccr-2026-09-14-stk11-priority-3","37733794","single-paper-synthesis","ccr-2026-09-14-atm-smarca4-stk11-priority-language.md","PMID 37733794","Results vocabulary","279","conventional-term-or-collocation"
"CCRLANG-1381","2026-09-14","co-enrichment restricted to KRAS-wild-type tumors","results","introduction;methods;discussion","terminology","atm-stk11-kras-genomics-multiomics-preclinical-immunotherapy-chemotherapy-statistics","vocabulary","terminology-only","ccr-2026-09-14-stk11-priority-3","37733794","single-paper-synthesis","ccr-2026-09-14-atm-smarca4-stk11-priority-language.md","PMID 37733794","Results vocabulary","280","conventional-term-or-collocation"
"CCRLANG-1382","2026-09-14","passenger-mutation hypothesis","results","introduction;methods;discussion","terminology","atm-stk11-kras-genomics-multiomics-preclinical-immunotherapy-chemotherapy-statistics","vocabulary","terminology-only","ccr-2026-09-14-stk11-priority-3","37733794","single-paper-synthesis","ccr-2026-09-14-atm-smarca4-stk11-priority-language.md","PMID 37733794","Results vocabulary","281","conventional-term-or-collocation"
"CCRLANG-1383","2026-09-14","weak mRNA–protein correlation","results","introduction;methods;discussion","terminology","atm-stk11-kras-genomics-multiomics-preclinical-immunotherapy-chemotherapy-statistics","vocabulary","terminology-only","ccr-2026-09-14-stk11-priority-3","37733794","single-paper-synthesis","ccr-2026-09-14-atm-smarca4-stk11-priority-language.md","PMID 37733794","Results vocabulary","282","conventional-term-or-collocation"
"CCRLANG-1384","2026-09-14","KRAS-confounded mutational signature","results","introduction;methods;discussion","terminology","atm-stk11-kras-genomics-multiomics-preclinical-immunotherapy-chemotherapy-statistics","vocabulary","terminology-only","ccr-2026-09-14-stk11-priority-3","37733794","single-paper-synthesis","ccr-2026-09-14-atm-smarca4-stk11-priority-language.md","PMID 37733794","Results vocabulary","283","conventional-term-or-collocation"
"CCRLANG-1385","2026-09-14","treatment-cohort-specific survival association","results","introduction;methods;discussion","terminology","atm-stk11-kras-genomics-multiomics-preclinical-immunotherapy-chemotherapy-statistics","vocabulary","terminology-only","ccr-2026-09-14-stk11-priority-3","37733794","single-paper-synthesis","ccr-2026-09-14-atm-smarca4-stk11-priority-language.md","PMID 37733794","Results vocabulary","284","conventional-term-or-collocation"
"CCRLANG-1386","2026-09-14","relative induction of STING signaling","results","introduction;methods;discussion","terminology","atm-stk11-kras-genomics-multiomics-preclinical-immunotherapy-chemotherapy-statistics","vocabulary","terminology-only","ccr-2026-09-14-stk11-priority-3","37733794","single-paper-synthesis","ccr-2026-09-14-atm-smarca4-stk11-priority-language.md","PMID 37733794","Results vocabulary","285","conventional-term-or-collocation"
"CCRLANG-1387","2026-09-14","baseline CXCL10 secretion","results","introduction;methods;discussion","terminology","atm-stk11-kras-genomics-multiomics-preclinical-immunotherapy-chemotherapy-statistics","vocabulary","terminology-only","ccr-2026-09-14-stk11-priority-3","37733794","single-paper-synthesis","ccr-2026-09-14-atm-smarca4-stk11-priority-language.md","PMID 37733794","Results vocabulary","286","conventional-term-or-collocation"
"CCRLANG-1388","2026-09-14","drug-specific shift in IC50","results","introduction;methods;discussion","terminology","atm-stk11-kras-genomics-multiomics-preclinical-immunotherapy-chemotherapy-statistics","vocabulary","terminology-only","ccr-2026-09-14-stk11-priority-3","37733794","single-paper-synthesis","ccr-2026-09-14-atm-smarca4-stk11-priority-language.md","PMID 37733794","Results vocabulary","287","conventional-term-or-collocation"
"CCRLANG-1389","2026-09-14","Across five cohorts, [n/N] tumors carried nonsynonymous ATM alterations, with prevalence varying by cohort and variant definition.","results","","results-evidence-reporting","atm-stk11-kras-genomics-multiomics-preclinical-immunotherapy-chemotherapy-statistics","sentence-frame","meta-analytic-observational-preclinical-mechanistic","ccr-2026-09-14-stk11-priority-3","37733794","single-paper-synthesis","ccr-2026-09-14-atm-smarca4-stk11-priority-language.md","PMID 37733794","Results frames","289","synthetic-frame"
"CCRLANG-1390","2026-09-14","ATM was co-enriched with KRAS and depleted with EGFR in the meta-analysis, whereas the TP53 summary estimate was not statistically significant.","results","","results-evidence-reporting","atm-stk11-kras-genomics-multiomics-preclinical-immunotherapy-chemotherapy-statistics","sentence-frame","meta-analytic-observational-preclinical-mechanistic","ccr-2026-09-14-stk11-priority-3","37733794","single-paper-synthesis","ccr-2026-09-14-atm-smarca4-stk11-priority-language.md","PMID 37733794","Results frames","290","synthetic-frame"
"CCRLANG-1391","2026-09-14","Within KRAS-mutant tumors, ATM was mutually exclusive with [genes], while STK11 frequency did not differ by ATM status.","results","","results-evidence-reporting","atm-stk11-kras-genomics-multiomics-preclinical-immunotherapy-chemotherapy-statistics","sentence-frame","meta-analytic-observational-preclinical-mechanistic","ccr-2026-09-14-stk11-priority-3","37733794","single-paper-synthesis","ccr-2026-09-14-atm-smarca4-stk11-priority-language.md","PMID 37733794","Results frames","291","synthetic-frame"
"CCRLANG-1392","2026-09-14","Within KRAS-wild-type tumors, ATM co-occurred with STK11, KEAP1, and selected chromatin-remodeling alterations.","results","","results-evidence-reporting","atm-stk11-kras-genomics-multiomics-preclinical-immunotherapy-chemotherapy-statistics","sentence-frame","meta-analytic-observational-preclinical-mechanistic","ccr-2026-09-14-stk11-priority-3","37733794","single-paper-synthesis","ccr-2026-09-14-atm-smarca4-stk11-priority-language.md","PMID 37733794","Results frames","292","synthetic-frame"
"CCRLANG-1393","2026-09-14","The apparent difference in mutational signatures was attenuated after KRAS stratification, arguing against an ATM-specific process.","results","","results-evidence-reporting","atm-stk11-kras-genomics-multiomics-preclinical-immunotherapy-chemotherapy-statistics","sentence-frame","meta-analytic-observational-preclinical-mechanistic","ccr-2026-09-14-stk11-priority-3","37733794","single-paper-synthesis","ccr-2026-09-14-atm-smarca4-stk11-priority-language.md","PMID 37733794","Results frames","293","synthetic-frame"
"CCRLANG-1394","2026-09-14","ATM transcript abundance correlated weakly with protein abundance, limiting use of mRNA as a protein surrogate.","results","","results-evidence-reporting","atm-stk11-kras-genomics-multiomics-preclinical-immunotherapy-chemotherapy-statistics","sentence-frame","meta-analytic-observational-preclinical-mechanistic","ccr-2026-09-14-stk11-priority-3","37733794","single-paper-synthesis","ccr-2026-09-14-atm-smarca4-stk11-priority-language.md","PMID 37733794","Results frames","294","synthetic-frame"
"CCRLANG-1395","2026-09-14","ATM alteration was associated with longer OS in the ICI-plus-chemotherapy cohort but not in the ICI-alone or chemotherapy-alone cohorts.","results","","results-evidence-reporting","atm-stk11-kras-genomics-multiomics-preclinical-immunotherapy-chemotherapy-statistics","sentence-frame","meta-analytic-observational-preclinical-mechanistic","ccr-2026-09-14-stk11-priority-3","37733794","single-paper-synthesis","ccr-2026-09-14-atm-smarca4-stk11-priority-language.md","PMID 37733794","Results frames","295","synthetic-frame"
"CCRLANG-1396","2026-09-14","Because treatment assignment was not randomized, between-cohort differences do not establish a treatment-by-ATM interaction.","results","","results-evidence-reporting","atm-stk11-kras-genomics-multiomics-preclinical-immunotherapy-chemotherapy-statistics","sentence-frame","meta-analytic-observational-preclinical-mechanistic","ccr-2026-09-14-stk11-priority-3","37733794","single-paper-synthesis","ccr-2026-09-14-atm-smarca4-stk11-priority-language.md","PMID 37733794","Results frames","296","synthetic-frame"
"CCRLANG-1397","2026-09-14","At baseline, [pathway readout] did not differ significantly, whereas chemotherapy produced greater relative induction in ATM-knockout cells.","results","","results-evidence-reporting","atm-stk11-kras-genomics-multiomics-preclinical-immunotherapy-chemotherapy-statistics","sentence-frame","meta-analytic-observational-preclinical-mechanistic","ccr-2026-09-14-stk11-priority-3","37733794","single-paper-synthesis","ccr-2026-09-14-atm-smarca4-stk11-priority-language.md","PMID 37733794","Results frames","297","synthetic-frame"
"CCRLANG-1398","2026-09-14","ATM loss did not increase sensitivity to [agents] and increased the IC50 for [agents], indicating drug-specific rather than uniform effects.","results","","results-evidence-reporting","atm-stk11-kras-genomics-multiomics-preclinical-immunotherapy-chemotherapy-statistics","sentence-frame","meta-analytic-observational-preclinical-mechanistic","ccr-2026-09-14-stk11-priority-3","37733794","single-paper-synthesis","ccr-2026-09-14-atm-smarca4-stk11-priority-language.md","PMID 37733794","Results frames","298","synthetic-frame"
"CCRLANG-1399","2026-09-14","genomic-context dependence","discussion","conclusion","terminology","atm-stk11-kras-genomics-multiomics-preclinical-immunotherapy-chemotherapy-statistics","vocabulary","terminology-only","ccr-2026-09-14-stk11-priority-3","37733794","single-paper-synthesis","ccr-2026-09-14-atm-smarca4-stk11-priority-language.md","PMID 37733794","Discussion vocabulary","301","conventional-term-or-collocation"
"CCRLANG-1400","2026-09-14","retrospective treatment-selection confounding","discussion","conclusion","terminology","atm-stk11-kras-genomics-multiomics-preclinical-immunotherapy-chemotherapy-statistics","vocabulary","terminology-only","ccr-2026-09-14-stk11-priority-3","37733794","single-paper-synthesis","ccr-2026-09-14-atm-smarca4-stk11-priority-language.md","PMID 37733794","Discussion vocabulary","302","conventional-term-or-collocation"
"CCRLANG-1401","2026-09-14","functional-variant misclassification","discussion","conclusion","terminology","atm-stk11-kras-genomics-multiomics-preclinical-immunotherapy-chemotherapy-statistics","vocabulary","terminology-only","ccr-2026-09-14-stk11-priority-3","37733794","single-paper-synthesis","ccr-2026-09-14-atm-smarca4-stk11-priority-language.md","PMID 37733794","Discussion vocabulary","303","conventional-term-or-collocation"
"CCRLANG-1402","2026-09-14","non-isogenic cell-line confounding","discussion","conclusion","terminology","atm-stk11-kras-genomics-multiomics-preclinical-immunotherapy-chemotherapy-statistics","vocabulary","terminology-only","ccr-2026-09-14-stk11-priority-3","37733794","single-paper-synthesis","ccr-2026-09-14-atm-smarca4-stk11-priority-language.md","PMID 37733794","Discussion vocabulary","304","conventional-term-or-collocation"
"CCRLANG-1403","2026-09-14","pathway activation without cytotoxic sensitization","discussion","conclusion","terminology","atm-stk11-kras-genomics-multiomics-preclinical-immunotherapy-chemotherapy-statistics","vocabulary","terminology-only","ccr-2026-09-14-stk11-priority-3","37733794","single-paper-synthesis","ccr-2026-09-14-atm-smarca4-stk11-priority-language.md","PMID 37733794","Discussion vocabulary","305","conventional-term-or-collocation"
"CCRLANG-1404","2026-09-14","prospective biomarker-by-treatment interaction","discussion","conclusion","terminology","atm-stk11-kras-genomics-multiomics-preclinical-immunotherapy-chemotherapy-statistics","vocabulary","terminology-only","ccr-2026-09-14-stk11-priority-3","37733794","single-paper-synthesis","ccr-2026-09-14-atm-smarca4-stk11-priority-language.md","PMID 37733794","Discussion vocabulary","306","conventional-term-or-collocation"
"CCRLANG-1405","2026-09-14","KRAS stratification changed the ATM co-mutation pattern, demonstrating that a pooled genomic association can conceal context-specific structure.","discussion","","discussion-evidence-reporting","atm-stk11-kras-genomics-multiomics-preclinical-immunotherapy-chemotherapy-statistics","sentence-frame","meta-analytic-observational-preclinical-mechanistic","ccr-2026-09-14-stk11-priority-3","37733794","single-paper-synthesis","ccr-2026-09-14-atm-smarca4-stk11-priority-language.md","PMID 37733794","Discussion frames","308","synthetic-frame"
"CCRLANG-1406","2026-09-14","The overall STK11 co-enrichment arose primarily outside the KRAS-mutant subgroup and should not be generalized across molecular contexts.","discussion","","discussion-evidence-reporting","atm-stk11-kras-genomics-multiomics-preclinical-immunotherapy-chemotherapy-statistics","sentence-frame","meta-analytic-observational-preclinical-mechanistic","ccr-2026-09-14-stk11-priority-3","37733794","single-paper-synthesis","ccr-2026-09-14-atm-smarca4-stk11-priority-language.md","PMID 37733794","Discussion frames","309","synthetic-frame"
"CCRLANG-1407","2026-09-14","The treatment-specific survival association is hypothesis generating because cohorts differed in treatment and were not randomized.","discussion","","discussion-evidence-reporting","atm-stk11-kras-genomics-multiomics-preclinical-immunotherapy-chemotherapy-statistics","sentence-frame","meta-analytic-observational-preclinical-mechanistic","ccr-2026-09-14-stk11-priority-3","37733794","single-paper-synthesis","ccr-2026-09-14-atm-smarca4-stk11-priority-language.md","PMID 37733794","Discussion frames","310","synthetic-frame"
"CCRLANG-1408","2026-09-14","Greater pathway induction after chemotherapy does not imply greater direct cytotoxic sensitivity, which was not observed uniformly.","discussion","","discussion-evidence-reporting","atm-stk11-kras-genomics-multiomics-preclinical-immunotherapy-chemotherapy-statistics","sentence-frame","meta-analytic-observational-preclinical-mechanistic","ccr-2026-09-14-stk11-priority-3","37733794","single-paper-synthesis","ccr-2026-09-14-atm-smarca4-stk11-priority-language.md","PMID 37733794","Discussion frames","311","synthetic-frame"
"CCRLANG-1409","2026-09-14","The human cell-line comparison cannot isolate ATM because the lines differ across additional genomic features.","discussion","","discussion-evidence-reporting","atm-stk11-kras-genomics-multiomics-preclinical-immunotherapy-chemotherapy-statistics","sentence-frame","meta-analytic-observational-preclinical-mechanistic","ccr-2026-09-14-stk11-priority-3","37733794","single-paper-synthesis","ccr-2026-09-14-atm-smarca4-stk11-priority-language.md","PMID 37733794","Discussion frames","312","synthetic-frame"
"CCRLANG-1410","2026-09-14","Stepwise model selection and incomplete clinical annotation may leave residual confounding and unstable covariate adjustment.","discussion","","discussion-evidence-reporting","atm-stk11-kras-genomics-multiomics-preclinical-immunotherapy-chemotherapy-statistics","sentence-frame","meta-analytic-observational-preclinical-mechanistic","ccr-2026-09-14-stk11-priority-3","37733794","single-paper-synthesis","ccr-2026-09-14-atm-smarca4-stk11-priority-language.md","PMID 37733794","Discussion frames","313","synthetic-frame"
"CCRLANG-1411","2026-09-14","A prospective factorial or interaction-based design is needed to determine whether ATM modifies benefit from ICI-plus-chemotherapy.","discussion","","discussion-evidence-reporting","atm-stk11-kras-genomics-multiomics-preclinical-immunotherapy-chemotherapy-statistics","sentence-frame","meta-analytic-observational-preclinical-mechanistic","ccr-2026-09-14-stk11-priority-3","37733794","single-paper-synthesis","ccr-2026-09-14-atm-smarca4-stk11-priority-language.md","PMID 37733794","Discussion frames","314","synthetic-frame"
"CCRLANG-1412","2026-09-14","ATM alterations mark a context-dependent NSCLC subgroup with distinct co-mutation patterns and testable treatment hypotheses.","conclusion","abstract-conclusion","bounded-synthesis-validation","atm-stk11-kras-genomics-multiomics-preclinical-immunotherapy-chemotherapy-statistics","sentence-frame","evidence-calibrated","ccr-2026-09-14-stk11-priority-3","37733794","single-paper-synthesis","ccr-2026-09-14-atm-smarca4-stk11-priority-language.md","PMID 37733794","Conclusion frames","317","synthetic-frame"
"CCRLANG-1413","2026-09-14","The combined clinical and preclinical observations warrant validation but do not establish generalized chemotherapy sensitivity or predictive utility.","conclusion","abstract-conclusion","bounded-synthesis-validation","atm-stk11-kras-genomics-multiomics-preclinical-immunotherapy-chemotherapy-statistics","sentence-frame","evidence-calibrated","ccr-2026-09-14-stk11-priority-3","37733794","single-paper-synthesis","ccr-2026-09-14-atm-smarca4-stk11-priority-language.md","PMID 37733794","Conclusion frames","318","synthetic-frame"
"CCRLANG-1414","2026-09-14","KRAS status should be incorporated when interpreting ATM/STK11 co-mutation patterns and designing biomarker-stratified studies.","translational-relevance","conclusion","intended-use-validation","atm-stk11-kras-genomics-multiomics-preclinical-immunotherapy-chemotherapy-statistics","sentence-frame","evidence-calibrated","ccr-2026-09-14-stk11-priority-3","37733794","single-paper-synthesis","ccr-2026-09-14-atm-smarca4-stk11-priority-language.md","PMID 37733794","Translational Relevance frames","320","synthetic-frame"
"CCRLANG-1415","2026-09-14","Combination-therapy hypotheses should be evaluated with explicit interaction testing and functionally resolved ATM variants.","translational-relevance","conclusion","intended-use-validation","atm-stk11-kras-genomics-multiomics-preclinical-immunotherapy-chemotherapy-statistics","sentence-frame","evidence-calibrated","ccr-2026-09-14-stk11-priority-3","37733794","single-paper-synthesis","ccr-2026-09-14-atm-smarca4-stk11-priority-language.md","PMID 37733794","Translational Relevance frames","321","synthetic-frame"
"CCRLANG-1416","2026-09-14","ATM alterations occurred in [n/N] tumors and showed a KRAS-dependent co-mutation pattern. Pooled analyses indicated STK11 co-enrichment, but KRAS-stratified analyses localized that association mainly to KRAS-wild-type disease. A retrospective survival association was observed only in the ICI-plus-chemotherapy cohort. In isogenic cells, chemotherapy enhanced selected STING-pathway readouts after ATM loss without producing uniform cytotoxic sensitization.","results","","section-paragraph-synthesis","atm-stk11-kras-genomics-multiomics-preclinical-immunotherapy-chemotherapy-statistics","paragraph-model","evidence-calibrated","ccr-2026-09-14-stk11-priority-3","37733794","single-paper-synthesis","ccr-2026-09-14-atm-smarca4-stk11-priority-language.md","PMID 37733794","Results paragraph","323","synthetic-model"
"CCRLANG-1417","2026-09-14","The study triangulates genomic, clinical, and perturbational evidence but does not make those evidence layers interchangeable. KRAS stratification exposes context-specific ATM/STK11 relationships; retrospective cohorts generate a combination-therapy hypothesis; and isogenic experiments support pathway modulation rather than broad drug sensitivity. Future STK11-focused analyses should preserve these distinctions and test treatment interactions prospectively.","discussion","","section-paragraph-synthesis","atm-stk11-kras-genomics-multiomics-preclinical-immunotherapy-chemotherapy-statistics","paragraph-model","evidence-calibrated","ccr-2026-09-14-stk11-priority-3","37733794","single-paper-synthesis","ccr-2026-09-14-atm-smarca4-stk11-priority-language.md","PMID 37733794","Discussion paragraph","325","synthetic-model"
