entry_id,expression,source_article_ids,primary_section,secondary_sections,function,domain,domain_basis,unit_type,evidence_tier,source_asset,source_heading,source_line,usage_constraint,provenance_granularity,reuse_status
JTO-LINE-34,structural-domain heterogeneity,41932614,abstract-background,,terminology,clinical-oncology;genomics;statistics,broad article-set tags; inspect expression before domain-specific reuse,vocabulary,retrospective-observational,jto-2026-09-14-stk11-priority-language.md,Abstract background,37,结构域层面的异质性；p4.,single-paper-synthesis,conventional-term-or-collocation
JTO-LINE-35,oncogenic ERBB2 mutation,41932614,abstract-background,,terminology,clinical-oncology;genomics;statistics,broad article-set tags; inspect expression before domain-specific reuse,vocabulary,retrospective-observational,jto-2026-09-14-stk11-priority-language.md,Abstract background,38,致癌性 ERBB2 突变；p4.,single-paper-synthesis,conventional-term-or-collocation
JTO-LINE-36,clinico-genomic characteristics beyond the kinase domain,41932614,abstract-background,,terminology,clinical-oncology;genomics;statistics,broad article-set tags; inspect expression before domain-specific reuse,vocabulary,retrospective-observational,jto-2026-09-14-stk11-priority-language.md,Abstract background,39,激酶结构域以外的临床基因组特征；p4.,single-paper-synthesis,conventional-term-or-collocation
JTO-LINE-37,The clinical and genomic features of [driver] alterations outside [canonical domain] remain incompletely characterized.,41932614,abstract-background,,abstract-background,clinical-oncology;genomics;statistics,broad article-set tags; inspect expression before domain-specific reuse,sentence-frame,retrospective-observational,jto-2026-09-14-stk11-priority-language.md,Abstract background,40,从常见亚型引出未解决亚型；p4.,single-paper-synthesis,synthetic-model
JTO-LINE-38,"Approved therapies were developed largely in tumors harboring [canonical variant class], leaving the relevance of other classes uncertain.",41932614,abstract-background,,abstract-background,clinical-oncology;genomics;statistics,broad article-set tags; inspect expression before domain-specific reuse,sentence-frame,retrospective-observational,jto-2026-09-14-stk11-priority-language.md,Abstract background,41,说明证据适用范围；p4.,single-paper-synthesis,synthetic-model
JTO-LINE-42,two independent clinicogenomic cohorts,41932614,abstract-methods,,terminology,clinical-oncology;genomics;statistics,broad article-set tags; inspect expression before domain-specific reuse,vocabulary,retrospective-observational,jto-2026-09-14-stk11-priority-language.md,Abstract methods,45,两个独立临床基因组队列；p4.,single-paper-synthesis,conventional-term-or-collocation
JTO-LINE-43,domain-based mutation classification,41932614,abstract-methods,,terminology,clinical-oncology;genomics;statistics,broad article-set tags; inspect expression before domain-specific reuse,vocabulary,retrospective-observational,jto-2026-09-14-stk11-priority-language.md,Abstract methods,46,基于结构域的突变分类；p4.,single-paper-synthesis,conventional-term-or-collocation
JTO-LINE-44,real-world clinico-genomic database,41932614,abstract-methods,,terminology,clinical-oncology;genomics;statistics,broad article-set tags; inspect expression before domain-specific reuse,vocabulary,retrospective-observational,jto-2026-09-14-stk11-priority-language.md,Abstract methods,47,真实世界临床基因组数据库；p4.,single-paper-synthesis,conventional-term-or-collocation
JTO-LINE-45,"Patients were classified according to the structural domain affected by [gene] and compared across clinical, genomic, and outcome measures.",41932614,abstract-methods,,abstract-methods,clinical-oncology;genomics;statistics,broad article-set tags; inspect expression before domain-specific reuse,sentence-frame,retrospective-observational,jto-2026-09-14-stk11-priority-language.md,Abstract methods,48,分组与分析维度；p4.,single-paper-synthesis,synthetic-model
JTO-LINE-46,"Genomic associations were assessed in [discovery cohort], whereas treatment outcomes were evaluated in an independent clinical cohort.",41932614,abstract-methods,,abstract-methods,clinical-oncology;genomics;statistics,broad article-set tags; inspect expression before domain-specific reuse,sentence-frame,retrospective-observational,jto-2026-09-14-stk11-priority-language.md,Abstract methods,49,明确不同分析集的功能；p4.,single-paper-synthesis,synthetic-model
JTO-LINE-50,domain-specific co-mutation profile,41932614,abstract-results,,terminology,clinical-oncology;genomics;statistics,broad article-set tags; inspect expression before domain-specific reuse,vocabulary,retrospective-observational,jto-2026-09-14-stk11-priority-language.md,Abstract results,53,结构域特异共突变谱；p4.,single-paper-synthesis,conventional-term-or-collocation
JTO-LINE-51,higher median tumor mutational burden,41932614,abstract-results,,terminology,clinical-oncology;genomics;statistics,broad article-set tags; inspect expression before domain-specific reuse,vocabulary,retrospective-observational,jto-2026-09-14-stk11-priority-language.md,Abstract results,54,更高的中位肿瘤突变负荷；p4.,single-paper-synthesis,conventional-term-or-collocation
JTO-LINE-52,enrichment for tumor-suppressor co-alterations,41932614,abstract-results,,terminology,clinical-oncology;genomics;statistics,broad article-set tags; inspect expression before domain-specific reuse,vocabulary,retrospective-observational,jto-2026-09-14-stk11-priority-language.md,Abstract results,55,抑癌基因共改变富集；p4.,single-paper-synthesis,conventional-term-or-collocation
JTO-LINE-53,12-month progression-free-survival rate,41932614,abstract-results,,terminology,clinical-oncology;genomics;statistics,broad article-set tags; inspect expression before domain-specific reuse,vocabulary,retrospective-observational,jto-2026-09-14-stk11-priority-language.md,Abstract results,56,12个月 PFS 率；p4.,single-paper-synthesis,conventional-term-or-collocation
JTO-LINE-54,[Class A] accounted for [n/N] tumors and was associated with [clinicopathologic features] in both cohorts.,41932614,abstract-results,,abstract-results,clinical-oncology;genomics;statistics,broad article-set tags; inspect expression before domain-specific reuse,sentence-frame,retrospective-observational,jto-2026-09-14-stk11-priority-language.md,Abstract results,57,双队列一致性；p4.,single-paper-synthesis,synthetic-model
JTO-LINE-55,[Class A] tumors had higher [genomic measure] and more frequent co-alterations in [genes] than [reference class].,41932614,abstract-results,,abstract-results,clinical-oncology;genomics;statistics,broad article-set tags; inspect expression before domain-specific reuse,sentence-frame,retrospective-observational,jto-2026-09-14-stk11-priority-language.md,Abstract results,58,基因组负荷与共突变并列；p4.,single-paper-synthesis,synthetic-model
JTO-LINE-56,"The unadjusted PFS estimate favored [class], whereas the adjusted confidence interval included the null.",41932614,abstract-results,,abstract-results,clinical-oncology;genomics;statistics,broad article-set tags; inspect expression before domain-specific reuse,sentence-frame,retrospective-observational,jto-2026-09-14-stk11-priority-language.md,Abstract results,59,"防止把方向保留写成显著性保留；pp4,10.",single-paper-synthesis,synthetic-model
JTO-LINE-57,No statistically significant difference in overall survival was observed across molecular classes.,41932614,abstract-results,,abstract-results,clinical-oncology;genomics;statistics,broad article-set tags; inspect expression before domain-specific reuse,sentence-frame,retrospective-observational,jto-2026-09-14-stk11-priority-language.md,Abstract results,60,保留阴性终点；p10.,single-paper-synthesis,synthetic-model
JTO-LINE-61,[Driver] alterations define clinically and genomically heterogeneous NSCLC subsets.,41932614,abstract-conclusion,,abstract-conclusion,clinical-oncology;genomics;statistics,broad article-set tags; inspect expression before domain-specific reuse,sentence-frame,retrospective-observational,jto-2026-09-14-stk11-priority-language.md,Abstract conclusion,64,允许异质性结论；p4.,single-paper-synthesis,synthetic-model
JTO-LINE-62,The findings support domain-aware biomarker development and prospective treatment evaluation rather than immediate treatment selection.,41932614,abstract-conclusion,,abstract-conclusion,clinical-oncology;genomics;statistics,broad article-set tags; inspect expression before domain-specific reuse,sentence-frame,retrospective-observational,jto-2026-09-14-stk11-priority-language.md,Abstract conclusion,65,转化意义与验证边界；p4.,single-paper-synthesis,synthetic-model
JTO-LINE-66,oncogene-addicted NSCLC,41932614,introduction,,terminology,clinical-oncology;genomics;statistics,broad article-set tags; inspect expression before domain-specific reuse,vocabulary,retrospective-observational,jto-2026-09-14-stk11-priority-language.md,Introduction vocabulary and collocations,69,"癌基因依赖型 NSCLC；pp5,10.",single-paper-synthesis,conventional-term-or-collocation
JTO-LINE-67,exon 20 insertion,41932614,introduction,,terminology,clinical-oncology;genomics;statistics,broad article-set tags; inspect expression before domain-specific reuse,vocabulary,retrospective-observational,jto-2026-09-14-stk11-priority-language.md,Introduction vocabulary and collocations,70,20号外显子插入；p5.,single-paper-synthesis,conventional-term-or-collocation
JTO-LINE-68,tyrosine kinase domain,41932614,introduction,,terminology,clinical-oncology;genomics;statistics,broad article-set tags; inspect expression before domain-specific reuse,vocabulary,retrospective-observational,jto-2026-09-14-stk11-priority-language.md,Introduction vocabulary and collocations,71,酪氨酸激酶结构域；p5.,single-paper-synthesis,conventional-term-or-collocation
JTO-LINE-69,extracellular domain,41932614,introduction,,terminology,clinical-oncology;genomics;statistics,broad article-set tags; inspect expression before domain-specific reuse,vocabulary,retrospective-observational,jto-2026-09-14-stk11-priority-language.md,Introduction vocabulary and collocations,72,胞外结构域；p5.,single-paper-synthesis,conventional-term-or-collocation
JTO-LINE-70,transmembrane/juxtamembrane domain,41932614,introduction,,terminology,clinical-oncology;genomics;statistics,broad article-set tags; inspect expression before domain-specific reuse,vocabulary,retrospective-observational,jto-2026-09-14-stk11-priority-language.md,Introduction vocabulary and collocations,73,跨膜/近膜结构域；p5.,single-paper-synthesis,conventional-term-or-collocation
JTO-LINE-71,ERBB2-targeted monoclonal antibody,41932614,introduction,,terminology,clinical-oncology;genomics;statistics,broad article-set tags; inspect expression before domain-specific reuse,vocabulary,retrospective-observational,jto-2026-09-14-stk11-priority-language.md,Introduction vocabulary and collocations,74,ERBB2 靶向单克隆抗体；p5.,single-paper-synthesis,conventional-term-or-collocation
JTO-LINE-72,antibody-drug conjugate,41932614,introduction,,terminology,clinical-oncology;genomics;statistics,broad article-set tags; inspect expression before domain-specific reuse,vocabulary,retrospective-observational,jto-2026-09-14-stk11-priority-language.md,Introduction vocabulary and collocations,75,抗体偶联药物；p5.,single-paper-synthesis,conventional-term-or-collocation
JTO-LINE-73,selective ERBB2 tyrosine kinase inhibitor,41932614,introduction,,terminology,clinical-oncology;genomics;statistics,broad article-set tags; inspect expression before domain-specific reuse,vocabulary,retrospective-observational,jto-2026-09-14-stk11-priority-language.md,Introduction vocabulary and collocations,76,选择性 ERBB2 TKI；p5.,single-paper-synthesis,conventional-term-or-collocation
JTO-LINE-74,mixed therapeutic activity,41932614,introduction,,terminology,clinical-oncology;genomics;statistics,broad article-set tags; inspect expression before domain-specific reuse,vocabulary,retrospective-observational,jto-2026-09-14-stk11-priority-language.md,Introduction vocabulary and collocations,77,疗效不一致；p5.,single-paper-synthesis,conventional-term-or-collocation
JTO-LINE-75,predictive biomarker for treatment selection,41932614,introduction,,terminology,clinical-oncology;genomics;statistics,broad article-set tags; inspect expression before domain-specific reuse,vocabulary,retrospective-observational,jto-2026-09-14-stk11-priority-language.md,Introduction vocabulary and collocations,78,用于治疗选择的预测性标志物；p5.,single-paper-synthesis,conventional-term-or-collocation
JTO-LINE-76,noncanonical activating mutation,41932614,introduction,,terminology,clinical-oncology;genomics;statistics,broad article-set tags; inspect expression before domain-specific reuse,vocabulary,retrospective-observational,jto-2026-09-14-stk11-priority-language.md,Introduction vocabulary and collocations,79,非经典激活突变；p5.,single-paper-synthesis,conventional-term-or-collocation
JTO-LINE-77,variant of unknown significance,41932614,introduction,,terminology,clinical-oncology;genomics;statistics,broad article-set tags; inspect expression before domain-specific reuse,vocabulary,retrospective-observational,jto-2026-09-14-stk11-priority-language.md,Introduction vocabulary and collocations,80,意义未明变异；p5.,single-paper-synthesis,conventional-term-or-collocation
JTO-LINE-78,allelic heterogeneity,41932614,introduction,,terminology,clinical-oncology;genomics;statistics,broad article-set tags; inspect expression before domain-specific reuse,vocabulary,retrospective-observational,jto-2026-09-14-stk11-priority-language.md,Introduction vocabulary and collocations,81,等位基因异质性；p10.,single-paper-synthesis,conventional-term-or-collocation
JTO-LINE-79,mutational landscape,41932614,introduction,,terminology,clinical-oncology;genomics;statistics,broad article-set tags; inspect expression before domain-specific reuse,vocabulary,retrospective-observational,jto-2026-09-14-stk11-priority-language.md,Introduction vocabulary and collocations,82,"突变景观；pp5,10.",single-paper-synthesis,conventional-term-or-collocation
JTO-LINE-80,clinical phenotype,41932614,introduction,,terminology,clinical-oncology;genomics;statistics,broad article-set tags; inspect expression before domain-specific reuse,vocabulary,retrospective-observational,jto-2026-09-14-stk11-priority-language.md,Introduction vocabulary and collocations,83,临床表型；p5.,single-paper-synthesis,conventional-term-or-collocation
JTO-LINE-81,therapeutic sensitivity,41932614,introduction,,terminology,clinical-oncology;genomics;statistics,broad article-set tags; inspect expression before domain-specific reuse,vocabulary,retrospective-observational,jto-2026-09-14-stk11-priority-language.md,Introduction vocabulary and collocations,84,"治疗敏感性；需证据层级限定；pp5,13.",single-paper-synthesis,conventional-term-or-collocation
JTO-LINE-85,"Most available evidence has focused on [canonical variant], whereas [alternative class] remains poorly characterized.",41932614,introduction,,introduction-frames,clinical-oncology;genomics;statistics,broad article-set tags; inspect expression before domain-specific reuse,sentence-frame,retrospective-observational,jto-2026-09-14-stk11-priority-language.md,Introduction frames,88,已知与未知对照；p5.,single-paper-synthesis,synthetic-model
JTO-LINE-86,"Previous studies grouped biologically distinct noncanonical alterations, potentially obscuring class-specific associations.",41932614,introduction,,introduction-frames,clinical-oncology;genomics;statistics,broad article-set tags; inspect expression before domain-specific reuse,sentence-frame,retrospective-observational,jto-2026-09-14-stk11-priority-language.md,Introduction frames,89,解释重新分类必要性；p5.,single-paper-synthesis,synthetic-model
JTO-LINE-87,Reported co-alterations suggest that [index driver] should be interpreted within a broader genomic context.,41932614,introduction,,introduction-frames,clinical-oncology;genomics;statistics,broad article-set tags; inspect expression before domain-specific reuse,sentence-frame,retrospective-observational,jto-2026-09-14-stk11-priority-language.md,Introduction frames,90,引出 STK11/KEAP1/SMARCA4；p5.,single-paper-synthesis,synthetic-model
JTO-LINE-88,Small cohorts and inclusion of nononcogenic variants have limited prior estimates of prevalence and outcome.,41932614,introduction,,introduction-frames,clinical-oncology;genomics;statistics,broad article-set tags; inspect expression before domain-specific reuse,sentence-frame,retrospective-observational,jto-2026-09-14-stk11-priority-language.md,Introduction frames,91,既往研究限制；p5.,single-paper-synthesis,synthetic-model
JTO-LINE-89,"Because early therapeutic signals differ by variant class, finer molecular subclassification may inform future trial design.",41932614,introduction,,introduction-frames,clinical-oncology;genomics;statistics,broad article-set tags; inspect expression before domain-specific reuse,sentence-frame,retrospective-observational,jto-2026-09-14-stk11-priority-language.md,Introduction frames,92,不直接宣称临床效用；p5.,single-paper-synthesis,synthetic-model
JTO-LINE-90,We therefore evaluated the clinicogenomic heterogeneity of oncogenic [gene] alterations across structural domains.,41932614,introduction,,introduction-frames,clinical-oncology;genomics;statistics,broad article-set tags; inspect expression before domain-specific reuse,sentence-frame,retrospective-observational,jto-2026-09-14-stk11-priority-language.md,Introduction frames,93,研究目标；p5.,single-paper-synthesis,synthetic-model
JTO-LINE-91,"For STK11-focused work, the analogous question is whether functional or genomic subclasses retain distinct associations after accounting for major co-alterations.",41932614,introduction,,introduction-frames,clinical-oncology;genomics;statistics,broad article-set tags; inspect expression before domain-specific reuse,sentence-frame,retrospective-observational,jto-2026-09-14-stk11-priority-language.md,Introduction frames,94,STK11 迁移框架；合成.,single-paper-synthesis,synthetic-model
JTO-LINE-95,AACR Project GENIE cohort,41932614,methods,,terminology,clinical-oncology;genomics;statistics,broad article-set tags; inspect expression before domain-specific reuse,vocabulary,retrospective-observational,jto-2026-09-14-stk11-priority-language.md,Methods vocabulary and collocations,98,AACR Project GENIE 队列；pp5-6.,single-paper-synthesis,conventional-term-or-collocation
JTO-LINE-96,deidentified electronic-health-record-derived database,41932614,methods,,terminology,clinical-oncology;genomics;statistics,broad article-set tags; inspect expression before domain-specific reuse,vocabulary,retrospective-observational,jto-2026-09-14-stk11-priority-language.md,Methods vocabulary and collocations,99,去标识化电子病历衍生数据库；p6.,single-paper-synthesis,conventional-term-or-collocation
JTO-LINE-97,deterministic clinical-genomic linkage,41932614,methods,,terminology,clinical-oncology;genomics;statistics,broad article-set tags; inspect expression before domain-specific reuse,vocabulary,retrospective-observational,jto-2026-09-14-stk11-priority-language.md,Methods vocabulary and collocations,100,确定性临床-基因组链接；p6.,single-paper-synthesis,conventional-term-or-collocation
JTO-LINE-98,comprehensive genomic profiling assay,41932614,methods,,terminology,clinical-oncology;genomics;statistics,broad article-set tags; inspect expression before domain-specific reuse,vocabulary,retrospective-observational,jto-2026-09-14-stk11-priority-language.md,Methods vocabulary and collocations,101,综合基因组检测；p6.,single-paper-synthesis,conventional-term-or-collocation
JTO-LINE-99,oncogenic or likely oncogenic annotation,41932614,methods,,terminology,clinical-oncology;genomics;statistics,broad article-set tags; inspect expression before domain-specific reuse,vocabulary,retrospective-observational,jto-2026-09-14-stk11-priority-language.md,Methods vocabulary and collocations,102,致癌或可能致癌注释；pp5-6.,single-paper-synthesis,conventional-term-or-collocation
JTO-LINE-100,first chronological biopsy sample,41932614,methods,,terminology,clinical-oncology;genomics;statistics,broad article-set tags; inspect expression before domain-specific reuse,vocabulary,retrospective-observational,jto-2026-09-14-stk11-priority-language.md,Methods vocabulary and collocations,103,首个时间顺序活检样本；p6.,single-paper-synthesis,conventional-term-or-collocation
JTO-LINE-101,structural-domain codon boundary,41932614,methods,,terminology,clinical-oncology;genomics;statistics,broad article-set tags; inspect expression before domain-specific reuse,vocabulary,retrospective-observational,jto-2026-09-14-stk11-priority-language.md,Methods vocabulary and collocations,104,结构域密码子边界；p6.,single-paper-synthesis,conventional-term-or-collocation
JTO-LINE-102,nonsynonymous mutations per megabase,41932614,methods,,terminology,clinical-oncology;genomics;statistics,broad article-set tags; inspect expression before domain-specific reuse,vocabulary,retrospective-observational,jto-2026-09-14-stk11-priority-language.md,Methods vocabulary and collocations,105,每兆碱基非同义突变数；p6.,single-paper-synthesis,conventional-term-or-collocation
JTO-LINE-103,fraction of genome altered,41932614,methods,,terminology,clinical-oncology;genomics;statistics,broad article-set tags; inspect expression before domain-specific reuse,vocabulary,retrospective-observational,jto-2026-09-14-stk11-priority-language.md,Methods vocabulary and collocations,106,基因组改变比例；p6.,single-paper-synthesis,conventional-term-or-collocation
JTO-LINE-104,copy-number gain or loss,41932614,methods,,terminology,clinical-oncology;genomics;statistics,broad article-set tags; inspect expression before domain-specific reuse,vocabulary,retrospective-observational,jto-2026-09-14-stk11-priority-language.md,Methods vocabulary and collocations,107,拷贝数增益或缺失；p6.,single-paper-synthesis,conventional-term-or-collocation
JTO-LINE-105,gene-level testing coverage threshold,41932614,methods,,terminology,clinical-oncology;genomics;statistics,broad article-set tags; inspect expression before domain-specific reuse,vocabulary,retrospective-observational,jto-2026-09-14-stk11-priority-language.md,Methods vocabulary and collocations,108,基因检测覆盖率阈值；p6.,single-paper-synthesis,conventional-term-or-collocation
JTO-LINE-106,single-nucleotide-variant co-mutation analysis,41932614,methods,,terminology,clinical-oncology;genomics;statistics,broad article-set tags; inspect expression before domain-specific reuse,vocabulary,retrospective-observational,jto-2026-09-14-stk11-priority-language.md,Methods vocabulary and collocations,109,单核苷酸变异共突变分析；p6.,single-paper-synthesis,conventional-term-or-collocation
JTO-LINE-107,Bonferroni-corrected significance threshold,41932614,methods,,terminology,clinical-oncology;genomics;statistics,broad article-set tags; inspect expression before domain-specific reuse,vocabulary,retrospective-observational,jto-2026-09-14-stk11-priority-language.md,Methods vocabulary and collocations,110,Bonferroni 校正显著性阈值；p7.,single-paper-synthesis,conventional-term-or-collocation
JTO-LINE-108,false-discovery-rate q value,41932614,methods,,terminology,clinical-oncology;genomics;statistics,broad article-set tags; inspect expression before domain-specific reuse,vocabulary,retrospective-observational,jto-2026-09-14-stk11-priority-language.md,Methods vocabulary and collocations,111,FDR q 值；p7.,single-paper-synthesis,conventional-term-or-collocation
JTO-LINE-109,risk-set adjustment for delayed entry,41932614,methods,,terminology,clinical-oncology;genomics;statistics,broad article-set tags; inspect expression before domain-specific reuse,vocabulary,retrospective-observational,jto-2026-09-14-stk11-priority-language.md,Methods vocabulary and collocations,112,延迟入组的风险集校正；p7.,single-paper-synthesis,conventional-term-or-collocation
JTO-LINE-110,36-month administrative censoring,41932614,methods,,terminology,clinical-oncology;genomics;statistics,broad article-set tags; inspect expression before domain-specific reuse,vocabulary,retrospective-observational,jto-2026-09-14-stk11-priority-language.md,Methods vocabulary and collocations,113,36个月行政删失；p7.,single-paper-synthesis,conventional-term-or-collocation
JTO-LINE-111,Kaplan-Meier estimate,41932614,methods,,terminology,clinical-oncology;genomics;statistics,broad article-set tags; inspect expression before domain-specific reuse,vocabulary,retrospective-observational,jto-2026-09-14-stk11-priority-language.md,Methods vocabulary and collocations,114,Kaplan-Meier 估计；p7.,single-paper-synthesis,conventional-term-or-collocation
JTO-LINE-112,log-rank comparison,41932614,methods,,terminology,clinical-oncology;genomics;statistics,broad article-set tags; inspect expression before domain-specific reuse,vocabulary,retrospective-observational,jto-2026-09-14-stk11-priority-language.md,Methods vocabulary and collocations,115,log-rank 比较；p7.,single-paper-synthesis,conventional-term-or-collocation
JTO-LINE-116,Only variants annotated as oncogenic or likely oncogenic by [knowledge base or literature criterion] were included.,41932614,methods,,methods-frames,clinical-oncology;genomics;statistics,broad article-set tags; inspect expression before domain-specific reuse,sentence-frame,retrospective-observational,jto-2026-09-14-stk11-priority-language.md,Methods frames,119,变异纳入标准；pp5-6.,single-paper-synthesis,synthetic-model
JTO-LINE-117,"For patients with multiple specimens, the earliest available biopsy was selected to avoid repeated-patient representation.",41932614,methods,,methods-frames,clinical-oncology;genomics;statistics,broad article-set tags; inspect expression before domain-specific reuse,sentence-frame,retrospective-observational,jto-2026-09-14-stk11-priority-language.md,Methods frames,120,样本去重；p6.,single-paper-synthesis,synthetic-model
JTO-LINE-118,Mutations were assigned to [classes] using prespecified codon boundaries.,41932614,methods,,methods-frames,clinical-oncology;genomics;statistics,broad article-set tags; inspect expression before domain-specific reuse,sentence-frame,retrospective-observational,jto-2026-09-14-stk11-priority-language.md,Methods frames,121,分类可复现性；p6.,single-paper-synthesis,synthetic-model
JTO-LINE-119,TMB was defined as [numerator] per megabase of coding sequence captured by the assay.,41932614,methods,,methods-frames,clinical-oncology;genomics;statistics,broad article-set tags; inspect expression before domain-specific reuse,sentence-frame,retrospective-observational,jto-2026-09-14-stk11-priority-language.md,Methods frames,122,TMB 定义；p6.,single-paper-synthesis,synthetic-model
JTO-LINE-120,"Because sequencing panels differed across institutions, gene-level comparisons were restricted to genes assayed in at least [threshold] of samples.",41932614,methods,,methods-frames,clinical-oncology;genomics;statistics,broad article-set tags; inspect expression before domain-specific reuse,sentence-frame,retrospective-observational,jto-2026-09-14-stk11-priority-language.md,Methods frames,123,平台异质性处理；p6.,single-paper-synthesis,synthetic-model
JTO-LINE-121,Co-mutation analyses were restricted to [alteration class] and evaluated using both [family-wise correction] and [FDR threshold].,41932614,methods,,methods-frames,clinical-oncology;genomics;statistics,broad article-set tags; inspect expression before domain-specific reuse,sentence-frame,retrospective-observational,jto-2026-09-14-stk11-priority-language.md,Methods frames,124,明确统计范围；pp6-7.,single-paper-synthesis,synthetic-model
JTO-LINE-122,"Time-to-event endpoints were measured from initiation of [therapy], with censoring at [time or last follow-up].",41932614,methods,,methods-frames,clinical-oncology;genomics;statistics,broad article-set tags; inspect expression before domain-specific reuse,sentence-frame,retrospective-observational,jto-2026-09-14-stk11-priority-language.md,Methods frames,125,生存起点和删失；p7.,single-paper-synthesis,synthetic-model
JTO-LINE-123,The discovery and outcome cohorts served different analytic purposes and were not pooled.,41932614,methods,,methods-frames,clinical-oncology;genomics;statistics,broad article-set tags; inspect expression before domain-specific reuse,sentence-frame,retrospective-observational,jto-2026-09-14-stk11-priority-language.md,Methods frames,126,队列功能边界；pp5-7.,single-paper-synthesis,synthetic-model
JTO-LINE-124,"For an STK11 study, variant class, allelic status, assay coverage, and analysis set should be defined before any outcome comparison.",41932614,methods,,methods-frames,clinical-oncology;genomics;statistics,broad article-set tags; inspect expression before domain-specific reuse,sentence-frame,retrospective-observational,jto-2026-09-14-stk11-priority-language.md,Methods frames,127,STK11 方法框架；合成.,single-paper-synthesis,synthetic-model
JTO-LINE-128,screening-to-analysis flow,41932614,results,,terminology,clinical-oncology;genomics;statistics,broad article-set tags; inspect expression before domain-specific reuse,vocabulary,retrospective-observational,jto-2026-09-14-stk11-priority-language.md,Results vocabulary and collocations,131,从筛选到分析的流程；p7.,single-paper-synthesis,conventional-term-or-collocation
JTO-LINE-129,neutral variant exclusion,41932614,results,,terminology,clinical-oncology;genomics;statistics,broad article-set tags; inspect expression before domain-specific reuse,vocabulary,retrospective-observational,jto-2026-09-14-stk11-priority-language.md,Results vocabulary and collocations,132,中性变异排除；p7.,single-paper-synthesis,conventional-term-or-collocation
JTO-LINE-130,domain-level prevalence,41932614,results,,terminology,clinical-oncology;genomics;statistics,broad article-set tags; inspect expression before domain-specific reuse,vocabulary,retrospective-observational,jto-2026-09-14-stk11-priority-language.md,Results vocabulary and collocations,133,结构域层面患病率；p7.,single-paper-synthesis,conventional-term-or-collocation
JTO-LINE-131,compound oncogenic mutation,41932614,results,,terminology,clinical-oncology;genomics;statistics,broad article-set tags; inspect expression before domain-specific reuse,vocabulary,retrospective-observational,jto-2026-09-14-stk11-priority-language.md,Results vocabulary and collocations,134,复合致癌突变；p8.,single-paper-synthesis,conventional-term-or-collocation
JTO-LINE-132,concomitant amplification,41932614,results,,terminology,clinical-oncology;genomics;statistics,broad article-set tags; inspect expression before domain-specific reuse,vocabulary,retrospective-observational,jto-2026-09-14-stk11-priority-language.md,Results vocabulary and collocations,135,同时存在的扩增；p8.,single-paper-synthesis,conventional-term-or-collocation
JTO-LINE-133,smoking-associated TMB difference,41932614,results,,terminology,clinical-oncology;genomics;statistics,broad article-set tags; inspect expression before domain-specific reuse,vocabulary,retrospective-observational,jto-2026-09-14-stk11-priority-language.md,Results vocabulary and collocations,136,吸烟相关 TMB 差异；p8.,single-paper-synthesis,conventional-term-or-collocation
JTO-LINE-134,genomic-burden gradient,41932614,results,,terminology,clinical-oncology;genomics;statistics,broad article-set tags; inspect expression before domain-specific reuse,vocabulary,retrospective-observational,jto-2026-09-14-stk11-priority-language.md,Results vocabulary and collocations,137,基因组负荷梯度；p8.,single-paper-synthesis,conventional-term-or-collocation
JTO-LINE-135,co-occurring genomic alteration,41932614,results,,terminology,clinical-oncology;genomics;statistics,broad article-set tags; inspect expression before domain-specific reuse,vocabulary,retrospective-observational,jto-2026-09-14-stk11-priority-language.md,Results vocabulary and collocations,138,共存基因组改变；pp8-9.,single-paper-synthesis,conventional-term-or-collocation
JTO-LINE-136,significantly enriched co-mutation,41932614,results,,terminology,clinical-oncology;genomics;statistics,broad article-set tags; inspect expression before domain-specific reuse,vocabulary,retrospective-observational,jto-2026-09-14-stk11-priority-language.md,Results vocabulary and collocations,139,显著富集的共突变；p8.,single-paper-synthesis,conventional-term-or-collocation
JTO-LINE-137,double-mutant molecular subgroup,41932614,results,,terminology,clinical-oncology;genomics;statistics,broad article-set tags; inspect expression before domain-specific reuse,vocabulary,retrospective-observational,jto-2026-09-14-stk11-priority-language.md,Results vocabulary and collocations,140,双突变分子亚组；p9.,single-paper-synthesis,conventional-term-or-collocation
JTO-LINE-138,odds ratio for co-occurrence,41932614,results,,terminology,clinical-oncology;genomics;statistics,broad article-set tags; inspect expression before domain-specific reuse,vocabulary,retrospective-observational,jto-2026-09-14-stk11-priority-language.md,Results vocabulary and collocations,141,共现优势比；p9.,single-paper-synthesis,conventional-term-or-collocation
JTO-LINE-139,concurrent driver event,41932614,results,,terminology,clinical-oncology;genomics;statistics,broad article-set tags; inspect expression before domain-specific reuse,vocabulary,retrospective-observational,jto-2026-09-14-stk11-priority-language.md,Results vocabulary and collocations,142,"并发驱动事件；pp9,12.",single-paper-synthesis,conventional-term-or-collocation
JTO-LINE-140,median PFS by molecular class,41932614,results,,terminology,clinical-oncology;genomics;statistics,broad article-set tags; inspect expression before domain-specific reuse,vocabulary,retrospective-observational,jto-2026-09-14-stk11-priority-language.md,Results vocabulary and collocations,143,按分子类别的中位 PFS；p10.,single-paper-synthesis,conventional-term-or-collocation
JTO-LINE-141,numerically longer PFS,41932614,results,,terminology,clinical-oncology;genomics;statistics,broad article-set tags; inspect expression before domain-specific reuse,vocabulary,retrospective-observational,jto-2026-09-14-stk11-priority-language.md,Results vocabulary and collocations,144,数值上更长的 PFS；p10.,single-paper-synthesis,conventional-term-or-collocation
JTO-LINE-142,confidence interval crossing unity,41932614,results,,terminology,clinical-oncology;genomics;statistics,broad article-set tags; inspect expression before domain-specific reuse,vocabulary,retrospective-observational,jto-2026-09-14-stk11-priority-language.md,Results vocabulary and collocations,145,置信区间跨 1；p10.,single-paper-synthesis,conventional-term-or-collocation
JTO-LINE-143,no significant OS separation,41932614,results,,terminology,clinical-oncology;genomics;statistics,broad article-set tags; inspect expression before domain-specific reuse,vocabulary,retrospective-observational,jto-2026-09-14-stk11-priority-language.md,Results vocabulary and collocations,146,OS 未显著分离；p10.,single-paper-synthesis,conventional-term-or-collocation
JTO-LINE-144,treatment-exposure subgroup,41932614,results,,terminology,clinical-oncology;genomics;statistics,broad article-set tags; inspect expression before domain-specific reuse,vocabulary,retrospective-observational,jto-2026-09-14-stk11-priority-language.md,Results vocabulary and collocations,147,治疗暴露亚组；p10.,single-paper-synthesis,conventional-term-or-collocation
JTO-LINE-145,multivariable Cox regression,41932614,results,,terminology,clinical-oncology;genomics;statistics,broad article-set tags; inspect expression before domain-specific reuse,vocabulary,retrospective-observational,jto-2026-09-14-stk11-priority-language.md,Results vocabulary and collocations,148,多变量 Cox 回归；p10.,single-paper-synthesis,conventional-term-or-collocation
JTO-LINE-149,"Of [screened N] patients, [excluded n] were excluded for [reason], leaving [analytic N] in the final cohort.",41932614,results,,results-frames,clinical-oncology;genomics;statistics,broad article-set tags; inspect expression before domain-specific reuse,sentence-frame,retrospective-observational,jto-2026-09-14-stk11-priority-language.md,Results frames,152,队列流程；p7.,single-paper-synthesis,synthetic-model
JTO-LINE-150,"[Class A], [class B], and [class C] accounted for [percentages] of oncogenic alterations, respectively.",41932614,results,,results-frames,clinical-oncology;genomics;statistics,broad article-set tags; inspect expression before domain-specific reuse,sentence-frame,retrospective-observational,jto-2026-09-14-stk11-priority-language.md,Results frames,153,亚型构成；pp7-8.,single-paper-synthesis,synthetic-model
JTO-LINE-151,The association between [class] and [clinical feature] was reproduced in both independent cohorts.,41932614,results,,results-frames,clinical-oncology;genomics;statistics,broad article-set tags; inspect expression before domain-specific reuse,sentence-frame,retrospective-observational,jto-2026-09-14-stk11-priority-language.md,Results frames,154,"跨队列一致性；pp7,9-10.",single-paper-synthesis,synthetic-model
JTO-LINE-152,Median TMB differed across molecular classes ([values]; global P=[value]).,41932614,results,,results-frames,clinical-oncology;genomics;statistics,broad article-set tags; inspect expression before domain-specific reuse,sentence-frame,retrospective-observational,jto-2026-09-14-stk11-priority-language.md,Results frames,155,多组总体比较；p8.,single-paper-synthesis,synthetic-model
JTO-LINE-153,"[Gene] was more frequently altered in [class A] than [class B] ([percentages], P=[value]).",41932614,results,,results-frames,clinical-oncology;genomics;statistics,broad article-set tags; inspect expression before domain-specific reuse,sentence-frame,retrospective-observational,jto-2026-09-14-stk11-priority-language.md,Results frames,156,共突变富集；p8.,single-paper-synthesis,synthetic-model
JTO-LINE-154,"Within [double-mutant subgroup], [variant pair] accounted for [n/N] cases (OR, [value]; 95% CI, [interval]).",41932614,results,,results-frames,clinical-oncology;genomics;statistics,broad article-set tags; inspect expression before domain-specific reuse,sentence-frame,retrospective-observational,jto-2026-09-14-stk11-priority-language.md,Results frames,157,双突变组合；p9.,single-paper-synthesis,synthetic-model
JTO-LINE-155,The small [double-mutant] outcome set yielded an imprecise estimate and should be interpreted as exploratory.,41932614,results,,results-frames,clinical-oncology;genomics;statistics,broad article-set tags; inspect expression before domain-specific reuse,sentence-frame,retrospective-observational,jto-2026-09-14-stk11-priority-language.md,Results frames,158,极小样本保护语；p9.,single-paper-synthesis,synthetic-model
JTO-LINE-156,"At 12 months, PFS was [x%] in [class A] and [y%] in [class B] (HR, [value]; 95% CI, [interval]; P=[value]).",41932614,results,,results-frames,clinical-oncology;genomics;statistics,broad article-set tags; inspect expression before domain-specific reuse,sentence-frame,retrospective-observational,jto-2026-09-14-stk11-priority-language.md,Results frames,159,定时点与 HR 并列；p10.,single-paper-synthesis,synthetic-model
JTO-LINE-157,"After adjustment, the point estimate remained in the same direction, but the confidence interval included 1 and P exceeded 0.05.",41932614,results,,results-frames,clinical-oncology;genomics;statistics,broad article-set tags; inspect expression before domain-specific reuse,sentence-frame,retrospective-observational,jto-2026-09-14-stk11-priority-language.md,Results frames,160,调整后非显著；p10.,single-paper-synthesis,synthetic-model
JTO-LINE-158,"No statistically significant difference in PFS was observed in the immunotherapy-only subgroup (HR, [value]; 95% CI, [interval]).",41932614,results,,results-frames,clinical-oncology;genomics;statistics,broad article-set tags; inspect expression before domain-specific reuse,sentence-frame,retrospective-observational,jto-2026-09-14-stk11-priority-language.md,Results frames,161,亚组阴性；p10.,single-paper-synthesis,synthetic-model
JTO-LINE-159,TP53 status was not associated with PFS or OS in the available treatment cohort.,41932614,results,,results-frames,clinical-oncology;genomics;statistics,broad article-set tags; inspect expression before domain-specific reuse,sentence-frame,retrospective-observational,jto-2026-09-14-stk11-priority-language.md,Results frames,162,保留共突变阴性；p10.,single-paper-synthesis,synthetic-model
JTO-LINE-160,"STK11 was enriched in [ERBB2 class], but this co-occurrence analysis did not test an STK11-specific treatment effect.",41932614,results,,results-frames,clinical-oncology;genomics;statistics,broad article-set tags; inspect expression before domain-specific reuse,sentence-frame,retrospective-observational,jto-2026-09-14-stk11-priority-language.md,Results frames,163,STK11 边界；p8.,single-paper-synthesis,synthetic-model
JTO-LINE-164,clinically and genomically heterogeneous disease,41932614,discussion,,terminology,clinical-oncology;genomics;statistics,broad article-set tags; inspect expression before domain-specific reuse,vocabulary,retrospective-observational,jto-2026-09-14-stk11-priority-language.md,Discussion vocabulary and collocations,167,临床与基因组异质性疾病；pp10-11.,single-paper-synthesis,conventional-term-or-collocation
JTO-LINE-165,variant-subtype refinement,41932614,discussion,,terminology,clinical-oncology;genomics;statistics,broad article-set tags; inspect expression before domain-specific reuse,vocabulary,retrospective-observational,jto-2026-09-14-stk11-priority-language.md,Discussion vocabulary and collocations,168,变异亚型细化；p11.,single-paper-synthesis,conventional-term-or-collocation
JTO-LINE-166,domain-specific clinical phenotype,41932614,discussion,,terminology,clinical-oncology;genomics;statistics,broad article-set tags; inspect expression before domain-specific reuse,vocabulary,retrospective-observational,jto-2026-09-14-stk11-priority-language.md,Discussion vocabulary and collocations,169,结构域特异临床表型；p11.,single-paper-synthesis,conventional-term-or-collocation
JTO-LINE-167,smoking-TMB relationship,41932614,discussion,,terminology,clinical-oncology;genomics;statistics,broad article-set tags; inspect expression before domain-specific reuse,vocabulary,retrospective-observational,jto-2026-09-14-stk11-priority-language.md,Discussion vocabulary and collocations,170,吸烟与 TMB 的关系；p12.,single-paper-synthesis,conventional-term-or-collocation
JTO-LINE-168,distinct mutational signature,41932614,discussion,,terminology,clinical-oncology;genomics;statistics,broad article-set tags; inspect expression before domain-specific reuse,vocabulary,retrospective-observational,jto-2026-09-14-stk11-priority-language.md,Discussion vocabulary and collocations,171,不同突变特征；p12.,single-paper-synthesis,conventional-term-or-collocation
JTO-LINE-169,clonal dominance,41932614,discussion,,terminology,clinical-oncology;genomics;statistics,broad article-set tags; inspect expression before domain-specific reuse,vocabulary,retrospective-observational,jto-2026-09-14-stk11-priority-language.md,Discussion vocabulary and collocations,172,克隆优势；p12.,single-paper-synthesis,conventional-term-or-collocation
JTO-LINE-170,paired baseline and resistance samples,41932614,discussion,,terminology,clinical-oncology;genomics;statistics,broad article-set tags; inspect expression before domain-specific reuse,vocabulary,retrospective-observational,jto-2026-09-14-stk11-priority-language.md,Discussion vocabulary and collocations,173,配对基线与耐药样本；p12.,single-paper-synthesis,conventional-term-or-collocation
JTO-LINE-171,multiregional sampling,41932614,discussion,,terminology,clinical-oncology;genomics;statistics,broad article-set tags; inspect expression before domain-specific reuse,vocabulary,retrospective-observational,jto-2026-09-14-stk11-priority-language.md,Discussion vocabulary and collocations,174,多区域取样；p12.,single-paper-synthesis,conventional-term-or-collocation
JTO-LINE-172,clonal-evolution analysis,41932614,discussion,,terminology,clinical-oncology;genomics;statistics,broad article-set tags; inspect expression before domain-specific reuse,vocabulary,retrospective-observational,jto-2026-09-14-stk11-priority-language.md,Discussion vocabulary and collocations,175,克隆演化分析；p12.,single-paper-synthesis,conventional-term-or-collocation
JTO-LINE-173,histologic transformation,41932614,discussion,,terminology,clinical-oncology;genomics;statistics,broad article-set tags; inspect expression before domain-specific reuse,vocabulary,retrospective-observational,jto-2026-09-14-stk11-priority-language.md,Discussion vocabulary and collocations,176,组织学转化；p13.,single-paper-synthesis,conventional-term-or-collocation
JTO-LINE-174,front-line therapeutic strategy,41932614,discussion,,terminology,clinical-oncology;genomics;statistics,broad article-set tags; inspect expression before domain-specific reuse,vocabulary,retrospective-observational,jto-2026-09-14-stk11-priority-language.md,Discussion vocabulary and collocations,177,一线治疗策略；pp13-14.,single-paper-synthesis,conventional-term-or-collocation
JTO-LINE-175,biomarker refinement,41932614,discussion,,terminology,clinical-oncology;genomics;statistics,broad article-set tags; inspect expression before domain-specific reuse,vocabulary,retrospective-observational,jto-2026-09-14-stk11-priority-language.md,Discussion vocabulary and collocations,178,标志物细化；p11.,single-paper-synthesis,conventional-term-or-collocation
JTO-LINE-176,residual confounding by treatment selection,41932614,discussion,,terminology,clinical-oncology;genomics;statistics,broad article-set tags; inspect expression before domain-specific reuse,vocabulary,retrospective-observational,jto-2026-09-14-stk11-priority-language.md,Discussion vocabulary and collocations,179,治疗选择残余混杂；合成.,single-paper-synthesis,conventional-term-or-collocation
JTO-LINE-177,panel heterogeneity across institutions,41932614,discussion,,terminology,clinical-oncology;genomics;statistics,broad article-set tags; inspect expression before domain-specific reuse,vocabulary,retrospective-observational,jto-2026-09-14-stk11-priority-language.md,Discussion vocabulary and collocations,180,多机构测序面板异质性；p14.,single-paper-synthesis,conventional-term-or-collocation
JTO-LINE-181,The findings extend molecular subclassification from variant identity to structural context and co-mutational background.,41932614,discussion,,discussion-frames,clinical-oncology;genomics;statistics,broad article-set tags; inspect expression before domain-specific reuse,sentence-frame,retrospective-observational,jto-2026-09-14-stk11-priority-language.md,Discussion frames,184,概括贡献；pp10-12.,single-paper-synthesis,synthetic-model
JTO-LINE-182,"The apparent clinical phenotype was driven predominantly by [subclass], illustrating why pooled driver-positive cohorts can be misleading.",41932614,discussion,,discussion-frames,clinical-oncology;genomics;statistics,broad article-set tags; inspect expression before domain-specific reuse,sentence-frame,retrospective-observational,jto-2026-09-14-stk11-priority-language.md,Discussion frames,185,亚型驱动总体特征；p11.,single-paper-synthesis,synthetic-model
JTO-LINE-183,"Enrichment of STK11, KEAP1, and SMARCA4 in [class] places treatment outcomes within a high-risk genomic context.",41932614,discussion,,discussion-frames,clinical-oncology;genomics;statistics,broad article-set tags; inspect expression before domain-specific reuse,sentence-frame,retrospective-observational,jto-2026-09-14-stk11-priority-language.md,Discussion frames,186,STK11 写作框架；p12.,single-paper-synthesis,synthetic-model
JTO-LINE-184,"Co-occurrence does not establish clonal order, biological cooperation, or a shared resistance mechanism.",41932614,discussion,,discussion-frames,clinical-oncology;genomics;statistics,broad article-set tags; inspect expression before domain-specific reuse,sentence-frame,retrospective-observational,jto-2026-09-14-stk11-priority-language.md,Discussion frames,187,避免机制越界；p12.,single-paper-synthesis,synthetic-model
JTO-LINE-185,The absence of paired baseline and resistance samples prevents determination of whether [alteration] was an initiating event or acquired under treatment pressure.,41932614,discussion,,discussion-frames,clinical-oncology;genomics;statistics,broad article-set tags; inspect expression before domain-specific reuse,sentence-frame,retrospective-observational,jto-2026-09-14-stk11-priority-language.md,Discussion frames,188,样本设计限制；p12.,single-paper-synthesis,synthetic-model
JTO-LINE-186,"Although the unadjusted PFS comparison favored [class], the adjusted interval crossed the null and the treatment exposure was heterogeneous.",41932614,discussion,,discussion-frames,clinical-oncology;genomics;statistics,broad article-set tags; inspect expression before domain-specific reuse,sentence-frame,retrospective-observational,jto-2026-09-14-stk11-priority-language.md,Discussion frames,189,"结论降级；pp10,14.",single-paper-synthesis,synthetic-model
JTO-LINE-187,A favorable observational association should not be labeled predictive without a treatment comparator and biomarker-by-treatment interaction.,41932614,discussion,,discussion-frames,clinical-oncology;genomics;statistics,broad article-set tags; inspect expression before domain-specific reuse,sentence-frame,retrospective-observational,jto-2026-09-14-stk11-priority-language.md,Discussion frames,190,"预后/预测边界；pp10,13-14.",single-paper-synthesis,synthetic-model
JTO-LINE-188,The lack of PD-L1 data limits interpretation of whether the outcome pattern reflects immune sensitivity.,41932614,discussion,,discussion-frames,clinical-oncology;genomics;statistics,broad article-set tags; inspect expression before domain-specific reuse,sentence-frame,retrospective-observational,jto-2026-09-14-stk11-priority-language.md,Discussion frames,191,缺失标志物限制；p14.,single-paper-synthesis,synthetic-model
JTO-LINE-189,Panel heterogeneity may alter the opportunity to observe co-mutations even when a minimum coverage threshold is imposed.,41932614,discussion,,discussion-frames,clinical-oncology;genomics;statistics,broad article-set tags; inspect expression before domain-specific reuse,sentence-frame,retrospective-observational,jto-2026-09-14-stk11-priority-language.md,Discussion frames,192,检测偏差；p14.,single-paper-synthesis,synthetic-model
JTO-LINE-190,"Prospective, domain-stratified studies are needed to separate prognostic heterogeneity from differential treatment benefit.",41932614,discussion,,discussion-frames,clinical-oncology;genomics;statistics,broad article-set tags; inspect expression before domain-specific reuse,sentence-frame,retrospective-observational,jto-2026-09-14-stk11-priority-language.md,Discussion frames,193,验证路径；pp13-14.,single-paper-synthesis,synthetic-model
JTO-LINE-194,Oncogenic [driver] alterations comprise clinically and genomically distinct subclasses rather than a single uniform entity.,41932614,conclusion,,conclusion-frames,clinical-oncology;genomics;statistics,broad article-set tags; inspect expression before domain-specific reuse,sentence-frame,retrospective-observational,jto-2026-09-14-stk11-priority-language.md,Conclusion frames,197,异质性结论；p14.,single-paper-synthesis,synthetic-model
JTO-LINE-195,Observed treatment-outcome differences warrant prospective validation before use in treatment selection.,41932614,conclusion,,conclusion-frames,clinical-oncology;genomics;statistics,broad article-set tags; inspect expression before domain-specific reuse,sentence-frame,retrospective-observational,jto-2026-09-14-stk11-priority-language.md,Conclusion frames,198,临床应用边界；p14.,single-paper-synthesis,synthetic-model
JTO-LINE-196,"For STK11 writing, this architecture supports class-first characterization followed by co-mutation-adjusted outcome analysis.",41932614,conclusion,,conclusion-frames,clinical-oncology;genomics;statistics,broad article-set tags; inspect expression before domain-specific reuse,sentence-frame,retrospective-observational,jto-2026-09-14-stk11-priority-language.md,Conclusion frames,199,框架迁移；合成.,single-paper-synthesis,synthetic-model
JTO-LINE-200,Figure 1 defines the molecular classes and establishes their prevalence and genomic burden.,41932614,figure,,graphical-abstract-and-figure-narrative-frames,clinical-oncology;genomics;statistics,broad article-set tags; inspect expression before domain-specific reuse,sentence-frame,retrospective-observational,jto-2026-09-14-stk11-priority-language.md,Graphical-abstract and figure-narrative frames,203,分类入口；pp21.,single-paper-synthesis,synthetic-model
JTO-LINE-201,"Figure 2 maps class-specific co-alterations, positioning STK11 within the broader genomic context rather than as an isolated event.",41932614,figure,,graphical-abstract-and-figure-narrative-frames,clinical-oncology;genomics;statistics,broad article-set tags; inspect expression before domain-specific reuse,sentence-frame,retrospective-observational,jto-2026-09-14-stk11-priority-language.md,Graphical-abstract and figure-narrative frames,204,共突变主图；p22.,single-paper-synthesis,synthetic-model
JTO-LINE-202,Figure 3 tests a focused double-mutant hypothesis after the global landscape analysis.,41932614,figure,,graphical-abstract-and-figure-narrative-frames,clinical-oncology;genomics;statistics,broad article-set tags; inspect expression before domain-specific reuse,sentence-frame,retrospective-observational,jto-2026-09-14-stk11-priority-language.md,Graphical-abstract and figure-narrative frames,205,由全局到特定亚组；p23.,single-paper-synthesis,synthetic-model
JTO-LINE-203,Figure 4 closes the Results sequence with treatment-specific time-to-event outcomes and explicit numbers at risk.,41932614,figure,,graphical-abstract-and-figure-narrative-frames,clinical-oncology;genomics;statistics,broad article-set tags; inspect expression before domain-specific reuse,sentence-frame,retrospective-observational,jto-2026-09-14-stk11-priority-language.md,Graphical-abstract and figure-narrative frames,206,临床结局收束；p24.,single-paper-synthesis,synthetic-model
JTO-LINE-238,unresected locally advanced NSCLC,41619904,abstract-background,,terminology,clinical-oncology;genomics;statistics,broad article-set tags; inspect expression before domain-specific reuse,vocabulary,retrospective-observational,jto-2026-09-14-stk11-priority-language.md,Abstract background,244,未切除局部晚期 NSCLC；p6.,single-paper-synthesis,conventional-term-or-collocation
JTO-LINE-239,concurrent chemoradiation followed by immunotherapy,41619904,abstract-background,,terminology,clinical-oncology;genomics;statistics,broad article-set tags; inspect expression before domain-specific reuse,vocabulary,retrospective-observational,jto-2026-09-14-stk11-priority-language.md,Abstract background,245,同步放化疗后免疫治疗；p6.,single-paper-synthesis,conventional-term-or-collocation
JTO-LINE-240,consolidative immunotherapy,41619904,abstract-background,,terminology,clinical-oncology;genomics;statistics,broad article-set tags; inspect expression before domain-specific reuse,vocabulary,retrospective-observational,jto-2026-09-14-stk11-priority-language.md,Abstract background,246,"巩固免疫治疗；pp6,8.",single-paper-synthesis,conventional-term-or-collocation
JTO-LINE-241,outcomes remain poor despite therapeutic improvement,41619904,abstract-background,,terminology,clinical-oncology;genomics;statistics,broad article-set tags; inspect expression before domain-specific reuse,vocabulary,retrospective-observational,jto-2026-09-14-stk11-priority-language.md,Abstract background,247,尽管治疗改善，结局仍不佳；p6.,single-paper-synthesis,conventional-term-or-collocation
JTO-LINE-242,The prognostic relevance of [driver] under the current stage III treatment paradigm remains underexplored.,41619904,abstract-background,,abstract-background,clinical-oncology;genomics;statistics,broad article-set tags; inspect expression before domain-specific reuse,sentence-frame,retrospective-observational,jto-2026-09-14-stk11-priority-language.md,Abstract background,248,治疗时代下的研究缺口；p6.,single-paper-synthesis,synthetic-model
JTO-LINE-243,Co-alterations may resolve clinically meaningful heterogeneity within [driver]-mutant disease.,41619904,abstract-background,,abstract-background,clinical-oncology;genomics;statistics,broad article-set tags; inspect expression before domain-specific reuse,sentence-frame,retrospective-observational,jto-2026-09-14-stk11-priority-language.md,Abstract background,249,"引出 STK11；pp6,8-9.",single-paper-synthesis,synthetic-model
JTO-LINE-247,multicenter retrospective analysis,41619904,abstract-methods,,terminology,clinical-oncology;genomics;statistics,broad article-set tags; inspect expression before domain-specific reuse,vocabulary,retrospective-observational,jto-2026-09-14-stk11-priority-language.md,Abstract methods,253,多中心回顾性分析；p6.,single-paper-synthesis,conventional-term-or-collocation
JTO-LINE-248,consecutive patients,41619904,abstract-methods,,terminology,clinical-oncology;genomics;statistics,broad article-set tags; inspect expression before domain-specific reuse,vocabulary,retrospective-observational,jto-2026-09-14-stk11-priority-language.md,Abstract methods,254,连续入组患者；p6.,single-paper-synthesis,conventional-term-or-collocation
JTO-LINE-249,definitive concurrent chemoradiation,41619904,abstract-methods,,terminology,clinical-oncology;genomics;statistics,broad article-set tags; inspect expression before domain-specific reuse,vocabulary,retrospective-observational,jto-2026-09-14-stk11-priority-language.md,Abstract methods,255,根治性同步放化疗；p6.,single-paper-synthesis,conventional-term-or-collocation
JTO-LINE-250,incidence of distant metastasis and locoregional recurrence,41619904,abstract-methods,,terminology,clinical-oncology;genomics;statistics,broad article-set tags; inspect expression before domain-specific reuse,vocabulary,retrospective-observational,jto-2026-09-14-stk11-priority-language.md,Abstract methods,256,远处转移与局部区域复发发生率；p6.,single-paper-synthesis,conventional-term-or-collocation
JTO-LINE-251,next-generation-sequencing subcohort,41619904,abstract-methods,,terminology,clinical-oncology;genomics;statistics,broad article-set tags; inspect expression before domain-specific reuse,vocabulary,retrospective-observational,jto-2026-09-14-stk11-priority-language.md,Abstract methods,257,NGS 亚队列；p6.,single-paper-synthesis,conventional-term-or-collocation
JTO-LINE-252,We compared PFS and competing-risk recurrence outcomes by [driver] status and then evaluated co-alterations in the sequenced subset.,41619904,abstract-methods,,abstract-methods,clinical-oncology;genomics;statistics,broad article-set tags; inspect expression before domain-specific reuse,sentence-frame,retrospective-observational,jto-2026-09-14-stk11-priority-language.md,Abstract methods,258,总体到分子亚组；p6.,single-paper-synthesis,synthetic-model
JTO-LINE-256,shorter median progression-free survival,41619904,abstract-results,,terminology,clinical-oncology;genomics;statistics,broad article-set tags; inspect expression before domain-specific reuse,vocabulary,retrospective-observational,jto-2026-09-14-stk11-priority-language.md,Abstract results,262,更短的中位 PFS；p6.,single-paper-synthesis,conventional-term-or-collocation
JTO-LINE-257,increased two-year incidence of distant metastasis,41619904,abstract-results,,terminology,clinical-oncology;genomics;statistics,broad article-set tags; inspect expression before domain-specific reuse,vocabulary,retrospective-observational,jto-2026-09-14-stk11-priority-language.md,Abstract results,263,更高的两年远处转移累积发生率；p6.,single-paper-synthesis,conventional-term-or-collocation
JTO-LINE-258,increased incidence of brain metastasis,41619904,abstract-results,,terminology,clinical-oncology;genomics;statistics,broad article-set tags; inspect expression before domain-specific reuse,vocabulary,retrospective-observational,jto-2026-09-14-stk11-priority-language.md,Abstract results,264,更高的脑转移发生率；p6.,single-paper-synthesis,conventional-term-or-collocation
JTO-LINE-259,co-alteration-defined high-risk subgroup,41619904,abstract-results,,terminology,clinical-oncology;genomics;statistics,broad article-set tags; inspect expression before domain-specific reuse,vocabulary,retrospective-observational,jto-2026-09-14-stk11-priority-language.md,Abstract results,265,共改变定义的高危亚组；pp6-7.,single-paper-synthesis,conventional-term-or-collocation
JTO-LINE-260,comparable to the wild-type cohort,41619904,abstract-results,,terminology,clinical-oncology;genomics;statistics,broad article-set tags; inspect expression before domain-specific reuse,vocabulary,retrospective-observational,jto-2026-09-14-stk11-priority-language.md,Abstract results,266,与野生型队列相当；p6.,single-paper-synthesis,conventional-term-or-collocation
JTO-LINE-261,"Median PFS was [x] versus [y] months for [groups], with an HR of [value] and P=[value].",41619904,abstract-results,,abstract-results,clinical-oncology;genomics;statistics,broad article-set tags; inspect expression before domain-specific reuse,sentence-frame,retrospective-observational,jto-2026-09-14-stk11-priority-language.md,Abstract results,267,摘要生存结果；p6.,single-paper-synthesis,synthetic-model
JTO-LINE-262,"Distant metastasis was more frequent in [group], whereas the locoregional comparison was not statistically significant.",41619904,abstract-results,,abstract-results,clinical-oncology;genomics;statistics,broad article-set tags; inspect expression before domain-specific reuse,sentence-frame,retrospective-observational,jto-2026-09-14-stk11-priority-language.md,Abstract results,268,"复发模式的关联性陈述，不推断因果或等效；物理PDF pp6,14-15.",single-paper-synthesis,synthetic-model
JTO-LINE-263,"Within KRAS-mutant tumors, adverse PFS was concentrated in cases with STK11 and/or CDKN2A co-alterations.",41619904,abstract-results,,abstract-results,clinical-oncology;genomics;statistics,broad article-set tags; inspect expression before domain-specific reuse,sentence-frame,retrospective-observational,jto-2026-09-14-stk11-priority-language.md,Abstract results,269,"STK11 核心结果；pp6,16.",single-paper-synthesis,synthetic-model
JTO-LINE-267,[Driver]-mutant stage III NSCLC was associated with inferior PFS and a higher incidence of distant failure under the observed treatment pathway.,41619904,abstract-conclusion,,abstract-conclusion,clinical-oncology;genomics;statistics,broad article-set tags; inspect expression before domain-specific reuse,sentence-frame,retrospective-observational,jto-2026-09-14-stk11-priority-language.md,Abstract conclusion,273,限定为观察性关联；p7.,single-paper-synthesis,synthetic-model
JTO-LINE-268,The co-alteration-defined subgroup warrants prospective evaluation in biomarker-stratified trials.,41619904,abstract-conclusion,,abstract-conclusion,clinical-oncology;genomics;statistics,broad article-set tags; inspect expression before domain-specific reuse,sentence-frame,retrospective-observational,jto-2026-09-14-stk11-priority-language.md,Abstract conclusion,274,不直接建议临床强化；p7.,single-paper-synthesis,synthetic-model
JTO-LINE-272,unresectable locally advanced disease,41619904,introduction,,terminology,clinical-oncology;genomics;statistics,broad article-set tags; inspect expression before domain-specific reuse,vocabulary,retrospective-observational,jto-2026-09-14-stk11-priority-language.md,Introduction vocabulary and collocations,278,不可切除局部晚期疾病；p8.,single-paper-synthesis,conventional-term-or-collocation
JTO-LINE-273,current standard of care,41619904,introduction,,terminology,clinical-oncology;genomics;statistics,broad article-set tags; inspect expression before domain-specific reuse,vocabulary,retrospective-observational,jto-2026-09-14-stk11-priority-language.md,Introduction vocabulary and collocations,279,当前标准治疗；p8.,single-paper-synthesis,conventional-term-or-collocation
JTO-LINE-274,consolidation durvalumab,41619904,introduction,,terminology,clinical-oncology;genomics;statistics,broad article-set tags; inspect expression before domain-specific reuse,vocabulary,retrospective-observational,jto-2026-09-14-stk11-priority-language.md,Introduction vocabulary and collocations,280,巩固 durvalumab；p8.,single-paper-synthesis,conventional-term-or-collocation
JTO-LINE-275,actionable genomic alteration,41619904,introduction,,terminology,clinical-oncology;genomics;statistics,broad article-set tags; inspect expression before domain-specific reuse,vocabulary,retrospective-observational,jto-2026-09-14-stk11-priority-language.md,Introduction vocabulary and collocations,281,可靶向基因组改变；p8.,single-paper-synthesis,conventional-term-or-collocation
JTO-LINE-276,personalized treatment approach,41619904,introduction,,terminology,clinical-oncology;genomics;statistics,broad article-set tags; inspect expression before domain-specific reuse,vocabulary,retrospective-observational,jto-2026-09-14-stk11-priority-language.md,Introduction vocabulary and collocations,282,个体化治疗策略；p8.,single-paper-synthesis,conventional-term-or-collocation
JTO-LINE-277,oncogenic driver,41619904,introduction,,terminology,clinical-oncology;genomics;statistics,broad article-set tags; inspect expression before domain-specific reuse,vocabulary,retrospective-observational,jto-2026-09-14-stk11-priority-language.md,Introduction vocabulary and collocations,283,致癌驱动基因；p8.,single-paper-synthesis,conventional-term-or-collocation
JTO-LINE-278,inflammatory tumor microenvironment,41619904,introduction,,terminology,clinical-oncology;genomics;statistics,broad article-set tags; inspect expression before domain-specific reuse,vocabulary,retrospective-observational,jto-2026-09-14-stk11-priority-language.md,Introduction vocabulary and collocations,284,炎症型肿瘤微环境；p8.,single-paper-synthesis,conventional-term-or-collocation
JTO-LINE-279,tumor immunogenicity,41619904,introduction,,terminology,clinical-oncology;genomics;statistics,broad article-set tags; inspect expression before domain-specific reuse,vocabulary,retrospective-observational,jto-2026-09-14-stk11-priority-language.md,Introduction vocabulary and collocations,285,肿瘤免疫原性；p8.,single-paper-synthesis,conventional-term-or-collocation
JTO-LINE-280,PD-L1 expression,41619904,introduction,,terminology,clinical-oncology;genomics;statistics,broad article-set tags; inspect expression before domain-specific reuse,vocabulary,retrospective-observational,jto-2026-09-14-stk11-priority-language.md,Introduction vocabulary and collocations,286,PD-L1 表达；p8.,single-paper-synthesis,conventional-term-or-collocation
JTO-LINE-281,distinct biology and therapeutic vulnerability,41619904,introduction,,terminology,clinical-oncology;genomics;statistics,broad article-set tags; inspect expression before domain-specific reuse,vocabulary,retrospective-observational,jto-2026-09-14-stk11-priority-language.md,Introduction vocabulary and collocations,287,不同生物学与治疗脆弱性；p9.,single-paper-synthesis,conventional-term-or-collocation
JTO-LINE-282,patterns of progression,41619904,introduction,,terminology,clinical-oncology;genomics;statistics,broad article-set tags; inspect expression before domain-specific reuse,vocabulary,retrospective-observational,jto-2026-09-14-stk11-priority-language.md,Introduction vocabulary and collocations,288,进展模式；p9.,single-paper-synthesis,conventional-term-or-collocation
JTO-LINE-283,biomarker-informed treatment strategy,41619904,introduction,,terminology,clinical-oncology;genomics;statistics,broad article-set tags; inspect expression before domain-specific reuse,vocabulary,retrospective-observational,jto-2026-09-14-stk11-priority-language.md,Introduction vocabulary and collocations,289,标志物指导的治疗策略；p17.,single-paper-synthesis,conventional-term-or-collocation
JTO-LINE-287,"Although [standard therapy] improved outcomes, most patients continue to experience progression within [time frame].",41619904,introduction,,introduction-frames,clinical-oncology;genomics;statistics,broad article-set tags; inspect expression before domain-specific reuse,sentence-frame,retrospective-observational,jto-2026-09-14-stk11-priority-language.md,Introduction frames,293,临床问题；p8.,single-paper-synthesis,synthetic-model
JTO-LINE-288,Experience in [molecular subgroup] demonstrates that stage III treatment can be refined by genotype.,41619904,introduction,,introduction-frames,clinical-oncology;genomics;statistics,broad article-set tags; inspect expression before domain-specific reuse,sentence-frame,retrospective-observational,jto-2026-09-14-stk11-priority-language.md,Introduction frames,294,从 EGFR/LAURA 引出 KRAS；p8.,single-paper-synthesis,synthetic-model
JTO-LINE-289,[Driver]-mutant tumors are immunologically heterogeneous despite aggregate evidence of immunotherapy responsiveness.,41619904,introduction,,introduction-frames,clinical-oncology;genomics;statistics,broad article-set tags; inspect expression before domain-specific reuse,sentence-frame,retrospective-observational,jto-2026-09-14-stk11-priority-language.md,Introduction frames,295,避免总体平均掩盖亚组；p8.,single-paper-synthesis,synthetic-model
JTO-LINE-290,The effect of [driver] on outcomes after the complete cCRT-to-durvalumab pathway remains uncertain.,41619904,introduction,,introduction-frames,clinical-oncology;genomics;statistics,broad article-set tags; inspect expression before domain-specific reuse,sentence-frame,retrospective-observational,jto-2026-09-14-stk11-priority-language.md,Introduction frames,296,明确治疗路径；p8.,single-paper-synthesis,synthetic-model
JTO-LINE-291,Co-alterations may identify biologically distinct subsets that are not apparent from driver status alone.,41619904,introduction,,introduction-frames,clinical-oncology;genomics;statistics,broad article-set tags; inspect expression before domain-specific reuse,sentence-frame,retrospective-observational,jto-2026-09-14-stk11-priority-language.md,Introduction frames,297,STK11/CDKN2A 动机；pp8-9.,single-paper-synthesis,synthetic-model
JTO-LINE-292,"We therefore examined survival, failure patterns, and co-alteration-defined outcomes in a multicenter cohort.",41619904,introduction,,introduction-frames,clinical-oncology;genomics;statistics,broad article-set tags; inspect expression before domain-specific reuse,sentence-frame,retrospective-observational,jto-2026-09-14-stk11-priority-language.md,Introduction frames,298,研究目标三联；p9.,single-paper-synthesis,synthetic-model
JTO-LINE-296,institutional review board approval,41619904,methods,,terminology,clinical-oncology;genomics;statistics,broad article-set tags; inspect expression before domain-specific reuse,vocabulary,retrospective-observational,jto-2026-09-14-stk11-priority-language.md,Methods vocabulary and collocations,302,机构伦理审查批准；p9.,single-paper-synthesis,conventional-term-or-collocation
JTO-LINE-297,consecutive multicenter cohort,41619904,methods,,terminology,clinical-oncology;genomics;statistics,broad article-set tags; inspect expression before domain-specific reuse,vocabulary,retrospective-observational,jto-2026-09-14-stk11-priority-language.md,Methods vocabulary and collocations,303,多中心连续队列；p9.,single-paper-synthesis,conventional-term-or-collocation
JTO-LINE-298,non-squamous histology restriction,41619904,methods,,terminology,clinical-oncology;genomics;statistics,broad article-set tags; inspect expression before domain-specific reuse,vocabulary,retrospective-observational,jto-2026-09-14-stk11-priority-language.md,Methods vocabulary and collocations,304,非鳞癌组织学限制；p9.,single-paper-synthesis,conventional-term-or-collocation
JTO-LINE-299,conventionally fractionated radiotherapy,41619904,methods,,terminology,clinical-oncology;genomics;statistics,broad article-set tags; inspect expression before domain-specific reuse,vocabulary,retrospective-observational,jto-2026-09-14-stk11-priority-language.md,Methods vocabulary and collocations,305,常规分割放疗；p10.,single-paper-synthesis,conventional-term-or-collocation
JTO-LINE-300,platinum-based doublet chemotherapy,41619904,methods,,terminology,clinical-oncology;genomics;statistics,broad article-set tags; inspect expression before domain-specific reuse,vocabulary,retrospective-observational,jto-2026-09-14-stk11-priority-language.md,Methods vocabulary and collocations,306,含铂双药化疗；p10.,single-paper-synthesis,conventional-term-or-collocation
JTO-LINE-301,intensity-modulated radiotherapy,41619904,methods,,terminology,clinical-oncology;genomics;statistics,broad article-set tags; inspect expression before domain-specific reuse,vocabulary,retrospective-observational,jto-2026-09-14-stk11-priority-language.md,Methods vocabulary and collocations,307,调强放疗；p10.,single-paper-synthesis,conventional-term-or-collocation
JTO-LINE-302,durvalumab discontinuation,41619904,methods,,terminology,clinical-oncology;genomics;statistics,broad article-set tags; inspect expression before domain-specific reuse,vocabulary,retrospective-observational,jto-2026-09-14-stk11-priority-language.md,Methods vocabulary and collocations,308,durvalumab 停药；p10.,single-paper-synthesis,conventional-term-or-collocation
JTO-LINE-303,disease progression or adverse event,41619904,methods,,terminology,clinical-oncology;genomics;statistics,broad article-set tags; inspect expression before domain-specific reuse,vocabulary,retrospective-observational,jto-2026-09-14-stk11-priority-language.md,Methods vocabulary and collocations,309,疾病进展或不良事件；p10.,single-paper-synthesis,conventional-term-or-collocation
JTO-LINE-304,RECIST-assessed objective response,41619904,methods,,terminology,clinical-oncology;genomics;statistics,broad article-set tags; inspect expression before domain-specific reuse,vocabulary,retrospective-observational,jto-2026-09-14-stk11-priority-language.md,Methods vocabulary and collocations,310,RECIST 评估客观缓解；p10.,single-paper-synthesis,conventional-term-or-collocation
JTO-LINE-305,ipsilateral lung or thoracic lymph-node recurrence,41619904,methods,,terminology,clinical-oncology;genomics;statistics,broad article-set tags; inspect expression before domain-specific reuse,vocabulary,retrospective-observational,jto-2026-09-14-stk11-priority-language.md,Methods vocabulary and collocations,311,同侧肺或胸内淋巴结复发；p10.,single-paper-synthesis,conventional-term-or-collocation
JTO-LINE-306,contralateral lung or pleural recurrence,41619904,methods,,terminology,clinical-oncology;genomics;statistics,broad article-set tags; inspect expression before domain-specific reuse,vocabulary,retrospective-observational,jto-2026-09-14-stk11-priority-language.md,Methods vocabulary and collocations,312,对侧肺或胸膜复发；p10.,single-paper-synthesis,conventional-term-or-collocation
JTO-LINE-307,clinically indicated brain imaging,41619904,methods,,terminology,clinical-oncology;genomics;statistics,broad article-set tags; inspect expression before domain-specific reuse,vocabulary,retrospective-observational,jto-2026-09-14-stk11-priority-language.md,Methods vocabulary and collocations,313,临床指征性脑影像；p10.,single-paper-synthesis,conventional-term-or-collocation
JTO-LINE-308,targeted tumor NGS platform,41619904,methods,,terminology,clinical-oncology;genomics;statistics,broad article-set tags; inspect expression before domain-specific reuse,vocabulary,retrospective-observational,jto-2026-09-14-stk11-priority-language.md,Methods vocabulary and collocations,314,靶向肿瘤 NGS 平台；p11.,single-paper-synthesis,conventional-term-or-collocation
JTO-LINE-309,driver event annotation,41619904,methods,,terminology,clinical-oncology;genomics;statistics,broad article-set tags; inspect expression before domain-specific reuse,vocabulary,retrospective-observational,jto-2026-09-14-stk11-priority-language.md,Methods vocabulary and collocations,315,驱动事件注释；p11.,single-paper-synthesis,conventional-term-or-collocation
JTO-LINE-310,reverse Kaplan-Meier follow-up estimate,41619904,methods,,terminology,clinical-oncology;genomics;statistics,broad article-set tags; inspect expression before domain-specific reuse,vocabulary,retrospective-observational,jto-2026-09-14-stk11-priority-language.md,Methods vocabulary and collocations,316,反向 Kaplan-Meier 随访估计；p11.,single-paper-synthesis,conventional-term-or-collocation
JTO-LINE-311,Cox proportional-hazards model,41619904,methods,,terminology,clinical-oncology;genomics;statistics,broad article-set tags; inspect expression before domain-specific reuse,vocabulary,retrospective-observational,jto-2026-09-14-stk11-priority-language.md,Methods vocabulary and collocations,317,Cox 比例风险模型；p11.,single-paper-synthesis,conventional-term-or-collocation
JTO-LINE-312,cumulative-incidence function,41619904,methods,,terminology,clinical-oncology;genomics;statistics,broad article-set tags; inspect expression before domain-specific reuse,vocabulary,retrospective-observational,jto-2026-09-14-stk11-priority-language.md,Methods vocabulary and collocations,318,累积发生函数；pp11-12.,single-paper-synthesis,conventional-term-or-collocation
JTO-LINE-313,competing-risk framework,41619904,methods,,terminology,clinical-oncology;genomics;statistics,broad article-set tags; inspect expression before domain-specific reuse,vocabulary,retrospective-observational,jto-2026-09-14-stk11-priority-language.md,Methods vocabulary and collocations,319,竞争风险框架；pp11-12.,single-paper-synthesis,conventional-term-or-collocation
JTO-LINE-314,Gray test,41619904,methods,,terminology,clinical-oncology;genomics;statistics,broad article-set tags; inspect expression before domain-specific reuse,vocabulary,retrospective-observational,jto-2026-09-14-stk11-priority-language.md,Methods vocabulary and collocations,320,Gray 检验；p12.,single-paper-synthesis,conventional-term-or-collocation
JTO-LINE-315,organ-specific metastatic incidence,41619904,methods,,terminology,clinical-oncology;genomics;statistics,broad article-set tags; inspect expression before domain-specific reuse,vocabulary,retrospective-observational,jto-2026-09-14-stk11-priority-language.md,Methods vocabulary and collocations,321,器官特异转移发生率；p12.,single-paper-synthesis,conventional-term-or-collocation
JTO-LINE-316,time-origin sensitivity analysis,41619904,methods,,terminology,clinical-oncology;genomics;statistics,broad article-set tags; inspect expression before domain-specific reuse,vocabulary,retrospective-observational,jto-2026-09-14-stk11-priority-language.md,Methods vocabulary and collocations,322,"时间起点敏感性分析；pp10,14.",single-paper-synthesis,conventional-term-or-collocation
JTO-LINE-320,"Patients were eligible if they had [stage/histology], completed [local therapy], initiated [systemic therapy], and had documented [biomarker] status.",41619904,methods,,methods-frames,clinical-oncology;genomics;statistics,broad article-set tags; inspect expression before domain-specific reuse,sentence-frame,retrospective-observational,jto-2026-09-14-stk11-priority-language.md,Methods frames,326,纳入标准；p9.,single-paper-synthesis,synthetic-model
JTO-LINE-321,The analysis was restricted to [histology] to reduce confounding from a population in which [biomarker] is uncommon and co-alteration patterns are less established.,41619904,methods,,methods-frames,clinical-oncology;genomics;statistics,broad article-set tags; inspect expression before domain-specific reuse,sentence-frame,retrospective-observational,jto-2026-09-14-stk11-priority-language.md,Methods frames,327,限制组织学的理由；p9.,single-paper-synthesis,synthetic-model
JTO-LINE-322,PFS was defined from [radiotherapy initiation] to progression or death and censored at the last clinical evaluation.,41619904,methods,,methods-frames,clinical-oncology;genomics;statistics,broad article-set tags; inspect expression before domain-specific reuse,sentence-frame,retrospective-observational,jto-2026-09-14-stk11-priority-language.md,Methods frames,328,终点与时间起点；p10.,single-paper-synthesis,synthetic-model
JTO-LINE-323,Locoregional and distant recurrence were treated as competing first-failure events.,41619904,methods,,methods-frames,clinical-oncology;genomics;statistics,broad article-set tags; inspect expression before domain-specific reuse,sentence-frame,retrospective-observational,jto-2026-09-14-stk11-priority-language.md,Methods frames,329,首次进展竞争风险；pp10-12.,single-paper-synthesis,synthetic-model
JTO-LINE-324,"For organ-specific metastasis, death and other first-progression events were included as competing risks.",41619904,methods,,methods-frames,clinical-oncology;genomics;statistics,broad article-set tags; inspect expression before domain-specific reuse,sentence-frame,retrospective-observational,jto-2026-09-14-stk11-priority-language.md,Methods frames,330,器官转移模型；p12.,single-paper-synthesis,synthetic-model
JTO-LINE-325,Median follow-up was estimated using the reverse Kaplan-Meier method.,41619904,methods,,methods-frames,clinical-oncology;genomics;statistics,broad article-set tags; inspect expression before domain-specific reuse,sentence-frame,retrospective-observational,jto-2026-09-14-stk11-priority-language.md,Methods frames,331,随访成熟度；p11.,single-paper-synthesis,synthetic-model
JTO-LINE-326,Variables meeting a univariable threshold of P<[value] entered the multivariable model.,41619904,methods,,methods-frames,clinical-oncology;genomics;statistics,broad article-set tags; inspect expression before domain-specific reuse,sentence-frame,retrospective-observational,jto-2026-09-14-stk11-priority-language.md,Methods frames,332,建模规则；p11.,single-paper-synthesis,synthetic-model
JTO-LINE-327,Co-alteration analyses were limited to patients with targeted NGS and to variants annotated as driver events.,41619904,methods,,methods-frames,clinical-oncology;genomics;statistics,broad article-set tags; inspect expression before domain-specific reuse,sentence-frame,retrospective-observational,jto-2026-09-14-stk11-priority-language.md,Methods frames,333,NGS 分母；p11.,single-paper-synthesis,synthetic-model
JTO-LINE-328,A sensitivity analysis re-estimated PFS from first durvalumab infusion rather than radiotherapy initiation.,41619904,methods,,methods-frames,clinical-oncology;genomics;statistics,broad article-set tags; inspect expression before domain-specific reuse,sentence-frame,retrospective-observational,jto-2026-09-14-stk11-priority-language.md,Methods frames,334,"起点稳健性；pp10,14.",single-paper-synthesis,synthetic-model
JTO-LINE-329,"For an STK11 analysis, specify whether the reference group is STK11 wild type within KRAS-mutant tumors, all KRAS wild type, or another genomic subgroup.",41619904,methods,,methods-frames,clinical-oncology;genomics;statistics,broad article-set tags; inspect expression before domain-specific reuse,sentence-frame,retrospective-observational,jto-2026-09-14-stk11-priority-language.md,Methods frames,335,参照组防错；合成.,single-paper-synthesis,synthetic-model
JTO-LINE-333,cohort baseline characteristics,41619904,results,,terminology,clinical-oncology;genomics;statistics,broad article-set tags; inspect expression before domain-specific reuse,vocabulary,retrospective-observational,jto-2026-09-14-stk11-priority-language.md,Results vocabulary and collocations,339,"队列基线特征；pp12,28.",single-paper-synthesis,conventional-term-or-collocation
JTO-LINE-334,completion of one year of durvalumab,41619904,results,,terminology,clinical-oncology;genomics;statistics,broad article-set tags; inspect expression before domain-specific reuse,vocabulary,retrospective-observational,jto-2026-09-14-stk11-priority-language.md,Results vocabulary and collocations,340,完成一年 durvalumab；p13.,single-paper-synthesis,conventional-term-or-collocation
JTO-LINE-335,treatment discontinuation due to pneumonitis,41619904,results,,terminology,clinical-oncology;genomics;statistics,broad article-set tags; inspect expression before domain-specific reuse,vocabulary,retrospective-observational,jto-2026-09-14-stk11-priority-language.md,Results vocabulary and collocations,341,因肺炎停药；p13.,single-paper-synthesis,conventional-term-or-collocation
JTO-LINE-336,median follow-up for oncologic outcomes,41619904,results,,terminology,clinical-oncology;genomics;statistics,broad article-set tags; inspect expression before domain-specific reuse,vocabulary,retrospective-observational,jto-2026-09-14-stk11-priority-language.md,Results vocabulary and collocations,342,肿瘤结局中位随访；p13.,single-paper-synthesis,conventional-term-or-collocation
JTO-LINE-337,median PFS was not reached,41619904,results,,terminology,clinical-oncology;genomics;statistics,broad article-set tags; inspect expression before domain-specific reuse,vocabulary,retrospective-observational,jto-2026-09-14-stk11-priority-language.md,Results vocabulary and collocations,343,"中位 PFS 未达到；pp13,16.",single-paper-synthesis,conventional-term-or-collocation
JTO-LINE-338,two-year PFS rate,41619904,results,,terminology,clinical-oncology;genomics;statistics,broad article-set tags; inspect expression before domain-specific reuse,vocabulary,retrospective-observational,jto-2026-09-14-stk11-priority-language.md,Results vocabulary and collocations,344,两年 PFS 率；p13.,single-paper-synthesis,conventional-term-or-collocation
JTO-LINE-339,complete-case multivariable model,41619904,results,,terminology,clinical-oncology;genomics;statistics,broad article-set tags; inspect expression before domain-specific reuse,vocabulary,retrospective-observational,jto-2026-09-14-stk11-priority-language.md,Results vocabulary and collocations,345,"完整病例多变量模型；pp14,29.",single-paper-synthesis,conventional-term-or-collocation
JTO-LINE-340,cumulative incidence of locoregional recurrence,41619904,results,,terminology,clinical-oncology;genomics;statistics,broad article-set tags; inspect expression before domain-specific reuse,vocabulary,retrospective-observational,jto-2026-09-14-stk11-priority-language.md,Results vocabulary and collocations,346,局部区域复发累积发生率；p14.,single-paper-synthesis,conventional-term-or-collocation
JTO-LINE-341,cumulative incidence of distant metastasis,41619904,results,,terminology,clinical-oncology;genomics;statistics,broad article-set tags; inspect expression before domain-specific reuse,vocabulary,retrospective-observational,jto-2026-09-14-stk11-priority-language.md,Results vocabulary and collocations,347,远处转移累积发生率；pp14-15.,single-paper-synthesis,conventional-term-or-collocation
JTO-LINE-342,brain-metastasis incidence,41619904,results,,terminology,clinical-oncology;genomics;statistics,broad article-set tags; inspect expression before domain-specific reuse,vocabulary,retrospective-observational,jto-2026-09-14-stk11-priority-language.md,Results vocabulary and collocations,348,脑转移发生率；p15.,single-paper-synthesis,conventional-term-or-collocation
JTO-LINE-343,osseous-metastasis incidence,41619904,results,,terminology,clinical-oncology;genomics;statistics,broad article-set tags; inspect expression before domain-specific reuse,vocabulary,retrospective-observational,jto-2026-09-14-stk11-priority-language.md,Results vocabulary and collocations,349,骨转移发生率；p15.,single-paper-synthesis,conventional-term-or-collocation
JTO-LINE-344,anatomic distribution at first progression,41619904,results,,terminology,clinical-oncology;genomics;statistics,broad article-set tags; inspect expression before domain-specific reuse,vocabulary,retrospective-observational,jto-2026-09-14-stk11-priority-language.md,Results vocabulary and collocations,350,首次进展时的解剖分布；p15.,single-paper-synthesis,conventional-term-or-collocation
JTO-LINE-345,next-generation-sequencing cohort,41619904,results,,terminology,clinical-oncology;genomics;statistics,broad article-set tags; inspect expression before domain-specific reuse,vocabulary,retrospective-observational,jto-2026-09-14-stk11-priority-language.md,Results vocabulary and collocations,351,NGS 队列；pp15-16.,single-paper-synthesis,conventional-term-or-collocation
JTO-LINE-346,co-alteration frequency,41619904,results,,terminology,clinical-oncology;genomics;statistics,broad article-set tags; inspect expression before domain-specific reuse,vocabulary,retrospective-observational,jto-2026-09-14-stk11-priority-language.md,Results vocabulary and collocations,352,共改变频率；p15.,single-paper-synthesis,conventional-term-or-collocation
JTO-LINE-347,univariable hazard ratio,41619904,results,,terminology,clinical-oncology;genomics;statistics,broad article-set tags; inspect expression before domain-specific reuse,vocabulary,retrospective-observational,jto-2026-09-14-stk11-priority-language.md,Results vocabulary and collocations,353,"单变量 HR；pp15-16,33.",single-paper-synthesis,conventional-term-or-collocation
JTO-LINE-348,multivariable hazard ratio,41619904,results,,terminology,clinical-oncology;genomics;statistics,broad article-set tags; inspect expression before domain-specific reuse,vocabulary,retrospective-observational,jto-2026-09-14-stk11-priority-language.md,Results vocabulary and collocations,354,"多变量 HR；pp15-16,33.",single-paper-synthesis,conventional-term-or-collocation
JTO-LINE-349,co-alteration-defined Kaplan-Meier strata,41619904,results,,terminology,clinical-oncology;genomics;statistics,broad article-set tags; inspect expression before domain-specific reuse,vocabulary,retrospective-observational,jto-2026-09-14-stk11-priority-language.md,Results vocabulary and collocations,355,共改变定义的 Kaplan-Meier 分层；p16.,single-paper-synthesis,conventional-term-or-collocation
JTO-LINE-350,PFS comparable to KRAS wild type,41619904,results,,terminology,clinical-oncology;genomics;statistics,broad article-set tags; inspect expression before domain-specific reuse,vocabulary,retrospective-observational,jto-2026-09-14-stk11-priority-language.md,Results vocabulary and collocations,356,PFS 与 KRAS 野生型相当；p16.,single-paper-synthesis,conventional-term-or-collocation
JTO-LINE-354,"The cohort included [N] consecutive patients, of whom [n] were [biomarker] mutant and [n] were wild type.",41619904,results,,results-frames,clinical-oncology;genomics;statistics,broad article-set tags; inspect expression before domain-specific reuse,sentence-frame,retrospective-observational,jto-2026-09-14-stk11-priority-language.md,Results frames,360,总体分母；p12.,single-paper-synthesis,synthetic-model
JTO-LINE-355,One year of [therapy] was completed by [n/N] and [n/N] patients in the two groups (P=[value]).,41619904,results,,results-frames,clinical-oncology;genomics;statistics,broad article-set tags; inspect expression before domain-specific reuse,sentence-frame,retrospective-observational,jto-2026-09-14-stk11-priority-language.md,Results frames,361,治疗暴露完整性；p13.,single-paper-synthesis,synthetic-model
JTO-LINE-356,"Median PFS was [x] versus [y] months (HR, [value]; P=[value]), whereas OS did not differ significantly.",41619904,results,,results-frames,clinical-oncology;genomics;statistics,broad article-set tags; inspect expression before domain-specific reuse,sentence-frame,retrospective-observational,jto-2026-09-14-stk11-priority-language.md,Results frames,362,阳性 PFS 与阴性 OS 并列；pp13-14.,single-paper-synthesis,synthetic-model
JTO-LINE-357,"The KRAS association remained in a complete-case multivariable model of [N] patients (adjusted HR, [value]; 95% CI, [interval]).",41619904,results,,results-frames,clinical-oncology;genomics;statistics,broad article-set tags; inspect expression before domain-specific reuse,sentence-frame,retrospective-observational,jto-2026-09-14-stk11-priority-language.md,Results frames,363,"多变量分母；pp14,29.",single-paper-synthesis,synthetic-model
JTO-LINE-358,"At two years, distant-metastasis incidence was [x%] versus [y%] (HR, [value]; P=[value]), while locoregional recurrence was not significantly different.",41619904,results,,results-frames,clinical-oncology;genomics;statistics,broad article-set tags; inspect expression before domain-specific reuse,sentence-frame,retrospective-observational,jto-2026-09-14-stk11-priority-language.md,Results frames,364,失败模式对照；pp14-15.,single-paper-synthesis,synthetic-model
JTO-LINE-359,"Among patients with distant failure at first progression, [site] was involved in [n/N] cases.",41619904,results,,results-frames,clinical-oncology;genomics;statistics,broad article-set tags; inspect expression before domain-specific reuse,sentence-frame,retrospective-observational,jto-2026-09-14-stk11-priority-language.md,Results frames,365,器官分布；p15.,single-paper-synthesis,synthetic-model
JTO-LINE-360,"The cumulative incidence of brain metastasis was higher in [group] (HR, [value]; P=[value]).",41619904,results,,results-frames,clinical-oncology;genomics;statistics,broad article-set tags; inspect expression before domain-specific reuse,sentence-frame,retrospective-observational,jto-2026-09-14-stk11-priority-language.md,Results frames,366,竞争风险陈述；p15.,single-paper-synthesis,synthetic-model
JTO-LINE-361,"Targeted NGS was available for [n/N] patients, including [n] with KRAS-mutant disease.",41619904,results,,results-frames,clinical-oncology;genomics;statistics,broad article-set tags; inspect expression before domain-specific reuse,sentence-frame,retrospective-observational,jto-2026-09-14-stk11-priority-language.md,Results frames,367,NGS 分母；p15.,single-paper-synthesis,synthetic-model
JTO-LINE-362,"Within KRAS-mutant tumors, STK11 was altered in [n/N] and CDKN2A in [n/N].",41619904,results,,results-frames,clinical-oncology;genomics;statistics,broad article-set tags; inspect expression before domain-specific reuse,sentence-frame,retrospective-observational,jto-2026-09-14-stk11-priority-language.md,Results frames,368,共突变频率；p15.,single-paper-synthesis,synthetic-model
JTO-LINE-363,"In Figure 4, the adjusted HR for STK11 was [value] (95% CI, [interval]), but the source prose assigns one panel's estimates inconsistently.",41619904,results,,results-frames,clinical-oncology;genomics;statistics,broad article-set tags; inspect expression before domain-specific reuse,sentence-frame,retrospective-observational,jto-2026-09-14-stk11-priority-language.md,Results frames,369,"来源不一致透明化；pp16,33.",single-paper-synthesis,synthetic-model
JTO-LINE-364,"Patients with KRAS plus STK11 and/or CDKN2A alterations had median PFS of [value], whereas KRAS-mutant tumors without those co-alterations were comparable to KRAS wild type.",41619904,results,,results-frames,clinical-oncology;genomics;statistics,broad article-set tags; inspect expression before domain-specific reuse,sentence-frame,retrospective-observational,jto-2026-09-14-stk11-priority-language.md,Results frames,370,三组结构；p16.,single-paper-synthesis,synthetic-model
JTO-LINE-365,The combined STK11/CDKN2A group should be described as co-alteration-defined rather than as an STK11-only subgroup.,41619904,results,,results-frames,clinical-oncology;genomics;statistics,broad article-set tags; inspect expression before domain-specific reuse,sentence-frame,retrospective-observational,jto-2026-09-14-stk11-priority-language.md,Results frames,371,防止错误归因；p16.,single-paper-synthesis,synthetic-model
JTO-LINE-369,high-risk molecular subgroup,41619904,discussion,,terminology,clinical-oncology;genomics;statistics,broad article-set tags; inspect expression before domain-specific reuse,vocabulary,retrospective-observational,jto-2026-09-14-stk11-priority-language.md,Discussion vocabulary and collocations,375,高危分子亚组；p17.,single-paper-synthesis,conventional-term-or-collocation
JTO-LINE-370,biomarker-informed treatment strategy,41619904,discussion,,terminology,clinical-oncology;genomics;statistics,broad article-set tags; inspect expression before domain-specific reuse,vocabulary,retrospective-observational,jto-2026-09-14-stk11-priority-language.md,Discussion vocabulary and collocations,376,标志物指导治疗策略；p17.,single-paper-synthesis,conventional-term-or-collocation
JTO-LINE-371,integrated molecular profiling,41619904,discussion,,terminology,clinical-oncology;genomics;statistics,broad article-set tags; inspect expression before domain-specific reuse,vocabulary,retrospective-observational,jto-2026-09-14-stk11-priority-language.md,Discussion vocabulary and collocations,377,整合分子分型；p17.,single-paper-synthesis,conventional-term-or-collocation
JTO-LINE-372,immunologically cold tumor microenvironment,41619904,discussion,,terminology,clinical-oncology;genomics;statistics,broad article-set tags; inspect expression before domain-specific reuse,vocabulary,retrospective-observational,jto-2026-09-14-stk11-priority-language.md,Discussion vocabulary and collocations,378,免疫冷肿瘤微环境；p18.,single-paper-synthesis,conventional-term-or-collocation
JTO-LINE-373,reduced CD8-positive T-cell infiltration,41619904,discussion,,terminology,clinical-oncology;genomics;statistics,broad article-set tags; inspect expression before domain-specific reuse,vocabulary,retrospective-observational,jto-2026-09-14-stk11-priority-language.md,Discussion vocabulary and collocations,379,CD8 阳性 T 细胞浸润减少；p18.,single-paper-synthesis,conventional-term-or-collocation
JTO-LINE-374,PD-(L)1 blockade resistance,41619904,discussion,,terminology,clinical-oncology;genomics;statistics,broad article-set tags; inspect expression before domain-specific reuse,vocabulary,retrospective-observational,jto-2026-09-14-stk11-priority-language.md,Discussion vocabulary and collocations,380,PD-(L)1 阻断耐药；只能在相应证据下使用；p18.,single-paper-synthesis,conventional-term-or-collocation
JTO-LINE-375,distant-recurrence risk,41619904,discussion,,terminology,clinical-oncology;genomics;statistics,broad article-set tags; inspect expression before domain-specific reuse,vocabulary,retrospective-observational,jto-2026-09-14-stk11-priority-language.md,Discussion vocabulary and collocations,381,远处复发风险；pp18-19.,single-paper-synthesis,conventional-term-or-collocation
JTO-LINE-376,brain metastatic organotropism,41619904,discussion,,terminology,clinical-oncology;genomics;statistics,broad article-set tags; inspect expression before domain-specific reuse,vocabulary,retrospective-observational,jto-2026-09-14-stk11-priority-language.md,Discussion vocabulary and collocations,382,脑转移器官嗜性；p19.,single-paper-synthesis,conventional-term-or-collocation
JTO-LINE-377,surveillance imaging threshold,41619904,discussion,,terminology,clinical-oncology;genomics;statistics,broad article-set tags; inspect expression before domain-specific reuse,vocabulary,retrospective-observational,jto-2026-09-14-stk11-priority-language.md,Discussion vocabulary and collocations,383,监测影像阈值；p19.,single-paper-synthesis,conventional-term-or-collocation
JTO-LINE-378,locoregional control,41619904,discussion,,terminology,clinical-oncology;genomics;statistics,broad article-set tags; inspect expression before domain-specific reuse,vocabulary,retrospective-observational,jto-2026-09-14-stk11-priority-language.md,Discussion vocabulary and collocations,384,局部区域控制；p20.,single-paper-synthesis,conventional-term-or-collocation
JTO-LINE-379,radiation resistance,41619904,discussion,,terminology,clinical-oncology;genomics;statistics,broad article-set tags; inspect expression before domain-specific reuse,vocabulary,retrospective-observational,jto-2026-09-14-stk11-priority-language.md,Discussion vocabulary and collocations,385,放射抗性；p20.,single-paper-synthesis,conventional-term-or-collocation
JTO-LINE-380,systemic treatment intensification,41619904,discussion,,terminology,clinical-oncology;genomics;statistics,broad article-set tags; inspect expression before domain-specific reuse,vocabulary,retrospective-observational,jto-2026-09-14-stk11-priority-language.md,Discussion vocabulary and collocations,386,"全身治疗强化；pp19,21.",single-paper-synthesis,conventional-term-or-collocation
JTO-LINE-381,retrospective treatment-pathway cohort,41619904,discussion,,terminology,clinical-oncology;genomics;statistics,broad article-set tags; inspect expression before domain-specific reuse,vocabulary,retrospective-observational,jto-2026-09-14-stk11-priority-language.md,Discussion vocabulary and collocations,387,回顾性治疗路径队列；合成.,single-paper-synthesis,conventional-term-or-collocation
JTO-LINE-382,ascertainment of asymptomatic metastasis,41619904,discussion,,terminology,clinical-oncology;genomics;statistics,broad article-set tags; inspect expression before domain-specific reuse,vocabulary,retrospective-observational,jto-2026-09-14-stk11-priority-language.md,Discussion vocabulary and collocations,388,无症状转移检出；p21.,single-paper-synthesis,conventional-term-or-collocation
JTO-LINE-386,The adverse PFS association was concentrated in the STK11/CDKN2A co-altered subgroup rather than uniformly across KRAS-mutant disease.,41619904,discussion,,discussion-frames,clinical-oncology;genomics;statistics,broad article-set tags; inspect expression before domain-specific reuse,sentence-frame,retrospective-observational,jto-2026-09-14-stk11-priority-language.md,Discussion frames,392,主要解释；pp17-18.,single-paper-synthesis,synthetic-model
JTO-LINE-387,These findings refine risk stratification within KRAS-mutant stage III NSCLC but do not establish a predictive biomarker for durvalumab.,41619904,discussion,,discussion-frames,clinical-oncology;genomics;statistics,broad article-set tags; inspect expression before domain-specific reuse,sentence-frame,retrospective-observational,jto-2026-09-14-stk11-priority-language.md,Discussion frames,393,预后/预测边界；pp17-18.,single-paper-synthesis,synthetic-model
JTO-LINE-388,"Because all patients initiated durvalumab, reduced effectiveness relative to a non-durvalumab strategy cannot be estimated.",41619904,discussion,,discussion-frames,clinical-oncology;genomics;statistics,broad article-set tags; inspect expression before domain-specific reuse,sentence-frame,retrospective-observational,jto-2026-09-14-stk11-priority-language.md,Discussion frames,394,"缺失治疗对照；pp18,21.",single-paper-synthesis,synthetic-model
JTO-LINE-389,The absence of a significant association for KEAP1 or SMARCA4 may reflect limited precision rather than biological equivalence.,41619904,discussion,,discussion-frames,clinical-oncology;genomics;statistics,broad article-set tags; inspect expression before domain-specific reuse,sentence-frame,retrospective-observational,jto-2026-09-14-stk11-priority-language.md,Discussion frames,395,小样本阴性；p18.,single-paper-synthesis,synthetic-model
JTO-LINE-390,"The higher distant-failure incidence, together with unchanged locoregional recurrence, points to systemic rather than local failure as the dominant observed pattern.",41619904,discussion,,discussion-frames,clinical-oncology;genomics;statistics,broad article-set tags; inspect expression before domain-specific reuse,sentence-frame,retrospective-observational,jto-2026-09-14-stk11-priority-language.md,Discussion frames,396,复发模式整合；pp18-20.,single-paper-synthesis,synthetic-model
JTO-LINE-391,Clinically triggered brain imaging may underestimate the true incidence and limits recommendations for surveillance.,41619904,discussion,,discussion-frames,clinical-oncology;genomics;statistics,broad article-set tags; inspect expression before domain-specific reuse,sentence-frame,retrospective-observational,jto-2026-09-14-stk11-priority-language.md,Discussion frames,397,"影像频率限制；pp19,21.",single-paper-synthesis,synthetic-model
JTO-LINE-392,A combined STK11/CDKN2A stratum improves power but obscures gene-specific effect estimates and mechanisms.,41619904,discussion,,discussion-frames,clinical-oncology;genomics;statistics,broad article-set tags; inspect expression before domain-specific reuse,sentence-frame,retrospective-observational,jto-2026-09-14-stk11-priority-language.md,Discussion frames,398,"合并亚组限制；pp16,18.",single-paper-synthesis,synthetic-model
JTO-LINE-393,Prospective trials should stratify by co-alteration status and prespecify biomarker-by-treatment interactions.,41619904,discussion,,discussion-frames,clinical-oncology;genomics;statistics,broad article-set tags; inspect expression before domain-specific reuse,sentence-frame,retrospective-observational,jto-2026-09-14-stk11-priority-language.md,Discussion frames,399,未来验证设计；pp17-18.,single-paper-synthesis,synthetic-model
JTO-LINE-394,"The lack of an OS difference may reflect follow-up, post-progression treatment, or limited power and should not be interpreted as equivalence.",41619904,discussion,,discussion-frames,clinical-oncology;genomics;statistics,broad article-set tags; inspect expression before domain-specific reuse,sentence-frame,retrospective-observational,jto-2026-09-14-stk11-priority-language.md,Discussion frames,400,"OS 边界；pp14,21.",single-paper-synthesis,synthetic-model
JTO-LINE-395,The study supports testing treatment intensification; it does not establish that intensification improves outcome.,41619904,discussion,,discussion-frames,clinical-oncology;genomics;statistics,broad article-set tags; inspect expression before domain-specific reuse,sentence-frame,retrospective-observational,jto-2026-09-14-stk11-priority-language.md,Discussion frames,401,"临床建议降级；pp19,21.",single-paper-synthesis,synthetic-model
JTO-LINE-399,"Under the observed cCRT-to-durvalumab pathway, [molecular group] was associated with shorter PFS and a higher incidence of distant failure.",41619904,conclusion,,conclusion-frames,clinical-oncology;genomics;statistics,broad article-set tags; inspect expression before domain-specific reuse,sentence-frame,retrospective-observational,jto-2026-09-14-stk11-priority-language.md,Conclusion frames,405,治疗路径限定；pp21-22.,single-paper-synthesis,synthetic-model
JTO-LINE-400,"STK11/CDKN2A co-alteration identified a high-risk subgroup, but prospective validation is required before treatment selection.",41619904,conclusion,,conclusion-frames,clinical-oncology;genomics;statistics,broad article-set tags; inspect expression before domain-specific reuse,sentence-frame,retrospective-observational,jto-2026-09-14-stk11-priority-language.md,Conclusion frames,406,STK11 窄结论；pp21-22.,single-paper-synthesis,synthetic-model
JTO-LINE-401,The results provide a rationale for biomarker-stratified trials rather than evidence for immediate treatment intensification.,41619904,conclusion,,conclusion-frames,clinical-oncology;genomics;statistics,broad article-set tags; inspect expression before domain-specific reuse,sentence-frame,retrospective-observational,jto-2026-09-14-stk11-priority-language.md,Conclusion frames,407,试验依据与临床证据区分；pp21-22.,single-paper-synthesis,synthetic-model
JTO-LINE-405,Table 1 establishes comparability and imbalances before outcome interpretation.,41619904,figure,,figure-and-table-narrative-frames,clinical-oncology;genomics;statistics,broad article-set tags; inspect expression before domain-specific reuse,sentence-frame,retrospective-observational,jto-2026-09-14-stk11-priority-language.md,Figure and table narrative frames,411,基线表功能；p28.,single-paper-synthesis,synthetic-model
JTO-LINE-406,Table 2 reports the complete-case adjusted model and makes the analysis denominator visible.,41619904,figure,,figure-and-table-narrative-frames,clinical-oncology;genomics;statistics,broad article-set tags; inspect expression before domain-specific reuse,sentence-frame,retrospective-observational,jto-2026-09-14-stk11-priority-language.md,Figure and table narrative frames,412,多变量表功能；p29.,single-paper-synthesis,synthetic-model
JTO-LINE-407,Figure 1 presents global PFS before the null OS result.,41619904,figure,,figure-and-table-narrative-frames,clinical-oncology;genomics;statistics,broad article-set tags; inspect expression before domain-specific reuse,sentence-frame,retrospective-observational,jto-2026-09-14-stk11-priority-language.md,Figure and table narrative frames,413,终点层级；p30.,single-paper-synthesis,synthetic-model
JTO-LINE-408,"Figures 2 and 3 decompose progression into locoregional, distant, and organ-specific failure.",41619904,figure,,figure-and-table-narrative-frames,clinical-oncology;genomics;statistics,broad article-set tags; inspect expression before domain-specific reuse,sentence-frame,retrospective-observational,jto-2026-09-14-stk11-priority-language.md,Figure and table narrative frames,414,从总进展到失败模式；pp31-32.,single-paper-synthesis,synthetic-model
JTO-LINE-409,Figure 4 resolves KRAS heterogeneity through gene-specific models and a co-alteration-defined survival curve.,41619904,figure,,figure-and-table-narrative-frames,clinical-oncology;genomics;statistics,broad article-set tags; inspect expression before domain-specific reuse,sentence-frame,retrospective-observational,jto-2026-09-14-stk11-priority-language.md,Figure and table narrative frames,415,STK11 核心图；p33.,single-paper-synthesis,synthetic-model
JTO-LINE-446,somatic coding mutation,39864548,abstract-background,,terminology,clinical-oncology;genomics;statistics,broad article-set tags; inspect expression before domain-specific reuse,vocabulary,retrospective-observational,jto-2026-09-14-stk11-priority-language.md,Abstract background,455,体细胞编码区突变；pp1-2.,single-paper-synthesis,conventional-term-or-collocation
JTO-LINE-447,gene copy deletion,39864548,abstract-background,,terminology,clinical-oncology;genomics;statistics,broad article-set tags; inspect expression before domain-specific reuse,vocabulary,retrospective-observational,jto-2026-09-14-stk11-priority-language.md,Abstract background,456,基因拷贝数缺失；pp1-2.,single-paper-synthesis,conventional-term-or-collocation
JTO-LINE-448,inferior immune-checkpoint-inhibitor outcomes,39864548,abstract-background,,terminology,clinical-oncology;genomics;statistics,broad article-set tags; inspect expression before domain-specific reuse,vocabulary,retrospective-observational,jto-2026-09-14-stk11-priority-language.md,Abstract background,457,较差的免疫检查点抑制剂相关结局；观察性设计中优先写 outcomes 而非 resistance；pp1-2.,single-paper-synthesis,conventional-term-or-collocation
JTO-LINE-449,poorly characterized deletion landscape,39864548,abstract-background,,terminology,clinical-oncology;genomics;statistics,broad article-set tags; inspect expression before domain-specific reuse,vocabulary,retrospective-observational,jto-2026-09-14-stk11-priority-language.md,Abstract background,458,尚未充分表征的缺失谱；p1.,single-paper-synthesis,conventional-term-or-collocation
JTO-LINE-450,The clinical relevance of copy-number loss remains uncertain despite extensive evidence for coding mutations in the same genes.,39864548,abstract-background,,abstract-background,clinical-oncology;genomics;statistics,broad article-set tags; inspect expression before domain-specific reuse,sentence-frame,retrospective-observational,jto-2026-09-14-stk11-priority-language.md,Abstract background,459,从突变证据引出缺失空白；合成.,single-paper-synthesis,synthetic-model
JTO-LINE-454,clinicopathologic correlates,39864548,abstract-methods,,terminology,clinical-oncology;genomics;statistics,broad article-set tags; inspect expression before domain-specific reuse,vocabulary,retrospective-observational,jto-2026-09-14-stk11-priority-language.md,Abstract methods,463,临床病理相关因素；p1.,single-paper-synthesis,conventional-term-or-collocation
JTO-LINE-455,paired genomic and transcriptomic data,39864548,abstract-methods,,terminology,clinical-oncology;genomics;statistics,broad article-set tags; inspect expression before domain-specific reuse,vocabulary,retrospective-observational,jto-2026-09-14-stk11-priority-language.md,Abstract methods,464,"配对基因组与转录组数据；pp1,4.",single-paper-synthesis,conventional-term-or-collocation
JTO-LINE-456,paired genomic and protein-expression data,39864548,abstract-methods,,terminology,clinical-oncology;genomics;statistics,broad article-set tags; inspect expression before domain-specific reuse,vocabulary,retrospective-observational,jto-2026-09-14-stk11-priority-language.md,Abstract methods,465,配对基因组与蛋白表达数据；pp4-5.,single-paper-synthesis,conventional-term-or-collocation
JTO-LINE-457,same-gene mutation exclusion,39864548,abstract-methods,,terminology,clinical-oncology;genomics;statistics,broad article-set tags; inspect expression before domain-specific reuse,vocabulary,retrospective-observational,jto-2026-09-14-stk11-priority-language.md,Abstract methods,466,同基因突变排除；pp1-2.,single-paper-synthesis,conventional-term-or-collocation
JTO-LINE-458,multicenter treatment-outcome cohort,39864548,abstract-methods,,terminology,clinical-oncology;genomics;statistics,broad article-set tags; inspect expression before domain-specific reuse,vocabulary,retrospective-observational,jto-2026-09-14-stk11-priority-language.md,Abstract methods,467,多中心治疗结局队列；pp1-2.,single-paper-synthesis,conventional-term-or-collocation
JTO-LINE-459,Gene-specific deletion analyses excluded tumors with a concurrent coding mutation in the same gene.,39864548,abstract-methods,,abstract-methods,clinical-oncology;genomics;statistics,broad article-set tags; inspect expression before domain-specific reuse,sentence-frame,retrospective-observational,jto-2026-09-14-stk11-priority-language.md,Abstract methods,468,限定基因特异分析集；合成.,single-paper-synthesis,synthetic-model
JTO-LINE-460,"Clinicopathologic, expression, treatment, and immune analyses were performed in distinct cohorts and retained separate denominators.",39864548,abstract-methods,,abstract-methods,clinical-oncology;genomics;statistics,broad article-set tags; inspect expression before domain-specific reuse,sentence-frame,retrospective-observational,jto-2026-09-14-stk11-priority-language.md,Abstract methods,469,防止跨分析集合并；合成.,single-paper-synthesis,synthetic-model
JTO-LINE-464,deletion prevalence,39864548,abstract-results,,terminology,clinical-oncology;genomics;statistics,broad article-set tags; inspect expression before domain-specific reuse,vocabulary,retrospective-observational,jto-2026-09-14-stk11-priority-language.md,Abstract results,473,"缺失发生率；pp1,3.",single-paper-synthesis,conventional-term-or-collocation
JTO-LINE-465,lower corresponding mRNA expression,39864548,abstract-results,,terminology,clinical-oncology;genomics;statistics,broad article-set tags; inspect expression before domain-specific reuse,vocabulary,retrospective-observational,jto-2026-09-14-stk11-priority-language.md,Abstract results,474,"对应 mRNA 表达较低；pp1,4-5.",single-paper-synthesis,conventional-term-or-collocation
JTO-LINE-466,lower LKB1 protein expression,39864548,abstract-results,,terminology,clinical-oncology;genomics;statistics,broad article-set tags; inspect expression before domain-specific reuse,vocabulary,retrospective-observational,jto-2026-09-14-stk11-priority-language.md,Abstract results,475,"LKB1 蛋白表达较低；pp1,4-5.",single-paper-synthesis,conventional-term-or-collocation
JTO-LINE-467,lower PD-L1 tumor proportion score,39864548,abstract-results,,terminology,clinical-oncology;genomics;statistics,broad article-set tags; inspect expression before domain-specific reuse,vocabulary,retrospective-observational,jto-2026-09-14-stk11-priority-language.md,Abstract results,476,"较低的 PD-L1 TPS；pp1,3-4.",single-paper-synthesis,conventional-term-or-collocation
JTO-LINE-468,higher tumor mutational burden,39864548,abstract-results,,terminology,clinical-oncology;genomics;statistics,broad article-set tags; inspect expression before domain-specific reuse,vocabulary,retrospective-observational,jto-2026-09-14-stk11-priority-language.md,Abstract results,477,"较高 TMB；pp1,3-4.",single-paper-synthesis,conventional-term-or-collocation
JTO-LINE-469,higher fraction of chromosomal-arm alterations,39864548,abstract-results,,terminology,clinical-oncology;genomics;statistics,broad article-set tags; inspect expression before domain-specific reuse,vocabulary,retrospective-observational,jto-2026-09-14-stk11-priority-language.md,Abstract results,478,较高染色体臂改变比例；pp3-4.,single-paper-synthesis,conventional-term-or-collocation
JTO-LINE-470,"The deletion group had a lower ORR and shorter PFS and OS than the mutation-negative, nondeleted reference group.",39864548,abstract-results,,abstract-results,clinical-oncology;genomics;statistics,broad article-set tags; inspect expression before domain-specific reuse,sentence-frame,retrospective-observational,jto-2026-09-14-stk11-priority-language.md,Abstract results,479,"三终点并列；pp1,6.",single-paper-synthesis,synthetic-model
JTO-LINE-471,"The association under chemoimmunotherapy was consistent across the three neighboring genes, although extensive co-deletion limited gene-specific attribution.",39864548,abstract-results,,abstract-results,clinical-oncology;genomics;statistics,broad article-set tags; inspect expression before domain-specific reuse,sentence-frame,retrospective-observational,jto-2026-09-14-stk11-priority-language.md,Abstract results,480,总体模式与位点边界；合成.,single-paper-synthesis,synthetic-model
JTO-LINE-472,"ICI-alone results were cohort dependent, with no PFS or OS association in the combined or MSKCC cohorts.",39864548,abstract-results,,abstract-results,clinical-oncology;genomics;statistics,broad article-set tags; inspect expression before domain-specific reuse,sentence-frame,retrospective-observational,jto-2026-09-14-stk11-priority-language.md,Abstract results,481,保留跨机构不一致；pp9-10.,single-paper-synthesis,synthetic-model
JTO-LINE-476,copy-number loss identifies a clinically distinct molecular subset,39864548,abstract-conclusion,,terminology,clinical-oncology;genomics;statistics,broad article-set tags; inspect expression before domain-specific reuse,vocabulary,retrospective-observational,jto-2026-09-14-stk11-priority-language.md,Abstract conclusion,485,拷贝数缺失界定临床不同分子亚群；需限定观察性；pp1-2.,single-paper-synthesis,conventional-term-or-collocation
JTO-LINE-477,Both mutation and deletion status warrant explicit assessment in genomic reports.,39864548,abstract-conclusion,,abstract-conclusion,clinical-oncology;genomics;statistics,broad article-set tags; inspect expression before domain-specific reuse,sentence-frame,retrospective-observational,jto-2026-09-14-stk11-priority-language.md,Abstract conclusion,486,基因报告完整性；pp11-12.,single-paper-synthesis,synthetic-model
JTO-LINE-478,"The findings support evaluation of copy-number state alongside sequence variants, while prospective evidence is required before treatment selection.",39864548,abstract-conclusion,,abstract-conclusion,clinical-oncology;genomics;statistics,broad article-set tags; inspect expression before domain-specific reuse,sentence-frame,retrospective-observational,jto-2026-09-14-stk11-priority-language.md,Abstract conclusion,487,转化意义与验证边界；合成.,single-paper-synthesis,synthetic-model
JTO-LINE-482,imperfect predictive biomarker,39864548,introduction,,terminology,clinical-oncology;genomics;statistics,broad article-set tags; inspect expression before domain-specific reuse,vocabulary,retrospective-observational,jto-2026-09-14-stk11-priority-language.md,Introduction vocabulary and collocations,491,不完善的预测性标志物；p2.,single-paper-synthesis,conventional-term-or-collocation
JTO-LINE-483,immunosuppressive tumor microenvironment,39864548,introduction,,terminology,clinical-oncology;genomics;statistics,broad article-set tags; inspect expression before domain-specific reuse,vocabulary,retrospective-observational,jto-2026-09-14-stk11-priority-language.md,Introduction vocabulary and collocations,492,免疫抑制性肿瘤微环境；p2.,single-paper-synthesis,conventional-term-or-collocation
JTO-LINE-484,oxidative-stress pathway,39864548,introduction,,terminology,clinical-oncology;genomics;statistics,broad article-set tags; inspect expression before domain-specific reuse,vocabulary,retrospective-observational,jto-2026-09-14-stk11-priority-language.md,Introduction vocabulary and collocations,493,氧化应激通路；p2.,single-paper-synthesis,conventional-term-or-collocation
JTO-LINE-485,SWI/SNF chromatin-remodeling complex,39864548,introduction,,terminology,clinical-oncology;genomics;statistics,broad article-set tags; inspect expression before domain-specific reuse,vocabulary,retrospective-observational,jto-2026-09-14-stk11-priority-language.md,Introduction vocabulary and collocations,494,SWI/SNF 染色质重塑复合体；p2.,single-paper-synthesis,conventional-term-or-collocation
JTO-LINE-486,mono-allelic deletion,39864548,introduction,,terminology,clinical-oncology;genomics;statistics,broad article-set tags; inspect expression before domain-specific reuse,vocabulary,retrospective-observational,jto-2026-09-14-stk11-priority-language.md,Introduction vocabulary and collocations,495,单等位基因缺失；p2.,single-paper-synthesis,conventional-term-or-collocation
JTO-LINE-487,bi-allelic deletion,39864548,introduction,,terminology,clinical-oncology;genomics;statistics,broad article-set tags; inspect expression before domain-specific reuse,vocabulary,retrospective-observational,jto-2026-09-14-stk11-priority-language.md,Introduction vocabulary and collocations,496,双等位基因缺失；p2.,single-paper-synthesis,conventional-term-or-collocation
JTO-LINE-488,coding-mutation-centered evidence base,39864548,introduction,,terminology,clinical-oncology;genomics;statistics,broad article-set tags; inspect expression before domain-specific reuse,vocabulary,retrospective-observational,jto-2026-09-14-stk11-priority-language.md,Introduction vocabulary and collocations,497,以编码突变为中心的证据基础；合成.,single-paper-synthesis,conventional-term-or-collocation
JTO-LINE-489,downstream expression consequence,39864548,introduction,,terminology,clinical-oncology;genomics;statistics,broad article-set tags; inspect expression before domain-specific reuse,vocabulary,retrospective-observational,jto-2026-09-14-stk11-priority-language.md,Introduction vocabulary and collocations,498,"下游表达后果；pp2,11.",single-paper-synthesis,conventional-term-or-collocation
JTO-LINE-493,"Although [biomarkers] enrich for benefit, responses occur across their full range, motivating additional molecular stratifiers.",39864548,introduction,,introduction-frames,clinical-oncology;genomics;statistics,broad article-set tags; inspect expression before domain-specific reuse,sentence-frame,retrospective-observational,jto-2026-09-14-stk11-priority-language.md,Introduction frames,502,从已有标志物局限引出新标志物；p2.,single-paper-synthesis,synthetic-model
JTO-LINE-494,"Prior studies have focused mainly on coding mutations, leaving copy-number deletions insufficiently characterized.",39864548,introduction,,introduction-frames,clinical-oncology;genomics;statistics,broad article-set tags; inspect expression before domain-specific reuse,sentence-frame,retrospective-observational,jto-2026-09-14-stk11-priority-language.md,Introduction frames,503,研究缺口；p2.,single-paper-synthesis,synthetic-model
JTO-LINE-495,"Because the genes are physically adjacent and frequently co-altered, locus structure must be considered alongside gene identity.",39864548,introduction,,introduction-frames,clinical-oncology;genomics;statistics,broad article-set tags; inspect expression before domain-specific reuse,sentence-frame,retrospective-observational,jto-2026-09-14-stk11-priority-language.md,Introduction frames,504,19p 位点背景；p2.,single-paper-synthesis,synthetic-model
JTO-LINE-496,"We therefore characterized deletion frequency, clinicopathologic correlates, downstream expression, and treatment-associated outcomes.",39864548,introduction,,introduction-frames,clinical-oncology;genomics;statistics,broad article-set tags; inspect expression before domain-specific reuse,sentence-frame,retrospective-observational,jto-2026-09-14-stk11-priority-language.md,Introduction frames,505,多模块研究目标；p2.,single-paper-synthesis,synthetic-model
JTO-LINE-497,"For STK11 work, sequence variation, copy-number state, allelic state, RNA abundance, and LKB1 protein expression should be treated as separate variables.",39864548,introduction,,introduction-frames,clinical-oncology;genomics;statistics,broad article-set tags; inspect expression before domain-specific reuse,sentence-frame,retrospective-observational,jto-2026-09-14-stk11-priority-language.md,Introduction frames,506,STK11 迁移原则；合成.,single-paper-synthesis,synthetic-model
JTO-LINE-501,consecutive nonsquamous NSCLC cohort,39864548,methods,,terminology,clinical-oncology;genomics;statistics,broad article-set tags; inspect expression before domain-specific reuse,vocabulary,retrospective-observational,jto-2026-09-14-stk11-priority-language.md,Methods vocabulary and collocations,510,连续非鳞 NSCLC 队列；p2.,single-paper-synthesis,conventional-term-or-collocation
JTO-LINE-502,tumor-purity threshold,39864548,methods,,terminology,clinical-oncology;genomics;statistics,broad article-set tags; inspect expression before domain-specific reuse,vocabulary,retrospective-observational,jto-2026-09-14-stk11-priority-language.md,Methods vocabulary and collocations,511,肿瘤纯度阈值；p2.,single-paper-synthesis,conventional-term-or-collocation
JTO-LINE-503,internal copy-number-calling pipeline,39864548,methods,,terminology,clinical-oncology;genomics;statistics,broad article-set tags; inspect expression before domain-specific reuse,vocabulary,retrospective-observational,jto-2026-09-14-stk11-priority-language.md,Methods vocabulary and collocations,512,内部拷贝数判定流程；p2.,single-paper-synthesis,conventional-term-or-collocation
JTO-LINE-504,shallow deletion,39864548,methods,,terminology,clinical-oncology;genomics;statistics,broad article-set tags; inspect expression before domain-specific reuse,vocabulary,retrospective-observational,jto-2026-09-14-stk11-priority-language.md,Methods vocabulary and collocations,513,浅缺失/单等位缺失；p2.,single-paper-synthesis,conventional-term-or-collocation
JTO-LINE-505,deep deletion,39864548,methods,,terminology,clinical-oncology;genomics;statistics,broad article-set tags; inspect expression before domain-specific reuse,vocabulary,retrospective-observational,jto-2026-09-14-stk11-priority-language.md,Methods vocabulary and collocations,514,深缺失/双等位缺失；p2.,single-paper-synthesis,conventional-term-or-collocation
JTO-LINE-506,gene-specific mutation exclusion,39864548,methods,,terminology,clinical-oncology;genomics;statistics,broad article-set tags; inspect expression before domain-specific reuse,vocabulary,retrospective-observational,jto-2026-09-14-stk11-priority-language.md,Methods vocabulary and collocations,515,基因特异突变排除；p2.,single-paper-synthesis,conventional-term-or-collocation
JTO-LINE-507,TCGA Pan-Cancer Atlas,39864548,methods,,terminology,clinical-oncology;genomics;statistics,broad article-set tags; inspect expression before domain-specific reuse,vocabulary,retrospective-observational,jto-2026-09-14-stk11-priority-language.md,Methods vocabulary and collocations,516,"TCGA 泛癌图谱；pp2,4-5.",single-paper-synthesis,conventional-term-or-collocation
JTO-LINE-508,RNA-Seq by Expectation Maximization,39864548,methods,,terminology,clinical-oncology;genomics;statistics,broad article-set tags; inspect expression before domain-specific reuse,vocabulary,retrospective-observational,jto-2026-09-14-stk11-priority-language.md,Methods vocabulary and collocations,517,RSEM RNA 定量；p5.,single-paper-synthesis,conventional-term-or-collocation
JTO-LINE-509,reverse-phase protein array,39864548,methods,,terminology,clinical-oncology;genomics;statistics,broad article-set tags; inspect expression before domain-specific reuse,vocabulary,retrospective-observational,jto-2026-09-14-stk11-priority-language.md,Methods vocabulary and collocations,518,反相蛋白阵列；p5.,single-paper-synthesis,conventional-term-or-collocation
JTO-LINE-510,batch-normalized expression,39864548,methods,,terminology,clinical-oncology;genomics;statistics,broad article-set tags; inspect expression before domain-specific reuse,vocabulary,retrospective-observational,jto-2026-09-14-stk11-priority-language.md,Methods vocabulary and collocations,519,批次标准化表达量；p5.,single-paper-synthesis,conventional-term-or-collocation
JTO-LINE-511,fraction of chromosomal-arm alterations,39864548,methods,,terminology,clinical-oncology;genomics;statistics,broad article-set tags; inspect expression before domain-specific reuse,vocabulary,retrospective-observational,jto-2026-09-14-stk11-priority-language.md,Methods vocabulary and collocations,520,"染色体臂改变比例；pp3,8-9.",single-paper-synthesis,conventional-term-or-collocation
JTO-LINE-512,multiplex immunofluorescence platform,39864548,methods,,terminology,clinical-oncology;genomics;statistics,broad article-set tags; inspect expression before domain-specific reuse,vocabulary,retrospective-observational,jto-2026-09-14-stk11-priority-language.md,Methods vocabulary and collocations,521,多重免疫荧光平台；p10.,single-paper-synthesis,conventional-term-or-collocation
JTO-LINE-513,non-immunotherapy control cohort,39864548,methods,,terminology,clinical-oncology;genomics;statistics,broad article-set tags; inspect expression before domain-specific reuse,vocabulary,retrospective-observational,jto-2026-09-14-stk11-priority-language.md,Methods vocabulary and collocations,522,未接受免疫治疗的对照队列；p10.,single-paper-synthesis,conventional-term-or-collocation
JTO-LINE-517,"Copy-number status was classified as no deletion, mono-allelic deletion, or bi-allelic deletion using institution-specific NGS pipelines.",39864548,methods,,methods-frames,clinical-oncology;genomics;statistics,broad article-set tags; inspect expression before domain-specific reuse,sentence-frame,retrospective-observational,jto-2026-09-14-stk11-priority-language.md,Methods frames,526,缺失分层；p2.,single-paper-synthesis,synthetic-model
JTO-LINE-518,Samples with tumor purity below [threshold] were excluded because copy-number estimates were considered unreliable.,39864548,methods,,methods-frames,clinical-oncology;genomics;statistics,broad article-set tags; inspect expression before domain-specific reuse,sentence-frame,retrospective-observational,jto-2026-09-14-stk11-priority-language.md,Methods frames,527,质量控制；p2.,single-paper-synthesis,synthetic-model
JTO-LINE-519,Each gene was analyzed after excluding tumors with a concurrent coding mutation in that gene.,39864548,methods,,methods-frames,clinical-oncology;genomics;statistics,broad article-set tags; inspect expression before domain-specific reuse,sentence-frame,retrospective-observational,jto-2026-09-14-stk11-priority-language.md,Methods frames,528,控制同基因突变；p2.,single-paper-synthesis,synthetic-model
JTO-LINE-520,"Genomic-to-expression associations were assessed in TCGA, whereas treatment outcomes were evaluated in independent institutional cohorts.",39864548,methods,,methods-frames,clinical-oncology;genomics;statistics,broad article-set tags; inspect expression before domain-specific reuse,sentence-frame,retrospective-observational,jto-2026-09-14-stk11-priority-language.md,Methods frames,529,"分离分析集；pp2,4-6.",single-paper-synthesis,synthetic-model
JTO-LINE-521,The immune phenotype was evaluated in a separate multiplex-immunofluorescence cohort.,39864548,methods,,methods-frames,clinical-oncology;genomics;statistics,broad article-set tags; inspect expression before domain-specific reuse,sentence-frame,retrospective-observational,jto-2026-09-14-stk11-priority-language.md,Methods frames,530,免疫队列边界；p10.,single-paper-synthesis,synthetic-model
JTO-LINE-522,"For locus-linked genes, report both gene-level and locus-level analyses and make co-deletion exclusions explicit.",39864548,methods,,methods-frames,clinical-oncology;genomics;statistics,broad article-set tags; inspect expression before domain-specific reuse,sentence-frame,retrospective-observational,jto-2026-09-14-stk11-priority-language.md,Methods frames,531,共缺失方法框架；合成.,single-paper-synthesis,synthetic-model
JTO-LINE-526,co-occurring deletion,39864548,results,,terminology,clinical-oncology;genomics;statistics,broad article-set tags; inspect expression before domain-specific reuse,vocabulary,retrospective-observational,jto-2026-09-14-stk11-priority-language.md,Results vocabulary and collocations,535,共存缺失；p3.,single-paper-synthesis,conventional-term-or-collocation
JTO-LINE-527,chromosomal-locus co-deletion,39864548,results,,terminology,clinical-oncology;genomics;statistics,broad article-set tags; inspect expression before domain-specific reuse,vocabulary,retrospective-observational,jto-2026-09-14-stk11-priority-language.md,Results vocabulary and collocations,536,"染色体位点共缺失；pp3,9,12.",single-paper-synthesis,conventional-term-or-collocation
JTO-LINE-528,gene-specific analytic subset,39864548,results,,terminology,clinical-oncology;genomics;statistics,broad article-set tags; inspect expression before domain-specific reuse,vocabulary,retrospective-observational,jto-2026-09-14-stk11-priority-language.md,Results vocabulary and collocations,537,基因特异分析亚集；p4.,single-paper-synthesis,conventional-term-or-collocation
JTO-LINE-529,corresponding transcript abundance,39864548,results,,terminology,clinical-oncology;genomics;statistics,broad article-set tags; inspect expression before domain-specific reuse,vocabulary,retrospective-observational,jto-2026-09-14-stk11-priority-language.md,Results vocabulary and collocations,538,对应转录本丰度；pp4-5.,single-paper-synthesis,conventional-term-or-collocation
JTO-LINE-530,standardized protein-expression z score,39864548,results,,terminology,clinical-oncology;genomics;statistics,broad article-set tags; inspect expression before domain-specific reuse,vocabulary,retrospective-observational,jto-2026-09-14-stk11-priority-language.md,Results vocabulary and collocations,539,标准化蛋白表达 z 分数；p5.,single-paper-synthesis,conventional-term-or-collocation
JTO-LINE-531,genotype-to-expression correlation,39864548,results,,terminology,clinical-oncology;genomics;statistics,broad article-set tags; inspect expression before domain-specific reuse,vocabulary,retrospective-observational,jto-2026-09-14-stk11-priority-language.md,Results vocabulary and collocations,540,基因型与表达相关性；pp4-5.,single-paper-synthesis,conventional-term-or-collocation
JTO-LINE-532,chemoimmunotherapy outcome association,39864548,results,,terminology,clinical-oncology;genomics;statistics,broad article-set tags; inspect expression before domain-specific reuse,vocabulary,retrospective-observational,jto-2026-09-14-stk11-priority-language.md,Results vocabulary and collocations,541,化疗免疫治疗结局关联；pp5-8.,single-paper-synthesis,conventional-term-or-collocation
JTO-LINE-533,allelic-state comparison,39864548,results,,terminology,clinical-oncology;genomics;statistics,broad article-set tags; inspect expression before domain-specific reuse,vocabulary,retrospective-observational,jto-2026-09-14-stk11-priority-language.md,Results vocabulary and collocations,542,等位状态比较；pp7-8.,single-paper-synthesis,conventional-term-or-collocation
JTO-LINE-534,double-hit inactivation,39864548,results,,terminology,clinical-oncology;genomics;statistics,broad article-set tags; inspect expression before domain-specific reuse,vocabulary,retrospective-observational,jto-2026-09-14-stk11-priority-language.md,Results vocabulary and collocations,543,"双击失活；pp4,7-8.",single-paper-synthesis,conventional-term-or-collocation
JTO-LINE-535,genome-wide deletion-enrichment analysis,39864548,results,,terminology,clinical-oncology;genomics;statistics,broad article-set tags; inspect expression before domain-specific reuse,vocabulary,retrospective-observational,jto-2026-09-14-stk11-priority-language.md,Results vocabulary and collocations,544,全基因组缺失富集分析；pp8-10.,single-paper-synthesis,conventional-term-or-collocation
JTO-LINE-536,FAA-tertile subgroup,39864548,results,,terminology,clinical-oncology;genomics;statistics,broad article-set tags; inspect expression before domain-specific reuse,vocabulary,retrospective-observational,jto-2026-09-14-stk11-priority-language.md,Results vocabulary and collocations,545,FAA 三分位亚组；p9.,single-paper-synthesis,conventional-term-or-collocation
JTO-LINE-537,locus-level outcome analysis,39864548,results,,terminology,clinical-oncology;genomics;statistics,broad article-set tags; inspect expression before domain-specific reuse,vocabulary,retrospective-observational,jto-2026-09-14-stk11-priority-language.md,Results vocabulary and collocations,546,位点层面结局分析；p9.,single-paper-synthesis,conventional-term-or-collocation
JTO-LINE-538,institution-dependent ICI association,39864548,results,,terminology,clinical-oncology;genomics;statistics,broad article-set tags; inspect expression before domain-specific reuse,vocabulary,retrospective-observational,jto-2026-09-14-stk11-priority-language.md,Results vocabulary and collocations,547,机构依赖的 ICI 关联；pp9-11.,single-paper-synthesis,conventional-term-or-collocation
JTO-LINE-539,immune-cell-subset quantification,39864548,results,,terminology,clinical-oncology;genomics;statistics,broad article-set tags; inspect expression before domain-specific reuse,vocabulary,retrospective-observational,jto-2026-09-14-stk11-priority-language.md,Results vocabulary and collocations,548,免疫细胞亚群定量；p10.,single-paper-synthesis,conventional-term-or-collocation
JTO-LINE-543,"Among [N] tumors, [n/N] had a deletion in [gene], of which [n] were bi-allelic.",39864548,results,,results-frames,clinical-oncology;genomics;statistics,broad article-set tags; inspect expression before domain-specific reuse,sentence-frame,retrospective-observational,jto-2026-09-14-stk11-priority-language.md,Results frames,552,发生率与等位状态；p3.,single-paper-synthesis,synthetic-model
JTO-LINE-544,"Of tumors with at least one deletion across the three neighboring genes, [percentage] carried deletions in all three.",39864548,results,,results-frames,clinical-oncology;genomics;statistics,broad article-set tags; inspect expression before domain-specific reuse,sentence-frame,retrospective-observational,jto-2026-09-14-stk11-priority-language.md,Results frames,553,共缺失程度；p3.,single-paper-synthesis,synthetic-model
JTO-LINE-545,"After excluding concurrent [gene] mutations, the gene-specific analysis included [N] tumors, [percentage] of which were deleted.",39864548,results,,results-frames,clinical-oncology;genomics;statistics,broad article-set tags; inspect expression before domain-specific reuse,sentence-frame,retrospective-observational,jto-2026-09-14-stk11-priority-language.md,Results frames,554,分母变化；p4.,single-paper-synthesis,synthetic-model
JTO-LINE-546,Deletion was associated with lower median PD-L1 TPS but higher TMB and FAA.,39864548,results,,results-frames,clinical-oncology;genomics;statistics,broad article-set tags; inspect expression before domain-specific reuse,sentence-frame,retrospective-observational,jto-2026-09-14-stk11-priority-language.md,Results frames,555,免疫与基因组特征并列；pp3-4.,single-paper-synthesis,synthetic-model
JTO-LINE-547,"In the TCGA subset, deletion correlated with lower corresponding mRNA abundance; STK11 deletion also correlated with lower LKB1 protein expression.",39864548,results,,results-frames,clinical-oncology;genomics;statistics,broad article-set tags; inspect expression before domain-specific reuse,sentence-frame,retrospective-observational,jto-2026-09-14-stk11-priority-language.md,Results frames,556,基因到表达链；pp4-5.,single-paper-synthesis,synthetic-model
JTO-LINE-548,"Among [N] treated patients, the deleted group had an ORR of [x%] versus [y%] and shorter PFS and OS, with gene-specific denominators shown separately.",39864548,results,,results-frames,clinical-oncology;genomics;statistics,broad article-set tags; inspect expression before domain-specific reuse,sentence-frame,retrospective-observational,jto-2026-09-14-stk11-priority-language.md,Results frames,557,治疗结局；pp5-7.,single-paper-synthesis,synthetic-model
JTO-LINE-549,"Mono-allelic deletion and mono-allelic mutation had similar observed outcomes, but this comparison does not establish functional equivalence.",39864548,results,,results-frames,clinical-oncology;genomics;statistics,broad article-set tags; inspect expression before domain-specific reuse,sentence-frame,retrospective-observational,jto-2026-09-14-stk11-priority-language.md,Results frames,558,1DEL/1MUT 边界；pp7-8.,single-paper-synthesis,synthetic-model
JTO-LINE-550,"The adverse association remained after the reported FAA adjustment, although the adjusted model was available only in supplementary material.",39864548,results,,results-frames,clinical-oncology;genomics;statistics,broad article-set tags; inspect expression before domain-specific reuse,sentence-frame,retrospective-observational,jto-2026-09-14-stk11-priority-language.md,Results frames,559,稳健性与补充材料边界；p9.,single-paper-synthesis,synthetic-model
JTO-LINE-551,Gene-deletion enrichment was evaluated only in DFCI because genome-wide deletion data were unavailable for MSKCC.,39864548,results,,results-frames,clinical-oncology;genomics;statistics,broad article-set tags; inspect expression before domain-specific reuse,sentence-frame,retrospective-observational,jto-2026-09-14-stk11-priority-language.md,Results frames,560,平台可用性；p9.,single-paper-synthesis,synthetic-model
JTO-LINE-552,"Single-gene-only deletion groups were not significantly different from wild type, but several groups contained fewer than 10 patients.",39864548,results,,results-frames,clinical-oncology;genomics;statistics,broad article-set tags; inspect expression before domain-specific reuse,sentence-frame,retrospective-observational,jto-2026-09-14-stk11-priority-language.md,Results frames,561,小样本阴性；p9.,single-paper-synthesis,synthetic-model
JTO-LINE-553,"In the ICI-alone cohort, no PFS or OS association was observed in the combined or MSKCC analyses; DFCI signals were largely restricted to KRAS-mutant disease.",39864548,results,,results-frames,clinical-oncology;genomics;statistics,broad article-set tags; inspect expression before domain-specific reuse,sentence-frame,retrospective-observational,jto-2026-09-14-stk11-priority-language.md,Results frames,562,机构异质性；pp9-10.,single-paper-synthesis,synthetic-model
JTO-LINE-554,"STK11 and KEAP1 deletion were associated with lower PD-L1 TPS, whereas quantified immune-cell subsets did not differ significantly.",39864548,results,,results-frames,clinical-oncology;genomics;statistics,broad article-set tags; inspect expression before domain-specific reuse,sentence-frame,retrospective-observational,jto-2026-09-14-stk11-priority-language.md,Results frames,563,免疫表型正负结果并列；p10.,single-paper-synthesis,synthetic-model
JTO-LINE-558,phenotypic consequence of mono-allelic loss,39864548,discussion,,terminology,clinical-oncology;genomics;statistics,broad article-set tags; inspect expression before domain-specific reuse,vocabulary,retrospective-observational,jto-2026-09-14-stk11-priority-language.md,Discussion vocabulary and collocations,567,单等位缺失的表型后果；p11.,single-paper-synthesis,conventional-term-or-collocation
JTO-LINE-559,haploinsufficiency hypothesis,39864548,discussion,,terminology,clinical-oncology;genomics;statistics,broad article-set tags; inspect expression before domain-specific reuse,vocabulary,retrospective-observational,jto-2026-09-14-stk11-priority-language.md,Discussion vocabulary and collocations,568,单倍剂量不足假说；pp11-12.,single-paper-synthesis,conventional-term-or-collocation
JTO-LINE-560,dominant-negative effect,39864548,discussion,,terminology,clinical-oncology;genomics;statistics,broad article-set tags; inspect expression before domain-specific reuse,vocabulary,retrospective-observational,jto-2026-09-14-stk11-priority-language.md,Discussion vocabulary and collocations,569,显性负效应；p11.,single-paper-synthesis,conventional-term-or-collocation
JTO-LINE-561,downstream protein-level surrogate,39864548,discussion,,terminology,clinical-oncology;genomics;statistics,broad article-set tags; inspect expression before domain-specific reuse,vocabulary,retrospective-observational,jto-2026-09-14-stk11-priority-language.md,Discussion vocabulary and collocations,570,下游蛋白层面替代指标；p11.,single-paper-synthesis,conventional-term-or-collocation
JTO-LINE-562,platform-dependent copy-number calling,39864548,discussion,,terminology,clinical-oncology;genomics;statistics,broad article-set tags; inspect expression before domain-specific reuse,vocabulary,retrospective-observational,jto-2026-09-14-stk11-priority-language.md,Discussion vocabulary and collocations,571,平台依赖的拷贝数判定；p11.,single-paper-synthesis,conventional-term-or-collocation
JTO-LINE-563,immune-modulating therapy,39864548,discussion,,terminology,clinical-oncology;genomics;statistics,broad article-set tags; inspect expression before domain-specific reuse,vocabulary,retrospective-observational,jto-2026-09-14-stk11-priority-language.md,Discussion vocabulary and collocations,572,免疫调节治疗；p11.,single-paper-synthesis,conventional-term-or-collocation
JTO-LINE-564,predictive-versus-prognostic distinction,39864548,discussion,,terminology,clinical-oncology;genomics;statistics,broad article-set tags; inspect expression before domain-specific reuse,vocabulary,retrospective-observational,jto-2026-09-14-stk11-priority-language.md,Discussion vocabulary and collocations,573,预测与预后区分；p10-11.,single-paper-synthesis,conventional-term-or-collocation
JTO-LINE-565,perioperative immunotherapy,39864548,discussion,,terminology,clinical-oncology;genomics;statistics,broad article-set tags; inspect expression before domain-specific reuse,vocabulary,retrospective-observational,jto-2026-09-14-stk11-priority-language.md,Discussion vocabulary and collocations,574,围手术期免疫治疗；p12.,single-paper-synthesis,conventional-term-or-collocation
JTO-LINE-566,treatment-intensification hypothesis,39864548,discussion,,terminology,clinical-oncology;genomics;statistics,broad article-set tags; inspect expression before domain-specific reuse,vocabulary,retrospective-observational,jto-2026-09-14-stk11-priority-language.md,Discussion vocabulary and collocations,575,治疗强化假说；p12.,single-paper-synthesis,conventional-term-or-collocation
JTO-LINE-567,locus-level attribution problem,39864548,discussion,,terminology,clinical-oncology;genomics;statistics,broad article-set tags; inspect expression before domain-specific reuse,vocabulary,retrospective-observational,jto-2026-09-14-stk11-priority-language.md,Discussion vocabulary and collocations,576,位点层面归因问题；p12.,single-paper-synthesis,conventional-term-or-collocation
JTO-LINE-571,The study extends mutation-centered evidence to copy-number loss and links genotype with downstream transcript and protein abundance.,39864548,discussion,,discussion-frames,clinical-oncology;genomics;statistics,broad article-set tags; inspect expression before domain-specific reuse,sentence-frame,retrospective-observational,jto-2026-09-14-stk11-priority-language.md,Discussion frames,580,主要贡献；pp10-11.,single-paper-synthesis,synthetic-model
JTO-LINE-572,"Because most deletions were mono-allelic, the observed expression reduction is compatible with, but does not prove, clinically relevant haploinsufficiency.",39864548,discussion,,discussion-frames,clinical-oncology;genomics;statistics,broad article-set tags; inspect expression before domain-specific reuse,sentence-frame,retrospective-observational,jto-2026-09-14-stk11-priority-language.md,Discussion frames,581,机制校准；pp11-12.,single-paper-synthesis,synthetic-model
JTO-LINE-573,Similar outcomes for mutation and deletion groups do not demonstrate biological equivalence between sequence alteration and copy-number loss.,39864548,discussion,,discussion-frames,clinical-oncology;genomics;statistics,broad article-set tags; inspect expression before domain-specific reuse,sentence-frame,retrospective-observational,jto-2026-09-14-stk11-priority-language.md,Discussion frames,582,"组间相似边界；pp7-8,11.",single-paper-synthesis,synthetic-model
JTO-LINE-574,"The close genomic proximity of STK11, KEAP1, and SMARCA4 limits attribution of the observed association to any one gene.",39864548,discussion,,discussion-frames,clinical-oncology;genomics;statistics,broad article-set tags; inspect expression before domain-specific reuse,sentence-frame,retrospective-observational,jto-2026-09-14-stk11-priority-language.md,Discussion frames,583,"19p 归因；pp9,12.",single-paper-synthesis,synthetic-model
JTO-LINE-575,Cross-institution differences in copy-number calling may explain part of the inconsistent ICI-alone results.,39864548,discussion,,discussion-frames,clinical-oncology;genomics;statistics,broad article-set tags; inspect expression before domain-specific reuse,sentence-frame,retrospective-observational,jto-2026-09-14-stk11-priority-language.md,Discussion frames,584,平台解释；p11.,single-paper-synthesis,synthetic-model
JTO-LINE-576,The observational control cohort weakens a purely prognostic explanation but does not establish treatment prediction without a formal interaction analysis.,39864548,discussion,,discussion-frames,clinical-oncology;genomics;statistics,broad article-set tags; inspect expression before domain-specific reuse,sentence-frame,retrospective-observational,jto-2026-09-14-stk11-priority-language.md,Discussion frames,585,预测主张校准；pp10-11.,single-paper-synthesis,synthetic-model
JTO-LINE-577,The lack of differences in quantified immune-cell subsets argues against equating lower PD-L1 with a fully characterized immune-cold phenotype in this data set.,39864548,discussion,,discussion-frames,clinical-oncology;genomics;statistics,broad article-set tags; inspect expression before domain-specific reuse,sentence-frame,retrospective-observational,jto-2026-09-14-stk11-priority-language.md,Discussion frames,586,免疫解释边界；p10.,single-paper-synthesis,synthetic-model
JTO-LINE-578,Treatment intensification and CTLA-4-containing strategies require prospective evaluation and cannot be recommended from these data alone.,39864548,discussion,,discussion-frames,clinical-oncology;genomics;statistics,broad article-set tags; inspect expression before domain-specific reuse,sentence-frame,retrospective-observational,jto-2026-09-14-stk11-priority-language.md,Discussion frames,587,临床应用边界；p12.,single-paper-synthesis,synthetic-model
JTO-LINE-582,"Copy-number deletions in STK11, KEAP1, and SMARCA4 were common and associated with clinicopathologic, expression, and treatment-outcome differences.",39864548,conclusion,,conclusion-frames,clinical-oncology;genomics;statistics,broad article-set tags; inspect expression before domain-specific reuse,sentence-frame,retrospective-observational,jto-2026-09-14-stk11-priority-language.md,Conclusion frames,591,观察性总括；p12.,single-paper-synthesis,synthetic-model
JTO-LINE-583,Comprehensive genomic reporting should preserve both sequence-variant and copy-number information.,39864548,conclusion,,conclusion-frames,clinical-oncology;genomics;statistics,broad article-set tags; inspect expression before domain-specific reuse,sentence-frame,retrospective-observational,jto-2026-09-14-stk11-priority-language.md,Conclusion frames,592,报告意义；p12.,single-paper-synthesis,synthetic-model
JTO-LINE-584,"Prospective, platform-harmonized studies are needed to separate locus-level prognosis from gene-specific treatment prediction.",39864548,conclusion,,conclusion-frames,clinical-oncology;genomics;statistics,broad article-set tags; inspect expression before domain-specific reuse,sentence-frame,retrospective-observational,jto-2026-09-14-stk11-priority-language.md,Conclusion frames,593,下一步；合成.,single-paper-synthesis,synthetic-model
JTO-LINE-588,"Figure 1 establishes prevalence and aligns deletion status with PD-L1, TMB, and aneuploidy.",39864548,figure,,figure-and-table-narrative-frames,clinical-oncology;genomics;statistics,broad article-set tags; inspect expression before domain-specific reuse,sentence-frame,retrospective-observational,jto-2026-09-14-stk11-priority-language.md,Figure and table narrative frames,597,临床基因组入口；p3.,single-paper-synthesis,synthetic-model
JTO-LINE-589,Table 1 makes the gene-specific mutation-excluded denominators visible before downstream comparisons.,39864548,figure,,figure-and-table-narrative-frames,clinical-oncology;genomics;statistics,broad article-set tags; inspect expression before domain-specific reuse,sentence-frame,retrospective-observational,jto-2026-09-14-stk11-priority-language.md,Figure and table narrative frames,598,分母透明；p4.,single-paper-synthesis,synthetic-model
JTO-LINE-590,"Figure 2 links deletion status to corresponding transcripts and, for STK11, LKB1 protein abundance.",39864548,figure,,figure-and-table-narrative-frames,clinical-oncology;genomics;statistics,broad article-set tags; inspect expression before domain-specific reuse,sentence-frame,retrospective-observational,jto-2026-09-14-stk11-priority-language.md,Figure and table narrative frames,599,基因到表达；p5.,single-paper-synthesis,synthetic-model
JTO-LINE-591,"Figure 3 reports ORR, PFS, and OS under chemoimmunotherapy with separate denominators for each endpoint.",39864548,figure,,figure-and-table-narrative-frames,clinical-oncology;genomics;statistics,broad article-set tags; inspect expression before domain-specific reuse,sentence-frame,retrospective-observational,jto-2026-09-14-stk11-priority-language.md,Figure and table narrative frames,600,临床结局；p6.,single-paper-synthesis,synthetic-model
JTO-LINE-592,"Figure 4 compares wild type, mono-allelic deletion, mono-allelic mutation, and double-hit states without assuming a monotonic dose effect.",39864548,figure,,figure-and-table-narrative-frames,clinical-oncology;genomics;statistics,broad article-set tags; inspect expression before domain-specific reuse,sentence-frame,retrospective-observational,jto-2026-09-14-stk11-priority-language.md,Figure and table narrative frames,601,等位层级；p7.,single-paper-synthesis,synthetic-model
JTO-LINE-593,Figure 5 places the three genes within a broader deletion-enrichment screen and shows that STK11 enrichment is weaker than KEAP1 or SMARCA4 in one comparison.,39864548,figure,,figure-and-table-narrative-frames,clinical-oncology;genomics;statistics,broad article-set tags; inspect expression before domain-specific reuse,sentence-frame,retrospective-observational,jto-2026-09-14-stk11-priority-language.md,Figure and table narrative frames,602,全基因组背景；p8.,single-paper-synthesis,synthetic-model
JTO-LINE-631,oncogene-driven disease,42409117,abstract-background,,terminology,clinical-oncology;genomics;statistics,broad article-set tags; inspect expression before domain-specific reuse,vocabulary,retrospective-observational,jto-2026-09-14-stk11-priority-language.md,Abstract background,643,癌基因驱动疾病；pp1-2.,single-paper-synthesis,conventional-term-or-collocation
JTO-LINE-632,frequent genomic event,42409117,abstract-background,,terminology,clinical-oncology;genomics;statistics,broad article-set tags; inspect expression before domain-specific reuse,vocabulary,retrospective-observational,jto-2026-09-14-stk11-priority-language.md,Abstract background,644,常见基因组事件；p1.,single-paper-synthesis,conventional-term-or-collocation
JTO-LINE-633,clinical and therapeutic implications remain incompletely understood,42409117,abstract-background,,terminology,clinical-oncology;genomics;statistics,broad article-set tags; inspect expression before domain-specific reuse,vocabulary,retrospective-observational,jto-2026-09-14-stk11-priority-language.md,Abstract background,645,临床和治疗意义尚未完全明确；p1.,single-paper-synthesis,conventional-term-or-collocation
JTO-LINE-634,targeted-therapy resistance context,42409117,abstract-background,,terminology,clinical-oncology;genomics;statistics,broad article-set tags; inspect expression before domain-specific reuse,vocabulary,retrospective-observational,jto-2026-09-14-stk11-priority-language.md,Abstract background,646,靶向治疗耐药背景；pp1-2.,single-paper-synthesis,conventional-term-or-collocation
JTO-LINE-635,The prognostic relevance of [co-deletion] under first-line genotype-matched therapy remains uncertain.,42409117,abstract-background,,abstract-background,clinical-oncology;genomics;statistics,broad article-set tags; inspect expression before domain-specific reuse,sentence-frame,retrospective-observational,jto-2026-09-14-stk11-priority-language.md,Abstract background,647,靶向治疗情境下的缺口；合成.,single-paper-synthesis,synthetic-model
JTO-LINE-639,large real-world genomic database,42409117,abstract-methods,,terminology,clinical-oncology;genomics;statistics,broad article-set tags; inspect expression before domain-specific reuse,vocabulary,retrospective-observational,jto-2026-09-14-stk11-priority-language.md,Abstract methods,651,大型真实世界基因组数据库；p1.,single-paper-synthesis,conventional-term-or-collocation
JTO-LINE-640,independent clinical outcome cohort,42409117,abstract-methods,,terminology,clinical-oncology;genomics;statistics,broad article-set tags; inspect expression before domain-specific reuse,vocabulary,retrospective-observational,jto-2026-09-14-stk11-priority-language.md,Abstract methods,652,独立临床结局队列；pp1-3.,single-paper-synthesis,conventional-term-or-collocation
JTO-LINE-641,treatment-naive driver-positive patients,42409117,abstract-methods,,terminology,clinical-oncology;genomics;statistics,broad article-set tags; inspect expression before domain-specific reuse,vocabulary,retrospective-observational,jto-2026-09-14-stk11-priority-language.md,Abstract methods,653,初治驱动基因阳性患者；pp1-3.,single-paper-synthesis,conventional-term-or-collocation
JTO-LINE-642,first-line genotype-matched targeted therapy,42409117,abstract-methods,,terminology,clinical-oncology;genomics;statistics,broad article-set tags; inspect expression before domain-specific reuse,vocabulary,retrospective-observational,jto-2026-09-14-stk11-priority-language.md,Abstract methods,654,一线基因型匹配靶向治疗；pp1-3.,single-paper-synthesis,conventional-term-or-collocation
JTO-LINE-643,combined gene-loss stratification,42409117,abstract-methods,,terminology,clinical-oncology;genomics;statistics,broad article-set tags; inspect expression before domain-specific reuse,vocabulary,retrospective-observational,jto-2026-09-14-stk11-priority-language.md,Abstract methods,655,联合基因缺失分层；pp1-2.,single-paper-synthesis,conventional-term-or-collocation
JTO-LINE-644,"Associations with clinicopathologic features and co-alterations were characterized in the genomic cohort, whereas treatment outcomes were assessed in an independent clinical cohort.",42409117,abstract-methods,,abstract-methods,clinical-oncology;genomics;statistics,broad article-set tags; inspect expression before domain-specific reuse,sentence-frame,retrospective-observational,jto-2026-09-14-stk11-priority-language.md,Abstract methods,656,队列功能分离；合成.,single-paper-synthesis,synthetic-model
JTO-LINE-648,advanced-stage enrichment,42409117,abstract-results,,terminology,clinical-oncology;genomics;statistics,broad article-set tags; inspect expression before domain-specific reuse,vocabulary,retrospective-observational,jto-2026-09-14-stk11-priority-language.md,Abstract results,660,"晚期富集；pp1,6-7.",single-paper-synthesis,conventional-term-or-collocation
JTO-LINE-649,co-deletion with neighboring tumor-suppressor genes,42409117,abstract-results,,terminology,clinical-oncology;genomics;statistics,broad article-set tags; inspect expression before domain-specific reuse,vocabulary,retrospective-observational,jto-2026-09-14-stk11-priority-language.md,Abstract results,661,"与邻近抑癌基因共缺失；pp1,6-7.",single-paper-synthesis,conventional-term-or-collocation
JTO-LINE-650,complete versus partial gene loss,42409117,abstract-results,,terminology,clinical-oncology;genomics;statistics,broad article-set tags; inspect expression before domain-specific reuse,vocabulary,retrospective-observational,jto-2026-09-14-stk11-priority-language.md,Abstract results,662,"完全与部分基因缺失；pp1,7-8.",single-paper-synthesis,conventional-term-or-collocation
JTO-LINE-651,exon-level deletion pattern,42409117,abstract-results,,terminology,clinical-oncology;genomics;statistics,broad article-set tags; inspect expression before domain-specific reuse,vocabulary,retrospective-observational,jto-2026-09-14-stk11-priority-language.md,Abstract results,663,"外显子层面缺失模式；pp1,7-8.",single-paper-synthesis,conventional-term-or-collocation
JTO-LINE-652,NGS-IHC concordance,42409117,abstract-results,,terminology,clinical-oncology;genomics;statistics,broad article-set tags; inspect expression before domain-specific reuse,vocabulary,retrospective-observational,jto-2026-09-14-stk11-priority-language.md,Abstract results,664,"NGS 与 IHC 一致性；pp1,6-8.",single-paper-synthesis,conventional-term-or-collocation
JTO-LINE-653,lower objective response rate,42409117,abstract-results,,terminology,clinical-oncology;genomics;statistics,broad article-set tags; inspect expression before domain-specific reuse,vocabulary,retrospective-observational,jto-2026-09-14-stk11-priority-language.md,Abstract results,665,"较低客观缓解率；pp1,8-12.",single-paper-synthesis,conventional-term-or-collocation
JTO-LINE-654,prognostic gradient across combined genotypes,42409117,abstract-results,,terminology,clinical-oncology;genomics;statistics,broad article-set tags; inspect expression before domain-specific reuse,vocabulary,retrospective-observational,jto-2026-09-14-stk11-priority-language.md,Abstract results,666,"联合基因型间的预后梯度；pp2,8-12.",single-paper-synthesis,conventional-term-or-collocation
JTO-LINE-655,"The dual-loss subgroup had the poorest observed response and survival, but discordant genotype groups were sparse.",42409117,abstract-results,,abstract-results,clinical-oncology;genomics;statistics,broad article-set tags; inspect expression before domain-specific reuse,sentence-frame,retrospective-observational,jto-2026-09-14-stk11-priority-language.md,Abstract results,667,"最差亚组与精度边界；pp8-10,13.",single-paper-synthesis,synthetic-model
JTO-LINE-656,The adverse association was most evident in the third-generation EGFR-TKI subset.,42409117,abstract-results,,abstract-results,clinical-oncology;genomics;statistics,broad article-set tags; inspect expression before domain-specific reuse,sentence-frame,retrospective-observational,jto-2026-09-14-stk11-priority-language.md,Abstract results,668,亚组定位；pp11-12.,single-paper-synthesis,synthetic-model
JTO-LINE-660,adverse prognostic biomarker under targeted therapy,42409117,abstract-conclusion,,terminology,clinical-oncology;genomics;statistics,broad article-set tags; inspect expression before domain-specific reuse,vocabulary,retrospective-observational,jto-2026-09-14-stk11-priority-language.md,Abstract conclusion,672,靶向治疗下的不良预后标志物；p2.,single-paper-synthesis,conventional-term-or-collocation
JTO-LINE-661,risk-stratification candidate,42409117,abstract-conclusion,,terminology,clinical-oncology;genomics;statistics,broad article-set tags; inspect expression before domain-specific reuse,vocabulary,retrospective-observational,jto-2026-09-14-stk11-priority-language.md,Abstract conclusion,673,风险分层候选指标；p2.,single-paper-synthesis,conventional-term-or-collocation
JTO-LINE-662,synthetic-lethal combination strategy,42409117,abstract-conclusion,,terminology,clinical-oncology;genomics;statistics,broad article-set tags; inspect expression before domain-specific reuse,vocabulary,retrospective-observational,jto-2026-09-14-stk11-priority-language.md,Abstract conclusion,674,"合成致死联合策略；pp2,14-15.",single-paper-synthesis,conventional-term-or-collocation
JTO-LINE-663,The findings support prospective evaluation of biomarker-guided combinations rather than immediate treatment replacement.,42409117,abstract-conclusion,,abstract-conclusion,clinical-oncology;genomics;statistics,broad article-set tags; inspect expression before domain-specific reuse,sentence-frame,retrospective-observational,jto-2026-09-14-stk11-priority-language.md,Abstract conclusion,675,应用边界；合成.,single-paper-synthesis,synthetic-model
JTO-LINE-667,precision-oncology treatment landscape,42409117,introduction,,terminology,clinical-oncology;genomics;statistics,broad article-set tags; inspect expression before domain-specific reuse,vocabulary,retrospective-observational,jto-2026-09-14-stk11-priority-language.md,Introduction vocabulary and collocations,679,精准肿瘤治疗格局；p2.,single-paper-synthesis,conventional-term-or-collocation
JTO-LINE-668,bypass-pathway alteration,42409117,introduction,,terminology,clinical-oncology;genomics;statistics,broad article-set tags; inspect expression before domain-specific reuse,vocabulary,retrospective-observational,jto-2026-09-14-stk11-priority-language.md,Introduction vocabulary and collocations,680,旁路通路改变；p2.,single-paper-synthesis,conventional-term-or-collocation
JTO-LINE-669,9p21.3 deletion,42409117,introduction,,terminology,clinical-oncology;genomics;statistics,broad article-set tags; inspect expression before domain-specific reuse,vocabulary,retrospective-observational,jto-2026-09-14-stk11-priority-language.md,Introduction vocabulary and collocations,681,9p21.3 缺失；p2.,single-paper-synthesis,conventional-term-or-collocation
JTO-LINE-670,immune-cold phenotype,42409117,introduction,,terminology,clinical-oncology;genomics;statistics,broad article-set tags; inspect expression before domain-specific reuse,vocabulary,retrospective-observational,jto-2026-09-14-stk11-priority-language.md,Introduction vocabulary and collocations,682,免疫冷表型；p2.,single-paper-synthesis,conventional-term-or-collocation
JTO-LINE-671,methylthioadenosine accumulation,42409117,introduction,,terminology,clinical-oncology;genomics;statistics,broad article-set tags; inspect expression before domain-specific reuse,vocabulary,retrospective-observational,jto-2026-09-14-stk11-priority-language.md,Introduction vocabulary and collocations,683,甲硫腺苷积累；p2.,single-paper-synthesis,conventional-term-or-collocation
JTO-LINE-672,PRMT5 dependency,42409117,introduction,,terminology,clinical-oncology;genomics;statistics,broad article-set tags; inspect expression before domain-specific reuse,vocabulary,retrospective-observational,jto-2026-09-14-stk11-priority-language.md,Introduction vocabulary and collocations,684,PRMT5 依赖；p2.,single-paper-synthesis,conventional-term-or-collocation
JTO-LINE-673,synthetic-lethal vulnerability,42409117,introduction,,terminology,clinical-oncology;genomics;statistics,broad article-set tags; inspect expression before domain-specific reuse,vocabulary,retrospective-observational,jto-2026-09-14-stk11-priority-language.md,Introduction vocabulary and collocations,685,合成致死脆弱性；p2.,single-paper-synthesis,conventional-term-or-collocation
JTO-LINE-674,MTA-cooperative PRMT5 inhibitor,42409117,introduction,,terminology,clinical-oncology;genomics;statistics,broad article-set tags; inspect expression before domain-specific reuse,vocabulary,retrospective-observational,jto-2026-09-14-stk11-priority-language.md,Introduction vocabulary and collocations,686,"MTA 协同型 PRMT5 抑制剂；pp14,16.",single-paper-synthesis,conventional-term-or-collocation
JTO-LINE-675,MAT2A-directed strategy,42409117,introduction,,terminology,clinical-oncology;genomics;statistics,broad article-set tags; inspect expression before domain-specific reuse,vocabulary,retrospective-observational,jto-2026-09-14-stk11-priority-language.md,Introduction vocabulary and collocations,687,"MAT2A 靶向策略；pp2,14-15.",single-paper-synthesis,conventional-term-or-collocation
JTO-LINE-676,therapeutic selective pressure,42409117,introduction,,terminology,clinical-oncology;genomics;statistics,broad article-set tags; inspect expression before domain-specific reuse,vocabulary,retrospective-observational,jto-2026-09-14-stk11-priority-language.md,Introduction vocabulary and collocations,688,治疗选择压力；p14.,single-paper-synthesis,conventional-term-or-collocation
JTO-LINE-680,"Although genotype-matched therapies improve outcomes, primary heterogeneity and near-universal acquired progression motivate evaluation of co-alterations.",42409117,introduction,,introduction-frames,clinical-oncology;genomics;statistics,broad article-set tags; inspect expression before domain-specific reuse,sentence-frame,retrospective-observational,jto-2026-09-14-stk11-priority-language.md,Introduction frames,692,临床问题；p2.,single-paper-synthesis,synthetic-model
JTO-LINE-681,"Because [gene A] lies adjacent to [gene B], frequent co-deletion complicates attribution of biological and clinical effects.",42409117,introduction,,introduction-frames,clinical-oncology;genomics;statistics,broad article-set tags; inspect expression before domain-specific reuse,sentence-frame,retrospective-observational,jto-2026-09-14-stk11-priority-language.md,Introduction frames,693,位点归因；p2.,single-paper-synthesis,synthetic-model
JTO-LINE-682,Loss of [gene] creates a metabolic dependency that provides a rationale for synthetic-lethal targeting.,42409117,introduction,,introduction-frames,clinical-oncology;genomics;statistics,broad article-set tags; inspect expression before domain-specific reuse,sentence-frame,retrospective-observational,jto-2026-09-14-stk11-priority-language.md,Introduction frames,694,转化逻辑；p2.,single-paper-synthesis,synthetic-model
JTO-LINE-683,"Prior evidence has not fully resolved the significance of baseline loss in treatment-naive, driver-positive patients receiving first-line therapy.",42409117,introduction,,introduction-frames,clinical-oncology;genomics;statistics,broad article-set tags; inspect expression before domain-specific reuse,sentence-frame,retrospective-observational,jto-2026-09-14-stk11-priority-language.md,Introduction frames,695,研究缺口；p2.,single-paper-synthesis,synthetic-model
JTO-LINE-684,"For an STK11 manuscript, this structure can be adapted to distinguish the index alteration from neighboring-locus events without importing MTAP-specific biology.",42409117,introduction,,introduction-frames,clinical-oncology;genomics;statistics,broad article-set tags; inspect expression before domain-specific reuse,sentence-frame,retrospective-observational,jto-2026-09-14-stk11-priority-language.md,Introduction frames,696,STK11 迁移边界；合成.,single-paper-synthesis,synthetic-model
JTO-LINE-688,treatment-naive real-world cohort,42409117,methods,,terminology,clinical-oncology;genomics;statistics,broad article-set tags; inspect expression before domain-specific reuse,vocabulary,retrospective-observational,jto-2026-09-14-stk11-priority-language.md,Methods vocabulary and collocations,700,初治真实世界队列；pp2-3.,single-paper-synthesis,conventional-term-or-collocation
JTO-LINE-689,tumor-and-matched-blood sequencing,42409117,methods,,terminology,clinical-oncology;genomics;statistics,broad article-set tags; inspect expression before domain-specific reuse,vocabulary,retrospective-observational,jto-2026-09-14-stk11-priority-language.md,Methods vocabulary and collocations,701,肿瘤与配对外周血测序；p3.,single-paper-synthesis,conventional-term-or-collocation
JTO-LINE-690,predefined oncogenic-driver set,42409117,methods,,terminology,clinical-oncology;genomics;statistics,broad article-set tags; inspect expression before domain-specific reuse,vocabulary,retrospective-observational,jto-2026-09-14-stk11-priority-language.md,Methods vocabulary and collocations,702,预定义致癌驱动基因集合；p3.,single-paper-synthesis,conventional-term-or-collocation
JTO-LINE-691,targeted 520-gene panel,42409117,methods,,terminology,clinical-oncology;genomics;statistics,broad article-set tags; inspect expression before domain-specific reuse,vocabulary,retrospective-observational,jto-2026-09-14-stk11-priority-language.md,Methods vocabulary and collocations,703,"520 基因靶向面板；pp2-3,5.",single-paper-synthesis,conventional-term-or-collocation
JTO-LINE-692,targeted 425-gene panel,42409117,methods,,terminology,clinical-oncology;genomics;statistics,broad article-set tags; inspect expression before domain-specific reuse,vocabulary,retrospective-observational,jto-2026-09-14-stk11-priority-language.md,Methods vocabulary and collocations,704,425 基因靶向面板；p5.,single-paper-synthesis,conventional-term-or-collocation
JTO-LINE-693,raw-data reanalysis with a unified algorithm,42409117,methods,,terminology,clinical-oncology;genomics;statistics,broad article-set tags; inspect expression before domain-specific reuse,vocabulary,retrospective-observational,jto-2026-09-14-stk11-priority-language.md,Methods vocabulary and collocations,705,统一算法重分析原始数据；p5.,single-paper-synthesis,conventional-term-or-collocation
JTO-LINE-694,tumor-cell gene-copy-number estimate,42409117,methods,,terminology,clinical-oncology;genomics;statistics,broad article-set tags; inspect expression before domain-specific reuse,vocabulary,retrospective-observational,jto-2026-09-14-stk11-priority-language.md,Methods vocabulary and collocations,706,肿瘤细胞基因拷贝数估计；p5.,single-paper-synthesis,conventional-term-or-collocation
JTO-LINE-695,homozygous deletion threshold,42409117,methods,,terminology,clinical-oncology;genomics;statistics,broad article-set tags; inspect expression before domain-specific reuse,vocabulary,retrospective-observational,jto-2026-09-14-stk11-priority-language.md,Methods vocabulary and collocations,707,纯合缺失阈值；p5.,single-paper-synthesis,conventional-term-or-collocation
JTO-LINE-696,complete gene loss,42409117,methods,,terminology,clinical-oncology;genomics;statistics,broad article-set tags; inspect expression before domain-specific reuse,vocabulary,retrospective-observational,jto-2026-09-14-stk11-priority-language.md,Methods vocabulary and collocations,708,全基因缺失；p5.,single-paper-synthesis,conventional-term-or-collocation
JTO-LINE-697,partial exon loss,42409117,methods,,terminology,clinical-oncology;genomics;statistics,broad article-set tags; inspect expression before domain-specific reuse,vocabulary,retrospective-observational,jto-2026-09-14-stk11-priority-language.md,Methods vocabulary and collocations,709,部分外显子缺失；p5.,single-paper-synthesis,conventional-term-or-collocation
JTO-LINE-698,tumor-purity and ploidy estimation,42409117,methods,,terminology,clinical-oncology;genomics;statistics,broad article-set tags; inspect expression before domain-specific reuse,vocabulary,retrospective-observational,jto-2026-09-14-stk11-priority-language.md,Methods vocabulary and collocations,710,肿瘤纯度与倍体估计；p5.,single-paper-synthesis,conventional-term-or-collocation
JTO-LINE-699,circular binary segmentation,42409117,methods,,terminology,clinical-oncology;genomics;statistics,broad article-set tags; inspect expression before domain-specific reuse,vocabulary,retrospective-observational,jto-2026-09-14-stk11-priority-language.md,Methods vocabulary and collocations,711,循环二元分割；p5.,single-paper-synthesis,conventional-term-or-collocation
JTO-LINE-700,internal positive control,42409117,methods,,terminology,clinical-oncology;genomics;statistics,broad article-set tags; inspect expression before domain-specific reuse,vocabulary,retrospective-observational,jto-2026-09-14-stk11-priority-language.md,Methods vocabulary and collocations,712,内部阳性对照；p6.,single-paper-synthesis,conventional-term-or-collocation
JTO-LINE-701,pathologist-blinded dual review,42409117,methods,,terminology,clinical-oncology;genomics;statistics,broad article-set tags; inspect expression before domain-specific reuse,vocabulary,retrospective-observational,jto-2026-09-14-stk11-priority-language.md,Methods vocabulary and collocations,713,双病理医师独立判读；p6.,single-paper-synthesis,conventional-term-or-collocation
JTO-LINE-702,Benjamini-Hochberg adjustment,42409117,methods,,terminology,clinical-oncology;genomics;statistics,broad article-set tags; inspect expression before domain-specific reuse,vocabulary,retrospective-observational,jto-2026-09-14-stk11-priority-language.md,Methods vocabulary and collocations,714,Benjamini-Hochberg 校正；p6.,single-paper-synthesis,conventional-term-or-collocation
JTO-LINE-703,paired pretreatment and postprogression sequencing,42409117,methods,,terminology,clinical-oncology;genomics;statistics,broad article-set tags; inspect expression before domain-specific reuse,vocabulary,retrospective-observational,jto-2026-09-14-stk11-priority-language.md,Methods vocabulary and collocations,715,"治疗前与进展后配对测序；pp5,12-13.",single-paper-synthesis,conventional-term-or-collocation
JTO-LINE-707,The genomic cohort and independent outcome cohort were assembled for distinct analytic purposes and were not pooled.,42409117,methods,,methods-frames,clinical-oncology;genomics;statistics,broad article-set tags; inspect expression before domain-specific reuse,sentence-frame,retrospective-observational,jto-2026-09-14-stk11-priority-language.md,Methods frames,719,队列边界；pp2-5.,single-paper-synthesis,synthetic-model
JTO-LINE-708,Gene loss was defined as homozygous complete or partial deletion when the estimated tumor-cell copy number was below [threshold].,42409117,methods,,methods-frames,clinical-oncology;genomics;statistics,broad article-set tags; inspect expression before domain-specific reuse,sentence-frame,retrospective-observational,jto-2026-09-14-stk11-priority-language.md,Methods frames,720,操作性定义；p5.,single-paper-synthesis,synthetic-model
JTO-LINE-709,All samples were reanalyzed from raw sequencing data using a unified copy-number algorithm.,42409117,methods,,methods-frames,clinical-oncology;genomics;statistics,broad article-set tags; inspect expression before domain-specific reuse,sentence-frame,retrospective-observational,jto-2026-09-14-stk11-priority-language.md,Methods frames,721,平台一致化；p5.,single-paper-synthesis,synthetic-model
JTO-LINE-710,Tumor cellularity below [threshold] triggered exclusion from the primary concordance analysis.,42409117,methods,,methods-frames,clinical-oncology;genomics;statistics,broad article-set tags; inspect expression before domain-specific reuse,sentence-frame,retrospective-observational,jto-2026-09-14-stk11-priority-language.md,Methods frames,722,IHC/NGS 质量控制；pp5-6.,single-paper-synthesis,synthetic-model
JTO-LINE-711,IHC loss required complete absence of tumor-cell cytoplasmic staining with retained nonneoplastic internal controls.,42409117,methods,,methods-frames,clinical-oncology;genomics;statistics,broad article-set tags; inspect expression before domain-specific reuse,sentence-frame,retrospective-observational,jto-2026-09-14-stk11-priority-language.md,Methods frames,723,IHC 判定；p6.,single-paper-synthesis,synthetic-model
JTO-LINE-712,Variables with univariable P<0.10 were eligible for multivariable Cox modeling.,42409117,methods,,methods-frames,clinical-oncology;genomics;statistics,broad article-set tags; inspect expression before domain-specific reuse,sentence-frame,retrospective-observational,jto-2026-09-14-stk11-priority-language.md,Methods frames,724,变量筛选；p6.,single-paper-synthesis,synthetic-model
JTO-LINE-713,"Benjamini-Hochberg correction was applied to driver-frequency and pathway-enrichment comparisons, not automatically to every clinical subgroup.",42409117,methods,,methods-frames,clinical-oncology;genomics;statistics,broad article-set tags; inspect expression before domain-specific reuse,sentence-frame,retrospective-observational,jto-2026-09-14-stk11-priority-language.md,Methods frames,725,多重比较范围；p6.,single-paper-synthesis,synthetic-model
JTO-LINE-714,"Acquired loss was explored only among patients with paired, assay-covered baseline and progression samples.",42409117,methods,,methods-frames,clinical-oncology;genomics;statistics,broad article-set tags; inspect expression before domain-specific reuse,sentence-frame,retrospective-observational,jto-2026-09-14-stk11-priority-language.md,Methods frames,726,"配对样本分母；pp5,12-13.",single-paper-synthesis,synthetic-model
JTO-LINE-718,driver-positive data set,42409117,results,,terminology,clinical-oncology;genomics;statistics,broad article-set tags; inspect expression before domain-specific reuse,vocabulary,retrospective-observational,jto-2026-09-14-stk11-priority-language.md,Results vocabulary and collocations,730,驱动基因阳性数据集；p3.,single-paper-synthesis,conventional-term-or-collocation
JTO-LINE-719,co-deletion pattern,42409117,results,,terminology,clinical-oncology;genomics;statistics,broad article-set tags; inspect expression before domain-specific reuse,vocabulary,retrospective-observational,jto-2026-09-14-stk11-priority-language.md,Results vocabulary and collocations,731,共缺失模式；pp6-8.,single-paper-synthesis,conventional-term-or-collocation
JTO-LINE-720,driver-alteration enrichment,42409117,results,,terminology,clinical-oncology;genomics;statistics,broad article-set tags; inspect expression before domain-specific reuse,vocabulary,retrospective-observational,jto-2026-09-14-stk11-priority-language.md,Results vocabulary and collocations,732,驱动改变富集；pp6-8.,single-paper-synthesis,conventional-term-or-collocation
JTO-LINE-721,deletion-structure distribution,42409117,results,,terminology,clinical-oncology;genomics;statistics,broad article-set tags; inspect expression before domain-specific reuse,vocabulary,retrospective-observational,jto-2026-09-14-stk11-priority-language.md,Results vocabulary and collocations,733,缺失结构分布；pp7-8.,single-paper-synthesis,conventional-term-or-collocation
JTO-LINE-722,exon 8-involving partial loss,42409117,results,,terminology,clinical-oncology;genomics;statistics,broad article-set tags; inspect expression before domain-specific reuse,vocabulary,retrospective-observational,jto-2026-09-14-stk11-priority-language.md,Results vocabulary and collocations,734,涉及第8外显子的部分缺失；pp7-8.,single-paper-synthesis,conventional-term-or-collocation
JTO-LINE-723,assay concordance,42409117,results,,terminology,clinical-oncology;genomics;statistics,broad article-set tags; inspect expression before domain-specific reuse,vocabulary,retrospective-observational,jto-2026-09-14-stk11-priority-language.md,Results vocabulary and collocations,735,检测一致性；pp7-8.,single-paper-synthesis,conventional-term-or-collocation
JTO-LINE-724,"sensitivity, specificity, PPV, and NPV",42409117,results,,terminology,clinical-oncology;genomics;statistics,broad article-set tags; inspect expression before domain-specific reuse,vocabulary,retrospective-observational,jto-2026-09-14-stk11-priority-language.md,Results vocabulary and collocations,736,灵敏度、特异度、阳性预测值与阴性预测值；pp7-8.,single-paper-synthesis,conventional-term-or-collocation
JTO-LINE-725,dual-loss subgroup,42409117,results,,terminology,clinical-oncology;genomics;statistics,broad article-set tags; inspect expression before domain-specific reuse,vocabulary,retrospective-observational,jto-2026-09-14-stk11-priority-language.md,Results vocabulary and collocations,737,双缺失亚组；pp8-12.,single-paper-synthesis,conventional-term-or-collocation
JTO-LINE-726,independent adverse prognostic factor,42409117,results,,terminology,clinical-oncology;genomics;statistics,broad article-set tags; inspect expression before domain-specific reuse,vocabulary,retrospective-observational,jto-2026-09-14-stk11-priority-language.md,Results vocabulary and collocations,738,独立不良预后因素；仅在报告调整模型时使用；pp9-11.,single-paper-synthesis,conventional-term-or-collocation
JTO-LINE-727,third-generation EGFR-TKI subgroup,42409117,results,,terminology,clinical-oncology;genomics;statistics,broad article-set tags; inspect expression before domain-specific reuse,vocabulary,retrospective-observational,jto-2026-09-14-stk11-priority-language.md,Results vocabulary and collocations,739,第三代 EGFR-TKI 亚组；pp11-12.,single-paper-synthesis,conventional-term-or-collocation
JTO-LINE-728,supportive historical analysis,42409117,results,,terminology,clinical-oncology;genomics;statistics,broad article-set tags; inspect expression before domain-specific reuse,vocabulary,retrospective-observational,jto-2026-09-14-stk11-priority-language.md,Results vocabulary and collocations,740,支持性历史分析；p11.,single-paper-synthesis,conventional-term-or-collocation
JTO-LINE-729,immature follow-up,42409117,results,,terminology,clinical-oncology;genomics;statistics,broad article-set tags; inspect expression before domain-specific reuse,vocabulary,retrospective-observational,jto-2026-09-14-stk11-priority-language.md,Results vocabulary and collocations,741,"随访尚不成熟；pp12,14.",single-paper-synthesis,conventional-term-or-collocation
JTO-LINE-730,acquired loss at progression,42409117,results,,terminology,clinical-oncology;genomics;statistics,broad article-set tags; inspect expression before domain-specific reuse,vocabulary,retrospective-observational,jto-2026-09-14-stk11-priority-language.md,Results vocabulary and collocations,742,进展时获得性缺失；pp12-14.,single-paper-synthesis,conventional-term-or-collocation
JTO-LINE-731,pathway-enrichment analysis,42409117,results,,terminology,clinical-oncology;genomics;statistics,broad article-set tags; inspect expression before domain-specific reuse,vocabulary,retrospective-observational,jto-2026-09-14-stk11-priority-language.md,Results vocabulary and collocations,743,通路富集分析；p11.,single-paper-synthesis,conventional-term-or-collocation
JTO-LINE-735,MTAP loss was present in [n/N] tumors and was more frequent in advanced-stage disease.,42409117,results,,results-frames,clinical-oncology;genomics;statistics,broad article-set tags; inspect expression before domain-specific reuse,sentence-frame,retrospective-observational,jto-2026-09-14-stk11-priority-language.md,Results frames,747,发生率与分期；p6.,single-paper-synthesis,synthetic-model
JTO-LINE-736,"Among MTAP-loss tumors, [percentage] also had CDKN2A loss and [percentage] had CDKN2B loss.",42409117,results,,results-frames,clinical-oncology;genomics;statistics,broad article-set tags; inspect expression before domain-specific reuse,sentence-frame,retrospective-observational,jto-2026-09-14-stk11-priority-language.md,Results frames,748,9p21.3 共缺失；p6.,single-paper-synthesis,synthetic-model
JTO-LINE-737,"After multiplicity adjustment, [driver events] were enriched in the loss group, whereas [event] did not cross the q-value threshold.",42409117,results,,results-frames,clinical-oncology;genomics;statistics,broad article-set tags; inspect expression before domain-specific reuse,sentence-frame,retrospective-observational,jto-2026-09-14-stk11-priority-language.md,Results frames,749,FDR 后解释；p6.,single-paper-synthesis,synthetic-model
JTO-LINE-738,Complete loss accounted for [percentage] of events; most partial losses involved [exon or region].,42409117,results,,results-frames,clinical-oncology;genomics;statistics,broad article-set tags; inspect expression before domain-specific reuse,sentence-frame,retrospective-observational,jto-2026-09-14-stk11-priority-language.md,Results frames,750,结构分布；pp7-8.,single-paper-synthesis,synthetic-model
JTO-LINE-739,"Using IHC as the reference standard, NGS showed [accuracy], with sensitivity, specificity, PPV, and NPV reported separately.",42409117,results,,results-frames,clinical-oncology;genomics;statistics,broad article-set tags; inspect expression before domain-specific reuse,sentence-frame,retrospective-observational,jto-2026-09-14-stk11-priority-language.md,Results frames,751,分析一致性；pp7-8.,single-paper-synthesis,synthetic-model
JTO-LINE-740,"The outcome cohort included [N] patients, only [n] of whom had loss; baseline brain metastasis was imbalanced between groups.",42409117,results,,results-frames,clinical-oncology;genomics;statistics,broad article-set tags; inspect expression before domain-specific reuse,sentence-frame,retrospective-observational,jto-2026-09-14-stk11-priority-language.md,Results frames,752,结局分母与混杂；p8.,single-paper-synthesis,synthetic-model
JTO-LINE-741,"The loss group had a lower ORR and shorter PFS and OS than the intact group, with wide uncertainty for OS in the smallest subgroup.",42409117,results,,results-frames,clinical-oncology;genomics;statistics,broad article-set tags; inspect expression before domain-specific reuse,sentence-frame,retrospective-observational,jto-2026-09-14-stk11-priority-language.md,Results frames,753,疗效与精度；pp8-12.,single-paper-synthesis,synthetic-model
JTO-LINE-742,"Combined MTAP/CDKN2A status showed an ordered outcome pattern, but the discordant genotype groups were too small for confident gene-specific attribution.",42409117,results,,results-frames,clinical-oncology;genomics;statistics,broad article-set tags; inspect expression before domain-specific reuse,sentence-frame,retrospective-observational,jto-2026-09-14-stk11-priority-language.md,Results frames,754,"预后梯度边界；pp8-10,13.",single-paper-synthesis,synthetic-model
JTO-LINE-743,"In the ALK-TKI subgroup, no consistent significant association was observed; the analysis was underpowered and follow-up was immature.",42409117,results,,results-frames,clinical-oncology;genomics;statistics,broad article-set tags; inspect expression before domain-specific reuse,sentence-frame,retrospective-observational,jto-2026-09-14-stk11-priority-language.md,Results frames,755,"阴性亚组；pp12,14.",single-paper-synthesis,synthetic-model
JTO-LINE-744,"Among [n] paired third-generation EGFR-TKI cases, acquired MTAP loss was detected in [n], both with concurrent CDKN2A/B loss.",42409117,results,,results-frames,clinical-oncology;genomics;statistics,broad article-set tags; inspect expression before domain-specific reuse,sentence-frame,retrospective-observational,jto-2026-09-14-stk11-priority-language.md,Results frames,756,获得性事件；p13.,single-paper-synthesis,synthetic-model
JTO-LINE-745,"The paired-sample result should be labeled exploratory because only a small, selected subset had repeat biopsy and assay-covered sequencing.",42409117,results,,results-frames,clinical-oncology;genomics;statistics,broad article-set tags; inspect expression before domain-specific reuse,sentence-frame,retrospective-observational,jto-2026-09-14-stk11-priority-language.md,Results frames,757,选择性分母；pp12-14.,single-paper-synthesis,synthetic-model
JTO-LINE-749,adverse prognostic association,42409117,discussion,,terminology,clinical-oncology;genomics;statistics,broad article-set tags; inspect expression before domain-specific reuse,vocabulary,retrospective-observational,jto-2026-09-14-stk11-priority-language.md,Discussion vocabulary and collocations,761,不良预后关联；pp13-15.,single-paper-synthesis,conventional-term-or-collocation
JTO-LINE-750,combined-locus risk stratification,42409117,discussion,,terminology,clinical-oncology;genomics;statistics,broad article-set tags; inspect expression before domain-specific reuse,vocabulary,retrospective-observational,jto-2026-09-14-stk11-priority-language.md,Discussion vocabulary and collocations,762,联合位点风险分层；p13.,single-paper-synthesis,conventional-term-or-collocation
JTO-LINE-751,discordant genotype subgroup,42409117,discussion,,terminology,clinical-oncology;genomics;statistics,broad article-set tags; inspect expression before domain-specific reuse,vocabulary,retrospective-observational,jto-2026-09-14-stk11-priority-language.md,Discussion vocabulary and collocations,763,基因型不一致亚组；p13.,single-paper-synthesis,conventional-term-or-collocation
JTO-LINE-752,baseline brain-metastasis imbalance,42409117,discussion,,terminology,clinical-oncology;genomics;statistics,broad article-set tags; inspect expression before domain-specific reuse,vocabulary,retrospective-observational,jto-2026-09-14-stk11-priority-language.md,Discussion vocabulary and collocations,764,基线脑转移不平衡；pp13-14.,single-paper-synthesis,conventional-term-or-collocation
JTO-LINE-753,residual confounding,42409117,discussion,,terminology,clinical-oncology;genomics;statistics,broad article-set tags; inspect expression before domain-specific reuse,vocabulary,retrospective-observational,jto-2026-09-14-stk11-priority-language.md,Discussion vocabulary and collocations,765,残余混杂；pp13-14.,single-paper-synthesis,conventional-term-or-collocation
JTO-LINE-754,postprogression treatment heterogeneity,42409117,discussion,,terminology,clinical-oncology;genomics;statistics,broad article-set tags; inspect expression before domain-specific reuse,vocabulary,retrospective-observational,jto-2026-09-14-stk11-priority-language.md,Discussion vocabulary and collocations,766,进展后治疗异质性；p13.,single-paper-synthesis,conventional-term-or-collocation
JTO-LINE-755,functional loss assessment,42409117,discussion,,terminology,clinical-oncology;genomics;statistics,broad article-set tags; inspect expression before domain-specific reuse,vocabulary,retrospective-observational,jto-2026-09-14-stk11-priority-language.md,Discussion vocabulary and collocations,767,功能性缺失评估；p14.,single-paper-synthesis,conventional-term-or-collocation
JTO-LINE-756,complementary testing modalities,42409117,discussion,,terminology,clinical-oncology;genomics;statistics,broad article-set tags; inspect expression before domain-specific reuse,vocabulary,retrospective-observational,jto-2026-09-14-stk11-priority-language.md,Discussion vocabulary and collocations,768,互补检测方式；p14.,single-paper-synthesis,conventional-term-or-collocation
JTO-LINE-757,biomarker-guided combination trial,42409117,discussion,,terminology,clinical-oncology;genomics;statistics,broad article-set tags; inspect expression before domain-specific reuse,vocabulary,retrospective-observational,jto-2026-09-14-stk11-priority-language.md,Discussion vocabulary and collocations,769,标志物指导的联合试验；p14.,single-paper-synthesis,conventional-term-or-collocation
JTO-LINE-758,prospectively characterized cohort,42409117,discussion,,terminology,clinical-oncology;genomics;statistics,broad article-set tags; inspect expression before domain-specific reuse,vocabulary,retrospective-observational,jto-2026-09-14-stk11-priority-language.md,Discussion vocabulary and collocations,770,前瞻性表征队列；pp14-15.,single-paper-synthesis,conventional-term-or-collocation
JTO-LINE-762,"The study extends prior work by evaluating baseline loss in a treatment-naive, driver-positive population receiving first-line targeted therapy.",42409117,discussion,,discussion-frames,clinical-oncology;genomics;statistics,broad article-set tags; inspect expression before domain-specific reuse,sentence-frame,retrospective-observational,jto-2026-09-14-stk11-priority-language.md,Discussion frames,774,贡献定位；p13.,single-paper-synthesis,synthetic-model
JTO-LINE-763,"The strongest evidence came from the contemporary third-generation EGFR-TKI subgroup, whereas the first-generation analysis was supportive and the ALK analysis exploratory.",42409117,discussion,,discussion-frames,clinical-oncology;genomics;statistics,broad article-set tags; inspect expression before domain-specific reuse,sentence-frame,retrospective-observational,jto-2026-09-14-stk11-priority-language.md,Discussion frames,775,证据层级；pp13-14.,single-paper-synthesis,synthetic-model
JTO-LINE-764,"Because all patients received targeted therapy, the association is prognostic within that treatment setting and does not demonstrate treatment-effect prediction.",42409117,discussion,,discussion-frames,clinical-oncology;genomics;statistics,broad article-set tags; inspect expression before domain-specific reuse,sentence-frame,retrospective-observational,jto-2026-09-14-stk11-priority-language.md,Discussion frames,776,预后/预测边界；合成.,single-paper-synthesis,synthetic-model
JTO-LINE-765,"Dual loss identified the poorest-outcome group, but tight chromosomal linkage and sparse discordant groups prevent separation of MTAP and CDKN2A effects.",42409117,discussion,,discussion-frames,clinical-oncology;genomics;statistics,broad article-set tags; inspect expression before domain-specific reuse,sentence-frame,retrospective-observational,jto-2026-09-14-stk11-priority-language.md,Discussion frames,777,位点归因；p13.,single-paper-synthesis,synthetic-model
JTO-LINE-766,Adjustment for brain metastasis reduced but could not eliminate concern about residual confounding from baseline imbalance.,42409117,discussion,,discussion-frames,clinical-oncology;genomics;statistics,broad article-set tags; inspect expression before domain-specific reuse,sentence-frame,retrospective-observational,jto-2026-09-14-stk11-priority-language.md,Discussion frames,778,混杂解释；pp13-14.,single-paper-synthesis,synthetic-model
JTO-LINE-767,PFS more directly reflects first-line treatment-associated outcome than OS when postprogression therapies are incompletely captured.,42409117,discussion,,discussion-frames,clinical-oncology;genomics;statistics,broad article-set tags; inspect expression before domain-specific reuse,sentence-frame,retrospective-observational,jto-2026-09-14-stk11-priority-language.md,Discussion frames,779,终点解释；p13.,single-paper-synthesis,synthetic-model
JTO-LINE-768,Acquired loss in two paired cases is compatible with emergence under therapeutic pressure but does not establish a recurrent resistance mechanism.,42409117,discussion,,discussion-frames,clinical-oncology;genomics;statistics,broad article-set tags; inspect expression before domain-specific reuse,sentence-frame,retrospective-observational,jto-2026-09-14-stk11-priority-language.md,Discussion frames,780,获得性结果校准；p14.,single-paper-synthesis,synthetic-model
JTO-LINE-769,"High NGS-IHC concordance supports analytical agreement in the selected samples, not interchangeability or clinical utility across all laboratories.",42409117,discussion,,discussion-frames,clinical-oncology;genomics;statistics,broad article-set tags; inspect expression before domain-specific reuse,sentence-frame,retrospective-observational,jto-2026-09-14-stk11-priority-language.md,Discussion frames,781,检测边界；p14.,single-paper-synthesis,synthetic-model
JTO-LINE-770,Synthetic-lethal combinations are biologically motivated and clinically investigational; this cohort did not test PRMT5 or MAT2A inhibition.,42409117,discussion,,discussion-frames,clinical-oncology;genomics;statistics,broad article-set tags; inspect expression before domain-specific reuse,sentence-frame,retrospective-observational,jto-2026-09-14-stk11-priority-language.md,Discussion frames,782,转化边界；p14.,single-paper-synthesis,synthetic-model
JTO-LINE-771,"For STK11 writing, the reusable contribution is the locus-disambiguation and analysis-set architecture, not any MTAP-specific mechanistic claim.",42409117,discussion,,discussion-frames,clinical-oncology;genomics;statistics,broad article-set tags; inspect expression before domain-specific reuse,sentence-frame,retrospective-observational,jto-2026-09-14-stk11-priority-language.md,Discussion frames,783,STK11 定位；合成.,single-paper-synthesis,synthetic-model
JTO-LINE-775,"Genomic loss was associated with adverse outcomes in driver-positive disease, particularly in the EGFR-TKI-treated subset.",42409117,conclusion,,conclusion-frames,clinical-oncology;genomics;statistics,broad article-set tags; inspect expression before domain-specific reuse,sentence-frame,retrospective-observational,jto-2026-09-14-stk11-priority-language.md,Conclusion frames,787,观察性结论；p15.,single-paper-synthesis,synthetic-model
JTO-LINE-776,"Combined locus status may refine risk stratification, pending prospective validation in larger discordant-genotype groups.",42409117,conclusion,,conclusion-frames,clinical-oncology;genomics;statistics,broad article-set tags; inspect expression before domain-specific reuse,sentence-frame,retrospective-observational,jto-2026-09-14-stk11-priority-language.md,Conclusion frames,788,联合分层；pp13-15.,single-paper-synthesis,synthetic-model
JTO-LINE-777,The data motivate biomarker-guided trials of synthetic-lethal combinations but do not establish their clinical benefit.,42409117,conclusion,,conclusion-frames,clinical-oncology;genomics;statistics,broad article-set tags; inspect expression before domain-specific reuse,sentence-frame,retrospective-observational,jto-2026-09-14-stk11-priority-language.md,Conclusion frames,789,转化结论；pp14-15.,single-paper-synthesis,synthetic-model
JTO-LINE-781,Table 1 describes the driver-positive genomic population and makes stage imbalance visible.,42409117,figure,,figure-and-table-narrative-frames,clinical-oncology;genomics;statistics,broad article-set tags; inspect expression before domain-specific reuse,sentence-frame,retrospective-observational,jto-2026-09-14-stk11-priority-language.md,Figure and table narrative frames,793,基因组队列；p3.,single-paper-synthesis,synthetic-model
JTO-LINE-782,Table 2 defines the smaller treatment cohort and identifies baseline brain-metastasis imbalance before survival analysis.,42409117,figure,,figure-and-table-narrative-frames,clinical-oncology;genomics;statistics,broad article-set tags; inspect expression before domain-specific reuse,sentence-frame,retrospective-observational,jto-2026-09-14-stk11-priority-language.md,Figure and table narrative frames,794,临床队列；pp4-5.,single-paper-synthesis,synthetic-model
JTO-LINE-783,"Figure 1 integrates neighboring-gene co-deletion, driver enrichment, deletion structure, and NGS-IHC concordance.",42409117,figure,,figure-and-table-narrative-frames,clinical-oncology;genomics;statistics,broad article-set tags; inspect expression before domain-specific reuse,sentence-frame,retrospective-observational,jto-2026-09-14-stk11-priority-language.md,Figure and table narrative frames,795,多模块景观图；p7.,single-paper-synthesis,synthetic-model
JTO-LINE-784,"Figure 2 moves from response to PFS and OS, then decomposes the signal by combined MTAP/CDKN2A status.",42409117,figure,,figure-and-table-narrative-frames,clinical-oncology;genomics;statistics,broad article-set tags; inspect expression before domain-specific reuse,sentence-frame,retrospective-observational,jto-2026-09-14-stk11-priority-language.md,Figure and table narrative frames,796,总体结局；p9.,single-paper-synthesis,synthetic-model
JTO-LINE-785,Figure 3 repeats the same endpoint hierarchy in the EGFR-TKI subgroup.,42409117,figure,,figure-and-table-narrative-frames,clinical-oncology;genomics;statistics,broad article-set tags; inspect expression before domain-specific reuse,sentence-frame,retrospective-observational,jto-2026-09-14-stk11-priority-language.md,Figure and table narrative frames,797,驱动特异验证；p10.,single-paper-synthesis,synthetic-model
JTO-LINE-786,Figure 4 focuses on third-generation EGFR-TKIs while retaining numbers at risk and the sparse discordant groups.,42409117,figure,,figure-and-table-narrative-frames,clinical-oncology;genomics;statistics,broad article-set tags; inspect expression before domain-specific reuse,sentence-frame,retrospective-observational,jto-2026-09-14-stk11-priority-language.md,Figure and table narrative frames,798,现代治疗亚组；p12.,single-paper-synthesis,synthetic-model
JTO-36240971-LINE-27,NRF2-activating alterations,36240971,abstract-background,,terminology,clinical-oncology;genomics;targeted-therapy;preclinical;statistics;safety,Curated article-level supported domains; not all domains apply to each expression. See source context and expression-topic annotations.,vocabulary,mixed-clinical-preclinical,jto-2023-36240971-language.md,Abstract background,27,NRF2激活相关改变；p1; distinguish gene mutation from functional activation.,single-paper-synthesis,conventional-term-or-collocation
JTO-36240971-LINE-28,The clinical relevance of [genomic alteration] may depend on its downstream effects on [metabolic pathway].,36240971,abstract-background,,abstract-background,clinical-oncology;genomics;targeted-therapy;preclinical;statistics;safety,Curated article-level supported domains; not all domains apply to each expression. See source context and expression-topic annotations.,sentence-frame,mixed-clinical-preclinical,jto-2023-36240971-language.md,Abstract background,28,pp1–2.,single-paper-synthesis,synthetic-model
JTO-36240971-LINE-31,We evaluated [agent] in genotype-annotated preclinical models and a single-arm phase2 study comprising [molecular cohorts].,36240971,abstract-methods,,abstract-methods,clinical-oncology;genomics;targeted-therapy;preclinical;statistics;safety,Curated article-level supported domains; not all domains apply to each expression. See source context and expression-topic annotations.,sentence-frame,mixed-clinical-preclinical,jto-2023-36240971-language.md,Abstract methods,31,"pp1,3–4.",single-paper-synthesis,synthetic-model
JTO-36240971-LINE-34,"Among [response-evaluable patients], [number] had a confirmed partial response; outcomes in the all-treated population were analyzed separately.",36240971,abstract-results,,abstract-results,clinical-oncology;genomics;targeted-therapy;preclinical;statistics;safety,Curated article-level supported domains; not all domains apply to each expression. See source context and expression-topic annotations.,sentence-frame,mixed-clinical-preclinical,jto-2023-36240971-language.md,Abstract results,34,pp6–7.,single-paper-synthesis,synthetic-model
JTO-36240971-LINE-37,"[Agent] showed an activity signal in [subgroup], supporting prospective confirmation rather than establishing comparative efficacy.",36240971,abstract-conclusion,,abstract-conclusion,clinical-oncology;genomics;targeted-therapy;preclinical;statistics;safety,Curated article-level supported domains; not all domains apply to each expression. See source context and expression-topic annotations.,sentence-frame,mixed-clinical-preclinical,jto-2023-36240971-language.md,Abstract conclusion,37,"pp1,9–10.",single-paper-synthesis,synthetic-model
JTO-36240971-LINE-40,selective therapeutic vulnerability,36240971,introduction,,terminology,clinical-oncology;genomics;targeted-therapy;preclinical;statistics;safety,Curated article-level supported domains; not all domains apply to each expression. See source context and expression-topic annotations.,vocabulary,mixed-clinical-preclinical,jto-2023-36240971-language.md,Introduction vocabulary,40,选择性治疗脆弱性；p2.,single-paper-synthesis,conventional-term-or-collocation
JTO-36240971-LINE-41,redox homeostasis,36240971,introduction,,terminology,clinical-oncology;genomics;targeted-therapy;preclinical;statistics;safety,Curated article-level supported domains; not all domains apply to each expression. See source context and expression-topic annotations.,vocabulary,mixed-clinical-preclinical,jto-2023-36240971-language.md,Introduction vocabulary,41,氧化还原稳态；pp1–2.,single-paper-synthesis,conventional-term-or-collocation
JTO-36240971-LINE-42,genotype-directed therapy,36240971,introduction,,terminology,clinical-oncology;genomics;targeted-therapy;preclinical;statistics;safety,Curated article-level supported domains; not all domains apply to each expression. See source context and expression-topic annotations.,vocabulary,mixed-clinical-preclinical,jto-2023-36240971-language.md,Introduction vocabulary,42,基因型指导治疗；pp1–2.,single-paper-synthesis,conventional-term-or-collocation
JTO-36240971-LINE-43,We hypothesized that inhibiting [downstream pathway] would exploit [metabolic dependency] associated with [molecular state].,36240971,introduction,,introduction-vocabulary,clinical-oncology;genomics;targeted-therapy;preclinical;statistics;safety,Curated article-level supported domains; not all domains apply to each expression. See source context and expression-topic annotations.,sentence-frame,mixed-clinical-preclinical,jto-2023-36240971-language.md,Introduction vocabulary,43,p2.,single-paper-synthesis,synthetic-model
JTO-36240971-LINE-46,four-parameter dose-response model,36240971,methods,,terminology,clinical-oncology;genomics;targeted-therapy;preclinical;statistics;safety,Curated article-level supported domains; not all domains apply to each expression. See source context and expression-topic annotations.,vocabulary,mixed-clinical-preclinical,jto-2023-36240971-language.md,Methods vocabulary,46,四参数剂量反应模型；p3.,single-paper-synthesis,conventional-term-or-collocation
JTO-36240971-LINE-47,vehicle-treated controls,36240971,methods,,terminology,clinical-oncology;genomics;targeted-therapy;preclinical;statistics;safety,Curated article-level supported domains; not all domains apply to each expression. See source context and expression-topic annotations.,vocabulary,mixed-clinical-preclinical,jto-2023-36240971-language.md,Methods vocabulary,47,溶剂对照；p3.,single-paper-synthesis,conventional-term-or-collocation
JTO-36240971-LINE-48,subcutaneous xenograft model,36240971,methods,,terminology,clinical-oncology;genomics;targeted-therapy;preclinical;statistics;safety,Curated article-level supported domains; not all domains apply to each expression. See source context and expression-topic annotations.,vocabulary,mixed-clinical-preclinical,jto-2023-36240971-language.md,Methods vocabulary,48,皮下异种移植模型；p3.,single-paper-synthesis,conventional-term-or-collocation
JTO-36240971-LINE-49,phosphorylation-specific immunoblotting,36240971,methods,,terminology,clinical-oncology;genomics;targeted-therapy;preclinical;statistics;safety,Curated article-level supported domains; not all domains apply to each expression. See source context and expression-topic annotations.,vocabulary,mixed-clinical-preclinical,jto-2023-36240971-language.md,Methods vocabulary,49,磷酸化特异免疫印迹；p3.,single-paper-synthesis,conventional-term-or-collocation
JTO-36240971-LINE-50,Simon two-stage design,36240971,methods,,terminology,clinical-oncology;genomics;targeted-therapy;preclinical;statistics;safety,Curated article-level supported domains; not all domains apply to each expression. See source context and expression-topic annotations.,vocabulary,mixed-clinical-preclinical,jto-2023-36240971-language.md,Methods vocabulary,50,Simon两阶段设计；p4.,single-paper-synthesis,conventional-term-or-collocation
JTO-36240971-LINE-51,confirmed objective response rate,36240971,methods,,terminology,clinical-oncology;genomics;targeted-therapy;preclinical;statistics;safety,Curated article-level supported domains; not all domains apply to each expression. See source context and expression-topic annotations.,vocabulary,mixed-clinical-preclinical,jto-2023-36240971-language.md,Methods vocabulary,51,确认客观缓解率；p4.,single-paper-synthesis,conventional-term-or-collocation
JTO-36240971-LINE-52,"Predefined dose modifications were permitted for [adverse events], with imaging performed every [interval].",36240971,methods,,methods-vocabulary,clinical-oncology;genomics;targeted-therapy;preclinical;statistics;safety,Curated article-level supported domains; not all domains apply to each expression. See source context and expression-topic annotations.,sentence-frame,mixed-clinical-preclinical,jto-2023-36240971-language.md,Methods vocabulary,52,"p4; protocol-specific, not dosing advice.",single-paper-synthesis,synthetic-model
JTO-36240971-LINE-55,feedback reactivation of signaling,36240971,results,,terminology,clinical-oncology;genomics;targeted-therapy;preclinical;statistics;safety,Curated article-level supported domains; not all domains apply to each expression. See source context and expression-topic annotations.,vocabulary,mixed-clinical-preclinical,jto-2023-36240971-language.md,Results vocabulary,55,信号反馈再激活；pp4–5.,single-paper-synthesis,conventional-term-or-collocation
JTO-36240971-LINE-56,transient tumor regression,36240971,results,,terminology,clinical-oncology;genomics;targeted-therapy;preclinical;statistics;safety,Curated article-level supported domains; not all domains apply to each expression. See source context and expression-topic annotations.,vocabulary,mixed-clinical-preclinical,jto-2023-36240971-language.md,Results vocabulary,56,短暂肿瘤缩小；pp4–5.,single-paper-synthesis,conventional-term-or-collocation
JTO-36240971-LINE-57,sustained growth inhibition,36240971,results,,terminology,clinical-oncology;genomics;targeted-therapy;preclinical;statistics;safety,Curated article-level supported domains; not all domains apply to each expression. See source context and expression-topic annotations.,vocabulary,mixed-clinical-preclinical,jto-2023-36240971-language.md,Results vocabulary,57,持续生长抑制；p5; not necessarily tumor eradication.,single-paper-synthesis,conventional-term-or-collocation
JTO-36240971-LINE-58,dose interruption,36240971,results,,terminology,clinical-oncology;genomics;targeted-therapy;preclinical;statistics;safety,Curated article-level supported domains; not all domains apply to each expression. See source context and expression-topic annotations.,vocabulary,mixed-clinical-preclinical,jto-2023-36240971-language.md,Results vocabulary,58,暂停给药；p6; distinct from reduction/discontinuation.,single-paper-synthesis,conventional-term-or-collocation
JTO-36240971-LINE-59,"[Treatment] reduced [phosphorylated target] relative to [control], while [total protein/loading control] supported interpretation.",36240971,results,,results-vocabulary,clinical-oncology;genomics;targeted-therapy;preclinical;statistics;safety,Curated article-level supported domains; not all domains apply to each expression. See source context and expression-topic annotations.,sentence-frame,mixed-clinical-preclinical,jto-2023-36240971-language.md,Results vocabulary,59,pp3–5.,single-paper-synthesis,synthetic-model
JTO-36240971-LINE-60,"Median [endpoint] differed between the evaluable and all-treated populations, reflecting [specified analysis sets].",36240971,results,,results-vocabulary,clinical-oncology;genomics;targeted-therapy;preclinical;statistics;safety,Curated article-level supported domains; not all domains apply to each expression. See source context and expression-topic annotations.,sentence-frame,mixed-clinical-preclinical,jto-2023-36240971-language.md,Results vocabulary,60,pp6–7.,single-paper-synthesis,synthetic-model
JTO-36240971-LINE-63,"Begin with [model selection and potency]. Link [target modulation] to [in vivo growth effects] without treating non-isogenic comparisons as causal genetics. Present [trial accrual, assessable denominators, response and survival], followed by [toxicity]. Separate clinical findings from the exploratory [resistance mechanism] and preclinical combination evidence.",36240971,results,,results-paragraph,clinical-oncology;genomics;targeted-therapy;preclinical;statistics;safety,Curated article-level supported domains; not all domains apply to each expression. See source context and expression-topic annotations.,paragraph-model,mixed-clinical-preclinical,jto-2023-36240971-language.md,Results paragraph,63,pp4–8.,single-paper-synthesis,synthetic-model
JTO-36240971-LINE-66,adaptive metabolic dependence,36240971,discussion,,terminology,clinical-oncology;genomics;targeted-therapy;preclinical;statistics;safety,Curated article-level supported domains; not all domains apply to each expression. See source context and expression-topic annotations.,vocabulary,mixed-clinical-preclinical,jto-2023-36240971-language.md,Discussion vocabulary,66,适应性代谢依赖；pp8–9.,single-paper-synthesis,conventional-term-or-collocation
JTO-36240971-LINE-67,efficacy signal requiring confirmation,36240971,discussion,,terminology,clinical-oncology;genomics;targeted-therapy;preclinical;statistics;safety,Curated article-level supported domains; not all domains apply to each expression. See source context and expression-topic annotations.,vocabulary,mixed-clinical-preclinical,jto-2023-36240971-language.md,Discussion vocabulary,67,待验证的疗效信号；p10.,single-paper-synthesis,conventional-term-or-collocation
JTO-36240971-LINE-68,"The imaging and preclinical findings are compatible with [metabolic adaptation], but direct confirmation in patients remains necessary.",36240971,discussion,,discussion-vocabulary,clinical-oncology;genomics;targeted-therapy;preclinical;statistics;safety,Curated article-level supported domains; not all domains apply to each expression. See source context and expression-topic annotations.,sentence-frame,mixed-clinical-preclinical,jto-2023-36240971-language.md,Discussion vocabulary,68,p9.,single-paper-synthesis,synthetic-model
JTO-36240971-LINE-69,"The small, nonrandomized cohorts preclude reliable assessment of [response modifiers] and comparative treatment benefit.",36240971,discussion,,discussion-vocabulary,clinical-oncology;genomics;targeted-therapy;preclinical;statistics;safety,Curated article-level supported domains; not all domains apply to each expression. See source context and expression-topic annotations.,sentence-frame,mixed-clinical-preclinical,jto-2023-36240971-language.md,Discussion vocabulary,69,pp9–10.,single-paper-synthesis,synthetic-model
JTO-36240971-LINE-72,"These observations justify further evaluation of [strategy] in [defined molecular population], with attention to [pharmacodynamic validation and tolerability].",36240971,conclusion,,conclusion-frame,clinical-oncology;genomics;targeted-therapy;preclinical;statistics;safety,Curated article-level supported domains; not all domains apply to each expression. See source context and expression-topic annotations.,sentence-frame,mixed-clinical-preclinical,jto-2023-36240971-language.md,Conclusion frame,72,closing Discussion p10.,single-paper-synthesis,synthetic-model
JTO-36240971-LINE-75,Changes in target-lesion diameter are plotted from [baseline]; new lesions and overall response categories are annotated separately.,36240971,figure,,figure-legend-frame,clinical-oncology;genomics;targeted-therapy;preclinical;statistics;safety,Curated article-level supported domains; not all domains apply to each expression. See source context and expression-topic annotations.,sentence-frame,mixed-clinical-preclinical,jto-2023-36240971-language.md,Figure legend frame,75,Figures3–4 pp7–8.,single-paper-synthesis,synthetic-model
JTO-36494075-LINE-29,mechanisms of acquired resistance,36494075,abstract-background,,terminology,clinical-oncology;genomics;transcriptomics;targeted-therapy;bioinformatics;statistics,Curated article-level supported domains; not all domains apply to each expression. See source context and expression-topic annotations.,vocabulary,observational-or-computational,jto-2023-36494075-language.md,Abstract background,29,获得性耐药机制；p2.,single-paper-synthesis,conventional-term-or-collocation
JTO-36494075-LINE-30,Whether molecularly informed treatment adaptation is associated with improved [postprogression outcomes] remains uncertain.,36494075,abstract-background,,abstract-background,clinical-oncology;genomics;transcriptomics;targeted-therapy;bioinformatics;statistics,Curated article-level supported domains; not all domains apply to each expression. See source context and expression-topic annotations.,sentence-frame,observational-or-computational,jto-2023-36494075-language.md,Abstract background,30,p2; association language is more calibrated than causal wording.,single-paper-synthesis,synthetic-model
JTO-36494075-LINE-33,"Available pretreatment and postprogression specimens underwent [targeted sequencing], with clinical outcomes assessed using [defined real-world endpoint].",36494075,abstract-methods,,abstract-methods,clinical-oncology;genomics;transcriptomics;targeted-therapy;bioinformatics;statistics,Curated article-level supported domains; not all domains apply to each expression. See source context and expression-topic annotations.,sentence-frame,observational-or-computational,jto-2023-36494075-language.md,Abstract methods,33,pp2–3.,single-paper-synthesis,synthetic-model
JTO-36494075-LINE-36,"[Baseline co-alteration] remained associated with shorter [endpoint] after adjustment, while resistance profiling identified [mechanism categories] in [tested subset].",36494075,abstract-results,,abstract-results,clinical-oncology;genomics;transcriptomics;targeted-therapy;bioinformatics;statistics,Curated article-level supported domains; not all domains apply to each expression. See source context and expression-topic annotations.,sentence-frame,observational-or-computational,jto-2023-36494075-language.md,Abstract results,36,"pp2,5–6.",single-paper-synthesis,synthetic-model
JTO-36494075-LINE-39,"Integrated profiling may help characterize [risk and resistance], but prospective studies are needed to establish the benefit of [treatment adaptation].",36494075,abstract-conclusion,,abstract-conclusion,clinical-oncology;genomics;transcriptomics;targeted-therapy;bioinformatics;statistics,Curated article-level supported domains; not all domains apply to each expression. See source context and expression-topic annotations.,sentence-frame,observational-or-computational,jto-2023-36494075-language.md,Abstract conclusion,39,"calibrated synthesis of pp2,10–11.",single-paper-synthesis,synthetic-model
JTO-36494075-LINE-42,oncogene-addicted cancer,36494075,introduction,,terminology,clinical-oncology;genomics;transcriptomics;targeted-therapy;bioinformatics;statistics,Curated article-level supported domains; not all domains apply to each expression. See source context and expression-topic annotations.,vocabulary,observational-or-computational,jto-2023-36494075-language.md,Introduction vocabulary,42,癌基因依赖性肿瘤；p2.,single-paper-synthesis,conventional-term-or-collocation
JTO-36494075-LINE-43,on-target and off-target resistance,36494075,introduction,,terminology,clinical-oncology;genomics;transcriptomics;targeted-therapy;bioinformatics;statistics,Curated article-level supported domains; not all domains apply to each expression. See source context and expression-topic annotations.,vocabulary,observational-or-computational,jto-2023-36494075-language.md,Introduction vocabulary,43,靶内与靶外耐药；p2.,single-paper-synthesis,conventional-term-or-collocation
JTO-36494075-LINE-44,"Mechanisms observed in [later-line treatment] may not generalize to [first-line therapy], motivating setting-specific analysis.",36494075,introduction,,introduction-vocabulary,clinical-oncology;genomics;transcriptomics;targeted-therapy;bioinformatics;statistics,Curated article-level supported domains; not all domains apply to each expression. See source context and expression-topic annotations.,sentence-frame,observational-or-computational,jto-2023-36494075-language.md,Introduction vocabulary,44,p2.,single-paper-synthesis,synthetic-model
JTO-36494075-LINE-47,time-dependent covariate,36494075,methods,,terminology,clinical-oncology;genomics;transcriptomics;targeted-therapy;bioinformatics;statistics,Curated article-level supported domains; not all domains apply to each expression. See source context and expression-topic annotations.,vocabulary,observational-or-computational,jto-2023-36494075-language.md,Methods vocabulary,47,时变协变量；p3.,single-paper-synthesis,conventional-term-or-collocation
JTO-36494075-LINE-48,postprogression survival,36494075,methods,,terminology,clinical-oncology;genomics;transcriptomics;targeted-therapy;bioinformatics;statistics,Curated article-level supported domains; not all domains apply to each expression. See source context and expression-topic annotations.,vocabulary,observational-or-computational,jto-2023-36494075-language.md,Methods vocabulary,48,进展后生存；p3; specify timeorigin.,single-paper-synthesis,conventional-term-or-collocation
JTO-36494075-LINE-49,fraction of genome altered,36494075,methods,,terminology,clinical-oncology;genomics;transcriptomics;targeted-therapy;bioinformatics;statistics,Curated article-level supported domains; not all domains apply to each expression. See source context and expression-topic annotations.,vocabulary,observational-or-computational,jto-2023-36494075-language.md,Methods vocabulary,49,基因组改变比例；p3.,single-paper-synthesis,conventional-term-or-collocation
JTO-36494075-LINE-50,whole-genome doubling,36494075,methods,,terminology,clinical-oncology;genomics;transcriptomics;targeted-therapy;bioinformatics;statistics,Curated article-level supported domains; not all domains apply to each expression. See source context and expression-topic annotations.,vocabulary,observational-or-computational,jto-2023-36494075-language.md,Methods vocabulary,50,全基因组加倍；p3.,single-paper-synthesis,conventional-term-or-collocation
JTO-36494075-LINE-51,targeted RNA fusion assay,36494075,methods,,terminology,clinical-oncology;genomics;transcriptomics;targeted-therapy;bioinformatics;statistics,Curated article-level supported domains; not all domains apply to each expression. See source context and expression-topic annotations.,vocabulary,observational-or-computational,jto-2023-36494075-language.md,Methods vocabulary,51,靶向RNA融合检测；p3; not whole-transcriptome expression profiling.,single-paper-synthesis,conventional-term-or-collocation
JTO-36494075-LINE-52,Only specimens meeting [purity and mutation-count criteria] were eligible for [signature analysis].,36494075,methods,,methods-vocabulary,clinical-oncology;genomics;transcriptomics;targeted-therapy;bioinformatics;statistics,Curated article-level supported domains; not all domains apply to each expression. See source context and expression-topic annotations.,sentence-frame,observational-or-computational,jto-2023-36494075-language.md,Methods vocabulary,52,p3.,single-paper-synthesis,synthetic-model
JTO-36494075-LINE-53,Treatment exposure after progression was modeled as a time-dependent variable.,36494075,methods,,methods-vocabulary,clinical-oncology;genomics;transcriptomics;targeted-therapy;bioinformatics;statistics,Curated article-level supported domains; not all domains apply to each expression. See source context and expression-topic annotations.,sentence-frame,observational-or-computational,jto-2023-36494075-language.md,Methods vocabulary,53,p3; does not remove all confounding.,single-paper-synthesis,synthetic-model
JTO-36494075-LINE-56,histologic transformation,36494075,results,,terminology,clinical-oncology;genomics;transcriptomics;targeted-therapy;bioinformatics;statistics,Curated article-level supported domains; not all domains apply to each expression. See source context and expression-topic annotations.,vocabulary,observational-or-computational,jto-2023-36494075-language.md,Results vocabulary,56,组织学转化；pp6–7.,single-paper-synthesis,conventional-term-or-collocation
JTO-36494075-LINE-57,lineage plasticity,36494075,results,,terminology,clinical-oncology;genomics;transcriptomics;targeted-therapy;bioinformatics;statistics,Curated article-level supported domains; not all domains apply to each expression. See source context and expression-topic annotations.,vocabulary,observational-or-computational,jto-2023-36494075-language.md,Results vocabulary,57,谱系可塑性；p6; broader biological interpretation.,single-paper-synthesis,conventional-term-or-collocation
JTO-36494075-LINE-58,dominant APOBEC signature,36494075,results,,terminology,clinical-oncology;genomics;transcriptomics;targeted-therapy;bioinformatics;statistics,Curated article-level supported domains; not all domains apply to each expression. See source context and expression-topic annotations.,vocabulary,observational-or-computational,jto-2023-36494075-language.md,Results vocabulary,58,APOBEC主导突变特征；p9.,single-paper-synthesis,conventional-term-or-collocation
JTO-36494075-LINE-59,resistance mechanism not identified,36494075,results,,terminology,clinical-oncology;genomics;transcriptomics;targeted-therapy;bioinformatics;statistics,Curated article-level supported domains; not all domains apply to each expression. See source context and expression-topic annotations.,vocabulary,observational-or-computational,jto-2023-36494075-language.md,Results vocabulary,59,未识别到耐药机制；p8; not no resistance mechanism.,single-paper-synthesis,conventional-term-or-collocation
JTO-36494075-LINE-60,"[Marker] was numerically enriched after treatment, but the paired comparison did not reach statistical significance.",36494075,results,,results-vocabulary,clinical-oncology;genomics;transcriptomics;targeted-therapy;bioinformatics;statistics,Curated article-level supported domains; not all domains apply to each expression. See source context and expression-topic annotations.,sentence-frame,observational-or-computational,jto-2023-36494075-language.md,Results vocabulary,60,p9.,single-paper-synthesis,synthetic-model
JTO-36494075-LINE-61,"Additional RNA testing detected [fusion events], whose functional significance remained uncertain.",36494075,results,,results-vocabulary,clinical-oncology;genomics;transcriptomics;targeted-therapy;bioinformatics;statistics,Curated article-level supported domains; not all domains apply to each expression. See source context and expression-topic annotations.,sentence-frame,observational-or-computational,jto-2023-36494075-language.md,Results vocabulary,61,pp8–9.,single-paper-synthesis,synthetic-model
JTO-36494075-LINE-64,"Describe [baseline cohort and treatment heterogeneity], then report outcomes within the [molecularly assessable set]. Restrict resistance frequencies to [postprogression-biopsy denominator]. Separate [pathology], [DNA alterations], [RNA findings] and [genome-level measures], and distinguish their associations with survival from the effects of subsequent treatment selection.",36494075,results,,results-paragraph,clinical-oncology;genomics;transcriptomics;targeted-therapy;bioinformatics;statistics,Curated article-level supported domains; not all domains apply to each expression. See source context and expression-topic annotations.,paragraph-model,observational-or-computational,jto-2023-36494075-language.md,Results paragraph,64,pp4–9.,single-paper-synthesis,synthetic-model
JTO-36494075-LINE-67,selective pressure of targeted therapy,36494075,discussion,,terminology,clinical-oncology;genomics;transcriptomics;targeted-therapy;bioinformatics;statistics,Curated article-level supported domains; not all domains apply to each expression. See source context and expression-topic annotations.,vocabulary,observational-or-computational,jto-2023-36494075-language.md,Discussion vocabulary,67,靶向治疗的选择压力；pp9–10.,single-paper-synthesis,conventional-term-or-collocation
JTO-36494075-LINE-68,intratumoral heterogeneity,36494075,discussion,,terminology,clinical-oncology;genomics;transcriptomics;targeted-therapy;bioinformatics;statistics,Curated article-level supported domains; not all domains apply to each expression. See source context and expression-topic annotations.,vocabulary,observational-or-computational,jto-2023-36494075-language.md,Discussion vocabulary,68,瘤内异质性；p10.,single-paper-synthesis,conventional-term-or-collocation
JTO-36494075-LINE-69,Tissue profiling can identify [histologic change] that is not directly assessable from plasma DNA alone.,36494075,discussion,,discussion-vocabulary,clinical-oncology;genomics;transcriptomics;targeted-therapy;bioinformatics;statistics,Curated article-level supported domains; not all domains apply to each expression. See source context and expression-topic annotations.,sentence-frame,observational-or-computational,jto-2023-36494075-language.md,Discussion vocabulary,69,p10.,single-paper-synthesis,synthetic-model
JTO-36494075-LINE-70,"The observed association with tailored therapy may reflect both [biological actionability] and [patient selection], requiring prospective confirmation.",36494075,discussion,,discussion-vocabulary,clinical-oncology;genomics;transcriptomics;targeted-therapy;bioinformatics;statistics,Curated article-level supported domains; not all domains apply to each expression. See source context and expression-topic annotations.,sentence-frame,observational-or-computational,jto-2023-36494075-language.md,Discussion vocabulary,70,calibrated limitation frame; pp8–10.,single-paper-synthesis,synthetic-model
JTO-36494075-LINE-73,"Complementary molecular and pathologic assays may address gaps left by [DNA-only profiling], but proposed therapeutic implications require validation.",36494075,conclusion,,conclusion-frame,clinical-oncology;genomics;transcriptomics;targeted-therapy;bioinformatics;statistics,Curated article-level supported domains; not all domains apply to each expression. See source context and expression-topic annotations.,sentence-frame,observational-or-computational,jto-2023-36494075-language.md,Conclusion frame,73,closing Discussion pp10–11.,single-paper-synthesis,synthetic-model
JTO-36494075-LINE-76,"The Sankey diagram displays changes in [signature category] across paired samples, including a separate category for [insufficient mutation counts].",36494075,figure,,figure-legend-frame,clinical-oncology;genomics;transcriptomics;targeted-therapy;bioinformatics;statistics,Curated article-level supported domains; not all domains apply to each expression. See source context and expression-topic annotations.,sentence-frame,observational-or-computational,jto-2023-36494075-language.md,Figure legend frame,76,Figure4p8.,single-paper-synthesis,synthetic-model
JTO-36775193-LINE-28,clinicopathologic and genomic correlates,36775193,abstract-background,,terminology,clinical-oncology;genomics;immunotherapy;statistics,Curated article-level supported domains; not all domains apply to each expression. See source context and expression-topic annotations.,vocabulary,observational-or-computational,jto-2023-36775193-language.md,Abstract background,28,临床病理与基因组相关因素；p2.,single-paper-synthesis,conventional-term-or-collocation
JTO-36775193-LINE-29,Factors associated with outcomes to [combination regimen] may differ from those reported for [monotherapy].,36775193,abstract-background,,abstract-background,clinical-oncology;genomics;immunotherapy;statistics,Curated article-level supported domains; not all domains apply to each expression. See source context and expression-topic annotations.,sentence-frame,observational-or-computational,jto-2023-36775193-language.md,Abstract background,29,pp2–3.,single-paper-synthesis,synthetic-model
JTO-36775193-LINE-32,We retrospectively integrated [clinical and genomic data] from [centers] among patients receiving [first-line regimen].,36775193,abstract-methods,,abstract-methods,clinical-oncology;genomics;immunotherapy;statistics,Curated article-level supported domains; not all domains apply to each expression. See source context and expression-topic annotations.,sentence-frame,observational-or-computational,jto-2023-36775193-language.md,Abstract methods,32,pp2–3.,single-paper-synthesis,synthetic-model
JTO-36775193-LINE-35,"The association of [mutation] with [outcome] differed across [molecular subgroups], while the overall adjusted estimate was [reported result].",36775193,abstract-results,,abstract-results,clinical-oncology;genomics;immunotherapy;statistics,Curated article-level supported domains; not all domains apply to each expression. See source context and expression-topic annotations.,sentence-frame,observational-or-computational,jto-2023-36775193-language.md,Abstract results,35,pp5–7; distinguish descriptive subgroup findings from interaction evidence.,single-paper-synthesis,synthetic-model
JTO-36775193-LINE-38,[Candidate biomarkers] warrant prospective evaluation before they are used to select or sequence [treatment strategies].,36775193,abstract-conclusion,,abstract-conclusion,clinical-oncology;genomics;immunotherapy;statistics,Curated article-level supported domains; not all domains apply to each expression. See source context and expression-topic annotations.,sentence-frame,observational-or-computational,jto-2023-36775193-language.md,Abstract conclusion,38,"pp2,11.",single-paper-synthesis,synthetic-model
JTO-36775193-LINE-41,treatment intensification,36775193,introduction,,terminology,clinical-oncology;genomics;immunotherapy;statistics,Curated article-level supported domains; not all domains apply to each expression. See source context and expression-topic annotations.,vocabulary,observational-or-computational,jto-2023-36775193-language.md,Introduction vocabulary,41,治疗强化；p2.,single-paper-synthesis,conventional-term-or-collocation
JTO-36775193-LINE-42,platinum-doublet chemotherapy,36775193,introduction,,terminology,clinical-oncology;genomics;immunotherapy;statistics,Curated article-level supported domains; not all domains apply to each expression. See source context and expression-topic annotations.,vocabulary,observational-or-computational,jto-2023-36775193-language.md,Introduction vocabulary,42,含铂双药化疗；pp2–3.,single-paper-synthesis,conventional-term-or-collocation
JTO-36775193-LINE-43,The contribution of [co-alterations] to [combination-treatment outcomes] remains insufficiently characterized.,36775193,introduction,,introduction-vocabulary,clinical-oncology;genomics;immunotherapy;statistics,Curated article-level supported domains; not all domains apply to each expression. See source context and expression-topic annotations.,sentence-frame,observational-or-computational,jto-2023-36775193-language.md,Introduction vocabulary,43,pp2–3.,single-paper-synthesis,synthetic-model
JTO-36775193-LINE-46,derived neutrophil-to-lymphocyte ratio,36775193,methods,,terminology,clinical-oncology;genomics;immunotherapy;statistics,Curated article-level supported domains; not all domains apply to each expression. See source context and expression-topic annotations.,vocabulary,observational-or-computational,jto-2023-36775193-language.md,Methods vocabulary,46,衍生中性粒细胞/淋巴细胞比值；pp3–4; not automatically the ordinaryNLR formula.,single-paper-synthesis,conventional-term-or-collocation
JTO-36775193-LINE-47,cross-platform TMB harmonization,36775193,methods,,terminology,clinical-oncology;genomics;immunotherapy;statistics,Curated article-level supported domains; not all domains apply to each expression. See source context and expression-topic annotations.,vocabulary,observational-or-computational,jto-2023-36775193-language.md,Methods vocabulary,47,跨平台TMB标准化；p7.,single-paper-synthesis,conventional-term-or-collocation
JTO-36775193-LINE-48,inverse probability weighting,36775193,methods,,terminology,clinical-oncology;genomics;immunotherapy;statistics,Curated article-level supported domains; not all domains apply to each expression. See source context and expression-topic annotations.,vocabulary,observational-or-computational,jto-2023-36775193-language.md,Methods vocabulary,48,"逆概率加权；pp7,11.",single-paper-synthesis,conventional-term-or-collocation
JTO-36775193-LINE-49,"Biomarker values were harmonized across [assay platforms] using [transformation], while platform-specific thresholds were retained for interpretation.",36775193,methods,,methods-vocabulary,clinical-oncology;genomics;immunotherapy;statistics,Curated article-level supported domains; not all domains apply to each expression. See source context and expression-topic annotations.,sentence-frame,observational-or-computational,jto-2023-36775193-language.md,Methods vocabulary,49,p7.,single-paper-synthesis,synthetic-model
JTO-36775193-LINE-50,A sensitivity analysis addressed [missing biomarker values] under [explicit missingness/model assumptions].,36775193,methods,,methods-vocabulary,clinical-oncology;genomics;immunotherapy;statistics,Curated article-level supported domains; not all domains apply to each expression. See source context and expression-topic annotations.,sentence-frame,observational-or-computational,jto-2023-36775193-language.md,Methods vocabulary,50,"pp7,11; assumptions must be supplied for targetstudy.",single-paper-synthesis,synthetic-model
JTO-36775193-LINE-53,progressively worse outcomes,36775193,results,,terminology,clinical-oncology;genomics;immunotherapy;statistics,Curated article-level supported domains; not all domains apply to each expression. See source context and expression-topic annotations.,vocabulary,observational-or-computational,jto-2023-36775193-language.md,Results vocabulary,53,结局逐渐恶化；p6; not a claim every endpoint is monotonic.,single-paper-synthesis,conventional-term-or-collocation
JTO-36775193-LINE-54,uppermost TMB decile,36775193,results,,terminology,clinical-oncology;genomics;immunotherapy;statistics,Curated article-level supported domains; not all domains apply to each expression. See source context and expression-topic annotations.,vocabulary,observational-or-computational,jto-2023-36775193-language.md,Results vocabulary,54,TMB最高十分位；p7.,single-paper-synthesis,conventional-term-or-collocation
JTO-36775193-LINE-55,complete-case multivariable analysis,36775193,results,,terminology,clinical-oncology;genomics;immunotherapy;statistics,Curated article-level supported domains; not all domains apply to each expression. See source context and expression-topic annotations.,vocabulary,observational-or-computational,jto-2023-36775193-language.md,Results vocabulary,55,完整病例多变量分析；Figure4p10; denominator618.,single-paper-synthesis,conventional-term-or-collocation
JTO-36775193-LINE-56,The unadjusted association was attenuated after accounting for [co-alterations and clinical factors].,36775193,results,,results-vocabulary,clinical-oncology;genomics;immunotherapy;statistics,Curated article-level supported domains; not all domains apply to each expression. See source context and expression-topic annotations.,sentence-frame,observational-or-computational,jto-2023-36775193-language.md,Results vocabulary,56,"pp5–7,10; STK11 overall example.",single-paper-synthesis,synthetic-model
JTO-36775193-LINE-57,A significant association in [one subgroup] but not [another] does not by itself demonstrate effect modification.,36775193,results,,results-vocabulary,clinical-oncology;genomics;immunotherapy;statistics,Curated article-level supported domains; not all domains apply to each expression. See source context and expression-topic annotations.,sentence-frame,observational-or-computational,jto-2023-36775193-language.md,Results vocabulary,57,evidence-calibrationframe forpp5–7.,single-paper-synthesis,synthetic-model
JTO-36775193-LINE-60,"Report [overall cohort] and each biomarker-assessable denominator. Present clinical correlates, then [gene-specific and joint-status analyses]. Separate unadjusted from multivariable findings and subgroup results from formal interactions. Describe [threshold exploration and platform harmonization] before outcome contrasts, followed by missingness sensitivity analyses.",36775193,results,,results-paragraph,clinical-oncology;genomics;immunotherapy;statistics,Curated article-level supported domains; not all domains apply to each expression. See source context and expression-topic annotations.,paragraph-model,observational-or-computational,jto-2023-36775193-language.md,Results paragraph,60,pp3–7.,single-paper-synthesis,synthetic-model
JTO-36775193-LINE-63,prospective biomarker validation,36775193,discussion,,terminology,clinical-oncology;genomics;immunotherapy;statistics,Curated article-level supported domains; not all domains apply to each expression. See source context and expression-topic annotations.,vocabulary,observational-or-computational,jto-2023-36775193-language.md,Discussion vocabulary,63,前瞻性标志物验证；p11.,single-paper-synthesis,conventional-term-or-collocation
JTO-36775193-LINE-64,residual selection bias,36775193,discussion,,terminology,clinical-oncology;genomics;immunotherapy;statistics,Curated article-level supported domains; not all domains apply to each expression. See source context and expression-topic annotations.,vocabulary,observational-or-computational,jto-2023-36775193-language.md,Discussion vocabulary,64,"残余选择偏倚；pp7,11.",single-paper-synthesis,conventional-term-or-collocation
JTO-36775193-LINE-65,The candidate threshold should not be generalized beyond [assay and cohort] without independent validation.,36775193,discussion,,discussion-vocabulary,clinical-oncology;genomics;immunotherapy;statistics,Curated article-level supported domains; not all domains apply to each expression. See source context and expression-topic annotations.,sentence-frame,observational-or-computational,jto-2023-36775193-language.md,Discussion vocabulary,65,pp10–11.,single-paper-synthesis,synthetic-model
JTO-36775193-LINE-66,"Because no [alternative-treatment] comparator was included, these associations do not establish treatment-specific prediction.",36775193,discussion,,discussion-vocabulary,clinical-oncology;genomics;immunotherapy;statistics,Curated article-level supported domains; not all domains apply to each expression. See source context and expression-topic annotations.,sentence-frame,observational-or-computational,jto-2023-36775193-language.md,Discussion vocabulary,66,"calibrated limitation of the designpp3,11.",single-paper-synthesis,synthetic-model
JTO-36775193-LINE-69,Future studies should assess whether [co-mutation profile] improves treatment selection beyond established [clinical and molecular factors].,36775193,conclusion,,conclusion-frame,clinical-oncology;genomics;immunotherapy;statistics,Curated article-level supported domains; not all domains apply to each expression. See source context and expression-topic annotations.,sentence-frame,observational-or-computational,jto-2023-36775193-language.md,Conclusion frame,69,closingDiscussionp11.,single-paper-synthesis,synthetic-model
JTO-36775193-LINE-72,"Forest plots show [unadjusted or adjusted] hazard ratios within the specified [histologic and molecular analysis set], with wild-type status as the reference.",36775193,figure,,figure-legend-frame,clinical-oncology;genomics;immunotherapy;statistics,Curated article-level supported domains; not all domains apply to each expression. See source context and expression-topic annotations.,sentence-frame,observational-or-computational,jto-2023-36775193-language.md,Figure legend frame,72,Figures2/4pp6/10; state modelanddenominator.,single-paper-synthesis,synthetic-model
JTO-36958689-LINE-25,selective metabolic vulnerabilities,36958689,abstract-background,,terminology,genomics;transcriptomics;proteomics;bioinformatics;preclinical;targeted-therapy;statistics,Curated article-level supported domains; not all domains apply to each expression. See source context and expression-topic annotations.,vocabulary,preclinical-mechanistic,jto-2023-36958689-language.md,Abstract background,25,选择性代谢脆弱性；pp1–2.,single-paper-synthesis,conventional-term-or-collocation
JTO-36958689-LINE-26,We investigated whether [co-occurring tumor-suppressor alterations] modify sensitivity to [metabolic perturbation].,36958689,abstract-background,,abstract-background,genomics;transcriptomics;proteomics;bioinformatics;preclinical;targeted-therapy;statistics,Curated article-level supported domains; not all domains apply to each expression. See source context and expression-topic annotations.,sentence-frame,preclinical-mechanistic,jto-2023-36958689-language.md,Abstract background,26,pp1–2.,single-paper-synthesis,synthetic-model
JTO-36958689-LINE-29,"Genotype-defined [models] were profiled at baseline and after [inhibitor exposure], with antitumor activity evaluated in [in vitro and in vivo settings].",36958689,abstract-methods,,abstract-methods,genomics;transcriptomics;proteomics;bioinformatics;preclinical;targeted-therapy;statistics,Curated article-level supported domains; not all domains apply to each expression. See source context and expression-topic annotations.,sentence-frame,preclinical-mechanistic,jto-2023-36958689-language.md,Abstract methods,29,p2.,single-paper-synthesis,synthetic-model
JTO-36958689-LINE-32,[Genotype] showed reduced [metabolic reserves] and a limited capacity to mount [compensatory response].,36958689,abstract-results,,abstract-results,genomics;transcriptomics;proteomics;bioinformatics;preclinical;targeted-therapy;statistics,Curated article-level supported domains; not all domains apply to each expression. See source context and expression-topic annotations.,sentence-frame,preclinical-mechanistic,jto-2023-36958689-language.md,Abstract results,32,p2.,single-paper-synthesis,synthetic-model
JTO-36958689-LINE-35,These preclinical findings nominate [combination strategy] for further investigation in [molecularly defined disease].,36958689,abstract-conclusion,,abstract-conclusion,genomics;transcriptomics;proteomics;bioinformatics;preclinical;targeted-therapy;statistics,Curated article-level supported domains; not all domains apply to each expression. See source context and expression-topic annotations.,sentence-frame,preclinical-mechanistic,jto-2023-36958689-language.md,Abstract conclusion,35,p2.,single-paper-synthesis,synthetic-model
JTO-36958689-LINE-38,energetic stress,36958689,introduction,,terminology,genomics;transcriptomics;proteomics;bioinformatics;preclinical;targeted-therapy;statistics,Curated article-level supported domains; not all domains apply to each expression. See source context and expression-topic annotations.,vocabulary,preclinical-mechanistic,jto-2023-36958689-language.md,Introduction vocabulary,38,能量应激；p2.,single-paper-synthesis,conventional-term-or-collocation
JTO-36958689-LINE-39,compensatory metabolic pathways,36958689,introduction,,terminology,genomics;transcriptomics;proteomics;bioinformatics;preclinical;targeted-therapy;statistics,Curated article-level supported domains; not all domains apply to each expression. See source context and expression-topic annotations.,vocabulary,preclinical-mechanistic,jto-2023-36958689-language.md,Introduction vocabulary,39,代偿性代谢通路；p2.,single-paper-synthesis,conventional-term-or-collocation
JTO-36958689-LINE-40,A defect in [stress-response pathway] may expose a dependency that is not apparent under basal conditions.,36958689,introduction,,introduction-vocabulary,genomics;transcriptomics;proteomics;bioinformatics;preclinical;targeted-therapy;statistics,Curated article-level supported domains; not all domains apply to each expression. See source context and expression-topic annotations.,sentence-frame,preclinical-mechanistic,jto-2023-36958689-language.md,Introduction vocabulary,40,"p2, synthesized rationale.",single-paper-synthesis,synthetic-model
JTO-36958689-LINE-43,selective nutrient withdrawal,36958689,methods,,terminology,genomics;transcriptomics;proteomics;bioinformatics;preclinical;targeted-therapy;statistics,Curated article-level supported domains; not all domains apply to each expression. See source context and expression-topic annotations.,vocabulary,preclinical-mechanistic,jto-2023-36958689-language.md,Methods vocabulary,43,"选择性营养撤除；pp3,6.",single-paper-synthesis,conventional-term-or-collocation
JTO-36958689-LINE-44,extracellular flux analysis,36958689,methods,,terminology,genomics;transcriptomics;proteomics;bioinformatics;preclinical;targeted-therapy;statistics,Curated article-level supported domains; not all domains apply to each expression. See source context and expression-topic annotations.,vocabulary,preclinical-mechanistic,jto-2023-36958689-language.md,Methods vocabulary,44,细胞外通量分析；p4.,single-paper-synthesis,conventional-term-or-collocation
JTO-36958689-LINE-45,polar metabolite abundance,36958689,methods,,terminology,genomics;transcriptomics;proteomics;bioinformatics;preclinical;targeted-therapy;statistics,Curated article-level supported domains; not all domains apply to each expression. See source context and expression-topic annotations.,vocabulary,preclinical-mechanistic,jto-2023-36958689-language.md,Methods vocabulary,45,极性代谢物丰度；pp5–6.,single-paper-synthesis,conventional-term-or-collocation
JTO-36958689-LINE-46,variable importance projection,36958689,methods,,terminology,genomics;transcriptomics;proteomics;bioinformatics;preclinical;targeted-therapy;statistics,Curated article-level supported domains; not all domains apply to each expression. See source context and expression-topic annotations.,vocabulary,preclinical-mechanistic,jto-2023-36958689-language.md,Methods vocabulary,46,"变量重要性投影；pp6,9–10.",single-paper-synthesis,conventional-term-or-collocation
JTO-36958689-LINE-47,Measurements were normalized to [cell number] and expressed relative to [reference genotype and treatment].,36958689,methods,,methods-vocabulary,genomics;transcriptomics;proteomics;bioinformatics;preclinical;targeted-therapy;statistics,Curated article-level supported domains; not all domains apply to each expression. See source context and expression-topic annotations.,sentence-frame,preclinical-mechanistic,jto-2023-36958689-language.md,Methods vocabulary,47,pp4–6.,single-paper-synthesis,synthetic-model
JTO-36958689-LINE-48,"Differential protein abundance was assessed with [specified multiple-testing correction], using a false-discovery threshold of [value].",36958689,methods,,methods-vocabulary,genomics;transcriptomics;proteomics;bioinformatics;preclinical;targeted-therapy;statistics,Curated article-level supported domains; not all domains apply to each expression. See source context and expression-topic annotations.,sentence-frame,preclinical-mechanistic,jto-2023-36958689-language.md,Methods vocabulary,48,p3.,single-paper-synthesis,synthetic-model
JTO-36958689-LINE-51,diminished metabolic reserve,36958689,results,,terminology,genomics;transcriptomics;proteomics;bioinformatics;preclinical;targeted-therapy;statistics,Curated article-level supported domains; not all domains apply to each expression. See source context and expression-topic annotations.,vocabulary,preclinical-mechanistic,jto-2023-36958689-language.md,Results vocabulary,51,"代谢储备降低；pp7,12.",single-paper-synthesis,conventional-term-or-collocation
JTO-36958689-LINE-52,preservation of glutathione stores,36958689,results,,terminology,genomics;transcriptomics;proteomics;bioinformatics;preclinical;targeted-therapy;statistics,Curated article-level supported domains; not all domains apply to each expression. See source context and expression-topic annotations.,vocabulary,preclinical-mechanistic,jto-2023-36958689-language.md,Results vocabulary,52,"谷胱甘肽储备得以维持；pp7,12.",single-paper-synthesis,conventional-term-or-collocation
JTO-36958689-LINE-53,"Despite comparable [baseline growth], the genotypes differed in their response to [metabolic challenge].",36958689,results,,results-vocabulary,genomics;transcriptomics;proteomics;bioinformatics;preclinical;targeted-therapy;statistics,Curated article-level supported domains; not all domains apply to each expression. See source context and expression-topic annotations.,sentence-frame,preclinical-mechanistic,jto-2023-36958689-language.md,Results vocabulary,53,pp5–7.,single-paper-synthesis,synthetic-model
JTO-36958689-LINE-54,"[Combination] enhanced growth inhibition in [sensitive genotype], whereas little additional activity was observed in [comparison genotype].",36958689,results,,results-vocabulary,genomics;transcriptomics;proteomics;bioinformatics;preclinical;targeted-therapy;statistics,Curated article-level supported domains; not all domains apply to each expression. See source context and expression-topic annotations.,sentence-frame,preclinical-mechanistic,jto-2023-36958689-language.md,Results vocabulary,54,pp10–12.,single-paper-synthesis,synthetic-model
JTO-36958689-LINE-57,"Establish [baseline phenotype] before introducing [drug response]. Combine functional metabolic assays with molecular profiling, specifying which datasets are external. Present orthogonal inhibitor and model validation, then combination activity; distinguish metabolite abundance, flux, viability and cell death.",36958689,results,,results-paragraph,genomics;transcriptomics;proteomics;bioinformatics;preclinical;targeted-therapy;statistics,Curated article-level supported domains; not all domains apply to each expression. See source context and expression-topic annotations.,paragraph-model,preclinical-mechanistic,jto-2023-36958689-language.md,Results paragraph,57,pp5–12.,single-paper-synthesis,synthetic-model
JTO-36958689-LINE-60,genotype-dependent metabolic adaptation,36958689,discussion,,terminology,genomics;transcriptomics;proteomics;bioinformatics;preclinical;targeted-therapy;statistics,Curated article-level supported domains; not all domains apply to each expression. See source context and expression-topic annotations.,vocabulary,preclinical-mechanistic,jto-2023-36958689-language.md,Discussion vocabulary,60,基因型依赖的代谢适应；pp12–13.,single-paper-synthesis,conventional-term-or-collocation
JTO-36958689-LINE-61,The increased abundance of [pathway proteins] should not be equated with increased [functional pathway activity].,36958689,discussion,,discussion-vocabulary,genomics;transcriptomics;proteomics;bioinformatics;preclinical;targeted-therapy;statistics,Curated article-level supported domains; not all domains apply to each expression. See source context and expression-topic annotations.,sentence-frame,preclinical-mechanistic,jto-2023-36958689-language.md,Discussion vocabulary,61,"pp7,12.",single-paper-synthesis,synthetic-model
JTO-36958689-LINE-62,"The results provide a biological rationale for [strategy], but clinical efficacy and therapeutic tolerability remain to be established.",36958689,discussion,,discussion-vocabulary,genomics;transcriptomics;proteomics;bioinformatics;preclinical;targeted-therapy;statistics,Curated article-level supported domains; not all domains apply to each expression. See source context and expression-topic annotations.,sentence-frame,preclinical-mechanistic,jto-2023-36958689-language.md,Discussion vocabulary,62,pp12–13.,single-paper-synthesis,synthetic-model
JTO-36958689-LINE-65,Targeting [compensatory pathway] may extend the preclinical activity of [primary inhibitor] in [genotype-defined models].,36958689,conclusion,,conclusion-frame,genomics;transcriptomics;proteomics;bioinformatics;preclinical;targeted-therapy;statistics,Curated article-level supported domains; not all domains apply to each expression. See source context and expression-topic annotations.,sentence-frame,preclinical-mechanistic,jto-2023-36958689-language.md,Conclusion frame,65,closingDiscussionp13.,single-paper-synthesis,synthetic-model
JTO-36958689-LINE-68,"Each point represents [specified biological unit or aggregate]; normalization, independent experiments and multiplicity-adjusted comparisons are stated separately.",36958689,figure,,figure-legend-frame,genomics;transcriptomics;proteomics;bioinformatics;preclinical;targeted-therapy;statistics,Curated article-level supported domains; not all domains apply to each expression. See source context and expression-topic annotations.,sentence-frame,preclinical-mechanistic,jto-2023-36958689-language.md,Figure legend frame,68,"Figures1/3pp6,9–10.",single-paper-synthesis,synthetic-model
JTO-37182602-LINE-26,concurrent oncogenic drivers,37182602,abstract-background,,terminology,genomics;transcriptomics;targeted-protein-assay;bioinformatics;preclinical;targeted-therapy;statistics,Curated article-level supported domains; not all domains apply to each expression. See source context and expression-topic annotations.,vocabulary,preclinical-mechanistic,jto-2023-37182602-language.md,Abstract background,26,同时存在的致癌驱动改变；pp1–2.,single-paper-synthesis,conventional-term-or-collocation
JTO-37182602-LINE-27,We hypothesized that restoring [tumor-suppressor activity] while inhibiting [convergent signaling] would enhance antitumor activity.,37182602,abstract-background,,abstract-background,genomics;transcriptomics;targeted-protein-assay;bioinformatics;preclinical;targeted-therapy;statistics,Curated article-level supported domains; not all domains apply to each expression. See source context and expression-topic annotations.,sentence-frame,preclinical-mechanistic,jto-2023-37182602-language.md,Abstract background,27,pp1–2.,single-paper-synthesis,synthetic-model
JTO-37182602-LINE-30,Genomic profiling nominated [co-alteration-defined models] for evaluation of [single agents and their combination].,37182602,abstract-methods,,abstract-methods,genomics;transcriptomics;targeted-protein-assay;bioinformatics;preclinical;targeted-therapy;statistics,Curated article-level supported domains; not all domains apply to each expression. See source context and expression-topic annotations.,sentence-frame,preclinical-mechanistic,jto-2023-37182602-language.md,Abstract methods,30,p2.,single-paper-synthesis,synthetic-model
JTO-37182602-LINE-33,[Combination] suppressed [adaptive signaling] and increased [apoptotic readouts] in selected [genomic backgrounds].,37182602,abstract-results,,abstract-results,genomics;transcriptomics;targeted-protein-assay;bioinformatics;preclinical;targeted-therapy;statistics,Curated article-level supported domains; not all domains apply to each expression. See source context and expression-topic annotations.,sentence-frame,preclinical-mechanistic,jto-2023-37182602-language.md,Abstract results,33,p2.,single-paper-synthesis,synthetic-model
JTO-37182602-LINE-36,"The preclinical activity provides a rationale for clinical evaluation, rather than evidence of established benefit in patients.",37182602,abstract-conclusion,,abstract-conclusion,genomics;transcriptomics;targeted-protein-assay;bioinformatics;preclinical;targeted-therapy;statistics,Curated article-level supported domains; not all domains apply to each expression. See source context and expression-topic annotations.,sentence-frame,preclinical-mechanistic,jto-2023-37182602-language.md,Abstract conclusion,36,"p2, calibratedframe.",single-paper-synthesis,synthetic-model
JTO-37182602-LINE-39,restoration of p53 activity,37182602,introduction,,terminology,genomics;transcriptomics;targeted-protein-assay;bioinformatics;preclinical;targeted-therapy;statistics,Curated article-level supported domains; not all domains apply to each expression. See source context and expression-topic annotations.,vocabulary,preclinical-mechanistic,jto-2023-37182602-language.md,Introduction vocabulary,39,恢复p53活性；p2.,single-paper-synthesis,conventional-term-or-collocation
JTO-37182602-LINE-40,convergent downstream signaling,37182602,introduction,,terminology,genomics;transcriptomics;targeted-protein-assay;bioinformatics;preclinical;targeted-therapy;statistics,Curated article-level supported domains; not all domains apply to each expression. See source context and expression-topic annotations.,vocabulary,preclinical-mechanistic,jto-2023-37182602-language.md,Introduction vocabulary,40,"汇聚的下游信号；pp2,16.",single-paper-synthesis,conventional-term-or-collocation
JTO-37182602-LINE-41,Targeting a shared downstream pathway may address adaptive signaling across [heterogeneous driver alterations].,37182602,introduction,,introduction-vocabulary,genomics;transcriptomics;targeted-protein-assay;bioinformatics;preclinical;targeted-therapy;statistics,Curated article-level supported domains; not all domains apply to each expression. See source context and expression-topic annotations.,sentence-frame,preclinical-mechanistic,jto-2023-37182602-language.md,Introduction vocabulary,41,"pp2,16.",single-paper-synthesis,synthetic-model
JTO-37182602-LINE-44,patient-derived xenograft,37182602,methods,,terminology,genomics;transcriptomics;targeted-protein-assay;bioinformatics;preclinical;targeted-therapy;statistics,Curated article-level supported domains; not all domains apply to each expression. See source context and expression-topic annotations.,vocabulary,preclinical-mechanistic,jto-2023-37182602-language.md,Methods vocabulary,44,患者来源异种移植模型；p3.,single-paper-synthesis,conventional-term-or-collocation
JTO-37182602-LINE-45,highest single-agent synergy model,37182602,methods,,terminology,genomics;transcriptomics;targeted-protein-assay;bioinformatics;preclinical;targeted-therapy;statistics,Curated article-level supported domains; not all domains apply to each expression. See source context and expression-topic annotations.,vocabulary,preclinical-mechanistic,jto-2023-37182602-language.md,Methods vocabulary,45,"最高单药效应协同模型；pp4,8.",single-paper-synthesis,conventional-term-or-collocation
JTO-37182602-LINE-46,dependent right censoring,37182602,methods,,terminology,genomics;transcriptomics;targeted-protein-assay;bioinformatics;preclinical;targeted-therapy;statistics,Curated article-level supported domains; not all domains apply to each expression. See source context and expression-topic annotations.,vocabulary,preclinical-mechanistic,jto-2023-37182602-language.md,Methods vocabulary,46,依赖性右删失；p7.,single-paper-synthesis,conventional-term-or-collocation
JTO-37182602-LINE-47,"Treatment effects on tumor growth were compared using [AUC-based permutation method], after subtracting [baseline tumor volume].",37182602,methods,,methods-vocabulary,genomics;transcriptomics;targeted-protein-assay;bioinformatics;preclinical;targeted-therapy;statistics,Curated article-level supported domains; not all domains apply to each expression. See source context and expression-topic annotations.,sentence-frame,preclinical-mechanistic,jto-2023-37182602-language.md,Methods vocabulary,47,p7.,single-paper-synthesis,synthetic-model
JTO-37182602-LINE-48,Gene-set enrichment was evaluated on [signed rank statistic] with [specified adjusted-P threshold].,37182602,methods,,methods-vocabulary,genomics;transcriptomics;targeted-protein-assay;bioinformatics;preclinical;targeted-therapy;statistics,Curated article-level supported domains; not all domains apply to each expression. See source context and expression-topic annotations.,sentence-frame,preclinical-mechanistic,jto-2023-37182602-language.md,Methods vocabulary,48,p7.,single-paper-synthesis,synthetic-model
JTO-37182602-LINE-51,dose-response shift,37182602,results,,terminology,genomics;transcriptomics;targeted-protein-assay;bioinformatics;preclinical;targeted-therapy;statistics,Curated article-level supported domains; not all domains apply to each expression. See source context and expression-topic annotations.,vocabulary,preclinical-mechanistic,jto-2023-37182602-language.md,Results vocabulary,51,剂量反应曲线位移；pp8–11.,single-paper-synthesis,conventional-term-or-collocation
JTO-37182602-LINE-52,paradoxical MAPK activation,37182602,results,,terminology,genomics;transcriptomics;targeted-protein-assay;bioinformatics;preclinical;targeted-therapy;statistics,Curated article-level supported domains; not all domains apply to each expression. See source context and expression-topic annotations.,vocabulary,preclinical-mechanistic,jto-2023-37182602-language.md,Results vocabulary,52,"反常的MAPK激活；pp11,16.",single-paper-synthesis,conventional-term-or-collocation
JTO-37182602-LINE-53,postdosing cessation,37182602,results,,terminology,genomics;transcriptomics;targeted-protein-assay;bioinformatics;preclinical;targeted-therapy;statistics,Curated article-level supported domains; not all domains apply to each expression. See source context and expression-topic annotations.,vocabulary,preclinical-mechanistic,jto-2023-37182602-language.md,Results vocabulary,53,停药后；pp14–15.,single-paper-synthesis,conventional-term-or-collocation
JTO-37182602-LINE-54,The combination suppressed [feedback response] that persisted during co-treatment with [upstream inhibitor].,37182602,results,,results-vocabulary,genomics;transcriptomics;targeted-protein-assay;bioinformatics;preclinical;targeted-therapy;statistics,Curated article-level supported domains; not all domains apply to each expression. See source context and expression-topic annotations.,sentence-frame,preclinical-mechanistic,jto-2023-37182602-language.md,Results vocabulary,54,pp10–13.,single-paper-synthesis,synthetic-model
JTO-37182602-LINE-55,Amplification and protein expression were not interchangeable measures of [target dependence].,37182602,results,,results-vocabulary,genomics;transcriptomics;targeted-protein-assay;bioinformatics;preclinical;targeted-therapy;statistics,Curated article-level supported domains; not all domains apply to each expression. See source context and expression-topic annotations.,sentence-frame,preclinical-mechanistic,jto-2023-37182602-language.md,Results vocabulary,55,"pp6,11, calibratedinterpretation.",single-paper-synthesis,synthetic-model
JTO-37182602-LINE-58,"Begin with the patient-level genomic landscape and selected paired samples. Describe model origin and baseline versus acquired status. Report concentration-dependent synergy, orthogonal apoptosis/signaling assays and transcriptomic contrasts, then model-specific in-vivo comparisons including nonsignificant contrasts and dosing differences.",37182602,results,,results-paragraph,genomics;transcriptomics;targeted-protein-assay;bioinformatics;preclinical;targeted-therapy;statistics,Curated article-level supported domains; not all domains apply to each expression. See source context and expression-topic annotations.,paragraph-model,preclinical-mechanistic,jto-2023-37182602-language.md,Results paragraph,58,pp5–16.,single-paper-synthesis,synthetic-model
JTO-37182602-LINE-61,molecularly guided combination strategy,37182602,discussion,,terminology,genomics;transcriptomics;targeted-protein-assay;bioinformatics;preclinical;targeted-therapy;statistics,Curated article-level supported domains; not all domains apply to each expression. See source context and expression-topic annotations.,vocabulary,preclinical-mechanistic,jto-2023-37182602-language.md,Discussion vocabulary,61,分子指导的联合策略；p16.,single-paper-synthesis,conventional-term-or-collocation
JTO-37182602-LINE-62,These findings nominate [strategy] across several models but do not establish a clinically validated predictive biomarker.,37182602,discussion,,discussion-vocabulary,genomics;transcriptomics;targeted-protein-assay;bioinformatics;preclinical;targeted-therapy;statistics,Curated article-level supported domains; not all domains apply to each expression. See source context and expression-topic annotations.,sentence-frame,preclinical-mechanistic,jto-2023-37182602-language.md,Discussion vocabulary,62,pp16–17.,single-paper-synthesis,synthetic-model
JTO-37182602-LINE-63,The absence of [weight loss] cannot substitute for comprehensive toxicity assessment.,37182602,discussion,,discussion-vocabulary,genomics;transcriptomics;targeted-protein-assay;bioinformatics;preclinical;targeted-therapy;statistics,Curated article-level supported domains; not all domains apply to each expression. See source context and expression-topic annotations.,sentence-frame,preclinical-mechanistic,jto-2023-37182602-language.md,Discussion vocabulary,63,"p16, calibratedlimitation.",single-paper-synthesis,synthetic-model
JTO-37182602-LINE-66,Prospective trials are needed to determine whether [preclinical combination activity] translates into tolerable and durable benefit.,37182602,conclusion,,conclusion-frame,genomics;transcriptomics;targeted-protein-assay;bioinformatics;preclinical;targeted-therapy;statistics,Curated article-level supported domains; not all domains apply to each expression. See source context and expression-topic annotations.,sentence-frame,preclinical-mechanistic,jto-2023-37182602-language.md,Conclusion frame,66,closingDiscussionp17.,single-paper-synthesis,synthetic-model
JTO-37182602-LINE-69,"Synergy matrices display [model-specific scores and variability]; negative scores indicate antagonism, and significance is annotated for individual dose combinations.",37182602,figure,,figure-legend-frame,genomics;transcriptomics;targeted-protein-assay;bioinformatics;preclinical;targeted-therapy;statistics,Curated article-level supported domains; not all domains apply to each expression. See source context and expression-topic annotations.,sentence-frame,preclinical-mechanistic,jto-2023-37182602-language.md,Figure legend frame,69,Figure3pp8–9.,single-paper-synthesis,synthetic-model
JTO-37543207-LINE-27,functionally classified mutations,37543207,abstract-background,,terminology,clinical-oncology;genomics;immunotherapy;targeted-therapy;statistics,Curated article-level supported domains; not all domains apply to each expression. See source context and expression-topic annotations.,vocabulary,observational-or-computational,jto-2023-37543207-language.md,Abstract background,27,按功能分类的突变；p2.,single-paper-synthesis,conventional-term-or-collocation
JTO-37543207-LINE-28,The clinical heterogeneity of [rare noncanonical variants] remains insufficiently characterized.,37543207,abstract-background,,abstract-background,clinical-oncology;genomics;immunotherapy;targeted-therapy;statistics,Curated article-level supported domains; not all domains apply to each expression. See source context and expression-topic annotations.,sentence-frame,observational-or-computational,jto-2023-37543207-language.md,Abstract background,28,p2.,single-paper-synthesis,synthetic-model
JTO-37543207-LINE-31,We evaluated [clinical and genomic features] within a multicenter screening cohort and separately analyzed treatment-assessable subsets.,37543207,abstract-methods,,abstract-methods,clinical-oncology;genomics;immunotherapy;targeted-therapy;statistics,Curated article-level supported domains; not all domains apply to each expression. See source context and expression-topic annotations.,sentence-frame,observational-or-computational,jto-2023-37543207-language.md,Abstract methods,31,pp2–4.,single-paper-synthesis,synthetic-model
JTO-37543207-LINE-34,"[Variant class] was enriched for [co-alterations], while outcome differences varied by [treatment setting].",37543207,abstract-results,,abstract-results,clinical-oncology;genomics;immunotherapy;targeted-therapy;statistics,Curated article-level supported domains; not all domains apply to each expression. See source context and expression-topic annotations.,sentence-frame,observational-or-computational,jto-2023-37543207-language.md,Abstract results,34,"pp2,4–7.",single-paper-synthesis,synthetic-model
JTO-37543207-LINE-37,[Rare variant subset] warrants further preclinical and clinical evaluation as a potential therapeutic target.,37543207,abstract-conclusion,,abstract-conclusion,clinical-oncology;genomics;immunotherapy;targeted-therapy;statistics,Curated article-level supported domains; not all domains apply to each expression. See source context and expression-topic annotations.,sentence-frame,observational-or-computational,jto-2023-37543207-language.md,Abstract conclusion,37,p2.,single-paper-synthesis,synthetic-model
JTO-37543207-LINE-40,RAS-independent kinase activation,37543207,introduction,,terminology,clinical-oncology;genomics;immunotherapy;targeted-therapy;statistics,Curated article-level supported domains; not all domains apply to each expression. See source context and expression-topic annotations.,vocabulary,observational-or-computational,jto-2023-37543207-language.md,Introduction vocabulary,40,RAS非依赖性激酶激活；p2.,single-paper-synthesis,conventional-term-or-collocation
JTO-37543207-LINE-41,impaired kinase activity,37543207,introduction,,terminology,clinical-oncology;genomics;immunotherapy;targeted-therapy;statistics,Curated article-level supported domains; not all domains apply to each expression. See source context and expression-topic annotations.,vocabulary,observational-or-computational,jto-2023-37543207-language.md,Introduction vocabulary,41,激酶活性受损；p2.,single-paper-synthesis,conventional-term-or-collocation
JTO-37543207-LINE-42,Functional classification may help resolve the biological heterogeneity hidden within [noncanonical mutation category].,37543207,introduction,,introduction-vocabulary,clinical-oncology;genomics;immunotherapy;targeted-therapy;statistics,Curated article-level supported domains; not all domains apply to each expression. See source context and expression-topic annotations.,sentence-frame,observational-or-computational,jto-2023-37543207-language.md,Introduction vocabulary,42,p2.,single-paper-synthesis,synthetic-model
JTO-37543207-LINE-45,assay-specific mutation fractions,37543207,methods,,terminology,clinical-oncology;genomics;immunotherapy;targeted-therapy;statistics,Curated article-level supported domains; not all domains apply to each expression. See source context and expression-topic annotations.,vocabulary,observational-or-computational,jto-2023-37543207-language.md,Methods vocabulary,45,特定检测平台适用的突变频率；pp2–3.,single-paper-synthesis,conventional-term-or-collocation
JTO-37543207-LINE-46,Genes not covered by [panel] were excluded from that gene's evaluable denominator rather than treated as wild type.,37543207,methods,,methods-vocabulary,clinical-oncology;genomics;immunotherapy;targeted-therapy;statistics,Curated article-level supported domains; not all domains apply to each expression. See source context and expression-topic annotations.,sentence-frame,observational-or-computational,jto-2023-37543207-language.md,Methods vocabulary,46,"p3, methodologicalinterpretation.",single-paper-synthesis,synthetic-model
JTO-37543207-LINE-47,"Outcome analyses were restricted to [stage and treatment-defined population], with time zero at [specified treatment start].",37543207,methods,,methods-vocabulary,clinical-oncology;genomics;immunotherapy;targeted-therapy;statistics,Curated article-level supported domains; not all domains apply to each expression. See source context and expression-topic annotations.,sentence-frame,observational-or-computational,jto-2023-37543207-language.md,Methods vocabulary,47,pp3–4.,single-paper-synthesis,synthetic-model
JTO-37543207-LINE-50,concomitant RAS mutations,37543207,results,,terminology,clinical-oncology;genomics;immunotherapy;targeted-therapy;statistics,Curated article-level supported domains; not all domains apply to each expression. See source context and expression-topic annotations.,vocabulary,observational-or-computational,jto-2023-37543207-language.md,Results vocabulary,50,"伴随RAS突变；pp4,9.",single-paper-synthesis,conventional-term-or-collocation
JTO-37543207-LINE-51,class-specific clinicogenomic features,37543207,results,,terminology,clinical-oncology;genomics;immunotherapy;targeted-therapy;statistics,Curated article-level supported domains; not all domains apply to each expression. See source context and expression-topic annotations.,vocabulary,observational-or-computational,jto-2023-37543207-language.md,Results vocabulary,51,各突变类别的临床基因组特征；pp3–9.,single-paper-synthesis,conventional-term-or-collocation
JTO-37543207-LINE-52,"Although [response rates] were similar, [time-to-event endpoint] differed between [specified classes].",37543207,results,,results-vocabulary,clinical-oncology;genomics;immunotherapy;targeted-therapy;statistics,Curated article-level supported domains; not all domains apply to each expression. See source context and expression-topic annotations.,sentence-frame,observational-or-computational,jto-2023-37543207-language.md,Results vocabulary,52,pp4–7; observationalnotcausal.,single-paper-synthesis,synthetic-model
JTO-37543207-LINE-53,"No statistically significant difference was detected in [endpoint], with uncertainty reflected by the reported confidence interval.",37543207,results,,results-vocabulary,clinical-oncology;genomics;immunotherapy;targeted-therapy;statistics,Curated article-level supported domains; not all domains apply to each expression. See source context and expression-topic annotations.,sentence-frame,observational-or-computational,jto-2023-37543207-language.md,Results vocabulary,53,p7.,single-paper-synthesis,synthetic-model
JTO-37543207-LINE-56,"Report the screened and successfully sequenced denominators, then functional classes and assay-specific co-alterations. Separate TMB-assessable and treatment-assessable subsets. Present outcomes by regimen and line, distinguish an illustrative rare-variant response from cohort estimates, and retain sensitivity analyses concerning targeted-treatment exposure.",37543207,results,,results-paragraph,clinical-oncology;genomics;immunotherapy;targeted-therapy;statistics,Curated article-level supported domains; not all domains apply to each expression. See source context and expression-topic annotations.,paragraph-model,observational-or-computational,jto-2023-37543207-language.md,Results paragraph,56,pp3–9.,single-paper-synthesis,synthetic-model
JTO-37543207-LINE-59,heterogeneous treatment exposure,37543207,discussion,,terminology,clinical-oncology;genomics;immunotherapy;targeted-therapy;statistics,Curated article-level supported domains; not all domains apply to each expression. See source context and expression-topic annotations.,vocabulary,observational-or-computational,jto-2023-37543207-language.md,Discussion vocabulary,59,异质性的治疗暴露；pp9–10.,single-paper-synthesis,conventional-term-or-collocation
JTO-37543207-LINE-60,The apparent survival difference may partly reflect differential access to [targeted therapy] rather than an intrinsic effect of [variant class].,37543207,discussion,,discussion-vocabulary,clinical-oncology;genomics;immunotherapy;targeted-therapy;statistics,Curated article-level supported domains; not all domains apply to each expression. See source context and expression-topic annotations.,sentence-frame,observational-or-computational,jto-2023-37543207-language.md,Discussion vocabulary,60,pp8–10.,single-paper-synthesis,synthetic-model
JTO-37543207-LINE-61,"A response in [single rare-variant case] provides a rationale for study, not an estimate of population-level efficacy.",37543207,discussion,,discussion-vocabulary,clinical-oncology;genomics;immunotherapy;targeted-therapy;statistics,Curated article-level supported domains; not all domains apply to each expression. See source context and expression-topic annotations.,sentence-frame,observational-or-computational,jto-2023-37543207-language.md,Discussion vocabulary,61,pp8–10.,single-paper-synthesis,synthetic-model
JTO-37543207-LINE-64,"Biologically informed subclassification may guide further investigation of [rare alteration groups], pending functional and prospective clinical validation.",37543207,conclusion,,conclusion-frame,clinical-oncology;genomics;immunotherapy;targeted-therapy;statistics,Curated article-level supported domains; not all domains apply to each expression. See source context and expression-topic annotations.,sentence-frame,observational-or-computational,jto-2023-37543207-language.md,Conclusion frame,64,closingDiscussionp10.,single-paper-synthesis,synthetic-model
JTO-37543207-LINE-67,The oncoprint distinguishes detected alterations from genes not evaluated by the relevant sequencing panel.,37543207,figure,,figure-legend-frame,clinical-oncology;genomics;immunotherapy;targeted-therapy;statistics,Curated article-level supported domains; not all domains apply to each expression. See source context and expression-topic annotations.,sentence-frame,observational-or-computational,jto-2023-37543207-language.md,Figure legend frame,67,Figure3p6.,single-paper-synthesis,synthetic-model
JTO-37572870-LINE-28,concurrent genomic alterations,37572870,abstract-background,,terminology,clinical-oncology;genomics;targeted-therapy;statistics,Curated article-level supported domains; not all domains apply to each expression. See source context and expression-topic annotations.,vocabulary,observational-or-computational,jto-2024-37572870-language.md,Abstract background,28,伴随基因组改变；p1.,single-paper-synthesis,conventional-term-or-collocation
JTO-37572870-LINE-29,Clinical heterogeneity within [driver-defined disease] may be associated with [additional molecular features].,37572870,abstract-background,,abstract-background,clinical-oncology;genomics;targeted-therapy;statistics,Curated article-level supported domains; not all domains apply to each expression. See source context and expression-topic annotations.,sentence-frame,observational-or-computational,jto-2024-37572870-language.md,Abstract background,29,pp1–2.,single-paper-synthesis,synthetic-model
JTO-37572870-LINE-32,We evaluated [co-alteration status] in a multicenter observational cohort receiving [treatment class].,37572870,abstract-methods,,abstract-methods,clinical-oncology;genomics;targeted-therapy;statistics,Curated article-level supported domains; not all domains apply to each expression. See source context and expression-topic annotations.,sentence-frame,observational-or-computational,jto-2024-37572870-language.md,Abstract methods,32,pp1–3.,single-paper-synthesis,synthetic-model
JTO-37572870-LINE-35,[Copy-number alteration] was associated with shorter [endpoint] after adjustment for [specified covariates].,37572870,abstract-results,,abstract-results,clinical-oncology;genomics;targeted-therapy;statistics,Curated article-level supported domains; not all domains apply to each expression. See source context and expression-topic annotations.,sentence-frame,observational-or-computational,jto-2024-37572870-language.md,Abstract results,35,"pp1–2,7–9; report verified estimates only.",single-paper-synthesis,synthetic-model
JTO-37572870-LINE-38,"The findings support further assessment of [molecular risk stratification], rather than establish a benefit from treatment escalation.",37572870,abstract-conclusion,,abstract-conclusion,clinical-oncology;genomics;targeted-therapy;statistics,Curated article-level supported domains; not all domains apply to each expression. See source context and expression-topic annotations.,sentence-frame,observational-or-computational,jto-2024-37572870-language.md,Abstract conclusion,38,"calibrated synthesispp2,10.",single-paper-synthesis,synthetic-model
JTO-37572870-LINE-41,intracranial disease control,37572870,introduction,,terminology,clinical-oncology;genomics;targeted-therapy;statistics,Curated article-level supported domains; not all domains apply to each expression. See source context and expression-topic annotations.,vocabulary,observational-or-computational,jto-2024-37572870-language.md,Introduction vocabulary,41,颅内疾病控制；p2.,single-paper-synthesis,conventional-term-or-collocation
JTO-37572870-LINE-42,primary treatment resistance,37572870,introduction,,terminology,clinical-oncology;genomics;targeted-therapy;statistics,Curated article-level supported domains; not all domains apply to each expression. See source context and expression-topic annotations.,vocabulary,observational-or-computational,jto-2024-37572870-language.md,Introduction vocabulary,42,原发治疗耐药；p2; define interval and endpoint.,single-paper-synthesis,conventional-term-or-collocation
JTO-37572870-LINE-43,The prognostic contribution of [individual co-alterations] may differ from that of the total alteration burden.,37572870,introduction,,introduction-vocabulary,clinical-oncology;genomics;targeted-therapy;statistics,Curated article-level supported domains; not all domains apply to each expression. See source context and expression-topic annotations.,sentence-frame,observational-or-computational,jto-2024-37572870-language.md,Introduction vocabulary,43,"pp2,9.",single-paper-synthesis,synthetic-model
JTO-37572870-LINE-46,homozygous versus heterozygous loss,37572870,methods,,terminology,clinical-oncology;genomics;targeted-therapy;statistics,Curated article-level supported domains; not all domains apply to each expression. See source context and expression-topic annotations.,vocabulary,observational-or-computational,jto-2024-37572870-language.md,Methods vocabulary,46,纯合与杂合缺失；p3; not interchangeable.,single-paper-synthesis,conventional-term-or-collocation
JTO-37572870-LINE-47,investigator-assessed response,37572870,methods,,terminology,clinical-oncology;genomics;targeted-therapy;statistics,Curated article-level supported domains; not all domains apply to each expression. See source context and expression-topic annotations.,vocabulary,observational-or-computational,jto-2024-37572870-language.md,Methods vocabulary,47,研究者评估缓解；p3.,single-paper-synthesis,conventional-term-or-collocation
JTO-37572870-LINE-48,baseline brain metastases,37572870,methods,,terminology,clinical-oncology;genomics;targeted-therapy;statistics,Curated article-level supported domains; not all domains apply to each expression. See source context and expression-topic annotations.,vocabulary,observational-or-computational,jto-2024-37572870-language.md,Methods vocabulary,48,基线脑转移；p3; separate incidentCNS events.,single-paper-synthesis,conventional-term-or-collocation
JTO-37572870-LINE-49,"Time-to-event outcomes were measured from [explicit origin] to [fully specified event], with [censoring rule].",37572870,methods,,methods-vocabulary,clinical-oncology;genomics;targeted-therapy;statistics,Curated article-level supported domains; not all domains apply to each expression. See source context and expression-topic annotations.,sentence-frame,observational-or-computational,jto-2024-37572870-language.md,Methods vocabulary,49,p3; avoid silently standardizing nonstandard definitions.,single-paper-synthesis,synthetic-model
JTO-37572870-LINE-52,co-occurring copy-number loss,37572870,results,,terminology,clinical-oncology;genomics;targeted-therapy;statistics,Curated article-level supported domains; not all domains apply to each expression. See source context and expression-topic annotations.,vocabulary,observational-or-computational,jto-2024-37572870-language.md,Results vocabulary,52,共存拷贝数缺失；pp3–4.,single-paper-synthesis,conventional-term-or-collocation
JTO-37572870-LINE-53,odds of intracranial progression,37572870,results,,terminology,clinical-oncology;genomics;targeted-therapy;statistics,Curated article-level supported domains; not all domains apply to each expression. See source context and expression-topic annotations.,vocabulary,observational-or-computational,jto-2024-37572870-language.md,Results vocabulary,53,颅内进展优势；pp4–5; OR is not a risk ratio.,single-paper-synthesis,conventional-term-or-collocation
JTO-37572870-LINE-54,"The association remained after adjustment, although estimates for [small combined subgroup] were imprecise.",37572870,results,,results-vocabulary,clinical-oncology;genomics;targeted-therapy;statistics,Curated article-level supported domains; not all domains apply to each expression. See source context and expression-topic annotations.,sentence-frame,observational-or-computational,jto-2024-37572870-language.md,Results vocabulary,54,pp7–9.,single-paper-synthesis,synthetic-model
JTO-37572870-LINE-55,Patients without [specific alteration] were analyzed separately from those without any co-alteration.,37572870,results,,results-vocabulary,clinical-oncology;genomics;targeted-therapy;statistics,Curated article-level supported domains; not all domains apply to each expression. See source context and expression-topic annotations.,sentence-frame,observational-or-computational,jto-2024-37572870-language.md,Results vocabulary,55,pp6–8.,single-paper-synthesis,synthetic-model
JTO-37572870-LINE-58,"Define the event type and comparison groups first. Separate baseline [CNS involvement] from new [CNS events]. Report response and survival only with internally consistent denominators, then distinguish unadjusted associations, adjusted estimates and exploratory combined-subgroup contrasts.",37572870,results,,results-paragraph,clinical-oncology;genomics;targeted-therapy;statistics,Curated article-level supported domains; not all domains apply to each expression. See source context and expression-topic annotations.,paragraph-model,observational-or-computational,jto-2024-37572870-language.md,Results paragraph,58,pp3–9.,single-paper-synthesis,synthetic-model
JTO-37572870-LINE-61,treatment heterogeneity,37572870,discussion,,terminology,clinical-oncology;genomics;targeted-therapy;statistics,Curated article-level supported domains; not all domains apply to each expression. See source context and expression-topic annotations.,vocabulary,observational-or-computational,jto-2024-37572870-language.md,Discussion vocabulary,61,治疗异质性；p10.,single-paper-synthesis,conventional-term-or-collocation
JTO-37572870-LINE-62,limited subgroup precision,37572870,discussion,,terminology,clinical-oncology;genomics;targeted-therapy;statistics,Curated article-level supported domains; not all domains apply to each expression. See source context and expression-topic annotations.,vocabulary,observational-or-computational,jto-2024-37572870-language.md,Discussion vocabulary,62,亚组精度有限；pp7–10.,single-paper-synthesis,conventional-term-or-collocation
JTO-37572870-LINE-63,"The data do not establish whether [marker] predicts differential benefit from [alternative treatment], which was not evaluated.",37572870,discussion,,discussion-vocabulary,clinical-oncology;genomics;targeted-therapy;statistics,Curated article-level supported domains; not all domains apply to each expression. See source context and expression-topic annotations.,sentence-frame,observational-or-computational,jto-2024-37572870-language.md,Discussion vocabulary,63,p10.,single-paper-synthesis,synthetic-model
JTO-37572870-LINE-64,Apparent differences in [small joint-status subgroups] require formal interaction testing and independent confirmation.,37572870,discussion,,discussion-vocabulary,clinical-oncology;genomics;targeted-therapy;statistics,Curated article-level supported domains; not all domains apply to each expression. See source context and expression-topic annotations.,sentence-frame,observational-or-computational,jto-2024-37572870-language.md,Discussion vocabulary,64,"synthesispp7,9–10.",single-paper-synthesis,synthetic-model
JTO-37572870-LINE-67,Validation using [consistent molecular definitions and harmonized endpoints] is needed before applying [co-alteration profile] to clinical treatment selection.,37572870,conclusion,,conclusion-frame,clinical-oncology;genomics;targeted-therapy;statistics,Curated article-level supported domains; not all domains apply to each expression. See source context and expression-topic annotations.,sentence-frame,observational-or-computational,jto-2024-37572870-language.md,Conclusion frame,67,closingDiscussionp10.,single-paper-synthesis,synthetic-model
JTO-37572870-LINE-70,"Patient-level treatment courses are aligned with [baseline molecular status] and annotated separately for [progression, death and ongoing treatment].",37572870,figure,,figure-legend-frame,clinical-oncology;genomics;targeted-therapy;statistics,Curated article-level supported domains; not all domains apply to each expression. See source context and expression-topic annotations.,sentence-frame,observational-or-computational,jto-2024-37572870-language.md,Figure legend frame,70,Figure2p7.,single-paper-synthesis,synthetic-model
JTO-37806385-LINE-29,co-occurring tumor suppressor alterations,37806385,abstract-background,,terminology,clinical-oncology;genomics;targeted-therapy;statistics,Curated article-level supported domains; not all domains apply to each expression. See source context and expression-topic annotations.,vocabulary,observational-or-computational,jto-2024-37806385-language.md,Abstract background,29,跨基因共改变；pp1–2；alteration is broader than mutation.,single-paper-synthesis,conventional-term-or-collocation
JTO-37806385-LINE-30,The clinical contribution of [additional alterations] within [driver-defined disease] remains incompletely characterized.,37806385,abstract-background,,abstract-background,clinical-oncology;genomics;targeted-therapy;statistics,Curated article-level supported domains; not all domains apply to each expression. See source context and expression-topic annotations.,sentence-frame,observational-or-computational,jto-2024-37806385-language.md,Abstract background,30,gap frame; pp1–2.,single-paper-synthesis,synthetic-model
JTO-37806385-LINE-33,We evaluated [molecular groups] in [discovery cohort] and assessed outcome associations in [independent cohort].,37806385,abstract-methods,,abstract-methods,clinical-oncology;genomics;targeted-therapy;statistics,Curated article-level supported domains; not all domains apply to each expression. See source context and expression-topic annotations.,sentence-frame,observational-or-computational,jto-2024-37806385-language.md,Abstract methods,33,retrospective two-cohort frame; pp1–3.,single-paper-synthesis,synthetic-model
JTO-37806385-LINE-36,"[Combined status] was associated with [endpoint], whereas the contrast between [other groups] did not reach statistical significance.",37806385,abstract-results,,abstract-results,clinical-oncology;genomics;targeted-therapy;statistics,Curated article-level supported domains; not all domains apply to each expression. See source context and expression-topic annotations.,sentence-frame,observational-or-computational,jto-2024-37806385-language.md,Abstract results,36,"retain endpoint-specific null results; pp1–2,6–9.",single-paper-synthesis,synthetic-model
JTO-37806385-LINE-39,These findings identify [a clinically heterogeneous subgroup] and motivate validation in [a contemporary treatment setting].,37806385,abstract-conclusion,,abstract-conclusion,clinical-oncology;genomics;targeted-therapy;statistics,Curated article-level supported domains; not all domains apply to each expression. See source context and expression-topic annotations.,sentence-frame,observational-or-computational,jto-2024-37806385-language.md,Abstract conclusion,39,"does not establish treatment selection; pp2,11.",single-paper-synthesis,synthetic-model
JTO-37806385-LINE-42,clinical and molecular heterogeneity,37806385,introduction,,terminology,clinical-oncology;genomics;targeted-therapy;statistics,Curated article-level supported domains; not all domains apply to each expression. See source context and expression-topic annotations.,vocabulary,observational-or-computational,jto-2024-37806385-language.md,Introduction vocabulary,42,临床与分子异质性；pp2–3.,single-paper-synthesis,conventional-term-or-collocation
JTO-37806385-LINE-43,concomitant genomic alterations,37806385,introduction,,terminology,clinical-oncology;genomics;targeted-therapy;statistics,Curated article-level supported domains; not all domains apply to each expression. See source context and expression-topic annotations.,vocabulary,observational-or-computational,jto-2024-37806385-language.md,Introduction vocabulary,43,伴随基因组改变；pp2–3.,single-paper-synthesis,conventional-term-or-collocation
JTO-37806385-LINE-44,duration of response,37806385,introduction,,terminology,clinical-oncology;genomics;targeted-therapy;statistics,Curated article-level supported domains; not all domains apply to each expression. See source context and expression-topic annotations.,vocabulary,observational-or-computational,jto-2024-37806385-language.md,Introduction vocabulary,44,"响应持续时间；not interchangeable with PFS; pp2,9.",single-paper-synthesis,conventional-term-or-collocation
JTO-37806385-LINE-45,"Although [driver-directed treatment] improves outcomes, [response heterogeneity] suggests a contribution from [co-alterations].",37806385,introduction,,introduction-vocabulary,clinical-oncology;genomics;targeted-therapy;statistics,Curated article-level supported domains; not all domains apply to each expression. See source context and expression-topic annotations.,sentence-frame,observational-or-computational,jto-2024-37806385-language.md,Introduction vocabulary,45,rationale frame; pp2–3.,single-paper-synthesis,synthetic-model
JTO-37806385-LINE-48,paired pre- and post-treatment specimens,37806385,methods,,terminology,clinical-oncology;genomics;targeted-therapy;statistics,Curated article-level supported domains; not all domains apply to each expression. See source context and expression-topic annotations.,vocabulary,observational-or-computational,jto-2024-37806385-language.md,Methods vocabulary,48,配对治疗前后样本；p3.,single-paper-synthesis,conventional-term-or-collocation
JTO-37806385-LINE-49,variant allele frequency,37806385,methods,,terminology,clinical-oncology;genomics;targeted-therapy;statistics,Curated article-level supported domains; not all domains apply to each expression. See source context and expression-topic annotations.,vocabulary,observational-or-computational,jto-2024-37806385-language.md,Methods vocabulary,49,变异等位基因频率；p3; neither cell fraction nor proof of same-cell co-mutation.,single-paper-synthesis,conventional-term-or-collocation
JTO-37806385-LINE-50,relative tumor mutation rate,37806385,methods,,terminology,clinical-oncology;genomics;targeted-therapy;statistics,Curated article-level supported domains; not all domains apply to each expression. See source context and expression-topic annotations.,vocabulary,observational-or-computational,jto-2024-37806385-language.md,Methods vocabulary,50,归一化突变率；pp3–5; specify reference denominator.,single-paper-synthesis,conventional-term-or-collocation
JTO-37806385-LINE-51,multivariable Cox regression,37806385,methods,,terminology,clinical-oncology;genomics;targeted-therapy;statistics,Curated article-level supported domains; not all domains apply to each expression. See source context and expression-topic annotations.,vocabulary,observational-or-computational,jto-2024-37806385-language.md,Methods vocabulary,51,"多变量Cox模型；pp3,8; covariate adjustment does not eliminate confounding.",single-paper-synthesis,conventional-term-or-collocation
JTO-37806385-LINE-52,Analyses were restricted to [genes] covered by every included sequencing panel.,37806385,methods,,methods-vocabulary,clinical-oncology;genomics;targeted-therapy;statistics,Curated article-level supported domains; not all domains apply to each expression. See source context and expression-topic annotations.,sentence-frame,observational-or-computational,jto-2024-37806385-language.md,Methods vocabulary,52,assay harmonization frame; pp3–4.,single-paper-synthesis,synthetic-model
JTO-37806385-LINE-55,classification concordance,37806385,results,,terminology,clinical-oncology;genomics;targeted-therapy;statistics,Curated article-level supported domains; not all domains apply to each expression. See source context and expression-topic annotations.,vocabulary,observational-or-computational,jto-2024-37806385-language.md,Results vocabulary,55,分组一致率；pp4–5.,single-paper-synthesis,conventional-term-or-collocation
JTO-37806385-LINE-56,disseminated pattern of progression,37806385,results,,terminology,clinical-oncology;genomics;targeted-therapy;statistics,Curated article-level supported domains; not all domains apply to each expression. See source context and expression-topic annotations.,vocabulary,observational-or-computational,jto-2024-37806385-language.md,Results vocabulary,56,"多器官进展模式；pp6,10.",single-paper-synthesis,conventional-term-or-collocation
JTO-37806385-LINE-57,numerically more frequent,37806385,results,,terminology,clinical-oncology;genomics;targeted-therapy;statistics,Curated article-level supported domains; not all domains apply to each expression. See source context and expression-topic annotations.,vocabulary,observational-or-computational,jto-2024-37806385-language.md,Results vocabulary,57,频率数值较高；p4; appropriate for P=.19.,single-paper-synthesis,conventional-term-or-collocation
JTO-37806385-LINE-58,independently associated with inferior outcomes,37806385,results,,terminology,clinical-oncology;genomics;targeted-therapy;statistics,Curated article-level supported domains; not all domains apply to each expression. See source context and expression-topic annotations.,vocabulary,observational-or-computational,jto-2024-37806385-language.md,Results vocabulary,58,"调整后独立统计关联；pp6,8; not causal independence.",single-paper-synthesis,conventional-term-or-collocation
JTO-37806385-LINE-59,"After stratification by [co-alteration status], [group] had a median [endpoint] of [value], compared with [value] in [reference group] (HR [value], 95% CI [limits]).",37806385,results,,results-vocabulary,clinical-oncology;genomics;targeted-therapy;statistics,Curated article-level supported domains; not all domains apply to each expression. See source context and expression-topic annotations.,sentence-frame,observational-or-computational,jto-2024-37806385-language.md,Results vocabulary,59,pp6–9; add exact test P if consistent and verified.,single-paper-synthesis,synthetic-model
JTO-37806385-LINE-62,"First report the prevalence of [co-alterations] using [tested denominator]. Next describe [paired-specimen concordance] without equating post-treatment detection with acquisition. Present [endpoint-specific contrasts] and [adjusted estimates], then distinguish replicated findings from small exploratory subgroups.",37806385,results,,results-paragraph,clinical-oncology;genomics;targeted-therapy;statistics,Curated article-level supported domains; not all domains apply to each expression. See source context and expression-topic annotations.,paragraph-model,observational-or-computational,jto-2024-37806385-language.md,Results paragraph,62,synthesized structure from pp3–9.,single-paper-synthesis,synthetic-model
JTO-37806385-LINE-65,prognostic versus predictive effects,37806385,discussion,,terminology,clinical-oncology;genomics;targeted-therapy;statistics,Curated article-level supported domains; not all domains apply to each expression. See source context and expression-topic annotations.,vocabulary,observational-or-computational,jto-2024-37806385-language.md,Discussion vocabulary,65,预后作用与治疗获益预测作用；p11.,single-paper-synthesis,conventional-term-or-collocation
JTO-37806385-LINE-66,tolerance for additional genetic aberrations,37806385,discussion,,terminology,clinical-oncology;genomics;targeted-therapy;statistics,Curated article-level supported domains; not all domains apply to each expression. See source context and expression-topic annotations.,vocabulary,observational-or-computational,jto-2024-37806385-language.md,Discussion vocabulary,66,"对其他基因异常的耐受；pp9–10; mechanistic interpretation, not directly tested.",single-paper-synthesis,conventional-term-or-collocation
JTO-37806385-LINE-67,"The association persisted after adjustment for [covariates], but [sampling timing and treatment heterogeneity] limit causal interpretation.",37806385,discussion,,discussion-vocabulary,clinical-oncology;genomics;targeted-therapy;statistics,Curated article-level supported domains; not all domains apply to each expression. See source context and expression-topic annotations.,sentence-frame,observational-or-computational,jto-2024-37806385-language.md,Discussion vocabulary,67,pp10–11.,single-paper-synthesis,synthetic-model
JTO-37806385-LINE-68,"Because all patients received [therapy], this analysis cannot establish whether [marker] specifically predicts benefit from that treatment.",37806385,discussion,,discussion-vocabulary,clinical-oncology;genomics;targeted-therapy;statistics,Curated article-level supported domains; not all domains apply to each expression. See source context and expression-topic annotations.,sentence-frame,observational-or-computational,jto-2024-37806385-language.md,Discussion vocabulary,68,p11.,single-paper-synthesis,synthetic-model
JTO-37806385-LINE-71,"Validation in [larger, uniformly treated cohorts] is needed before using [combined molecular status] to guide treatment escalation.",37806385,conclusion,,conclusion-frame,clinical-oncology;genomics;targeted-therapy;statistics,Curated article-level supported domains; not all domains apply to each expression. See source context and expression-topic annotations.,sentence-frame,observational-or-computational,jto-2024-37806385-language.md,Conclusion frame,71,"closing Discussion transfer frame, p11; no separate Conclusion section exists.",single-paper-synthesis,synthetic-model
JTO-37806385-LINE-74,"Survival curves are shown for [three prespecified molecular groups], with numbers at risk and [endpoint-specific] comparisons.",37806385,figure,,figure-legend-frame,clinical-oncology;genomics;targeted-therapy;statistics,Curated article-level supported domains; not all domains apply to each expression. See source context and expression-topic annotations.,sentence-frame,observational-or-computational,jto-2024-37806385-language.md,Figure legend frame,74,"Figures 3–4, pp7–8; specify post hoc grouping if not prespecified in the new study.",single-paper-synthesis,synthetic-model
JTO-37838086-LINE-28,microsatellite instability,37838086,abstract-background,,terminology,clinical-oncology;genomics;transcriptomics;bioinformatics;immunotherapy;statistics,Curated article-level supported domains; not all domains apply to each expression. See source context and expression-topic annotations.,vocabulary,observational-or-computational,jto-2024-37838086-language.md,Abstract background,28,微卫星不稳定；p2.,single-paper-synthesis,conventional-term-or-collocation
JTO-37838086-LINE-29,mismatch repair deficiency,37838086,abstract-background,,terminology,clinical-oncology;genomics;transcriptomics;bioinformatics;immunotherapy;statistics,Curated article-level supported domains; not all domains apply to each expression. See source context and expression-topic annotations.,vocabulary,observational-or-computational,jto-2024-37838086-language.md,Abstract background,29,错配修复缺陷；p2.,single-paper-synthesis,conventional-term-or-collocation
JTO-37838086-LINE-30,The prevalence and clinicogenomic correlates of [rare molecular subtype] remain poorly defined in [tumor type].,37838086,abstract-background,,abstract-background,clinical-oncology;genomics;transcriptomics;bioinformatics;immunotherapy;statistics,Curated article-level supported domains; not all domains apply to each expression. See source context and expression-topic annotations.,sentence-frame,observational-or-computational,jto-2024-37838086-language.md,Abstract background,30,p2.,single-paper-synthesis,synthetic-model
JTO-37838086-LINE-33,We screened [assessable population] using [validated algorithms] and confirmed selected calls with [orthogonal assays].,37838086,abstract-methods,,abstract-methods,clinical-oncology;genomics;transcriptomics;bioinformatics;immunotherapy;statistics,Curated article-level supported domains; not all domains apply to each expression. See source context and expression-topic annotations.,sentence-frame,observational-or-computational,jto-2024-37838086-language.md,Abstract methods,33,p2; specify subset confirmation.,single-paper-synthesis,synthetic-model
JTO-37838086-LINE-36,"[Subtype] was detected in [numerator/denominator] and was associated with [features], while [treatment response] varied across patients.",37838086,abstract-results,,abstract-results,clinical-oncology;genomics;transcriptomics;bioinformatics;immunotherapy;statistics,Curated article-level supported domains; not all domains apply to each expression. See source context and expression-topic annotations.,sentence-frame,observational-or-computational,jto-2024-37838086-language.md,Abstract results,36,p2; association rather than causality.,single-paper-synthesis,synthetic-model
JTO-37838086-LINE-39,[Molecular subtype] represents a rare subgroup whose therapeutic relevance requires evaluation in the context of [coexisting alterations].,37838086,abstract-conclusion,,abstract-conclusion,clinical-oncology;genomics;transcriptomics;bioinformatics;immunotherapy;statistics,Curated article-level supported domains; not all domains apply to each expression. See source context and expression-topic annotations.,sentence-frame,observational-or-computational,jto-2024-37838086-language.md,Abstract conclusion,39,p2.,single-paper-synthesis,synthetic-model
JTO-37838086-LINE-42,pan-cancer biomarker,37838086,introduction,,terminology,clinical-oncology;genomics;transcriptomics;bioinformatics;immunotherapy;statistics,Curated article-level supported domains; not all domains apply to each expression. See source context and expression-topic annotations.,vocabulary,observational-or-computational,jto-2024-37838086-language.md,Introduction vocabulary,42,泛癌生物标志物；p2; not automatically equally predictive in every cancer.,single-paper-synthesis,conventional-term-or-collocation
JTO-37838086-LINE-43,clinicogenomic landscape,37838086,introduction,,terminology,clinical-oncology;genomics;transcriptomics;bioinformatics;immunotherapy;statistics,Curated article-level supported domains; not all domains apply to each expression. See source context and expression-topic annotations.,vocabulary,observational-or-computational,jto-2024-37838086-language.md,Introduction vocabulary,43,"临床基因组特征谱；pp2,12.",single-paper-synthesis,conventional-term-or-collocation
JTO-37838086-LINE-44,clinical actionability,37838086,introduction,,terminology,clinical-oncology;genomics;transcriptomics;bioinformatics;immunotherapy;statistics,Curated article-level supported domains; not all domains apply to each expression. See source context and expression-topic annotations.,vocabulary,observational-or-computational,jto-2024-37838086-language.md,Introduction vocabulary,44,临床可操作性；p2; separate established indication from exploratory evidence.,single-paper-synthesis,conventional-term-or-collocation
JTO-37838086-LINE-45,Whether [biomarker] interacts with [other immune features] in [disease] remains uncertain.,37838086,introduction,,introduction-vocabulary,clinical-oncology;genomics;transcriptomics;bioinformatics;immunotherapy;statistics,Curated article-level supported domains; not all domains apply to each expression. See source context and expression-topic annotations.,sentence-frame,observational-or-computational,jto-2024-37838086-language.md,Introduction vocabulary,45,p2.,single-paper-synthesis,synthetic-model
JTO-37838086-LINE-48,orthogonal confirmation,37838086,methods,,terminology,clinical-oncology;genomics;transcriptomics;bioinformatics;immunotherapy;statistics,Curated article-level supported domains; not all domains apply to each expression. See source context and expression-topic annotations.,vocabulary,observational-or-computational,jto-2024-37838086-language.md,Methods vocabulary,48,"正交方法验证；pp3–5,12.",single-paper-synthesis,conventional-term-or-collocation
JTO-37838086-LINE-49,allele-specific copy number analysis,37838086,methods,,terminology,clinical-oncology;genomics;transcriptomics;bioinformatics;immunotherapy;statistics,Curated article-level supported domains; not all domains apply to each expression. See source context and expression-topic annotations.,vocabulary,observational-or-computational,jto-2024-37838086-language.md,Methods vocabulary,49,等位基因特异拷贝数分析；p3.,single-paper-synthesis,conventional-term-or-collocation
JTO-37838086-LINE-50,dominant mutational signature,37838086,methods,,terminology,clinical-oncology;genomics;transcriptomics;bioinformatics;immunotherapy;statistics,Curated article-level supported domains; not all domains apply to each expression. See source context and expression-topic annotations.,vocabulary,observational-or-computational,jto-2024-37838086-language.md,Methods vocabulary,50,主导突变特征；pp3–4; defined here as >50%.,single-paper-synthesis,conventional-term-or-collocation
JTO-37838086-LINE-51,residual tissue availability,37838086,methods,,terminology,clinical-oncology;genomics;transcriptomics;bioinformatics;immunotherapy;statistics,Curated article-level supported domains; not all domains apply to each expression. See source context and expression-topic annotations.,vocabulary,observational-or-computational,jto-2024-37838086-language.md,Methods vocabulary,51,剩余组织可用性；pp3–5; missingness may be selective.,single-paper-synthesis,conventional-term-or-collocation
JTO-37838086-LINE-52,pathogenic germline variant,37838086,methods,,terminology,clinical-oncology;genomics;transcriptomics;bioinformatics;immunotherapy;statistics,Curated article-level supported domains; not all domains apply to each expression. See source context and expression-topic annotations.,vocabulary,observational-or-computational,jto-2024-37838086-language.md,Methods vocabulary,52,致病胚系变异；p4; not inferred from tumor-only sequencing.,single-paper-synthesis,conventional-term-or-collocation
JTO-37838086-LINE-53,false discovery rate correction,37838086,methods,,terminology,clinical-oncology;genomics;transcriptomics;bioinformatics;immunotherapy;statistics,Curated article-level supported domains; not all domains apply to each expression. See source context and expression-topic annotations.,vocabulary,observational-or-computational,jto-2024-37838086-language.md,Methods vocabulary,53,假发现率校正；p4.,single-paper-synthesis,conventional-term-or-collocation
JTO-37838086-LINE-54,"Indeterminate cases were adjudicated using [prespecified assay], when sufficient residual material was available.",37838086,methods,,methods-vocabulary,clinical-oncology;genomics;transcriptomics;bioinformatics;immunotherapy;statistics,Curated article-level supported domains; not all domains apply to each expression. See source context and expression-topic annotations.,sentence-frame,observational-or-computational,jto-2024-37838086-language.md,Methods vocabulary,54,p4; unresolved cases retain separate status.,single-paper-synthesis,synthetic-model
JTO-37838086-LINE-55,Durable clinical benefit was defined as [response or stability criterion] lasting [specified duration].,37838086,methods,,methods-vocabulary,clinical-oncology;genomics;transcriptomics;bioinformatics;immunotherapy;statistics,Curated article-level supported domains; not all domains apply to each expression. See source context and expression-topic annotations.,sentence-frame,observational-or-computational,jto-2024-37838086-language.md,Methods vocabulary,55,p4; use the actual endpoint definition.,single-paper-synthesis,synthetic-model
JTO-37838086-LINE-58,somatic biallelic inactivation,37838086,results,,terminology,clinical-oncology;genomics;transcriptomics;bioinformatics;immunotherapy;statistics,Curated article-level supported domains; not all domains apply to each expression. See source context and expression-topic annotations.,vocabulary,observational-or-computational,jto-2024-37838086-language.md,Results vocabulary,58,"体细胞双等位基因失活；pp6,9.",single-paper-synthesis,conventional-term-or-collocation
JTO-37838086-LINE-59,concomitant loss of expression,37838086,results,,terminology,clinical-oncology;genomics;transcriptomics;bioinformatics;immunotherapy;statistics,Curated article-level supported domains; not all domains apply to each expression. See source context and expression-topic annotations.,vocabulary,observational-or-computational,jto-2024-37838086-language.md,Results vocabulary,59,同时表达缺失；pp5–6; IHC protein phenotype.,single-paper-synthesis,conventional-term-or-collocation
JTO-37838086-LINE-60,promoter hypermethylation,37838086,results,,terminology,clinical-oncology;genomics;transcriptomics;bioinformatics;immunotherapy;statistics,Curated article-level supported domains; not all domains apply to each expression. See source context and expression-topic annotations.,vocabulary,observational-or-computational,jto-2024-37838086-language.md,Results vocabulary,60,"启动子高甲基化；pp3,9.",single-paper-synthesis,conventional-term-or-collocation
JTO-37838086-LINE-61,retained nuclear expression,37838086,results,,terminology,clinical-oncology;genomics;transcriptomics;bioinformatics;immunotherapy;statistics,Curated article-level supported domains; not all domains apply to each expression. See source context and expression-topic annotations.,vocabulary,observational-or-computational,jto-2024-37838086-language.md,Results vocabulary,61,核表达保留；p3.,single-paper-synthesis,conventional-term-or-collocation
JTO-37838086-LINE-62,"The prevalence of [event] differed after multiplicity correction (q=[value]), whereas [other event] was not significantly enriched.",37838086,results,,results-vocabulary,clinical-oncology;genomics;transcriptomics;bioinformatics;immunotherapy;statistics,Curated article-level supported domains; not all domains apply to each expression. See source context and expression-topic annotations.,sentence-frame,observational-or-computational,jto-2024-37838086-language.md,Results vocabulary,62,"pp6,8–10.",single-paper-synthesis,synthetic-model
JTO-37838086-LINE-63,"Among [number] response-evaluable patients, [number] experienced [defined benefit]; the small denominator limits interpretation.",37838086,results,,results-vocabulary,clinical-oncology;genomics;transcriptomics;bioinformatics;immunotherapy;statistics,Curated article-level supported domains; not all domains apply to each expression. See source context and expression-topic annotations.,sentence-frame,observational-or-computational,jto-2024-37838086-language.md,Results vocabulary,63,pp11–12.,single-paper-synthesis,synthetic-model
JTO-37838086-LINE-66,"Report [screened], [assessable] and [confirmed] counts separately. Describe [molecular and histologic correlates] using the correct comparator set. Present [orthogonal results] only for tested subsets, then describe [treatment outcomes] and exploratory [co-alteration patterns] without converting DCB into ORR.",37838086,results,,results-paragraph,clinical-oncology;genomics;transcriptomics;bioinformatics;immunotherapy;statistics,Curated article-level supported domains; not all domains apply to each expression. See source context and expression-topic annotations.,paragraph-model,observational-or-computational,jto-2024-37838086-language.md,Results paragraph,66,synthesized from pp4–12.,single-paper-synthesis,synthetic-model
JTO-37838086-LINE-69,limited statistical power,37838086,discussion,,terminology,clinical-oncology;genomics;transcriptomics;bioinformatics;immunotherapy;statistics,Curated article-level supported domains; not all domains apply to each expression. See source context and expression-topic annotations.,vocabulary,observational-or-computational,jto-2024-37838086-language.md,Discussion vocabulary,69,统计效能有限；p14.,single-paper-synthesis,conventional-term-or-collocation
JTO-37838086-LINE-70,co-mutational landscape,37838086,discussion,,terminology,clinical-oncology;genomics;transcriptomics;bioinformatics;immunotherapy;statistics,Curated article-level supported domains; not all domains apply to each expression. See source context and expression-topic annotations.,vocabulary,observational-or-computational,jto-2024-37838086-language.md,Discussion vocabulary,70,共突变谱；pp13–14.,single-paper-synthesis,conventional-term-or-collocation
JTO-37838086-LINE-71,"Although [marker] is biologically plausible, [small sample size and assay constraints] prevent firm conclusions about treatment-specific prediction.",37838086,discussion,,discussion-vocabulary,clinical-oncology;genomics;transcriptomics;bioinformatics;immunotherapy;statistics,Curated article-level supported domains; not all domains apply to each expression. See source context and expression-topic annotations.,sentence-frame,observational-or-computational,jto-2024-37838086-language.md,Discussion vocabulary,71,pp12–14.,single-paper-synthesis,synthetic-model
JTO-37838086-LINE-72,Absence of statistical significance should not be interpreted as evidence that [groups] have equivalent outcomes.,37838086,discussion,,discussion-vocabulary,clinical-oncology;genomics;transcriptomics;bioinformatics;immunotherapy;statistics,Curated article-level supported domains; not all domains apply to each expression. See source context and expression-topic annotations.,sentence-frame,observational-or-computational,jto-2024-37838086-language.md,Discussion vocabulary,72,limitation frame; p14.,single-paper-synthesis,synthetic-model
JTO-37838086-LINE-75,"These observations support further study of [rare subtype] with integrated assessment of [genetic, epigenetic and immune features].",37838086,conclusion,,conclusion-frame,clinical-oncology;genomics;transcriptomics;bioinformatics;immunotherapy;statistics,Curated article-level supported domains; not all domains apply to each expression. See source context and expression-topic annotations.,sentence-frame,observational-or-computational,jto-2024-37838086-language.md,Conclusion frame,75,"closing Discussion p14, not a separate Conclusion section.",single-paper-synthesis,synthetic-model
JTO-37838086-LINE-78,"The oncoprint integrates [clinical annotations], [assay results] and [pathogenic variants]; untested and unavailable measurements are displayed separately.",37838086,figure,,figure-legend-frame,clinical-oncology;genomics;transcriptomics;bioinformatics;immunotherapy;statistics,Curated article-level supported domains; not all domains apply to each expression. See source context and expression-topic annotations.,sentence-frame,observational-or-computational,jto-2024-37838086-language.md,Figure legend frame,78,"Figure 3 p7; multi-hit, LOH and copy-number states require distinct symbols.",single-paper-synthesis,synthetic-model
JTO-38096950-LINE-27,molecular determinants of treatment outcome,38096950,abstract-background,,terminology,clinical-oncology;genomics;transcriptomics;spatial-protein;bioinformatics;immunotherapy;statistics,Curated article-level supported domains; not all domains apply to each expression. See source context and expression-topic annotations.,vocabulary,observational-or-computational,jto-2024-38096950-language.md,Abstract background,27,治疗结局的分子相关因素；pp3–4.,single-paper-synthesis,conventional-term-or-collocation
JTO-38096950-LINE-28,The association between [joint mutational status] and [treatment outcomes] remains incompletely characterized within [biomarker-selected population].,38096950,abstract-background,,abstract-background,clinical-oncology;genomics;transcriptomics;spatial-protein;bioinformatics;immunotherapy;statistics,Curated article-level supported domains; not all domains apply to each expression. See source context and expression-topic annotations.,sentence-frame,observational-or-computational,jto-2024-38096950-language.md,Abstract background,28,pp3–4.,single-paper-synthesis,synthetic-model
JTO-38096950-LINE-31,We integrated [multicenter clinical outcomes] with [pretreatment tissue analysis] and separately examined [external transcriptomic data].,38096950,abstract-methods,,abstract-methods,clinical-oncology;genomics;transcriptomics;spatial-protein;bioinformatics;immunotherapy;statistics,Curated article-level supported domains; not all domains apply to each expression. See source context and expression-topic annotations.,sentence-frame,observational-or-computational,jto-2024-38096950-language.md,Abstract methods,31,pp3–6; do not imply matched multi-omics.,single-paper-synthesis,synthetic-model
JTO-38096950-LINE-34,"[Joint molecular subgroup] exhibited longer [endpoint], whereas the difference in [other endpoint] was not statistically significant.",38096950,abstract-results,,abstract-results,clinical-oncology;genomics;transcriptomics;spatial-protein;bioinformatics;immunotherapy;statistics,Curated article-level supported domains; not all domains apply to each expression. See source context and expression-topic annotations.,sentence-frame,observational-or-computational,jto-2024-38096950-language.md,Abstract results,34,pp7–9.,single-paper-synthesis,synthetic-model
JTO-38096950-LINE-37,The findings support further evaluation of [co-mutation profile] as a candidate stratification factor in [specified treatment setting].,38096950,abstract-conclusion,,abstract-conclusion,clinical-oncology;genomics;transcriptomics;spatial-protein;bioinformatics;immunotherapy;statistics,Curated article-level supported domains; not all domains apply to each expression. See source context and expression-topic annotations.,sentence-frame,observational-or-computational,jto-2024-38096950-language.md,Abstract conclusion,37,calibrated closingframepp3–4.,single-paper-synthesis,synthetic-model
JTO-38096950-LINE-40,oncogene-addicted tumors,38096950,introduction,,terminology,clinical-oncology;genomics;transcriptomics;spatial-protein;bioinformatics;immunotherapy;statistics,Curated article-level supported domains; not all domains apply to each expression. See source context and expression-topic annotations.,vocabulary,observational-or-computational,jto-2024-38096950-language.md,Introduction vocabulary,40,致癌驱动依赖性肿瘤；p4.,single-paper-synthesis,conventional-term-or-collocation
JTO-38096950-LINE-41,Tumor genotypes may refine the heterogeneity of outcomes within [PD-L1-defined population].,38096950,introduction,,introduction-vocabulary,clinical-oncology;genomics;transcriptomics;spatial-protein;bioinformatics;immunotherapy;statistics,Curated article-level supported domains; not all domains apply to each expression. See source context and expression-topic annotations.,sentence-frame,observational-or-computational,jto-2024-38096950-language.md,Introduction vocabulary,41,p4.,single-paper-synthesis,synthetic-model
JTO-38096950-LINE-44,radiologically evaluable patients,38096950,methods,,terminology,clinical-oncology;genomics;transcriptomics;spatial-protein;bioinformatics;immunotherapy;statistics,Curated article-level supported domains; not all domains apply to each expression. See source context and expression-topic annotations.,vocabulary,observational-or-computational,jto-2024-38096950-language.md,Methods vocabulary,44,可进行影像疗效评估的患者；p5.,single-paper-synthesis,conventional-term-or-collocation
JTO-38096950-LINE-45,tumor-associated stroma,38096950,methods,,terminology,clinical-oncology;genomics;transcriptomics;spatial-protein;bioinformatics;immunotherapy;statistics,Curated article-level supported domains; not all domains apply to each expression. See source context and expression-topic annotations.,vocabulary,observational-or-computational,jto-2024-38096950-language.md,Methods vocabulary,45,肿瘤相关间质；p5.,single-paper-synthesis,conventional-term-or-collocation
JTO-38096950-LINE-46,random forest classifier,38096950,methods,,terminology,clinical-oncology;genomics;transcriptomics;spatial-protein;bioinformatics;immunotherapy;statistics,Curated article-level supported domains; not all domains apply to each expression. See source context and expression-topic annotations.,vocabulary,observational-or-computational,jto-2024-38096950-language.md,Methods vocabulary,46,随机森林分类器；Figure4p11.,single-paper-synthesis,conventional-term-or-collocation
JTO-38096950-LINE-47,"Lymphocytes were quantified in [eligible tissue regions], with specimens lacking [required compartment] excluded from this analysis.",38096950,methods,,methods-vocabulary,clinical-oncology;genomics;transcriptomics;spatial-protein;bioinformatics;immunotherapy;statistics,Curated article-level supported domains; not all domains apply to each expression. See source context and expression-topic annotations.,sentence-frame,observational-or-computational,jto-2024-38096950-language.md,Methods vocabulary,47,"pp5,11.",single-paper-synthesis,synthetic-model
JTO-38096950-LINE-48,Time to [subsequent treatment or death] was analyzed separately from progression-free survival.,38096950,methods,,methods-vocabulary,clinical-oncology;genomics;transcriptomics;spatial-protein;bioinformatics;immunotherapy;statistics,Curated article-level supported domains; not all domains apply to each expression. See source context and expression-topic annotations.,sentence-frame,observational-or-computational,jto-2024-38096950-language.md,Methods vocabulary,48,p5.,single-paper-synthesis,synthetic-model
JTO-38096950-LINE-51,treatment beyond progression,38096950,results,,terminology,clinical-oncology;genomics;transcriptomics;spatial-protein;bioinformatics;immunotherapy;statistics,Curated article-level supported domains; not all domains apply to each expression. See source context and expression-topic annotations.,vocabulary,observational-or-computational,jto-2024-38096950-language.md,Results vocabulary,51,疾病进展后继续治疗；p7.,single-paper-synthesis,conventional-term-or-collocation
JTO-38096950-LINE-52,lymphocyte-rich tumor microenvironment,38096950,results,,terminology,clinical-oncology;genomics;transcriptomics;spatial-protein;bioinformatics;immunotherapy;statistics,Curated article-level supported domains; not all domains apply to each expression. See source context and expression-topic annotations.,vocabulary,observational-or-computational,jto-2024-38096950-language.md,Results vocabulary,52,淋巴细胞丰富的肿瘤微环境；p9.,single-paper-synthesis,conventional-term-or-collocation
JTO-38096950-LINE-53,"Within [mutation class], outcomes were compared according to [co-mutation status], using the prespecified reference group.",38096950,results,,results-vocabulary,clinical-oncology;genomics;transcriptomics;spatial-protein;bioinformatics;immunotherapy;statistics,Curated article-level supported domains; not all domains apply to each expression. See source context and expression-topic annotations.,sentence-frame,observational-or-computational,jto-2024-38096950-language.md,Results vocabulary,53,pp7–9.,single-paper-synthesis,synthetic-model
JTO-38096950-LINE-54,"The transcriptomic comparison was performed in [external cohort], rather than in the treatment-outcome cohort.",38096950,results,,results-vocabulary,clinical-oncology;genomics;transcriptomics;spatial-protein;bioinformatics;immunotherapy;statistics,Curated article-level supported domains; not all domains apply to each expression. See source context and expression-topic annotations.,sentence-frame,observational-or-computational,jto-2024-38096950-language.md,Results vocabulary,54,pp10–11.,single-paper-synthesis,synthetic-model
JTO-38096950-LINE-57,"State [eligibility and assay-specific denominators]. Describe mutation distributions and response among [evaluable patients], explicitly retaining early-death exclusions. Present each time-to-event endpoint and adjusted estimate. Then distinguish tissue-subset observations from external transcriptomic enrichment and report missing co-mutation assays.",38096950,results,,results-paragraph,clinical-oncology;genomics;transcriptomics;spatial-protein;bioinformatics;immunotherapy;statistics,Curated article-level supported domains; not all domains apply to each expression. See source context and expression-topic annotations.,paragraph-model,observational-or-computational,jto-2024-38096950-language.md,Results paragraph,57,pp5–11.,single-paper-synthesis,synthetic-model
JTO-38096950-LINE-60,cross-cohort mechanistic inference,38096950,discussion,,terminology,clinical-oncology;genomics;transcriptomics;spatial-protein;bioinformatics;immunotherapy;statistics,Curated article-level supported domains; not all domains apply to each expression. See source context and expression-topic annotations.,vocabulary,observational-or-computational,jto-2024-38096950-language.md,Discussion vocabulary,60,"跨队列机制推断；pp10–12, interpretive term.",single-paper-synthesis,conventional-term-or-collocation
JTO-38096950-LINE-61,The observed immune signatures are consistent with [hypothesis] but do not demonstrate that [pathway] mediates the clinical association.,38096950,discussion,,discussion-vocabulary,clinical-oncology;genomics;transcriptomics;spatial-protein;bioinformatics;immunotherapy;statistics,Curated article-level supported domains; not all domains apply to each expression. See source context and expression-topic annotations.,sentence-frame,observational-or-computational,jto-2024-38096950-language.md,Discussion vocabulary,61,pp10–12.,single-paper-synthesis,synthetic-model
JTO-38096950-LINE-62,The lack of an alternative-treatment comparator prevents a clear distinction between prognostic and treatment-predictive effects.,38096950,discussion,,discussion-vocabulary,clinical-oncology;genomics;transcriptomics;spatial-protein;bioinformatics;immunotherapy;statistics,Curated article-level supported domains; not all domains apply to each expression. See source context and expression-topic annotations.,sentence-frame,observational-or-computational,jto-2024-38096950-language.md,Discussion vocabulary,62,p12.,single-paper-synthesis,synthetic-model
JTO-38096950-LINE-65,[Joint genomic status] warrants prospective assessment alongside established [clinical and immune biomarkers].,38096950,conclusion,,conclusion-frame,clinical-oncology;genomics;transcriptomics;spatial-protein;bioinformatics;immunotherapy;statistics,Curated article-level supported domains; not all domains apply to each expression. See source context and expression-topic annotations.,sentence-frame,observational-or-computational,jto-2024-38096950-language.md,Conclusion frame,65,closingDiscussionp12.,single-paper-synthesis,synthetic-model
JTO-38096950-LINE-68,Violin plots display [cell density] within each molecular group; multiplex images illustrate selected cases rather than population-wide quantification.,38096950,figure,,figure-legend-frame,clinical-oncology;genomics;transcriptomics;spatial-protein;bioinformatics;immunotherapy;statistics,Curated article-level supported domains; not all domains apply to each expression. See source context and expression-topic annotations.,sentence-frame,observational-or-computational,jto-2024-38096950-language.md,Figure legend frame,68,Figure4p11.,single-paper-synthesis,synthetic-model
JTO-38154514-LINE-26,high-level gene amplification,38154514,abstract-background,,terminology,clinical-oncology;genomics;transcriptomics;preclinical;targeted-therapy;statistics,Curated article-level supported domains; not all domains apply to each expression. See source context and expression-topic annotations.,vocabulary,mixed-clinical-preclinical,jto-2024-38154514-language.md,Abstract background,26,高水平基因扩增；p1.,single-paper-synthesis,conventional-term-or-collocation
JTO-38154514-LINE-27,The clinical significance of [copy-number alteration] should be evaluated alongside [protein expression and concurrent drivers].,38154514,abstract-background,,abstract-background,clinical-oncology;genomics;transcriptomics;preclinical;targeted-therapy;statistics,Curated article-level supported domains; not all domains apply to each expression. See source context and expression-topic annotations.,sentence-frame,mixed-clinical-preclinical,jto-2024-38154514-language.md,Abstract background,27,pp1–2.,single-paper-synthesis,synthetic-model
JTO-38154514-LINE-30,We combined [clinical genomic profiling] with [orthogonal tissue assays] and evaluated therapeutic activity in [preclinical models and illustrative cases].,38154514,abstract-methods,,abstract-methods,clinical-oncology;genomics;transcriptomics;preclinical;targeted-therapy;statistics,Curated article-level supported domains; not all domains apply to each expression. See source context and expression-topic annotations.,sentence-frame,mixed-clinical-preclinical,jto-2024-38154514-language.md,Abstract methods,30,p1.,single-paper-synthesis,synthetic-model
JTO-38154514-LINE-33,"[Amplification] was associated with [protein overexpression], with exceptions concentrated in [specified variant context].",38154514,abstract-results,,abstract-results,clinical-oncology;genomics;transcriptomics;preclinical;targeted-therapy;statistics,Curated article-level supported domains; not all domains apply to each expression. See source context and expression-topic annotations.,sentence-frame,mixed-clinical-preclinical,jto-2024-38154514-language.md,Abstract results,33,"pp1,6–7.",single-paper-synthesis,synthetic-model
JTO-38154514-LINE-36,The findings support prospective evaluation of [ADC strategy] in [molecularly defined population].,38154514,abstract-conclusion,,abstract-conclusion,clinical-oncology;genomics;transcriptomics;preclinical;targeted-therapy;statistics,Curated article-level supported domains; not all domains apply to each expression. See source context and expression-topic annotations.,sentence-frame,mixed-clinical-preclinical,jto-2024-38154514-language.md,Abstract conclusion,36,calibratedp1.,single-paper-synthesis,synthetic-model
JTO-38154514-LINE-39,sole mitogenic driver,38154514,introduction,,terminology,clinical-oncology;genomics;transcriptomics;preclinical;targeted-therapy;statistics,Curated article-level supported domains; not all domains apply to each expression. See source context and expression-topic annotations.,vocabulary,mixed-clinical-preclinical,jto-2024-38154514-language.md,Introduction vocabulary,39,唯一有丝分裂信号驱动因素；pp1–2.,single-paper-synthesis,conventional-term-or-collocation
JTO-38154514-LINE-40,Comprehensive profiling is needed to distinguish [primary driver] from a concomitant or resistance-associated alteration.,38154514,introduction,,introduction-vocabulary,clinical-oncology;genomics;transcriptomics;preclinical;targeted-therapy;statistics,Curated article-level supported domains; not all domains apply to each expression. See source context and expression-topic annotations.,sentence-frame,mixed-clinical-preclinical,jto-2024-38154514-language.md,Introduction vocabulary,40,p2.,single-paper-synthesis,synthetic-model
JTO-38154514-LINE-43,purity-adjusted copy-number estimate,38154514,methods,,terminology,clinical-oncology;genomics;transcriptomics;preclinical;targeted-therapy;statistics,Curated article-level supported domains; not all domains apply to each expression. See source context and expression-topic annotations.,vocabulary,mixed-clinical-preclinical,jto-2024-38154514-language.md,Methods vocabulary,43,经肿瘤纯度校正的拷贝数估计；p3.,single-paper-synthesis,conventional-term-or-collocation
JTO-38154514-LINE-44,membranous staining intensity,38154514,methods,,terminology,clinical-oncology;genomics;transcriptomics;preclinical;targeted-therapy;statistics,Curated article-level supported domains; not all domains apply to each expression. See source context and expression-topic annotations.,vocabulary,mixed-clinical-preclinical,jto-2024-38154514-language.md,Methods vocabulary,44,细胞膜染色强度；p3.,single-paper-synthesis,conventional-term-or-collocation
JTO-38154514-LINE-45,Copy-number calls were manually reviewed to distinguish [focal amplification] from broader [chromosomal gain].,38154514,methods,,methods-vocabulary,clinical-oncology;genomics;transcriptomics;preclinical;targeted-therapy;statistics,Curated article-level supported domains; not all domains apply to each expression. See source context and expression-topic annotations.,sentence-frame,mixed-clinical-preclinical,jto-2024-38154514-language.md,Methods vocabulary,45,p3.,single-paper-synthesis,synthetic-model
JTO-38154514-LINE-46,Drug potency and maximal growth inhibition were estimated separately rather than inferred from the same IC50 value.,38154514,methods,,methods-vocabulary,clinical-oncology;genomics;transcriptomics;preclinical;targeted-therapy;statistics,Curated article-level supported domains; not all domains apply to each expression. See source context and expression-topic annotations.,sentence-frame,mixed-clinical-preclinical,jto-2024-38154514-language.md,Methods vocabulary,46,"pp4,8–9, interpretiveframe.",single-paper-synthesis,synthetic-model
JTO-38154514-LINE-49,orthogonal confirmation by FISH,38154514,results,,terminology,clinical-oncology;genomics;transcriptomics;preclinical;targeted-therapy;statistics,Curated article-level supported domains; not all domains apply to each expression. See source context and expression-topic annotations.,vocabulary,mixed-clinical-preclinical,jto-2024-38154514-language.md,Results vocabulary,49,FISH正交验证；p12.,single-paper-synthesis,conventional-term-or-collocation
JTO-38154514-LINE-50,time-dependent induction of apoptosis markers,38154514,results,,terminology,clinical-oncology;genomics;transcriptomics;preclinical;targeted-therapy;statistics,Curated article-level supported domains; not all domains apply to each expression. See source context and expression-topic annotations.,vocabulary,mixed-clinical-preclinical,jto-2024-38154514-language.md,Results vocabulary,50,凋亡标志物的时间依赖性升高；pp8–9.,single-paper-synthesis,conventional-term-or-collocation
JTO-38154514-LINE-51,"High-level amplification predicted overexpression in [specified evaluable subset], but this concordance was lower before excluding [variant-defined exceptions].",38154514,results,,results-vocabulary,clinical-oncology;genomics;transcriptomics;preclinical;targeted-therapy;statistics,Curated article-level supported domains; not all domains apply to each expression. See source context and expression-topic annotations.,sentence-frame,mixed-clinical-preclinical,jto-2024-38154514-language.md,Results vocabulary,51,pp6–7.,single-paper-synthesis,synthetic-model
JTO-38154514-LINE-52,"Durable regression was observed during [post-treatment observation period], without establishing eradication or cure.",38154514,results,,results-vocabulary,clinical-oncology;genomics;transcriptomics;preclinical;targeted-therapy;statistics,Curated article-level supported domains; not all domains apply to each expression. See source context and expression-topic annotations.,sentence-frame,mixed-clinical-preclinical,jto-2024-38154514-language.md,Results vocabulary,52,pp9–10.,single-paper-synthesis,synthetic-model
JTO-38154514-LINE-55,"Define the copy-number threshold and screened denominator. Separate single-driver and co-driver subgroups, then relate DNA amplification to protein staining with explicit exceptions. Present potency, maximal inhibition and apoptosis separately. Distinguish preclinical regressions from individual clinical responses and preserve baseline/post-treatment assay context.",38154514,results,,results-paragraph,clinical-oncology;genomics;transcriptomics;preclinical;targeted-therapy;statistics,Curated article-level supported domains; not all domains apply to each expression. See source context and expression-topic annotations.,paragraph-model,mixed-clinical-preclinical,jto-2024-38154514-language.md,Results paragraph,55,pp5–13.,single-paper-synthesis,synthetic-model
JTO-38154514-LINE-58,intratumoral expression heterogeneity,38154514,discussion,,terminology,clinical-oncology;genomics;transcriptomics;preclinical;targeted-therapy;statistics,Curated article-level supported domains; not all domains apply to each expression. See source context and expression-topic annotations.,vocabulary,mixed-clinical-preclinical,jto-2024-38154514-language.md,Discussion vocabulary,58,肿瘤内表达异质性；p14.,single-paper-synthesis,conventional-term-or-collocation
JTO-38154514-LINE-59,docking target for payload delivery,38154514,discussion,,terminology,clinical-oncology;genomics;transcriptomics;preclinical;targeted-therapy;statistics,Curated article-level supported domains; not all domains apply to each expression. See source context and expression-topic annotations.,vocabulary,mixed-clinical-preclinical,jto-2024-38154514-language.md,Discussion vocabulary,59,载荷递送的结合靶点；p14.,single-paper-synthesis,conventional-term-or-collocation
JTO-38154514-LINE-60,Bulk sequencing cannot establish whether [genomic alteration] is restricted to the histologic component showing [protein expression].,38154514,discussion,,discussion-vocabulary,clinical-oncology;genomics;transcriptomics;preclinical;targeted-therapy;statistics,Curated article-level supported domains; not all domains apply to each expression. See source context and expression-topic annotations.,sentence-frame,mixed-clinical-preclinical,jto-2024-38154514-language.md,Discussion vocabulary,60,p14.,single-paper-synthesis,synthetic-model
JTO-38154514-LINE-61,Clinical activity in a small case series warrants prospective validation and should not be described as an established population-level response rate.,38154514,discussion,,discussion-vocabulary,clinical-oncology;genomics;transcriptomics;preclinical;targeted-therapy;statistics,Curated article-level supported domains; not all domains apply to each expression. See source context and expression-topic annotations.,sentence-frame,mixed-clinical-preclinical,jto-2024-38154514-language.md,Discussion vocabulary,61,pp14–15.,single-paper-synthesis,synthetic-model
JTO-38154514-LINE-64,"Integrated genomic and protein assessment may refine candidate selection for [targeted approach], pending prospective efficacy and safety evaluation.",38154514,conclusion,,conclusion-frame,clinical-oncology;genomics;transcriptomics;preclinical;targeted-therapy;statistics,Curated article-level supported domains; not all domains apply to each expression. See source context and expression-topic annotations.,sentence-frame,mixed-clinical-preclinical,jto-2024-38154514-language.md,Conclusion frame,64,closingDiscussionp15.,single-paper-synthesis,synthetic-model
JTO-38154514-LINE-67,Waterfall bars show [fixed-time or best] change from baseline; the observation rule is stated for each treatment group.,38154514,figure,,figure-legend-frame,clinical-oncology;genomics;transcriptomics;preclinical;targeted-therapy;statistics,Curated article-level supported domains; not all domains apply to each expression. See source context and expression-topic annotations.,sentence-frame,mixed-clinical-preclinical,jto-2024-38154514-language.md,Figure legend frame,67,Figure4p10.,single-paper-synthesis,synthetic-model
JTO-39111731-LINE-29,biomarker-driven master protocol,39111731,abstract-background,,terminology,clinical-oncology;genomics;bioinformatics;statistics,Curated article-level supported domains; not all domains apply to each expression. See source context and expression-topic annotations.,vocabulary,observational-or-computational,jto-2024-39111731-language.md,Abstract background,29,生物标志物驱动的主方案；pp1–2.,single-paper-synthesis,conventional-term-or-collocation
JTO-39111731-LINE-30,The limited number of established targets in [histology] motivates systematic characterization of [genomic events].,39111731,abstract-background,,abstract-background,clinical-oncology;genomics;bioinformatics;statistics,Curated article-level supported domains; not all domains apply to each expression. See source context and expression-topic annotations.,sentence-frame,observational-or-computational,jto-2024-39111731-language.md,Abstract background,30,pp1–2.,single-paper-synthesis,synthetic-model
JTO-39111731-LINE-33,We analyzed [successfully profiled cases] and evaluated [mutual exclusivity and co-occurrence] using [specified methods].,39111731,abstract-methods,,abstract-methods,clinical-oncology;genomics;bioinformatics;statistics,Curated article-level supported domains; not all domains apply to each expression. See source context and expression-topic annotations.,sentence-frame,observational-or-computational,jto-2024-39111731-language.md,Abstract methods,33,"pp1,3.",single-paper-synthesis,synthetic-model
JTO-39111731-LINE-36,"[Algorithm] identified [event sets] at an FDR threshold of [value], nominating [candidate biology] for further investigation.",39111731,abstract-results,,abstract-results,clinical-oncology;genomics;bioinformatics;statistics,Curated article-level supported domains; not all domains apply to each expression. See source context and expression-topic annotations.,sentence-frame,observational-or-computational,jto-2024-39111731-language.md,Abstract results,36,"pp1,6; discovery threshold must remain explicit.",single-paper-synthesis,synthetic-model
JTO-39111731-LINE-39,"This clinically annotated resource supports biomarker discovery, while the functional implications of [candidate alterations] require experimental validation.",39111731,abstract-conclusion,,abstract-conclusion,clinical-oncology;genomics;bioinformatics;statistics,Curated article-level supported domains; not all domains apply to each expression. See source context and expression-topic annotations.,sentence-frame,observational-or-computational,jto-2024-39111731-language.md,Abstract conclusion,39,"pp1–2,9.",single-paper-synthesis,synthetic-model
JTO-39111731-LINE-42,comprehensive genomic profiling,39111731,introduction,,terminology,clinical-oncology;genomics;bioinformatics;statistics,Curated article-level supported domains; not all domains apply to each expression. See source context and expression-topic annotations.,vocabulary,observational-or-computational,jto-2024-39111731-language.md,Introduction vocabulary,42,全面基因组分析；p2.,single-paper-synthesis,conventional-term-or-collocation
JTO-39111731-LINE-43,functionally redundant alterations,39111731,introduction,,terminology,clinical-oncology;genomics;bioinformatics;statistics,Curated article-level supported domains; not all domains apply to each expression. See source context and expression-topic annotations.,vocabulary,observational-or-computational,jto-2024-39111731-language.md,Introduction vocabulary,43,功能冗余改变；p2; hypothesis inferred from exclusivity.,single-paper-synthesis,conventional-term-or-collocation
JTO-39111731-LINE-44,biomarker-drug combination,39111731,introduction,,terminology,clinical-oncology;genomics;bioinformatics;statistics,Curated article-level supported domains; not all domains apply to each expression. See source context and expression-topic annotations.,vocabulary,observational-or-computational,jto-2024-39111731-language.md,Introduction vocabulary,44,标志物—药物组合；p2.,single-paper-synthesis,conventional-term-or-collocation
JTO-39111731-LINE-45,"Beyond single-gene frequencies, [event relationships] may reveal hypotheses about [shared biological processes].",39111731,introduction,,introduction-vocabulary,clinical-oncology;genomics;bioinformatics;statistics,Curated article-level supported domains; not all domains apply to each expression. See source context and expression-topic annotations.,sentence-frame,observational-or-computational,jto-2024-39111731-language.md,Introduction vocabulary,45,p2.,single-paper-synthesis,synthetic-model
JTO-39111731-LINE-48,hybrid capture-based sequencing,39111731,methods,,terminology,clinical-oncology;genomics;bioinformatics;statistics,Curated article-level supported domains; not all domains apply to each expression. See source context and expression-topic annotations.,vocabulary,observational-or-computational,jto-2024-39111731-language.md,Methods vocabulary,48,杂交捕获测序；p3.,single-paper-synthesis,conventional-term-or-collocation
JTO-39111731-LINE-49,mutually exclusive gene sets,39111731,methods,,terminology,clinical-oncology;genomics;bioinformatics;statistics,Curated article-level supported domains; not all domains apply to each expression. See source context and expression-topic annotations.,vocabulary,observational-or-computational,jto-2024-39111731-language.md,Methods vocabulary,49,互斥基因集合；p3.,single-paper-synthesis,conventional-term-or-collocation
JTO-39111731-LINE-50,pairwise co-occurrence analysis,39111731,methods,,terminology,clinical-oncology;genomics;bioinformatics;statistics,Curated article-level supported domains; not all domains apply to each expression. See source context and expression-topic annotations.,vocabulary,observational-or-computational,jto-2024-39111731-language.md,Methods vocabulary,50,两两共现分析；p3.,single-paper-synthesis,conventional-term-or-collocation
JTO-39111731-LINE-51,orthologous sequence alignment,39111731,methods,,terminology,clinical-oncology;genomics;bioinformatics;statistics,Curated article-level supported domains; not all domains apply to each expression. See source context and expression-topic annotations.,vocabulary,observational-or-computational,jto-2024-39111731-language.md,Methods vocabulary,51,直系同源序列比对；p3.,single-paper-synthesis,conventional-term-or-collocation
JTO-39111731-LINE-52,"Events below [prevalence threshold] were excluded, and [colocalized copy-number events] were merged before pairwise analysis.",39111731,methods,,methods-vocabulary,clinical-oncology;genomics;bioinformatics;statistics,Curated article-level supported domains; not all domains apply to each expression. See source context and expression-topic annotations.,sentence-frame,observational-or-computational,jto-2024-39111731-language.md,Methods vocabulary,52,p3; record how merging changes units.,single-paper-synthesis,synthetic-model
JTO-39111731-LINE-53,"Survival models were adjusted for [clinical covariates], with [procedure] applied to multiple comparisons.",39111731,methods,,methods-vocabulary,clinical-oncology;genomics;bioinformatics;statistics,Curated article-level supported domains; not all domains apply to each expression. See source context and expression-topic annotations.,sentence-frame,observational-or-computational,jto-2024-39111731-language.md,Methods vocabulary,53,p3; no causal guarantee.,single-paper-synthesis,synthetic-model
JTO-39111731-LINE-56,successful molecular profiling,39111731,results,,terminology,clinical-oncology;genomics;bioinformatics;statistics,Curated article-level supported domains; not all domains apply to each expression. See source context and expression-topic annotations.,vocabulary,observational-or-computational,jto-2024-39111731-language.md,Results vocabulary,56,成功分子分型；p3.,single-paper-synthesis,conventional-term-or-collocation
JTO-39111731-LINE-57,archival versus fresh biopsies,39111731,results,,terminology,clinical-oncology;genomics;bioinformatics;statistics,Curated article-level supported domains; not all domains apply to each expression. See source context and expression-topic annotations.,vocabulary,observational-or-computational,jto-2024-39111731-language.md,Results vocabulary,57,存档与新鲜活检；p6.,single-paper-synthesis,conventional-term-or-collocation
JTO-39111731-LINE-58,recurrent amino acid substitutions,39111731,results,,terminology,clinical-oncology;genomics;bioinformatics;statistics,Curated article-level supported domains; not all domains apply to each expression. See source context and expression-topic annotations.,vocabulary,observational-or-computational,jto-2024-39111731-language.md,Results vocabulary,58,复发性氨基酸替换；pp6–8.,single-paper-synthesis,conventional-term-or-collocation
JTO-39111731-LINE-59,"Of [submitted specimens], [number] yielded evaluable sequencing results ([percentage]).",39111731,results,,results-vocabulary,clinical-oncology;genomics;bioinformatics;statistics,Curated article-level supported domains; not all domains apply to each expression. See source context and expression-topic annotations.,sentence-frame,observational-or-computational,jto-2024-39111731-language.md,Results vocabulary,59,p3; distinct from screened denominator.,single-paper-synthesis,synthetic-model
JTO-39111731-LINE-60,"[Event set] met the discovery threshold, whereas [clinical implication] was not directly tested.",39111731,results,,results-vocabulary,clinical-oncology;genomics;bioinformatics;statistics,Curated article-level supported domains; not all domains apply to each expression. See source context and expression-topic annotations.,sentence-frame,observational-or-computational,jto-2024-39111731-language.md,Results vocabulary,60,pp6–9.,single-paper-synthesis,synthetic-model
JTO-39111731-LINE-63,"Define the sequenced population and assay success first. Present [event frequencies] and comparator differences, then separate [set-level exclusivity] from [pairwise relationships]. Describe recurrent [candidate variants] and structural context as hypothesis-generating, with treatment outcomes reported only for the actual analyzed groups.",39111731,results,,results-paragraph,clinical-oncology;genomics;bioinformatics;statistics,Curated article-level supported domains; not all domains apply to each expression. See source context and expression-topic annotations.,paragraph-model,observational-or-computational,jto-2024-39111731-language.md,Results paragraph,63,pp3–9.,single-paper-synthesis,synthetic-model
JTO-39111731-LINE-66,clinical trial-annotated sequencing dataset,39111731,discussion,,terminology,clinical-oncology;genomics;bioinformatics;statistics,Curated article-level supported domains; not all domains apply to each expression. See source context and expression-topic annotations.,vocabulary,observational-or-computational,jto-2024-39111731-language.md,Discussion vocabulary,66,有临床试验注释的测序集；p9.,single-paper-synthesis,conventional-term-or-collocation
JTO-39111731-LINE-67,empirical functional validation,39111731,discussion,,terminology,clinical-oncology;genomics;bioinformatics;statistics,Curated article-level supported domains; not all domains apply to each expression. See source context and expression-topic annotations.,vocabulary,observational-or-computational,jto-2024-39111731-language.md,Discussion vocabulary,67,实验功能验证；p9.,single-paper-synthesis,conventional-term-or-collocation
JTO-39111731-LINE-68,"Mutual exclusivity is compatible with [shared pathway function], but does not establish a mechanistic relationship.",39111731,discussion,,discussion-vocabulary,clinical-oncology;genomics;bioinformatics;statistics,Curated article-level supported domains; not all domains apply to each expression. See source context and expression-topic annotations.,sentence-frame,observational-or-computational,jto-2024-39111731-language.md,Discussion vocabulary,68,p9.,single-paper-synthesis,synthetic-model
JTO-39111731-LINE-69,"Differences in [disease stage, previous therapy and assay coverage] may contribute to variation between cohorts.",39111731,discussion,,discussion-vocabulary,clinical-oncology;genomics;bioinformatics;statistics,Curated article-level supported domains; not all domains apply to each expression. See source context and expression-topic annotations.,sentence-frame,observational-or-computational,jto-2024-39111731-language.md,Discussion vocabulary,69,p9.,single-paper-synthesis,synthetic-model
JTO-39111731-LINE-72,The findings nominate [testable hypotheses] rather than establish [therapeutic sensitivity or resistance].,39111731,conclusion,,conclusion-frame,clinical-oncology;genomics;bioinformatics;statistics,Curated article-level supported domains; not all domains apply to each expression. See source context and expression-topic annotations.,sentence-frame,observational-or-computational,jto-2024-39111731-language.md,Conclusion frame,72,closing Discussion p9; no separate Conclusion heading.,single-paper-synthesis,synthetic-model
JTO-39111731-LINE-75,"Short variants, copy-number alterations and rearrangements are encoded separately, with [event-specific denominators] and [analysis thresholds] defined in the legend.",39111731,figure,,figure-legend-frame,clinical-oncology;genomics;bioinformatics;statistics,Curated article-level supported domains; not all domains apply to each expression. See source context and expression-topic annotations.,sentence-frame,observational-or-computational,jto-2024-39111731-language.md,Figure legend frame,75,"Figures1–4, pp4–7; do not use SV ambiguously.",single-paper-synthesis,synthetic-model
JTO-39694414-LINE-30,clinical and molecular heterogeneity,39694414,abstract-background,,terminology,clinical-oncology;genomics;transcriptomics;bioinformatics;targeted-therapy;statistics,Curated article-level supported domains; not all domains apply to each expression. See source context and expression-topic annotations.,vocabulary,observational-or-computational,jto-2025-39694414-language.md,Abstract background,30,描述分子亚组差异，不自动意味着不同治疗敏感性。,single-paper-synthesis,conventional-term-or-collocation
JTO-39694414-LINE-31,The clinical implications of [variant class] remain incompletely characterized.,39694414,abstract-background,,abstract-background,clinical-oncology;genomics;transcriptomics;bioinformatics;targeted-therapy;statistics,Curated article-level supported domains; not all domains apply to each expression. See source context and expression-topic annotations.,sentence-frame,observational-or-computational,jto-2025-39694414-language.md,Abstract background,31,合成问题句，不能忽略已有研究。,single-paper-synthesis,synthetic-model
JTO-39694414-LINE-33,multi-cohort genomic compendium,39694414,abstract-methods,,terminology,clinical-oncology;genomics;transcriptomics;bioinformatics;targeted-therapy;statistics,Curated article-level supported domains; not all domains apply to each expression. See source context and expression-topic annotations.,vocabulary,observational-or-computational,jto-2025-39694414-language.md,Abstract methods,33,多个既有队列整合，不是单一前瞻性队列。,single-paper-synthesis,conventional-term-or-collocation
JTO-39694414-LINE-34,We compared [molecular classes] using harmonized genomic profiles and separately evaluated treatment-duration associations.,39694414,abstract-methods,,abstract-methods,clinical-oncology;genomics;transcriptomics;bioinformatics;targeted-therapy;statistics,Curated article-level supported domains; not all domains apply to each expression. See source context and expression-topic annotations.,sentence-frame,observational-or-computational,jto-2025-39694414-language.md,Abstract methods,34,合成方法句，保留终点性质。,single-paper-synthesis,synthetic-model
JTO-39694414-LINE-36,co-occurring hotspot variants,39694414,abstract-results,,terminology,clinical-oncology;genomics;transcriptomics;bioinformatics;targeted-therapy;statistics,Curated article-level supported domains; not all domains apply to each expression. See source context and expression-topic annotations.,vocabulary,observational-or-computational,jto-2025-39694414-language.md,Abstract results,36,共现与同一细胞内共定位不是同义。,single-paper-synthesis,conventional-term-or-collocation
JTO-39694414-LINE-37,"[Class] showed enrichment of [alteration], whereas no significant difference was observed in [negative endpoint].",39694414,abstract-results,,abstract-results,clinical-oncology;genomics;transcriptomics;bioinformatics;targeted-therapy;statistics,Curated article-level supported domains; not all domains apply to each expression. See source context and expression-topic annotations.,sentence-frame,observational-or-computational,jto-2025-39694414-language.md,Abstract results,37,同时呈现阳性与阴性结果。,single-paper-synthesis,synthetic-model
JTO-39694414-LINE-39,These findings motivate further evaluation of [hypothesis] without establishing treatment selection utility.,39694414,abstract-conclusion,,abstract-conclusion,clinical-oncology;genomics;transcriptomics;bioinformatics;targeted-therapy;statistics,Curated article-level supported domains; not all domains apply to each expression. See source context and expression-topic annotations.,sentence-frame,observational-or-computational,jto-2025-39694414-language.md,Abstract conclusion,39,探索性结论，不把关联升为预测标志物。,single-paper-synthesis,synthetic-model
JTO-39694414-LINE-41,kinase-domain mutation classes,39694414,introduction,,terminology,clinical-oncology;genomics;transcriptomics;bioinformatics;targeted-therapy;statistics,Curated article-level supported domains; not all domains apply to each expression. See source context and expression-topic annotations.,vocabulary,observational-or-computational,jto-2025-39694414-language.md,Introduction vocabulary,41,按激酶结构域变异分类。,single-paper-synthesis,conventional-term-or-collocation
JTO-39694414-LINE-42,"common, uncommon, and compound mutations",39694414,introduction,,terminology,clinical-oncology;genomics;transcriptomics;bioinformatics;targeted-therapy;statistics,Curated article-level supported domains; not all domains apply to each expression. See source context and expression-topic annotations.,vocabulary,observational-or-computational,jto-2025-39694414-language.md,Introduction vocabulary,42,同基因复合变异与跨基因共突变分开。,single-paper-synthesis,conventional-term-or-collocation
JTO-39694414-LINE-43,structural and functional variation,39694414,introduction,,terminology,clinical-oncology;genomics;transcriptomics;bioinformatics;targeted-therapy;statistics,Curated article-level supported domains; not all domains apply to each expression. See source context and expression-topic annotations.,vocabulary,observational-or-computational,jto-2025-39694414-language.md,Introduction vocabulary,43,可用于提出解释层次，不能冒充实测蛋白功能。,single-paper-synthesis,conventional-term-or-collocation
JTO-39694414-LINE-45,Whether [observed difference] reflects intrinsic molecular properties or accompanying clinical and genomic factors remains uncertain.,39694414,introduction,,introduction-frames,clinical-oncology;genomics;transcriptomics;bioinformatics;targeted-therapy;statistics,Curated article-level supported domains; not all domains apply to each expression. See source context and expression-topic annotations.,sentence-frame,observational-or-computational,jto-2025-39694414-language.md,Introduction frames,45,合成替代解释句。,single-paper-synthesis,synthetic-model
JTO-39694414-LINE-47,pathogenicity-informed variant filtering,39694414,methods,,terminology,clinical-oncology;genomics;transcriptomics;bioinformatics;targeted-therapy;statistics,Curated article-level supported domains; not all domains apply to each expression. See source context and expression-topic annotations.,vocabulary,observational-or-computational,jto-2025-39694414-language.md,Methods vocabulary,47,保留数据库／预测注释来源，致病性预测不等于实验验证。,single-paper-synthesis,conventional-term-or-collocation
JTO-39694414-LINE-48,mutational signature decomposition,39694414,methods,,terminology,clinical-oncology;genomics;transcriptomics;bioinformatics;targeted-therapy;statistics,Curated article-level supported domains; not all domains apply to each expression. See source context and expression-topic annotations.,vocabulary,observational-or-computational,jto-2025-39694414-language.md,Methods vocabulary,48,体细胞突变模式分解，不是基因表达signature。,single-paper-synthesis,conventional-term-or-collocation
JTO-39694414-LINE-49,transcriptome-based microenvironment inference,39694414,methods,,terminology,clinical-oncology;genomics;transcriptomics;bioinformatics;targeted-therapy;statistics,Curated article-level supported domains; not all domains apply to each expression. See source context and expression-topic annotations.,vocabulary,observational-or-computational,jto-2025-39694414-language.md,Methods vocabulary,49,明确bulk表达推断，不称单细胞或空间测量。,single-paper-synthesis,conventional-term-or-collocation
JTO-39694414-LINE-50,rank-normalized nonsynonymous tumor mutational burden,39694414,methods,,terminology,clinical-oncology;genomics;transcriptomics;bioinformatics;targeted-therapy;statistics,Curated article-level supported domains; not all domains apply to each expression. See source context and expression-topic annotations.,vocabulary,observational-or-computational,jto-2025-39694414-language.md,Methods vocabulary,50,不与原始mut/Mb直接等同。,single-paper-synthesis,conventional-term-or-collocation
JTO-39694414-LINE-51,repeated TMB-matched subsampling,39694414,methods,,terminology,clinical-oncology;genomics;transcriptomics;bioinformatics;targeted-therapy;statistics,Curated article-level supported domains; not all domains apply to each expression. See source context and expression-topic annotations.,vocabulary,observational-or-computational,jto-2025-39694414-language.md,Methods vocabulary,51,灵敏度分析，不是独立外部验证。,single-paper-synthesis,conventional-term-or-collocation
JTO-39694414-LINE-52,time under treatment as a surrogate endpoint,39694414,methods,,terminology,clinical-oncology;genomics;transcriptomics;bioinformatics;targeted-therapy;statistics,Curated article-level supported domains; not all domains apply to each expression. See source context and expression-topic annotations.,vocabulary,observational-or-computational,jto-2025-39694414-language.md,Methods vocabulary,52,不替换为PFS、OS或客观缓解率。,single-paper-synthesis,conventional-term-or-collocation
JTO-39694414-LINE-54,"To assess whether [covariate] alone accounted for the association, the comparison was repeated in [number] covariate-matched subsamples.",39694414,methods,,methods-frames,clinical-oncology;genomics;transcriptomics;bioinformatics;targeted-therapy;statistics,Curated article-level supported domains; not all domains apply to each expression. See source context and expression-topic annotations.,sentence-frame,observational-or-computational,jto-2025-39694414-language.md,Methods frames,54,只排查指定混杂因素。,single-paper-synthesis,synthetic-model
JTO-39694414-LINE-55,"Hazard models adjusted for [prespecified covariates], and nominal and multiplicity-adjusted significance thresholds were reported separately.",39694414,methods,,methods-frames,clinical-oncology;genomics;transcriptomics;bioinformatics;targeted-therapy;statistics,Curated article-level supported domains; not all domains apply to each expression. See source context and expression-topic annotations.,sentence-frame,observational-or-computational,jto-2025-39694414-language.md,Methods frames,55,仅在实际模型和阈值支持时使用。,single-paper-synthesis,synthetic-model
JTO-39694414-LINE-57,enrichment of concomitant alterations,39694414,results,,terminology,clinical-oncology;genomics;transcriptomics;bioinformatics;targeted-therapy;statistics,Curated article-level supported domains; not all domains apply to each expression. See source context and expression-topic annotations.,vocabulary,observational-or-computational,jto-2025-39694414-language.md,Results vocabulary,57,分组发生比例增加。,single-paper-synthesis,conventional-term-or-collocation
JTO-39694414-LINE-58,available-data denominator,39694414,results,,terminology,clinical-oncology;genomics;transcriptomics;bioinformatics;targeted-therapy;statistics,Curated article-level supported domains; not all domains apply to each expression. See source context and expression-topic annotations.,vocabulary,observational-or-computational,jto-2025-39694414-language.md,Results vocabulary,58,各分析只纳入有数据的人群。,single-paper-synthesis,conventional-term-or-collocation
JTO-39694414-LINE-59,persistent association after covariate balancing,39694414,results,,terminology,clinical-oncology;genomics;transcriptomics;bioinformatics;targeted-therapy;statistics,Curated article-level supported domains; not all domains apply to each expression. See source context and expression-topic annotations.,vocabulary,observational-or-computational,jto-2025-39694414-language.md,Results vocabulary,59,不改写为独立因果效应。,single-paper-synthesis,conventional-term-or-collocation
JTO-39694414-LINE-60,no significantly enriched cell population,39694414,results,,terminology,clinical-oncology;genomics;transcriptomics;bioinformatics;targeted-therapy;statistics,Curated article-level supported domains; not all domains apply to each expression. See source context and expression-topic annotations.,vocabulary,observational-or-computational,jto-2025-39694414-language.md,Results vocabulary,60,检验未达显著，不是免疫组成完全相同。,single-paper-synthesis,conventional-term-or-collocation
JTO-39694414-LINE-62,"Of [all variant-positive patients], [classified patients] entered the prespecified comparison; the reported class percentages use the latter denominator.",39694414,results,,results-frames,clinical-oncology;genomics;transcriptomics;bioinformatics;targeted-therapy;statistics,Curated article-level supported domains; not all domains apply to each expression. See source context and expression-topic annotations.,sentence-frame,observational-or-computational,jto-2025-39694414-language.md,Results frames,62,区分总体与分类分析集。,single-paper-synthesis,synthetic-model
JTO-39694414-LINE-63,The difference remained significant in [proportion] of repeated subsamples after balancing [covariate].,39694414,results,,results-frames,clinical-oncology;genomics;transcriptomics;bioinformatics;targeted-therapy;statistics,Curated article-level supported domains; not all domains apply to each expression. See source context and expression-topic annotations.,sentence-frame,observational-or-computational,jto-2025-39694414-language.md,Results frames,63,重抽样稳定性，不是患者有效率。,single-paper-synthesis,synthetic-model
JTO-39694414-LINE-64,Median treatment duration was [value] in [group] and [value] in [comparator]; the adjusted hazard ratio pertained to the treatment-duration endpoint rather than overall survival.,39694414,results,,results-frames,clinical-oncology;genomics;transcriptomics;bioinformatics;targeted-therapy;statistics,Curated article-level supported domains; not all domains apply to each expression. See source context and expression-topic annotations.,sentence-frame,observational-or-computational,jto-2025-39694414-language.md,Results frames,64,终点需按原研究具体定义。,single-paper-synthesis,synthetic-model
JTO-39694414-LINE-65,"No statistically significant association was detected in [small subgroup], for which precision and power were limited.",39694414,results,,results-frames,clinical-oncology;genomics;transcriptomics;bioinformatics;targeted-therapy;statistics,Curated article-level supported domains; not all domains apply to each expression. See source context and expression-topic annotations.,sentence-frame,observational-or-computational,jto-2025-39694414-language.md,Results frames,65,不能写无效或等效。,single-paper-synthesis,synthetic-model
JTO-39694414-LINE-67,platform and clinical-data heterogeneity,39694414,discussion,,terminology,clinical-oncology;genomics;transcriptomics;bioinformatics;targeted-therapy;statistics,Curated article-level supported domains; not all domains apply to each expression. See source context and expression-topic annotations.,vocabulary,observational-or-computational,jto-2025-39694414-language.md,Discussion vocabulary,67,队列整合局限。,single-paper-synthesis,conventional-term-or-collocation
JTO-39694414-LINE-68,incomplete treatment-sequence information,39694414,discussion,,terminology,clinical-oncology;genomics;transcriptomics;bioinformatics;targeted-therapy;statistics,Curated article-level supported domains; not all domains apply to each expression. See source context and expression-topic annotations.,vocabulary,observational-or-computational,jto-2025-39694414-language.md,Discussion vocabulary,68,不能可靠确定原发共突变还是治疗后耐药改变。,single-paper-synthesis,conventional-term-or-collocation
JTO-39694414-LINE-69,hypothesis-generating immunotherapy relevance,39694414,discussion,,terminology,clinical-oncology;genomics;transcriptomics;bioinformatics;targeted-therapy;statistics,Curated article-level supported domains; not all domains apply to each expression. See source context and expression-topic annotations.,vocabulary,observational-or-computational,jto-2025-39694414-language.md,Discussion vocabulary,69,机制线索与临床疗效证据分开。,single-paper-synthesis,conventional-term-or-collocation
JTO-39694414-LINE-71,Similar allele-frequency distributions are compatible with [interpretation] but cannot establish cellular co-localization or functional cooperation.,39694414,discussion,,discussion-frames,clinical-oncology;genomics;transcriptomics;bioinformatics;targeted-therapy;statistics,Curated article-level supported domains; not all domains apply to each expression. See source context and expression-topic annotations.,sentence-frame,observational-or-computational,jto-2025-39694414-language.md,Discussion frames,71,限制VAF推断。,single-paper-synthesis,synthetic-model
JTO-39694414-LINE-72,A nonsignificant treatment subgroup comparison should not be used to infer equivalence or to recommend a therapeutic strategy.,39694414,discussion,,discussion-frames,clinical-oncology;genomics;transcriptomics;bioinformatics;targeted-therapy;statistics,Curated article-level supported domains; not all domains apply to each expression. See source context and expression-topic annotations.,sentence-frame,observational-or-computational,jto-2025-39694414-language.md,Discussion frames,72,安全转用。,single-paper-synthesis,synthetic-model
JTO-39694414-LINE-74,"Comprehensive molecular characterization may refine biological hypotheses, while prospective evidence is needed to determine clinical utility.",39694414,conclusion,,conclusion-frames,clinical-oncology;genomics;transcriptomics;bioinformatics;targeted-therapy;statistics,Curated article-level supported domains; not all domains apply to each expression. See source context and expression-topic annotations.,sentence-frame,observational-or-computational,jto-2025-39694414-language.md,Conclusion frames,74,不发明STK11疗效结论。,single-paper-synthesis,synthetic-model
JTO-39694414-LINE-76,Define the mutation classes and analysis denominator; compare exposures and molecular features; report covariate sensitivity analyses; then present treatment-duration estimates and the key null findings with their distinct sample sizes.,39694414,results,,results-paragraph,clinical-oncology;genomics;transcriptomics;bioinformatics;targeted-therapy;statistics,Curated article-level supported domains; not all domains apply to each expression. See source context and expression-topic annotations.,paragraph-model,observational-or-computational,jto-2025-39694414-language.md,Results paragraph,76,合成段落组织。,single-paper-synthesis,synthetic-model
JTO-39694414-LINE-78,Connect exposure-associated signatures to plausible biology; distinguish measured co-occurrence from proposed cooperation; discuss missing treatment chronology and cohort heterogeneity; end with the validation required for therapeutic interpretation.,39694414,discussion,,discussion-paragraph,clinical-oncology;genomics;transcriptomics;bioinformatics;targeted-therapy;statistics,Curated article-level supported domains; not all domains apply to each expression. See source context and expression-topic annotations.,paragraph-model,observational-or-computational,jto-2025-39694414-language.md,Discussion paragraph,78,合成段落组织。,single-paper-synthesis,synthetic-model
JTO-40320171-LINE-29,efficacy-effectiveness gap,40320171,abstract-background,,terminology,clinical-oncology;genomics;targeted-therapy;statistics,Curated article-level supported domains; not all domains apply to each expression. See source context and expression-topic annotations.,vocabulary,observational-or-computational,jto-2025-40320171-language.md,Abstract background,29,试验与真实世界表现差异，不是直接治疗比较。,single-paper-synthesis,conventional-term-or-collocation
JTO-40320171-LINE-30,Real-world outcomes may differ from trial estimates because the treated populations and ascertainment processes differ.,40320171,abstract-background,,abstract-background,clinical-oncology;genomics;targeted-therapy;statistics,Curated article-level supported domains; not all domains apply to each expression. See source context and expression-topic annotations.,sentence-frame,observational-or-computational,jto-2025-40320171-language.md,Abstract background,30,,single-paper-synthesis,synthetic-model
JTO-40320171-LINE-32,retrospective new-user cohort,40320171,abstract-methods,,terminology,clinical-oncology;genomics;targeted-therapy;statistics,Curated article-level supported domains; not all domains apply to each expression. See source context and expression-topic annotations.,vocabulary,observational-or-computational,jto-2025-40320171-language.md,Abstract methods,32,,single-paper-synthesis,conventional-term-or-collocation
JTO-40320171-LINE-33,"Clinical records were linked to available biomarker results, with follow-up beginning at treatment initiation.",40320171,abstract-methods,,abstract-methods,clinical-oncology;genomics;targeted-therapy;statistics,Curated article-level supported domains; not all domains apply to each expression. See source context and expression-topic annotations.,sentence-frame,observational-or-computational,jto-2025-40320171-language.md,Abstract methods,33,,single-paper-synthesis,synthetic-model
JTO-40320171-LINE-35,attrition before subsequent therapy,40320171,abstract-results,,terminology,clinical-oncology;genomics;targeted-therapy;statistics,Curated article-level supported domains; not all domains apply to each expression. See source context and expression-topic annotations.,vocabulary,observational-or-computational,jto-2025-40320171-language.md,Abstract results,35,,single-paper-synthesis,conventional-term-or-collocation
JTO-40320171-LINE-36,"Survival and treatment transitions were reported separately, and biomarker prevalence used the tested-patient denominator.",40320171,abstract-results,,abstract-results,clinical-oncology;genomics;targeted-therapy;statistics,Curated article-level supported domains; not all domains apply to each expression. See source context and expression-topic annotations.,sentence-frame,observational-or-computational,jto-2025-40320171-language.md,Abstract results,36,,single-paper-synthesis,synthetic-model
JTO-40320171-LINE-38,These observations identify prognostic heterogeneity and gaps in care without determining the comparative efficacy of alternative regimens.,40320171,abstract-conclusion,,abstract-conclusion,clinical-oncology;genomics;targeted-therapy;statistics,Curated article-level supported domains; not all domains apply to each expression. See source context and expression-topic annotations.,sentence-frame,observational-or-computational,jto-2025-40320171-language.md,Abstract conclusion,38,,single-paper-synthesis,synthetic-model
JTO-40320171-LINE-40,trial-ineligible clinical characteristics,40320171,introduction,,terminology,clinical-oncology;genomics;targeted-therapy;statistics,Curated article-level supported domains; not all domains apply to each expression. See source context and expression-topic annotations.,vocabulary,observational-or-computational,jto-2025-40320171-language.md,Introduction vocabulary,40,,single-paper-synthesis,conventional-term-or-collocation
JTO-40320171-LINE-41,longitudinal clinico-genomic data,40320171,introduction,,terminology,clinical-oncology;genomics;targeted-therapy;statistics,Curated article-level supported domains; not all domains apply to each expression. See source context and expression-topic annotations.,vocabulary,observational-or-computational,jto-2025-40320171-language.md,Introduction vocabulary,41,,single-paper-synthesis,conventional-term-or-collocation
JTO-40320171-LINE-43,"Patients seen in routine practice may be underrepresented in registration trials, motivating population-specific outcome assessment.",40320171,introduction,,introduction-frames,clinical-oncology;genomics;targeted-therapy;statistics,Curated article-level supported domains; not all domains apply to each expression. See source context and expression-topic annotations.,sentence-frame,observational-or-computational,jto-2025-40320171-language.md,Introduction frames,43,,single-paper-synthesis,synthetic-model
JTO-40320171-LINE-45,index-date ascertainment,40320171,methods,,terminology,clinical-oncology;genomics;targeted-therapy;statistics,Curated article-level supported domains; not all domains apply to each expression. See source context and expression-topic annotations.,vocabulary,observational-or-computational,jto-2025-40320171-language.md,Methods vocabulary,45,,single-paper-synthesis,conventional-term-or-collocation
JTO-40320171-LINE-46,composite mortality variable,40320171,methods,,terminology,clinical-oncology;genomics;targeted-therapy;statistics,Curated article-level supported domains; not all domains apply to each expression. See source context and expression-topic annotations.,vocabulary,observational-or-computational,jto-2025-40320171-language.md,Methods vocabulary,46,,single-paper-synthesis,conventional-term-or-collocation
JTO-40320171-LINE-47,structured and unstructured EHR data,40320171,methods,,terminology,clinical-oncology;genomics;targeted-therapy;statistics,Curated article-level supported domains; not all domains apply to each expression. See source context and expression-topic annotations.,vocabulary,observational-or-computational,jto-2025-40320171-language.md,Methods vocabulary,47,,single-paper-synthesis,conventional-term-or-collocation
JTO-40320171-LINE-48,administrative censoring,40320171,methods,,terminology,clinical-oncology;genomics;targeted-therapy;statistics,Curated article-level supported domains; not all domains apply to each expression. See source context and expression-topic annotations.,vocabulary,observational-or-computational,jto-2025-40320171-language.md,Methods vocabulary,48,,single-paper-synthesis,conventional-term-or-collocation
JTO-40320171-LINE-49,covariate-adjusted Cox model,40320171,methods,,terminology,clinical-oncology;genomics;targeted-therapy;statistics,Curated article-level supported domains; not all domains apply to each expression. See source context and expression-topic annotations.,vocabulary,observational-or-computational,jto-2025-40320171-language.md,Methods vocabulary,49,,single-paper-synthesis,conventional-term-or-collocation
JTO-40320171-LINE-50,reference-population sampling weights,40320171,methods,,terminology,clinical-oncology;genomics;targeted-therapy;statistics,Curated article-level supported domains; not all domains apply to each expression. See source context and expression-topic annotations.,vocabulary,observational-or-computational,jto-2025-40320171-language.md,Methods vocabulary,50,,single-paper-synthesis,conventional-term-or-collocation
JTO-40320171-LINE-52,"Follow-up ended at death, the last available record, or the administrative cutoff, whichever occurred first.",40320171,methods,,methods-frames,clinical-oncology;genomics;targeted-therapy;statistics,Curated article-level supported domains; not all domains apply to each expression. See source context and expression-topic annotations.,sentence-frame,observational-or-computational,jto-2025-40320171-language.md,Methods frames,52,,single-paper-synthesis,synthetic-model
JTO-40320171-LINE-53,Weighting aligned selected measured characteristics with the reference population without eliminating unmeasured differences.,40320171,methods,,methods-frames,clinical-oncology;genomics;targeted-therapy;statistics,Curated article-level supported domains; not all domains apply to each expression. See source context and expression-topic annotations.,sentence-frame,observational-or-computational,jto-2025-40320171-language.md,Methods frames,53,,single-paper-synthesis,synthetic-model
JTO-40320171-LINE-55,tested-patient prevalence,40320171,results,,terminology,clinical-oncology;genomics;targeted-therapy;statistics,Curated article-level supported domains; not all domains apply to each expression. See source context and expression-topic annotations.,vocabulary,observational-or-computational,jto-2025-40320171-language.md,Results vocabulary,55,,single-paper-synthesis,conventional-term-or-collocation
JTO-40320171-LINE-56,ongoing first-line treatment at cutoff,40320171,results,,terminology,clinical-oncology;genomics;targeted-therapy;statistics,Curated article-level supported domains; not all domains apply to each expression. See source context and expression-topic annotations.,vocabulary,observational-or-computational,jto-2025-40320171-language.md,Results vocabulary,56,,single-paper-synthesis,conventional-term-or-collocation
JTO-40320171-LINE-57,sparse late survival risk set,40320171,results,,terminology,clinical-oncology;genomics;targeted-therapy;statistics,Curated article-level supported domains; not all domains apply to each expression. See source context and expression-topic annotations.,vocabulary,observational-or-computational,jto-2025-40320171-language.md,Results vocabulary,57,,single-paper-synthesis,conventional-term-or-collocation
JTO-40320171-LINE-58,adjusted hazard of death,40320171,results,,terminology,clinical-oncology;genomics;targeted-therapy;statistics,Curated article-level supported domains; not all domains apply to each expression. See source context and expression-topic annotations.,vocabulary,observational-or-computational,jto-2025-40320171-language.md,Results vocabulary,58,,single-paper-synthesis,conventional-term-or-collocation
JTO-40320171-LINE-60,"Among [N] patients with available biomarker results, [n] were positive; patients without results were not assumed negative.",40320171,results,,results-frames,clinical-oncology;genomics;targeted-therapy;statistics,Curated article-level supported domains; not all domains apply to each expression. See source context and expression-topic annotations.,sentence-frame,observational-or-computational,jto-2025-40320171-language.md,Results frames,60,,single-paper-synthesis,synthetic-model
JTO-40320171-LINE-61,Patients remaining on first-line treatment were distinguished from those who died or received no further treatment after discontinuation.,40320171,results,,results-frames,clinical-oncology;genomics;targeted-therapy;statistics,Curated article-level supported domains; not all domains apply to each expression. See source context and expression-topic annotations.,sentence-frame,observational-or-computational,jto-2025-40320171-language.md,Results frames,61,,single-paper-synthesis,synthetic-model
JTO-40320171-LINE-62,The survival estimate at [late time] was accompanied by its confidence interval and the number remaining at risk.,40320171,results,,results-frames,clinical-oncology;genomics;targeted-therapy;statistics,Curated article-level supported domains; not all domains apply to each expression. See source context and expression-topic annotations.,sentence-frame,observational-or-computational,jto-2025-40320171-language.md,Results frames,62,,single-paper-synthesis,synthetic-model
JTO-40320171-LINE-64,residual confounding and incomplete ascertainment,40320171,discussion,,terminology,clinical-oncology;genomics;targeted-therapy;statistics,Curated article-level supported domains; not all domains apply to each expression. See source context and expression-topic annotations.,vocabulary,observational-or-computational,jto-2025-40320171-language.md,Discussion vocabulary,64,,single-paper-synthesis,conventional-term-or-collocation
JTO-40320171-LINE-65,transportability to a trial-like population,40320171,discussion,,terminology,clinical-oncology;genomics;targeted-therapy;statistics,Curated article-level supported domains; not all domains apply to each expression. See source context and expression-topic annotations.,vocabulary,observational-or-computational,jto-2025-40320171-language.md,Discussion vocabulary,65,,single-paper-synthesis,conventional-term-or-collocation
JTO-40320171-LINE-66,population heterogeneity across data sources,40320171,discussion,,terminology,clinical-oncology;genomics;targeted-therapy;statistics,Curated article-level supported domains; not all domains apply to each expression. See source context and expression-topic annotations.,vocabulary,observational-or-computational,jto-2025-40320171-language.md,Discussion vocabulary,66,,single-paper-synthesis,conventional-term-or-collocation
JTO-40320171-LINE-68,"Differences from a historical trial estimate may reflect selection, follow-up and measurement rather than a causal difference in treatment effect.",40320171,discussion,,discussion-frames,clinical-oncology;genomics;targeted-therapy;statistics,Curated article-level supported domains; not all domains apply to each expression. See source context and expression-topic annotations.,sentence-frame,observational-or-computational,jto-2025-40320171-language.md,Discussion frames,68,,single-paper-synthesis,synthetic-model
JTO-40320171-LINE-69,A nonsignificant subgroup comparison does not establish equivalence or exclude clinically important differences.,40320171,discussion,,discussion-frames,clinical-oncology;genomics;targeted-therapy;statistics,Curated article-level supported domains; not all domains apply to each expression. See source context and expression-topic annotations.,sentence-frame,observational-or-computational,jto-2025-40320171-language.md,Discussion frames,69,,single-paper-synthesis,synthetic-model
JTO-40320171-LINE-71,Further work should assess how population selection and missing biomarker information influence observed outcome differences.,40320171,conclusion,,conclusion-frames,clinical-oncology;genomics;targeted-therapy;statistics,Curated article-level supported domains; not all domains apply to each expression. See source context and expression-topic annotations.,sentence-frame,observational-or-computational,jto-2025-40320171-language.md,Conclusion frames,71,,single-paper-synthesis,synthetic-model
JTO-40320171-LINE-73,Define the cohort and index date; report survival with risk sets; separate treatment-transition states; present biomarker-tested denominators and adjusted prognostic associations; then give the weighted trial-like sensitivity analysis.,40320171,results,,results-paragraph,clinical-oncology;genomics;targeted-therapy;statistics,Curated article-level supported domains; not all domains apply to each expression. See source context and expression-topic annotations.,paragraph-model,observational-or-computational,jto-2025-40320171-language.md,Results paragraph,73,,single-paper-synthesis,synthetic-model
JTO-40320171-LINE-75,"Contextualize real-world versus trial outcomes; distinguish prognostic associations from treatment prediction; discuss missingness, pooling and mortality ascertainment; avoid interpreting historical comparisons as evidence for a preferred treatment.",40320171,discussion,,discussion-paragraph,clinical-oncology;genomics;targeted-therapy;statistics,Curated article-level supported domains; not all domains apply to each expression. See source context and expression-topic annotations.,paragraph-model,observational-or-computational,jto-2025-40320171-language.md,Discussion paragraph,75,,single-paper-synthesis,synthetic-model
JTO-40518016-LINE-26,resistance-associated genetic alterations,40518016,abstract-background,,terminology,clinical-oncology;genomics;bioinformatics;preclinical;targeted-therapy;statistics,Curated article-level supported domains; not all domains apply to each expression. See source context and expression-topic annotations.,vocabulary,mixed-clinical-preclinical,jto-2025-40518016-language.md,Abstract background,26,耐药相关遗传改变；p1.,single-paper-synthesis,conventional-term-or-collocation
JTO-40518016-LINE-27,We investigated whether [chromatin-remodeling alteration] confers resistance while exposing [therapeutic vulnerability].,40518016,abstract-background,,abstract-background,clinical-oncology;genomics;bioinformatics;preclinical;targeted-therapy;statistics,Curated article-level supported domains; not all domains apply to each expression. See source context and expression-topic annotations.,sentence-frame,mixed-clinical-preclinical,jto-2025-40518016-language.md,Abstract background,27,pp1–2.,single-paper-synthesis,synthetic-model
JTO-40518016-LINE-30,Functional perturbation and re-expression experiments were integrated with [targeted screening] and an exploratory [clinical cohort].,40518016,abstract-methods,,abstract-methods,clinical-oncology;genomics;bioinformatics;preclinical;targeted-therapy;statistics,Curated article-level supported domains; not all domains apply to each expression. See source context and expression-topic annotations.,sentence-frame,mixed-clinical-preclinical,jto-2025-40518016-language.md,Abstract methods,30,"pp1,4–8.",single-paper-synthesis,synthetic-model
JTO-40518016-LINE-33,"Loss of [gene] reduced sensitivity in the tested models, whereas re-expression partially reversed [resistance phenotype].",40518016,abstract-results,,abstract-results,clinical-oncology;genomics;bioinformatics;preclinical;targeted-therapy;statistics,Curated article-level supported domains; not all domains apply to each expression. See source context and expression-topic annotations.,sentence-frame,mixed-clinical-preclinical,jto-2025-40518016-language.md,Abstract results,33,pp4–5.,single-paper-synthesis,synthetic-model
JTO-40518016-LINE-36,"These results support further clinical evaluation of [combination], without establishing a validated biomarker or treatment standard.",40518016,abstract-conclusion,,abstract-conclusion,clinical-oncology;genomics;bioinformatics;preclinical;targeted-therapy;statistics,Curated article-level supported domains; not all domains apply to each expression. See source context and expression-topic annotations.,sentence-frame,mixed-clinical-preclinical,jto-2025-40518016-language.md,Abstract conclusion,36,calibratedp1.,single-paper-synthesis,synthetic-model
JTO-40518016-LINE-39,leptomeningeal carcinomatosis,40518016,introduction,,terminology,clinical-oncology;genomics;bioinformatics;preclinical;targeted-therapy;statistics,Curated article-level supported domains; not all domains apply to each expression. See source context and expression-topic annotations.,vocabulary,mixed-clinical-preclinical,jto-2025-40518016-language.md,Introduction vocabulary,39,软脑膜癌病；p2.,single-paper-synthesis,conventional-term-or-collocation
JTO-40518016-LINE-40,Unknown resistance mechanisms motivate functional studies beyond profiling recurrent driver alterations.,40518016,introduction,,introduction-vocabulary,clinical-oncology;genomics;bioinformatics;preclinical;targeted-therapy;statistics,Curated article-level supported domains; not all domains apply to each expression. See source context and expression-topic annotations.,sentence-frame,mixed-clinical-preclinical,jto-2025-40518016-language.md,Introduction vocabulary,40,"p2, synthesizedframe.",single-paper-synthesis,synthetic-model
JTO-40518016-LINE-43,kinase-focused CRISPR knockout screen,40518016,methods,,terminology,clinical-oncology;genomics;bioinformatics;preclinical;targeted-therapy;statistics,Curated article-level supported domains; not all domains apply to each expression. See source context and expression-topic annotations.,vocabulary,mixed-clinical-preclinical,jto-2025-40518016-language.md,Methods vocabulary,43,激酶靶向CRISPR敲除筛选；pp6–7.,single-paper-synthesis,conventional-term-or-collocation
JTO-40518016-LINE-44,wild-type re-expression rescue,40518016,methods,,terminology,clinical-oncology;genomics;bioinformatics;preclinical;targeted-therapy;statistics,Curated article-level supported domains; not all domains apply to each expression. See source context and expression-topic annotations.,vocabulary,mixed-clinical-preclinical,jto-2025-40518016-language.md,Methods vocabulary,44,野生型重新表达挽救；pp4–5.,single-paper-synthesis,conventional-term-or-collocation
JTO-40518016-LINE-45,Bliss independence model,40518016,methods,,terminology,clinical-oncology;genomics;bioinformatics;preclinical;targeted-therapy;statistics,Curated article-level supported domains; not all domains apply to each expression. See source context and expression-topic annotations.,vocabulary,mixed-clinical-preclinical,jto-2025-40518016-language.md,Methods vocabulary,45,"Bliss独立模型；pp6,9.",single-paper-synthesis,conventional-term-or-collocation
JTO-40518016-LINE-46,Candidate dependencies were prioritized by [viability threshold] and tested with independent [genetic and pharmacologic perturbations].,40518016,methods,,methods-vocabulary,clinical-oncology;genomics;bioinformatics;preclinical;targeted-therapy;statistics,Curated article-level supported domains; not all domains apply to each expression. See source context and expression-topic annotations.,sentence-frame,mixed-clinical-preclinical,jto-2025-40518016-language.md,Methods vocabulary,46,pp6–8.,single-paper-synthesis,synthetic-model
JTO-40518016-LINE-49,mitotic catastrophe,40518016,results,,terminology,clinical-oncology;genomics;bioinformatics;preclinical;targeted-therapy;statistics,Curated article-level supported domains; not all domains apply to each expression. See source context and expression-topic annotations.,vocabulary,mixed-clinical-preclinical,jto-2025-40518016-language.md,Results vocabulary,49,"有丝分裂灾难；pp6,9.",single-paper-synthesis,conventional-term-or-collocation
JTO-40518016-LINE-50,compromised DNA damage response,40518016,results,,terminology,clinical-oncology;genomics;bioinformatics;preclinical;targeted-therapy;statistics,Curated article-level supported domains; not all domains apply to each expression. See source context and expression-topic annotations.,vocabulary,mixed-clinical-preclinical,jto-2025-40518016-language.md,Results vocabulary,50,"受损的DNA损伤应答；pp8,10.",single-paper-synthesis,conventional-term-or-collocation
JTO-40518016-LINE-51,sustained growth despite drug exposure,40518016,results,,terminology,clinical-oncology;genomics;bioinformatics;preclinical;targeted-therapy;statistics,Curated article-level supported domains; not all domains apply to each expression. See source context and expression-topic annotations.,vocabulary,mixed-clinical-preclinical,jto-2025-40518016-language.md,Results vocabulary,51,药物暴露下仍持续生长；p4.,single-paper-synthesis,conventional-term-or-collocation
JTO-40518016-LINE-52,The treatment increased [DNA-damage and apoptosis markers] preferentially in [resistant models].,40518016,results,,results-vocabulary,clinical-oncology;genomics;bioinformatics;preclinical;targeted-therapy;statistics,Curated article-level supported domains; not all domains apply to each expression. See source context and expression-topic annotations.,sentence-frame,mixed-clinical-preclinical,jto-2025-40518016-language.md,Results vocabulary,52,pp8–11.,single-paper-synthesis,synthetic-model
JTO-40518016-LINE-53,"Although the log-rank comparison was significant, the reported hazard-ratio confidence interval included unity; these statistics should be reported without conflation.",40518016,results,,results-vocabulary,clinical-oncology;genomics;bioinformatics;preclinical;targeted-therapy;statistics,Curated article-level supported domains; not all domains apply to each expression. See source context and expression-topic annotations.,sentence-frame,mixed-clinical-preclinical,jto-2025-40518016-language.md,Results vocabulary,53,"Figure6p12, calibrationframe.",single-paper-synthesis,synthetic-model
JTO-40518016-LINE-56,"Trace resistant-model derivation, distinguish mutations found in one clone from shared alterations, and present loss-of-function plus rescue evidence. Introduce the screen, validate selected dependencies and test combination activity. Separate mouse tumor-burden effects from clinical survival associations, retaining assay, timing and statistical discrepancies.",40518016,results,,results-paragraph,clinical-oncology;genomics;bioinformatics;preclinical;targeted-therapy;statistics,Curated article-level supported domains; not all domains apply to each expression. See source context and expression-topic annotations.,paragraph-model,mixed-clinical-preclinical,jto-2025-40518016-language.md,Results paragraph,56,pp2–12.,single-paper-synthesis,synthetic-model
JTO-40518016-LINE-59,intrinsic and acquired resistance,40518016,discussion,,terminology,clinical-oncology;genomics;bioinformatics;preclinical;targeted-therapy;statistics,Curated article-level supported domains; not all domains apply to each expression. See source context and expression-topic annotations.,vocabulary,mixed-clinical-preclinical,jto-2025-40518016-language.md,Discussion vocabulary,59,原发性与获得性耐药；pp13–14.,single-paper-synthesis,conventional-term-or-collocation
JTO-40518016-LINE-60,A drug with activity against [additional kinases] does not isolate the contribution of [nominal target].,40518016,discussion,,discussion-vocabulary,clinical-oncology;genomics;bioinformatics;preclinical;targeted-therapy;statistics,Curated article-level supported domains; not all domains apply to each expression. See source context and expression-topic annotations.,sentence-frame,mixed-clinical-preclinical,jto-2025-40518016-language.md,Discussion vocabulary,60,p10.,single-paper-synthesis,synthetic-model
JTO-40518016-LINE-61,Mixing pretreatment and post-progression genotypes limits inference about baseline predictive effects.,40518016,discussion,,discussion-vocabulary,clinical-oncology;genomics;bioinformatics;preclinical;targeted-therapy;statistics,Curated article-level supported domains; not all domains apply to each expression. See source context and expression-topic annotations.,sentence-frame,mixed-clinical-preclinical,jto-2025-40518016-language.md,Discussion vocabulary,61,pp13–14.,single-paper-synthesis,synthetic-model
JTO-40518016-LINE-64,Prospective validation is required to determine whether [model-specific dependency] can guide treatment in [clinically defined population].,40518016,conclusion,,conclusion-frame,clinical-oncology;genomics;bioinformatics;preclinical;targeted-therapy;statistics,Curated article-level supported domains; not all domains apply to each expression. See source context and expression-topic annotations.,sentence-frame,mixed-clinical-preclinical,jto-2025-40518016-language.md,Conclusion frame,64,closingDiscussionp14.,single-paper-synthesis,synthetic-model
JTO-40518016-LINE-67,"Bioluminescence is expressed relative to [baseline], while clinical survival curves use [treatment initiation] as their distinct time origin.",40518016,figure,,figure-legend-frame,clinical-oncology;genomics;bioinformatics;preclinical;targeted-therapy;statistics,Curated article-level supported domains; not all domains apply to each expression. See source context and expression-topic annotations.,sentence-frame,mixed-clinical-preclinical,jto-2025-40518016-language.md,Figure legend frame,67,Figure6p12.,single-paper-synthesis,synthetic-model
JTO-41161592-LINE-32,resectable alteration-defined NSCLC,41161592,abstract-background,,terminology,clinical-oncology;genomics;transcriptomics;bioinformatics;immunotherapy;statistics,Curated article-level supported domains; not all domains apply to each expression. See source context and expression-topic annotations.,vocabulary,observational-or-computational,jto-2026-41161592-language.md,Abstract background,32,可切除且基因改变限定的人群。,single-paper-synthesis,conventional-term-or-collocation
JTO-41161592-LINE-33,The activity of [treatment] in [molecularly defined resectable subgroup] remains uncertain.,41161592,abstract-background,,abstract-background,clinical-oncology;genomics;transcriptomics;bioinformatics;immunotherapy;statistics,Curated article-level supported domains; not all domains apply to each expression. See source context and expression-topic annotations.,sentence-frame,observational-or-computational,jto-2026-41161592-language.md,Abstract background,33,确定分期场景，不能与晚期数据混用。,single-paper-synthesis,synthetic-model
JTO-41161592-LINE-35,retrospective neoadjuvant cohort,41161592,abstract-methods,,terminology,clinical-oncology;genomics;transcriptomics;bioinformatics;immunotherapy;statistics,Curated article-level supported domains; not all domains apply to each expression. See source context and expression-topic annotations.,vocabulary,observational-or-computational,jto-2026-41161592-language.md,Abstract methods,35,回顾性治疗队列，不称随机试验。,single-paper-synthesis,conventional-term-or-collocation
JTO-41161592-LINE-36,Clinical and genomic observations were evaluated alongside a separate public transcriptomic cohort.,41161592,abstract-methods,,abstract-methods,clinical-oncology;genomics;transcriptomics;bioinformatics;immunotherapy;statistics,Curated article-level supported domains; not all domains apply to each expression. See source context and expression-topic annotations.,sentence-frame,observational-or-computational,jto-2026-41161592-language.md,Abstract methods,36,不把两队列称同一样本多组学。,single-paper-synthesis,synthetic-model
JTO-41161592-LINE-38,pathologic complete response,41161592,abstract-results,,terminology,clinical-oncology;genomics;transcriptomics;bioinformatics;immunotherapy;statistics,Curated article-level supported domains; not all domains apply to each expression. See source context and expression-topic annotations.,vocabulary,observational-or-computational,jto-2026-41161592-language.md,Abstract results,38,与影像CR和主要病理缓解分开。,single-paper-synthesis,conventional-term-or-collocation
JTO-41161592-LINE-39,"Response proportions varied across histologic subgroups, with substantial uncertainty in the smaller groups.",41161592,abstract-results,,abstract-results,clinical-oncology;genomics;transcriptomics;bioinformatics;immunotherapy;statistics,Curated article-level supported domains; not all domains apply to each expression. See source context and expression-topic annotations.,sentence-frame,observational-or-computational,jto-2026-41161592-language.md,Abstract results,39,保留小样本限制。,single-paper-synthesis,synthetic-model
JTO-41161592-LINE-41,These observations highlight heterogeneity and support prospective evaluation rather than validated biomarker-directed treatment selection.,41161592,abstract-conclusion,,abstract-conclusion,clinical-oncology;genomics;transcriptomics;bioinformatics;immunotherapy;statistics,Curated article-level supported domains; not all domains apply to each expression. See source context and expression-topic annotations.,sentence-frame,observational-or-computational,jto-2026-41161592-language.md,Abstract conclusion,41,合成、校准结论。,single-paper-synthesis,synthetic-model
JTO-41161592-LINE-43,chromatin-remodeling complex,41161592,introduction,,terminology,clinical-oncology;genomics;transcriptomics;bioinformatics;immunotherapy;statistics,Curated article-level supported domains; not all domains apply to each expression. See source context and expression-topic annotations.,vocabulary,observational-or-computational,jto-2026-41161592-language.md,Introduction vocabulary,43,,single-paper-synthesis,conventional-term-or-collocation
JTO-41161592-LINE-44,histology-dependent treatment associations,41161592,introduction,,terminology,clinical-oncology;genomics;transcriptomics;bioinformatics;immunotherapy;statistics,Curated article-level supported domains; not all domains apply to each expression. See source context and expression-topic annotations.,vocabulary,observational-or-computational,jto-2026-41161592-language.md,Introduction vocabulary,44,,single-paper-synthesis,conventional-term-or-collocation
JTO-41161592-LINE-45,biological underpinnings of clinical heterogeneity,41161592,introduction,,terminology,clinical-oncology;genomics;transcriptomics;bioinformatics;immunotherapy;statistics,Curated article-level supported domains; not all domains apply to each expression. See source context and expression-topic annotations.,vocabulary,observational-or-computational,jto-2026-41161592-language.md,Introduction vocabulary,45,,single-paper-synthesis,conventional-term-or-collocation
JTO-41161592-LINE-47,Evidence from metastatic disease may not directly establish the role of [alteration] in the perioperative setting.,41161592,introduction,,introduction-frames,clinical-oncology;genomics;transcriptomics;bioinformatics;immunotherapy;statistics,Curated article-level supported domains; not all domains apply to each expression. See source context and expression-topic annotations.,sentence-frame,observational-or-computational,jto-2026-41161592-language.md,Introduction frames,47,分期和治疗场景不能直接迁移。,single-paper-synthesis,synthetic-model
JTO-41161592-LINE-49,baseline next-generation sequencing,41161592,methods,,terminology,clinical-oncology;genomics;transcriptomics;bioinformatics;immunotherapy;statistics,Curated article-level supported domains; not all domains apply to each expression. See source context and expression-topic annotations.,vocabulary,observational-or-computational,jto-2026-41161592-language.md,Methods vocabulary,49,,single-paper-synthesis,conventional-term-or-collocation
JTO-41161592-LINE-50,pre-neoadjuvant alteration ascertainment,41161592,methods,,terminology,clinical-oncology;genomics;transcriptomics;bioinformatics;immunotherapy;statistics,Curated article-level supported domains; not all domains apply to each expression. See source context and expression-topic annotations.,vocabulary,observational-or-computational,jto-2026-41161592-language.md,Methods vocabulary,50,,single-paper-synthesis,conventional-term-or-collocation
JTO-41161592-LINE-51,operational histologic subgroup definition,41161592,methods,,terminology,clinical-oncology;genomics;transcriptomics;bioinformatics;immunotherapy;statistics,Curated article-level supported domains; not all domains apply to each expression. See source context and expression-topic annotations.,vocabulary,observational-or-computational,jto-2026-41161592-language.md,Methods vocabulary,51,,single-paper-synthesis,conventional-term-or-collocation
JTO-41161592-LINE-52,public-cohort whole-exome and bulk-RNA reanalysis,41161592,methods,,terminology,clinical-oncology;genomics;transcriptomics;bioinformatics;immunotherapy;statistics,Curated article-level supported domains; not all domains apply to each expression. See source context and expression-topic annotations.,vocabulary,observational-or-computational,jto-2026-41161592-language.md,Methods vocabulary,52,,single-paper-synthesis,conventional-term-or-collocation
JTO-41161592-LINE-53,transcriptome-inferred immune classification,41161592,methods,,terminology,clinical-oncology;genomics;transcriptomics;bioinformatics;immunotherapy;statistics,Curated article-level supported domains; not all domains apply to each expression. See source context and expression-topic annotations.,vocabulary,observational-or-computational,jto-2026-41161592-language.md,Methods vocabulary,53,,single-paper-synthesis,conventional-term-or-collocation
JTO-41161592-LINE-55,"Eligibility required [alteration] to be documented before treatment, rather than first detected in the surgical specimen.",41161592,methods,,methods-frames,clinical-oncology;genomics;transcriptomics;bioinformatics;immunotherapy;statistics,Curated article-level supported domains; not all domains apply to each expression. See source context and expression-topic annotations.,sentence-frame,observational-or-computational,jto-2026-41161592-language.md,Methods frames,55,规定暴露测量时间。,single-paper-synthesis,synthetic-model
JTO-41161592-LINE-56,Clinical endpoints and molecular analyses were reported for their respective evaluable populations.,41161592,methods,,methods-frames,clinical-oncology;genomics;transcriptomics;bioinformatics;immunotherapy;statistics,Curated article-level supported domains; not all domains apply to each expression. See source context and expression-topic annotations.,sentence-frame,observational-or-computational,jto-2026-41161592-language.md,Methods frames,56,各终点分母分开。,single-paper-synthesis,synthetic-model
JTO-41161592-LINE-58,RECIST-evaluable population,41161592,results,,terminology,clinical-oncology;genomics;transcriptomics;bioinformatics;immunotherapy;statistics,Curated article-level supported domains; not all domains apply to each expression. See source context and expression-topic annotations.,vocabulary,observational-or-computational,jto-2026-41161592-language.md,Results vocabulary,58,,single-paper-synthesis,conventional-term-or-collocation
JTO-41161592-LINE-59,residual viable tumor,41161592,results,,terminology,clinical-oncology;genomics;transcriptomics;bioinformatics;immunotherapy;statistics,Curated article-level supported domains; not all domains apply to each expression. See source context and expression-topic annotations.,vocabulary,observational-or-computational,jto-2026-41161592-language.md,Results vocabulary,59,,single-paper-synthesis,conventional-term-or-collocation
JTO-41161592-LINE-60,uncertain completeness of resection,41161592,results,,terminology,clinical-oncology;genomics;transcriptomics;bioinformatics;immunotherapy;statistics,Curated article-level supported domains; not all domains apply to each expression. See source context and expression-topic annotations.,vocabulary,observational-or-computational,jto-2026-41161592-language.md,Results vocabulary,60,,single-paper-synthesis,conventional-term-or-collocation
JTO-41161592-LINE-61,non-cancer death,41161592,results,,terminology,clinical-oncology;genomics;transcriptomics;bioinformatics;immunotherapy;statistics,Curated article-level supported domains; not all domains apply to each expression. See source context and expression-topic annotations.,vocabulary,observational-or-computational,jto-2026-41161592-language.md,Results vocabulary,61,,single-paper-synthesis,conventional-term-or-collocation
JTO-41161592-LINE-62,recurrence-conditioned summary,41161592,results,,terminology,clinical-oncology;genomics;transcriptomics;bioinformatics;immunotherapy;statistics,Curated article-level supported domains; not all domains apply to each expression. See source context and expression-topic annotations.,vocabulary,observational-or-computational,jto-2026-41161592-language.md,Results vocabulary,62,,single-paper-synthesis,conventional-term-or-collocation
JTO-41161592-LINE-64,"The response rate was [n/N] among radiologically evaluable patients, whereas pathologic response used [separate denominator].",41161592,results,,results-frames,clinical-oncology;genomics;transcriptomics;bioinformatics;immunotherapy;statistics,Curated article-level supported domains; not all domains apply to each expression. See source context and expression-topic annotations.,sentence-frame,observational-or-computational,jto-2026-41161592-language.md,Results frames,64,不交换27、28、29等分母。,single-paper-synthesis,synthetic-model
JTO-41161592-LINE-65,All [n] patients in the combined co-alteration subgroup experienced recurrence; this small descriptive subgroup does not establish a general rule.,41161592,results,,results-frames,clinical-oncology;genomics;transcriptomics;bioinformatics;immunotherapy;statistics,Curated article-level supported domains; not all domains apply to each expression. See source context and expression-topic annotations.,sentence-frame,observational-or-computational,jto-2026-41161592-language.md,Results frames,65,小组全事件不能放大成普遍耐药。,single-paper-synthesis,synthetic-model
JTO-41161592-LINE-66,"No statistically significant association was detected for [marker], although the small subgroup limited precision.",41161592,results,,results-frames,clinical-oncology;genomics;transcriptomics;bioinformatics;immunotherapy;statistics,Curated article-level supported domains; not all domains apply to each expression. See source context and expression-topic annotations.,sentence-frame,observational-or-computational,jto-2026-41161592-language.md,Results frames,66,非显著不等于无作用。,single-paper-synthesis,synthetic-model
JTO-41161592-LINE-67,The margin-negative resection proportion was [n/N] among operated patients and [n/N] in the full cohort.,41161592,results,,results-frames,clinical-oncology;genomics;transcriptomics;bioinformatics;immunotherapy;statistics,Curated article-level supported domains; not all domains apply to each expression. See source context and expression-topic annotations.,sentence-frame,observational-or-computational,jto-2026-41161592-language.md,Results frames,67,两个比例均可成立。,single-paper-synthesis,synthetic-model
JTO-41161592-LINE-69,selection related to baseline molecular testing,41161592,discussion,,terminology,clinical-oncology;genomics;transcriptomics;bioinformatics;immunotherapy;statistics,Curated article-level supported domains; not all domains apply to each expression. See source context and expression-topic annotations.,vocabulary,observational-or-computational,jto-2026-41161592-language.md,Discussion vocabulary,69,,single-paper-synthesis,conventional-term-or-collocation
JTO-41161592-LINE-70,cross-cohort biological context,41161592,discussion,,terminology,clinical-oncology;genomics;transcriptomics;bioinformatics;immunotherapy;statistics,Curated article-level supported domains; not all domains apply to each expression. See source context and expression-topic annotations.,vocabulary,observational-or-computational,jto-2026-41161592-language.md,Discussion vocabulary,70,,single-paper-synthesis,conventional-term-or-collocation
JTO-41161592-LINE-71,absence of internal transcriptomic validation,41161592,discussion,,terminology,clinical-oncology;genomics;transcriptomics;bioinformatics;immunotherapy;statistics,Curated article-level supported domains; not all domains apply to each expression. See source context and expression-topic annotations.,vocabulary,observational-or-computational,jto-2026-41161592-language.md,Discussion vocabulary,71,,single-paper-synthesis,conventional-term-or-collocation
JTO-41161592-LINE-72,uncertainty in subgroup estimates,41161592,discussion,,terminology,clinical-oncology;genomics;transcriptomics;bioinformatics;immunotherapy;statistics,Curated article-level supported domains; not all domains apply to each expression. See source context and expression-topic annotations.,vocabulary,observational-or-computational,jto-2026-41161592-language.md,Discussion vocabulary,72,,single-paper-synthesis,conventional-term-or-collocation
JTO-41161592-LINE-74,Immune classifications inferred from an external untreated dataset should not be assigned to each patient in the treated cohort.,41161592,discussion,,discussion-frames,clinical-oncology;genomics;transcriptomics;bioinformatics;immunotherapy;statistics,Curated article-level supported domains; not all domains apply to each expression. See source context and expression-topic annotations.,sentence-frame,observational-or-computational,jto-2026-41161592-language.md,Discussion frames,74,不拼接不同队列的个体证据。,single-paper-synthesis,synthetic-model
JTO-41161592-LINE-75,Enrichment of a pathway signature is consistent with a biological hypothesis but does not demonstrate pathway activation or causal immune evasion.,41161592,discussion,,discussion-frames,clinical-oncology;genomics;transcriptomics;bioinformatics;immunotherapy;statistics,Curated article-level supported domains; not all domains apply to each expression. See source context and expression-topic annotations.,sentence-frame,observational-or-computational,jto-2026-41161592-language.md,Discussion frames,75,生信和功能实验层级分开。,single-paper-synthesis,synthetic-model
JTO-41161592-LINE-76,A prognostic association within treated patients does not establish a treatment-by-biomarker interaction.,41161592,discussion,,discussion-frames,clinical-oncology;genomics;transcriptomics;bioinformatics;immunotherapy;statistics,Curated article-level supported domains; not all domains apply to each expression. See source context and expression-topic annotations.,sentence-frame,observational-or-computational,jto-2026-41161592-language.md,Discussion frames,76,治疗预测用语边界。,single-paper-synthesis,synthetic-model
JTO-41161592-LINE-78,Larger prospectively specified cohorts are needed to resolve histologic and co-alteration heterogeneity and to estimate therapeutic benefit.,41161592,conclusion,,conclusion-frames,clinical-oncology;genomics;transcriptomics;bioinformatics;immunotherapy;statistics,Curated article-level supported domains; not all domains apply to each expression. See source context and expression-topic annotations.,sentence-frame,observational-or-computational,jto-2026-41161592-language.md,Conclusion frames,78,p8收束综合，不虚构独立Conclusion标题。,single-paper-synthesis,synthetic-model
JTO-41161592-LINE-80,"Describe baseline ascertainment and histology; report radiologic response, pathologic response and surgical outcomes with separate denominators; then present recurrence and co-alteration strata before moving to the independent public-cohort analyses.",41161592,results,,results-paragraph,clinical-oncology;genomics;transcriptomics;bioinformatics;immunotherapy;statistics,Curated article-level supported domains; not all domains apply to each expression. See source context and expression-topic annotations.,paragraph-model,observational-or-computational,jto-2026-41161592-language.md,Results paragraph,80,合成组织模型。,single-paper-synthesis,synthetic-model
JTO-41161592-LINE-82,"Interpret histologic heterogeneity cautiously; distinguish direct cohort observations from external immune hypotheses; disclose selection, missing molecular data and small-stratum uncertainty; identify the prospective comparison needed for predictive claims.",41161592,discussion,,discussion-paragraph,clinical-oncology;genomics;transcriptomics;bioinformatics;immunotherapy;statistics,Curated article-level supported domains; not all domains apply to each expression. See source context and expression-topic annotations.,paragraph-model,observational-or-computational,jto-2026-41161592-language.md,Discussion paragraph,82,合成组织模型。,single-paper-synthesis,synthetic-model
JTO-41260457-LINE-31,overlap with concurrent oncogenic drivers,41260457,abstract-background,,terminology,clinical-oncology;genomics;targeted-therapy;statistics,Curated article-level supported domains; not all domains apply to each expression. See source context and expression-topic annotations.,vocabulary,observational-or-computational,jto-2026-41260457-language.md,Abstract background,31,驱动与共缺失并存。,single-paper-synthesis,conventional-term-or-collocation
JTO-41260457-LINE-32,The timing and clinical implications of [co-alteration] remain incompletely defined.,41260457,abstract-background,,abstract-background,clinical-oncology;genomics;targeted-therapy;statistics,Curated article-level supported domains; not all domains apply to each expression. See source context and expression-topic annotations.,sentence-frame,observational-or-computational,jto-2026-41260457-language.md,Abstract background,32,同时设置发生时间与临床问题。,single-paper-synthesis,synthetic-model
JTO-41260457-LINE-34,copy-number-based ascertainment,41260457,abstract-methods,,terminology,clinical-oncology;genomics;targeted-therapy;statistics,Curated article-level supported domains; not all domains apply to each expression. See source context and expression-topic annotations.,vocabulary,observational-or-computational,jto-2026-41260457-language.md,Abstract methods,34,拷贝数判定，不笼统写突变检测。,single-paper-synthesis,conventional-term-or-collocation
JTO-41260457-LINE-35,"We combined genomic profiling, treatment-course analysis, and paired resistance specimens to characterize [alteration].",41260457,abstract-methods,,abstract-methods,clinical-oncology;genomics;targeted-therapy;statistics,Curated article-level supported domains; not all domains apply to each expression. See source context and expression-topic annotations.,sentence-frame,observational-or-computational,jto-2026-41260457-language.md,Abstract methods,35,仅在各数据层真实存在时使用。,single-paper-synthesis,synthetic-model
JTO-41260457-LINE-37,baseline and acquired co-deletions,41260457,abstract-results,,terminology,clinical-oncology;genomics;targeted-therapy;statistics,Curated article-level supported domains; not all domains apply to each expression. See source context and expression-topic annotations.,vocabulary,observational-or-computational,jto-2026-41260457-language.md,Abstract results,37,治疗前与治疗后分开。,single-paper-synthesis,conventional-term-or-collocation
JTO-41260457-LINE-38,"[Exposure] was associated with a shorter [treatment-duration endpoint], but the overall-survival comparison was not statistically significant.",41260457,abstract-results,,abstract-results,clinical-oncology;genomics;targeted-therapy;statistics,Curated article-level supported domains; not all domains apply to each expression. See source context and expression-topic annotations.,sentence-frame,observational-or-computational,jto-2026-41260457-language.md,Abstract results,38,保留主要阴性结果。,single-paper-synthesis,synthetic-model
JTO-41260457-LINE-40,These observations provide a rationale for prospective evaluation rather than establish comparative therapeutic benefit.,41260457,abstract-conclusion,,abstract-conclusion,clinical-oncology;genomics;targeted-therapy;statistics,Curated article-level supported domains; not all domains apply to each expression. See source context and expression-topic annotations.,sentence-frame,observational-or-computational,jto-2026-41260457-language.md,Abstract conclusion,40,不夸大单例药物疗效。,single-paper-synthesis,synthetic-model
JTO-41260457-LINE-42,methionine salvage pathway,41260457,introduction,,terminology,clinical-oncology;genomics;targeted-therapy;statistics,Curated article-level supported domains; not all domains apply to each expression. See source context and expression-topic annotations.,vocabulary,observational-or-computational,jto-2026-41260457-language.md,Introduction vocabulary,42,,single-paper-synthesis,conventional-term-or-collocation
JTO-41260457-LINE-43,MTA-cooperative PRMT5 inhibition,41260457,introduction,,terminology,clinical-oncology;genomics;targeted-therapy;statistics,Curated article-level supported domains; not all domains apply to each expression. See source context and expression-topic annotations.,vocabulary,observational-or-computational,jto-2026-41260457-language.md,Introduction vocabulary,43,,single-paper-synthesis,conventional-term-or-collocation
JTO-41260457-LINE-44,synthetic-lethal therapeutic rationale,41260457,introduction,,terminology,clinical-oncology;genomics;targeted-therapy;statistics,Curated article-level supported domains; not all domains apply to each expression. See source context and expression-topic annotations.,vocabulary,observational-or-computational,jto-2026-41260457-language.md,Introduction vocabulary,44,,single-paper-synthesis,conventional-term-or-collocation
JTO-41260457-LINE-45,co-deletion of adjacent tumor-suppressor loci,41260457,introduction,,terminology,clinical-oncology;genomics;targeted-therapy;statistics,Curated article-level supported domains; not all domains apply to each expression. See source context and expression-topic annotations.,vocabulary,observational-or-computational,jto-2026-41260457-language.md,Introduction vocabulary,45,,single-paper-synthesis,conventional-term-or-collocation
JTO-41260457-LINE-47,"An alteration may be relevant both as a marker of disease biology and as a potential therapeutic vulnerability, but these roles require different evidence.",41260457,introduction,,introduction-frames,clinical-oncology;genomics;targeted-therapy;statistics,Curated article-level supported domains; not all domains apply to each expression. See source context and expression-topic annotations.,sentence-frame,observational-or-computational,jto-2026-41260457-language.md,Introduction frames,47,预后与可治疗性分开。,single-paper-synthesis,synthetic-model
JTO-41260457-LINE-49,coverage-based copy-number analysis,41260457,methods,,terminology,clinical-oncology;genomics;targeted-therapy;statistics,Curated article-level supported domains; not all domains apply to each expression. See source context and expression-topic annotations.,vocabulary,observational-or-computational,jto-2026-41260457-language.md,Methods vocabulary,49,,single-paper-synthesis,conventional-term-or-collocation
JTO-41260457-LINE-50,allele-specific copy-number verification,41260457,methods,,terminology,clinical-oncology;genomics;targeted-therapy;statistics,Curated article-level supported domains; not all domains apply to each expression. See source context and expression-topic annotations.,vocabulary,observational-or-computational,jto-2026-41260457-language.md,Methods vocabulary,50,,single-paper-synthesis,conventional-term-or-collocation
JTO-41260457-LINE-51,orthogonal immunohistochemical confirmation,41260457,methods,,terminology,clinical-oncology;genomics;targeted-therapy;statistics,Curated article-level supported domains; not all domains apply to each expression. See source context and expression-topic annotations.,vocabulary,observational-or-computational,jto-2026-41260457-language.md,Methods vocabulary,51,,single-paper-synthesis,conventional-term-or-collocation
JTO-41260457-LINE-52,panel-dependent ascertainment,41260457,methods,,terminology,clinical-oncology;genomics;targeted-therapy;statistics,Curated article-level supported domains; not all domains apply to each expression. See source context and expression-topic annotations.,vocabulary,observational-or-computational,jto-2026-41260457-language.md,Methods vocabulary,52,,single-paper-synthesis,conventional-term-or-collocation
JTO-41260457-LINE-53,Wilson score confidence interval,41260457,methods,,terminology,clinical-oncology;genomics;targeted-therapy;statistics,Curated article-level supported domains; not all domains apply to each expression. See source context and expression-topic annotations.,vocabulary,observational-or-computational,jto-2026-41260457-language.md,Methods vocabulary,53,,single-paper-synthesis,conventional-term-or-collocation
JTO-41260457-LINE-54,paired pre-treatment and post-progression tissue specimens,41260457,methods,,terminology,clinical-oncology;genomics;targeted-therapy;statistics,Curated article-level supported domains; not all domains apply to each expression. See source context and expression-topic annotations.,vocabulary,observational-or-computational,jto-2026-41260457-language.md,Methods vocabulary,54,,single-paper-synthesis,conventional-term-or-collocation
JTO-41260457-LINE-56,"Status was directly measured when the assay covered [gene]; otherwise, an explicitly documented proxy was used and its assumptions retained.",41260457,methods,,methods-frames,clinical-oncology;genomics;targeted-therapy;statistics,Curated article-level supported domains; not all domains apply to each expression. See source context and expression-topic annotations.,sentence-frame,observational-or-computational,jto-2026-41260457-language.md,Methods frames,56,不把推断状态写成实测。,single-paper-synthesis,synthetic-model
JTO-41260457-LINE-57,The endpoint included [systemic-treatment changes] but did not count [local interventions].,41260457,methods,,methods-frames,clinical-oncology;genomics;targeted-therapy;statistics,Curated article-level supported domains; not all domains apply to each expression. See source context and expression-topic annotations.,sentence-frame,observational-or-computational,jto-2026-41260457-language.md,Methods frames,57,将真实世界终点写清楚。,single-paper-synthesis,synthetic-model
JTO-41260457-LINE-59,nested deletion sets,41260457,results,,terminology,clinical-oncology;genomics;targeted-therapy;statistics,Curated article-level supported domains; not all domains apply to each expression. See source context and expression-topic annotations.,vocabulary,observational-or-computational,jto-2026-41260457-language.md,Results vocabulary,59,,single-paper-synthesis,conventional-term-or-collocation
JTO-41260457-LINE-60,genomic enrichment after multiplicity correction,41260457,results,,terminology,clinical-oncology;genomics;targeted-therapy;statistics,Curated article-level supported domains; not all domains apply to each expression. See source context and expression-topic annotations.,vocabulary,observational-or-computational,jto-2026-41260457-language.md,Results vocabulary,60,,single-paper-synthesis,conventional-term-or-collocation
JTO-41260457-LINE-61,non-mutually-exclusive resistance alterations,41260457,results,,terminology,clinical-oncology;genomics;targeted-therapy;statistics,Curated article-level supported domains; not all domains apply to each expression. See source context and expression-topic annotations.,vocabulary,observational-or-computational,jto-2026-41260457-language.md,Results vocabulary,61,,single-paper-synthesis,conventional-term-or-collocation
JTO-41260457-LINE-62,treatment-emergent detection,41260457,results,,terminology,clinical-oncology;genomics;targeted-therapy;statistics,Curated article-level supported domains; not all domains apply to each expression. See source context and expression-topic annotations.,vocabulary,observational-or-computational,jto-2026-41260457-language.md,Results vocabulary,62,,single-paper-synthesis,conventional-term-or-collocation
JTO-41260457-LINE-63,confirmed partial response in an individual patient,41260457,results,,terminology,clinical-oncology;genomics;targeted-therapy;statistics,Curated article-level supported domains; not all domains apply to each expression. See source context and expression-topic annotations.,vocabulary,observational-or-computational,jto-2026-41260457-language.md,Results vocabulary,63,,single-paper-synthesis,conventional-term-or-collocation
JTO-41260457-LINE-65,"The deletion was identified in [n/N] tumors, of which [n/N] also harbored an oncogenic driver.",41260457,results,,results-frames,clinical-oncology;genomics;targeted-therapy;statistics,Curated article-level supported domains; not all domains apply to each expression. See source context and expression-topic annotations.,sentence-frame,observational-or-computational,jto-2026-41260457-language.md,Results frames,65,嵌套分母要清楚。,single-paper-synthesis,synthetic-model
JTO-41260457-LINE-66,"Among [n] baseline-intact patients with evaluable paired specimens, [n] had newly detected loss after treatment.",41260457,results,,results-frames,clinical-oncology;genomics;targeted-therapy;statistics,Curated article-level supported domains; not all domains apply to each expression. See source context and expression-topic annotations.,sentence-frame,observational-or-computational,jto-2026-41260457-language.md,Results frames,66,不使用最初96例作为69例分析的分母。,single-paper-synthesis,synthetic-model
JTO-41260457-LINE-67,"Several tumors harbored multiple resistance-associated alterations; therefore, category percentages were not mutually exclusive.",41260457,results,,results-frames,clinical-oncology;genomics;targeted-therapy;statistics,Curated article-level supported domains; not all domains apply to each expression. See source context and expression-topic annotations.,sentence-frame,observational-or-computational,jto-2026-41260457-language.md,Results frames,67,结果表注可复用。,single-paper-synthesis,synthetic-model
JTO-41260457-LINE-68,"The individual patient achieved [response] at [time], followed by progression at [site/time].",41260457,results,,results-frames,clinical-oncology;genomics;targeted-therapy;statistics,Curated article-level supported domains; not all domains apply to each expression. See source context and expression-topic annotations.,sentence-frame,observational-or-computational,jto-2026-41260457-language.md,Results frames,68,个案需报告后续失败，不只写最佳缓解。,single-paper-synthesis,synthetic-model
JTO-41260457-LINE-70,co-deletion confounding,41260457,discussion,,terminology,clinical-oncology;genomics;targeted-therapy;statistics,Curated article-level supported domains; not all domains apply to each expression. See source context and expression-topic annotations.,vocabulary,observational-or-computational,jto-2026-41260457-language.md,Discussion vocabulary,70,,single-paper-synthesis,conventional-term-or-collocation
JTO-41260457-LINE-71,tumor-purity-dependent false negatives,41260457,discussion,,terminology,clinical-oncology;genomics;targeted-therapy;statistics,Curated article-level supported domains; not all domains apply to each expression. See source context and expression-topic annotations.,vocabulary,observational-or-computational,jto-2026-41260457-language.md,Discussion vocabulary,71,,single-paper-synthesis,conventional-term-or-collocation
JTO-41260457-LINE-72,differential re-biopsy frequency,41260457,discussion,,terminology,clinical-oncology;genomics;targeted-therapy;statistics,Curated article-level supported domains; not all domains apply to each expression. See source context and expression-topic annotations.,vocabulary,observational-or-computational,jto-2026-41260457-language.md,Discussion vocabulary,72,,single-paper-synthesis,conventional-term-or-collocation
JTO-41260457-LINE-73,treatment continuation beyond progression,41260457,discussion,,terminology,clinical-oncology;genomics;targeted-therapy;statistics,Curated article-level supported domains; not all domains apply to each expression. See source context and expression-topic annotations.,vocabulary,observational-or-computational,jto-2026-41260457-language.md,Discussion vocabulary,73,,single-paper-synthesis,conventional-term-or-collocation
JTO-41260457-LINE-75,The contribution of [geneA] could not be separated from loss of [adjacentgeneB] because the independent comparison group was small.,41260457,discussion,,discussion-frames,clinical-oncology;genomics;targeted-therapy;statistics,Curated article-level supported domains; not all domains apply to each expression. See source context and expression-topic annotations.,sentence-frame,observational-or-computational,jto-2026-41260457-language.md,Discussion frames,75,不把整个缺失区域效应归因单基因。,single-paper-synthesis,synthetic-model
JTO-41260457-LINE-76,"Later detection may reflect selection, assay coverage or sampling and does not by itself establish a newly arising resistance mechanism.",41260457,discussion,,discussion-frames,clinical-oncology;genomics;targeted-therapy;statistics,Curated article-level supported domains; not all domains apply to each expression. See source context and expression-topic annotations.,sentence-frame,observational-or-computational,jto-2026-41260457-language.md,Discussion frames,76,纵向检出解释。,single-paper-synthesis,synthetic-model
JTO-41260457-LINE-77,A treatment-duration endpoint captures clinical practice but should not be interpreted as protocol-defined progression-free survival.,41260457,discussion,,discussion-frames,clinical-oncology;genomics;targeted-therapy;statistics,Curated article-level supported domains; not all domains apply to each expression. See source context and expression-topic annotations.,sentence-frame,observational-or-computational,jto-2026-41260457-language.md,Discussion frames,77,防止终点错换。,single-paper-synthesis,synthetic-model
JTO-41260457-LINE-79,"Prospective studies should evaluate whether this molecular context can guide treatment, while retaining assay and co-alteration constraints.",41260457,conclusion,,conclusion-frames,clinical-oncology;genomics;targeted-therapy;statistics,Curated article-level supported domains; not all domains apply to each expression. See source context and expression-topic annotations.,sentence-frame,observational-or-computational,jto-2026-41260457-language.md,Conclusion frames,79,收束综合，不新增Conclusion标题。,single-paper-synthesis,synthetic-model
JTO-41260457-LINE-81,Report the full genomic denominator and nested deletion overlap; narrow to the metastatic driver-positive subset; give the baseline treatment and key null-survival results; then describe paired acquisition and the individual therapeutic example as separate evidence layers.,41260457,results,,results-paragraph,clinical-oncology;genomics;targeted-therapy;statistics,Curated article-level supported domains; not all domains apply to each expression. See source context and expression-topic annotations.,paragraph-model,observational-or-computational,jto-2026-41260457-language.md,Results paragraph,81,,single-paper-synthesis,synthetic-model
JTO-41260457-LINE-83,Interpret driver co-occurrence; distinguish baseline prognosis from acquired detection; discuss adjacent-gene confounding and assay limitations; present single-patient activity as a rationale for trials rather than proof of treatment benefit.,41260457,discussion,,discussion-paragraph,clinical-oncology;genomics;targeted-therapy;statistics,Curated article-level supported domains; not all domains apply to each expression. See source context and expression-topic annotations.,paragraph-model,observational-or-computational,jto-2026-41260457-language.md,Discussion paragraph,83,,single-paper-synthesis,synthetic-model
JTO-41903702-LINE-26,biomarker distribution across histologic subtypes,41903702,abstract-background,,terminology,clinical-oncology;genomics;bioinformatics;statistics,Curated article-level supported domains; not all domains apply to each expression. See source context and expression-topic annotations.,vocabulary,observational-or-computational,jto-2026-41903702-language.md,Abstract background,26,不同组织学亚型的标志物分布；p4.,single-paper-synthesis,conventional-term-or-collocation
JTO-41903702-LINE-27,The prevalence of [potentially actionable alterations] remains incompletely defined outside [commonly profiled subtype].,41903702,abstract-background,,abstract-background,clinical-oncology;genomics;bioinformatics;statistics,Curated article-level supported domains; not all domains apply to each expression. See source context and expression-topic annotations.,sentence-frame,observational-or-computational,jto-2026-41903702-language.md,Abstract background,27,pp4–5.,single-paper-synthesis,synthetic-model
JTO-41903702-LINE-30,We retrospectively profiled [histologically reviewed cases] using [specified tissue-based assays] over [study period].,41903702,abstract-methods,,abstract-methods,clinical-oncology;genomics;bioinformatics;statistics,Curated article-level supported domains; not all domains apply to each expression. See source context and expression-topic annotations.,sentence-frame,observational-or-computational,jto-2026-41903702-language.md,Abstract methods,30,"pp4,6.",single-paper-synthesis,synthetic-model
JTO-41903702-LINE-33,"[Alteration prevalence] varied across [histologic and demographic strata], without direct evaluation of treatment benefit.",41903702,abstract-results,,abstract-results,clinical-oncology;genomics;bioinformatics;statistics,Curated article-level supported domains; not all domains apply to each expression. See source context and expression-topic annotations.,sentence-frame,observational-or-computational,jto-2026-41903702-language.md,Abstract results,33,"pp4,7–11.",single-paper-synthesis,synthetic-model
JTO-41903702-LINE-36,"These distributional findings support broader evaluation of [testing strategy], rather than establishing its clinical efficacy.",41903702,abstract-conclusion,,abstract-conclusion,clinical-oncology;genomics;bioinformatics;statistics,Curated article-level supported domains; not all domains apply to each expression. See source context and expression-topic annotations.,sentence-frame,observational-or-computational,jto-2026-41903702-language.md,Abstract conclusion,36,"p4,calibratedframe.",single-paper-synthesis,synthetic-model
JTO-41903702-LINE-39,missed biomarker testing opportunities,41903702,introduction,,terminology,clinical-oncology;genomics;bioinformatics;statistics,Curated article-level supported domains; not all domains apply to each expression. See source context and expression-topic annotations.,vocabulary,observational-or-computational,jto-2026-41903702-language.md,Introduction vocabulary,39,遗漏的标志物检测机会；p5.,single-paper-synthesis,conventional-term-or-collocation
JTO-41903702-LINE-40,A histology-restricted testing strategy may overlook uncommon but potentially actionable alterations.,41903702,introduction,,introduction-vocabulary,clinical-oncology;genomics;bioinformatics;statistics,Curated article-level supported domains; not all domains apply to each expression. See source context and expression-topic annotations.,sentence-frame,observational-or-computational,jto-2026-41903702-language.md,Introduction vocabulary,40,pp5–6.,single-paper-synthesis,synthetic-model
JTO-41903702-LINE-43,central histopathologic review,41903702,methods,,terminology,clinical-oncology;genomics;bioinformatics;statistics,Curated article-level supported domains; not all domains apply to each expression. See source context and expression-topic annotations.,vocabulary,observational-or-computational,jto-2026-41903702-language.md,Methods vocabulary,43,中央组织病理复核；p6.,single-paper-synthesis,conventional-term-or-collocation
JTO-41903702-LINE-44,ploidy-relative focal amplification,41903702,methods,,terminology,clinical-oncology;genomics;bioinformatics;statistics,Curated article-level supported domains; not all domains apply to each expression. See source context and expression-topic annotations.,vocabulary,observational-or-computational,jto-2026-41903702-language.md,Methods vocabulary,44,相对倍性的局灶扩增；p6.,single-paper-synthesis,conventional-term-or-collocation
JTO-41903702-LINE-45,"Alteration prevalence was calculated using [assay-evaluable denominator], with overlapping alterations distinguished from mutually exclusive display categories.",41903702,methods,,methods-vocabulary,clinical-oncology;genomics;bioinformatics;statistics,Curated article-level supported domains; not all domains apply to each expression. See source context and expression-topic annotations.,sentence-frame,observational-or-computational,jto-2026-41903702-language.md,Methods vocabulary,45,pp7–9.,single-paper-synthesis,synthetic-model
JTO-41903702-LINE-48,mutually exclusive plotting categories,41903702,results,,terminology,clinical-oncology;genomics;bioinformatics;statistics,Curated article-level supported domains; not all domains apply to each expression. See source context and expression-topic annotations.,vocabulary,observational-or-computational,jto-2026-41903702-language.md,Results vocabulary,48,互斥的绘图类别；pp7–8.,single-paper-synthesis,conventional-term-or-collocation
JTO-41903702-LINE-49,assessable biomarker denominator,41903702,results,,terminology,clinical-oncology;genomics;bioinformatics;statistics,Curated article-level supported domains; not all domains apply to each expression. See source context and expression-topic annotations.,vocabulary,observational-or-computational,jto-2026-41903702-language.md,Results vocabulary,49,"标志物可评估分母；pp8–9,16–19.",single-paper-synthesis,conventional-term-or-collocation
JTO-41903702-LINE-50,"Although uncommon within [subtype], [alteration] was identified in [number] of [evaluable cases].",41903702,results,,results-vocabulary,clinical-oncology;genomics;bioinformatics;statistics,Curated article-level supported domains; not all domains apply to each expression. See source context and expression-topic annotations.,sentence-frame,observational-or-computational,jto-2026-41903702-language.md,Results vocabulary,50,p8.,single-paper-synthesis,synthetic-model
JTO-41903702-LINE-51,The source tables yield incompatible estimates of [quantity]; the discrepancy remains unresolved and precludes quantitative reuse.,41903702,results,,results-vocabulary,clinical-oncology;genomics;bioinformatics;statistics,Curated article-level supported domains; not all domains apply to each expression. See source context and expression-topic annotations.,sentence-frame,observational-or-computational,jto-2026-41903702-language.md,Results vocabulary,51,"pp4,9,19–20, auditframe.",single-paper-synthesis,synthetic-model
JTO-41903702-LINE-54,"Report the assay versions, period and histology distribution. Separate overall actionable positivity from per-gene prevalence and complex genomic markers. Explain overlap handling, provide assessable denominators and confidence intervals, and present demographic associations without equating ancestry with causal biology or treatment response.",41903702,results,,results-paragraph,clinical-oncology;genomics;bioinformatics;statistics,Curated article-level supported domains; not all domains apply to each expression. See source context and expression-topic annotations.,paragraph-model,observational-or-computational,jto-2026-41903702-language.md,Results paragraph,54,pp6–11.,single-paper-synthesis,synthetic-model
JTO-41903702-LINE-57,tissue stewardship,41903702,discussion,,terminology,clinical-oncology;genomics;bioinformatics;statistics,Curated article-level supported domains; not all domains apply to each expression. See source context and expression-topic annotations.,vocabulary,observational-or-computational,jto-2026-41903702-language.md,Discussion vocabulary,57,组织样本的合理管理与节约；p13.,single-paper-synthesis,conventional-term-or-collocation
JTO-41903702-LINE-58,integrated diagnostic workflow,41903702,discussion,,terminology,clinical-oncology;genomics;bioinformatics;statistics,Curated article-level supported domains; not all domains apply to each expression. See source context and expression-topic annotations.,vocabulary,observational-or-computational,jto-2026-41903702-language.md,Discussion vocabulary,58,整合式诊断流程；p13.,single-paper-synthesis,conventional-term-or-collocation
JTO-41903702-LINE-59,These frequencies describe a tested referral population and may not represent unselected incident disease.,41903702,discussion,,discussion-vocabulary,clinical-oncology;genomics;bioinformatics;statistics,Curated article-level supported domains; not all domains apply to each expression. See source context and expression-topic annotations.,sentence-frame,observational-or-computational,jto-2026-41903702-language.md,Discussion vocabulary,59,"pp12–13, calibratedlimitation.",single-paper-synthesis,synthetic-model
JTO-41903702-LINE-60,"Without treatment and outcome data, [actionability prevalence] cannot establish the benefit of matched therapy.",41903702,discussion,,discussion-vocabulary,clinical-oncology;genomics;bioinformatics;statistics,Curated article-level supported domains; not all domains apply to each expression. See source context and expression-topic annotations.,sentence-frame,observational-or-computational,jto-2026-41903702-language.md,Discussion vocabulary,60,p13.,single-paper-synthesis,synthetic-model
JTO-41903702-LINE-63,"Molecular profiling may complement histologic classification, with clinical implementation requiring evidence beyond prevalence alone.",41903702,conclusion,,conclusion-frame,clinical-oncology;genomics;bioinformatics;statistics,Curated article-level supported domains; not all domains apply to each expression. See source context and expression-topic annotations.,sentence-frame,observational-or-computational,jto-2026-41903702-language.md,Conclusion frame,63,closingDiscussionpp13–14.,single-paper-synthesis,synthetic-model
JTO-41903702-LINE-66,"Donut plots use mutually exclusive categories, whereas gene-level tables permit multiple alterations per case.",41903702,figure,,figure-legend-frame,clinical-oncology;genomics;bioinformatics;statistics,Curated article-level supported domains; not all domains apply to each expression. See source context and expression-topic annotations.,sentence-frame,observational-or-computational,jto-2026-41903702-language.md,Figure legend frame,66,Figures1–2pp7–8.,single-paper-synthesis,synthetic-model
JTO-42749051-LINE-27,recurrence risk beyond pathological stage,42749051,abstract-background,,terminology,clinical-oncology;genomics;transcriptomics;bioinformatics;targeted-therapy;statistics,Curated article-level supported domains; not all domains apply to each expression. See source context and expression-topic annotations.,vocabulary,observational-or-computational,jto-2026-42749051-language.md,Abstract background,27,超越病理分期的复发风险；p5.,single-paper-synthesis,conventional-term-or-collocation
JTO-42749051-LINE-28,Marked outcome heterogeneity within [stage-defined disease] motivates molecularly informed risk stratification.,42749051,abstract-background,,abstract-background,clinical-oncology;genomics;transcriptomics;bioinformatics;targeted-therapy;statistics,Curated article-level supported domains; not all domains apply to each expression. See source context and expression-topic annotations.,sentence-frame,observational-or-computational,jto-2026-42749051-language.md,Abstract background,28,pp5–6.,single-paper-synthesis,synthetic-model
JTO-42749051-LINE-31,"We integrated [clinical, genomic and transcriptomic features] and evaluated model performance in [one internal and three external cohorts].",42749051,abstract-methods,,abstract-methods,clinical-oncology;genomics;transcriptomics;bioinformatics;targeted-therapy;statistics,Curated article-level supported domains; not all domains apply to each expression. See source context and expression-topic annotations.,sentence-frame,observational-or-computational,jto-2026-42749051-language.md,Abstract methods,31,pp5–7.,single-paper-synthesis,synthetic-model
JTO-42749051-LINE-34,"[Integrated model] achieved a median concordance index of [value] across validation datasets, with performance varying by [cohort].",42749051,abstract-results,,abstract-results,clinical-oncology;genomics;transcriptomics;bioinformatics;targeted-therapy;statistics,Curated article-level supported domains; not all domains apply to each expression. See source context and expression-topic annotations.,sentence-frame,observational-or-computational,jto-2026-42749051-language.md,Abstract results,34,"pp5,9.",single-paper-synthesis,synthetic-model
JTO-42749051-LINE-37,Prospective validation is required before [risk stratification] can guide treatment escalation or de-escalation.,42749051,abstract-conclusion,,abstract-conclusion,clinical-oncology;genomics;transcriptomics;bioinformatics;targeted-therapy;statistics,Curated article-level supported domains; not all domains apply to each expression. See source context and expression-topic annotations.,sentence-frame,observational-or-computational,jto-2026-42749051-language.md,Abstract conclusion,37,p5.,single-paper-synthesis,synthetic-model
JTO-42749051-LINE-40,biologically high-risk populations,42749051,introduction,,terminology,clinical-oncology;genomics;transcriptomics;bioinformatics;targeted-therapy;statistics,Curated article-level supported domains; not all domains apply to each expression. See source context and expression-topic annotations.,vocabulary,observational-or-computational,jto-2026-42749051-language.md,Introduction vocabulary,40,生物学高风险人群；p6.,single-paper-synthesis,conventional-term-or-collocation
JTO-42749051-LINE-41,Disease-specific models may complement stage-based assessment when signatures derived from broader populations generalize poorly.,42749051,introduction,,introduction-vocabulary,clinical-oncology;genomics;transcriptomics;bioinformatics;targeted-therapy;statistics,Curated article-level supported domains; not all domains apply to each expression. See source context and expression-topic annotations.,sentence-frame,observational-or-computational,jto-2026-42749051-language.md,Introduction vocabulary,41,p6.,single-paper-synthesis,synthetic-model
JTO-42749051-LINE-44,train-only feature pre-selection,42749051,methods,,terminology,clinical-oncology;genomics;transcriptomics;bioinformatics;targeted-therapy;statistics,Curated article-level supported domains; not all domains apply to each expression. See source context and expression-topic annotations.,vocabulary,observational-or-computational,jto-2026-42749051-language.md,Methods vocabulary,44,"仅在训练集中进行特征预筛选；pp7,9.",single-paper-synthesis,conventional-term-or-collocation
JTO-42749051-LINE-45,random survival forest,42749051,methods,,terminology,clinical-oncology;genomics;transcriptomics;bioinformatics;targeted-therapy;statistics,Curated article-level supported domains; not all domains apply to each expression. See source context and expression-topic annotations.,vocabulary,observational-or-computational,jto-2026-42749051-language.md,Methods vocabulary,45,"随机生存森林；pp7,9.",single-paper-synthesis,conventional-term-or-collocation
JTO-42749051-LINE-46,independent external validation,42749051,methods,,terminology,clinical-oncology;genomics;transcriptomics;bioinformatics;targeted-therapy;statistics,Curated article-level supported domains; not all domains apply to each expression. See source context and expression-topic annotations.,vocabulary,observational-or-computational,jto-2026-42749051-language.md,Methods vocabulary,46,"独立外部验证；pp7,9.",single-paper-synthesis,conventional-term-or-collocation
JTO-42749051-LINE-47,The decision threshold was optimized in [training cohort] and evaluated without refitting in [validation cohorts].,42749051,methods,,methods-vocabulary,clinical-oncology;genomics;transcriptomics;bioinformatics;targeted-therapy;statistics,Curated article-level supported domains; not all domains apply to each expression. See source context and expression-topic annotations.,sentence-frame,observational-or-computational,jto-2026-42749051-language.md,Methods vocabulary,47,"pp7,10; targetstudy mustactuallyfixthreshold.",single-paper-synthesis,synthetic-model
JTO-42749051-LINE-48,"Disease-free survival included [recurrence and death], with time origin at [diagnosis].",42749051,methods,,methods-vocabulary,clinical-oncology;genomics;transcriptomics;bioinformatics;targeted-therapy;statistics,Curated article-level supported domains; not all domains apply to each expression. See source context and expression-topic annotations.,sentence-frame,observational-or-computational,jto-2026-42749051-language.md,Methods vocabulary,48,p7.,single-paper-synthesis,synthetic-model
JTO-42749051-LINE-51,stage-associated genomic instability,42749051,results,,terminology,clinical-oncology;genomics;transcriptomics;bioinformatics;targeted-therapy;statistics,Curated article-level supported domains; not all domains apply to each expression. See source context and expression-topic annotations.,vocabulary,observational-or-computational,jto-2026-42749051-language.md,Results vocabulary,51,分期相关的基因组不稳定性；p8.,single-paper-synthesis,conventional-term-or-collocation
JTO-42749051-LINE-52,co-mutation-dependent transcriptional differences,42749051,results,,terminology,clinical-oncology;genomics;transcriptomics;bioinformatics;targeted-therapy;statistics,Curated article-level supported domains; not all domains apply to each expression. See source context and expression-topic annotations.,vocabulary,observational-or-computational,jto-2026-42749051-language.md,Results vocabulary,52,共突变背景下的转录差异；pp8–9.,single-paper-synthesis,conventional-term-or-collocation
JTO-42749051-LINE-53,"The unstratified comparison was not significant after multiplicity correction, whereas exploratory differences emerged within [co-mutant subgroup].",42749051,results,,results-vocabulary,clinical-oncology;genomics;transcriptomics;bioinformatics;targeted-therapy;statistics,Curated article-level supported domains; not all domains apply to each expression. See source context and expression-topic annotations.,sentence-frame,observational-or-computational,jto-2026-42749051-language.md,Results vocabulary,53,pp8–9.,single-paper-synthesis,synthetic-model
JTO-42749051-LINE-54,"Model discrimination should be distinguished from calibration, threshold sensitivity and treatment-predictive performance.",42749051,results,,results-vocabulary,clinical-oncology;genomics;transcriptomics;bioinformatics;targeted-therapy;statistics,Curated article-level supported domains; not all domains apply to each expression. See source context and expression-topic annotations.,sentence-frame,observational-or-computational,jto-2026-42749051-language.md,Results vocabulary,54,"pp9–10,calibrationframe.",single-paper-synthesis,synthetic-model
JTO-42749051-LINE-55,Concordant deconvolution estimates from [methods] suggest differences in cell abundance but do not establish cell function.,42749051,results,,results-vocabulary,clinical-oncology;genomics;transcriptomics;bioinformatics;targeted-therapy;statistics,Curated article-level supported domains; not all domains apply to each expression. See source context and expression-topic annotations.,sentence-frame,observational-or-computational,jto-2026-42749051-language.md,Results vocabulary,55,"pp11,23.",single-paper-synthesis,synthetic-model
JTO-42749051-LINE-58,"Describe the molecular cohort before the restricted modelling cohort. Separate stage-associated genomic features from subtype/co-mutation transcriptomics. State training-only selection, internal versus external test sets, discrimination and threshold variability. Present treatment-subgroup associations as exploratory, then investigate biological correlates without treating shared-input correlations as independent validation.",42749051,results,,results-paragraph,clinical-oncology;genomics;transcriptomics;bioinformatics;targeted-therapy;statistics,Curated article-level supported domains; not all domains apply to each expression. See source context and expression-topic annotations.,paragraph-model,observational-or-computational,jto-2026-42749051-language.md,Results paragraph,58,pp8–11.,single-paper-synthesis,synthetic-model
JTO-42749051-LINE-61,feature-selection stability,42749051,discussion,,terminology,clinical-oncology;genomics;transcriptomics;bioinformatics;targeted-therapy;statistics,Curated article-level supported domains; not all domains apply to each expression. See source context and expression-topic annotations.,vocabulary,observational-or-computational,jto-2026-42749051-language.md,Discussion vocabulary,61,特征选择稳定性；p13.,single-paper-synthesis,conventional-term-or-collocation
JTO-42749051-LINE-62,domain-specific generalizability,42749051,discussion,,terminology,clinical-oncology;genomics;transcriptomics;bioinformatics;targeted-therapy;statistics,Curated article-level supported domains; not all domains apply to each expression. See source context and expression-topic annotations.,vocabulary,observational-or-computational,jto-2026-42749051-language.md,Discussion vocabulary,62,特定疾病范围内的可推广性；pp12–13.,single-paper-synthesis,conventional-term-or-collocation
JTO-42749051-LINE-63,A significant treatment association in one risk group but not another does not establish a differential treatment effect without an interaction analysis.,42749051,discussion,,discussion-vocabulary,clinical-oncology;genomics;transcriptomics;bioinformatics;targeted-therapy;statistics,Curated article-level supported domains; not all domains apply to each expression. See source context and expression-topic annotations.,sentence-frame,observational-or-computational,jto-2026-42749051-language.md,Discussion vocabulary,63,"pp10,13,calibratedframe.",single-paper-synthesis,synthetic-model
JTO-42749051-LINE-64,Rare genomic predictors and limited events may reduce the stability of model interpretation.,42749051,discussion,,discussion-vocabulary,clinical-oncology;genomics;transcriptomics;bioinformatics;targeted-therapy;statistics,Curated article-level supported domains; not all domains apply to each expression. See source context and expression-topic annotations.,sentence-frame,observational-or-computational,jto-2026-42749051-language.md,Discussion vocabulary,64,"pp11,13.",single-paper-synthesis,synthetic-model
JTO-42749051-LINE-67,The integrated model provides a framework for prospective evaluation rather than a validated basis for withholding standard therapy.,42749051,conclusion,,conclusion-frame,clinical-oncology;genomics;transcriptomics;bioinformatics;targeted-therapy;statistics,Curated article-level supported domains; not all domains apply to each expression. See source context and expression-topic annotations.,sentence-frame,observational-or-computational,jto-2026-42749051-language.md,Conclusion frame,67,"closingDiscussionp13,calibratedframe.",single-paper-synthesis,synthetic-model
JTO-42749051-LINE-70,"Each point represents performance in one validation dataset; the horizontal line denotes the across-dataset median, not an individual-patient uncertainty interval.",42749051,figure,,figure-legend-frame,clinical-oncology;genomics;transcriptomics;bioinformatics;targeted-therapy;statistics,Curated article-level supported domains; not all domains apply to each expression. See source context and expression-topic annotations.,sentence-frame,observational-or-computational,jto-2026-42749051-language.md,Figure legend frame,70,Figure4pp20–21.,single-paper-synthesis,synthetic-model
JTO-PAR-4ece8f22d251b68b1aab,"Among [N] tumors with oncogenic [driver] alterations, molecular classes differed in clinicopathologic features, genomic burden, and co-mutation patterns. [Class A] was enriched for STK11, KEAP1, and SMARCA4, whereas [class B] showed a comparatively sparse co-alteration profile. In the independent outcome cohort, the unadjusted PFS estimate favored [class A], but the adjusted confidence interval included the null. These findings support molecular heterogeneity while remaining insufficient to establish a predictive treatment effect.",41932614,results,,synthetic-results-paragraph,clinical-oncology;genomics;statistics,broad article-set tags; inspect expression before domain-specific reuse,paragraph-model,retrospective-observational,jto-2026-09-14-stk11-priority-language.md,Synthetic Results paragraph,210,,single-paper-synthesis,synthetic-model
JTO-PAR-9598db5d247af2509787,"This study provides a useful framework for STK11 manuscripts that must move from variant definition to genomic context and then to clinical outcome. Its strongest contribution is the separation of molecular classes across independent analytic cohorts. However, heterogeneous treatment exposure, absent PD-L1 data, small outcome subgroups, and retrospective design limit causal or predictive interpretation. The framework should therefore guide organization and covariate selection rather than supply an STK11-specific efficacy claim.",41932614,discussion,,synthetic-discussion-paragraph,clinical-oncology;genomics;statistics,broad article-set tags; inspect expression before domain-specific reuse,paragraph-model,retrospective-observational,jto-2026-09-14-stk11-priority-language.md,Synthetic Discussion paragraph,214,,single-paper-synthesis,synthetic-model
JTO-PAR-aca7b18f6139b42673e2,"Among [N] patients treated with cCRT followed by durvalumab, KRAS-mutant disease was associated with shorter PFS but not OS. Distant metastasis, particularly brain metastasis, was more frequent, whereas no statistically significant difference in locoregional recurrence was detected. In the sequenced subset, adverse PFS was observed in the combined KRAS plus STK11 and/or CDKN2A group; KRAS-mutant tumors without these events did not show a statistically significant PFS difference from KRAS wild type. Because the analysis was retrospective and lacked a non-durvalumab comparator, the findings are prognostic within the observed treatment pathway rather than proof of durvalumab resistance.",41619904,results,,synthetic-results-paragraph,clinical-oncology;genomics;statistics,broad article-set tags; inspect expression before domain-specific reuse,paragraph-model,retrospective-observational,jto-2026-09-14-stk11-priority-language.md,Synthetic Results paragraph,419,,single-paper-synthesis,synthetic-model
JTO-PAR-de4df59161e376097a57,"This study supplies a direct clinical framework for positioning STK11 within KRAS-mutant stage III NSCLC. Its Results sequence moves from overall outcome to failure pattern and then to genomic refinement, making the role of the co-alteration transparent. The combined STK11/CDKN2A group, small gene-specific samples, clinically indicated brain imaging, and absence of a treatment comparator limit gene-specific and predictive conclusions. Future work should prespecify STK11 strata, retain separate gene-level estimates, and test treatment interactions prospectively.",41619904,discussion,,synthetic-discussion-paragraph,clinical-oncology;genomics;statistics,broad article-set tags; inspect expression before domain-specific reuse,paragraph-model,retrospective-observational,jto-2026-09-14-stk11-priority-language.md,Synthetic Discussion paragraph,423,,single-paper-synthesis,synthetic-model
JTO-PAR-9fad4401644df59e9f73,"In the all-stage nonsquamous NSCLC cohort, STK11 copy deletion was common and frequently co-occurred with deletion of the neighboring KEAP1 and SMARCA4 loci. After excluding tumors with concurrent STK11 coding mutations, deleted tumors had lower PD-L1 expression, higher TMB and chromosomal-arm alteration burden, and lower STK11 transcript abundance; an independent TCGA subset also showed modestly lower LKB1 protein expression. In the retrospective chemoimmunotherapy cohort, STK11 deletion was associated with lower response and shorter PFS and OS. Extensive 19p co-deletion, distinct analytic cohorts, and cohort-dependent ICI-alone results limit gene-specific and predictive interpretation.",39864548,results,,synthetic-results-paragraph,clinical-oncology;genomics;statistics,broad article-set tags; inspect expression before domain-specific reuse,paragraph-model,retrospective-observational,jto-2026-09-14-stk11-priority-language.md,Synthetic Results paragraph,606,,single-paper-synthesis,synthetic-model
JTO-PAR-20f6a5cdbb8ad12b6d16,"This study provides a direct framework for expanding an STK11 manuscript beyond sequence mutations. Its principal strength is the ordered evaluation of copy-number prevalence, allelic state, downstream expression, treatment outcomes, and immune phenotype. However, the tight linkage of STK11, KEAP1, and SMARCA4 on chromosome 19p, platform-specific deletion calling, retrospective treatment exposure, and unsupplied supplementary models prevent a causal or validated predictive conclusion. The framework should guide explicit genotype definitions and analysis-set transitions while keeping mono-allelic loss, biallelic inactivation, RNA abundance, and LKB1 protein expression distinct.",39864548,discussion,,synthetic-discussion-paragraph,clinical-oncology;genomics;statistics,broad article-set tags; inspect expression before domain-specific reuse,paragraph-model,retrospective-observational,jto-2026-09-14-stk11-priority-language.md,Synthetic Discussion paragraph,610,,single-paper-synthesis,synthetic-model
JTO-PAR-1502057dcaf711ca0a3c,"MTAP loss was identified in approximately one tenth of the real-world NSCLC cohort and usually co-occurred with CDKN2A/B loss at 9p21.3. Most events were complete homozygous deletions, and direct MTAP-targeted NGS showed high agreement with IHC in the selected concordance set. In the independent first-line targeted-therapy cohort, MTAP loss was associated with lower response and shorter PFS and OS, with the strongest observed separation in the third-generation EGFR-TKI subgroup. Small loss-positive and discordant-genotype groups, baseline brain-metastasis imbalance, and supplementary-only adjusted models limit gene-specific and predictive interpretation.",42409117,results,,synthetic-results-paragraph,clinical-oncology;genomics;statistics,broad article-set tags; inspect expression before domain-specific reuse,paragraph-model,retrospective-observational,jto-2026-09-14-stk11-priority-language.md,Synthetic Results paragraph,802,,single-paper-synthesis,synthetic-model
JTO-PAR-d4b249f0fca91d62e494,"For STK11-focused writing, this article offers a transferable structure rather than direct STK11 evidence. The reusable sequence is to define loss operationally, map neighboring-locus co-deletion, test orthogonal assay concordance, report outcomes in a separate clinical cohort, and examine paired progression samples. Its MTAP-specific metabolic biology and PRMT5/MAT2A hypotheses must not be imported into STK11 claims. The sparse discordant genotypes also illustrate why combined-locus risk groups should not be used to assign a gene-specific mechanism.",42409117,discussion,,synthetic-discussion-paragraph,clinical-oncology;genomics;statistics,broad article-set tags; inspect expression before domain-specific reuse,paragraph-model,retrospective-observational,jto-2026-09-14-stk11-priority-language.md,Synthetic Discussion paragraph,806,,single-paper-synthesis,synthetic-model
JTO-34450259-LINE-17,mutational context modifies genotype–phenotype associations,34450259,abstract-background,,terminology,clinical-oncology;genomics;transcriptomics;bioinformatics;immunotherapy;statistics,"Article-supported domains, not every expression or a paired multiomic cohort; inspect article map",vocabulary,multi-cohort genomic and immune computational analysis,jto-2021-34450259-language.md,Abstract background,17,"hypothesis framing, not automatically an interaction test.",single-paper-synthesis,conventional-term-or-collocation
JTO-34450259-LINE-19,We evaluated a four-group genomic classifier in independent clinical cohorts.,34450259,abstract-methods,,abstract-methods,clinical-oncology;genomics;transcriptomics;bioinformatics;immunotherapy;statistics,"Article-supported domains, not every expression or a paired multiomic cohort; inspect article map",sentence-frame,multi-cohort genomic and immune computational analysis,jto-2021-34450259-language.md,Abstract methods,19,"synthesized frame, name discovery/validation and assay.",single-paper-synthesis,synthetic-model
JTO-34450259-LINE-21,The subgroups shared [feature] but differed in [other dimensions].,34450259,abstract-results,,abstract-results,clinical-oncology;genomics;transcriptomics;bioinformatics;immunotherapy;statistics,"Article-supported domains, not every expression or a paired multiomic cohort; inspect article map",sentence-frame,multi-cohort genomic and immune computational analysis,jto-2021-34450259-language.md,Abstract results,21,retain significance limits for each dimension.,single-paper-synthesis,synthetic-model
JTO-34450259-LINE-23,Integrated molecular profiling may refine the proposed taxonomy.,34450259,abstract-conclusion,,abstract-conclusion,clinical-oncology;genomics;transcriptomics;bioinformatics;immunotherapy;statistics,"Article-supported domains, not every expression or a paired multiomic cohort; inspect article map",sentence-frame,multi-cohort genomic and immune computational analysis,jto-2021-34450259-language.md,Abstract conclusion,23,not a clinically validated decision rule.,single-paper-synthesis,synthetic-model
JTO-34450259-LINE-25,coexisting driver alterations,34450259,introduction,,terminology,clinical-oncology;genomics;transcriptomics;bioinformatics;immunotherapy;statistics,"Article-supported domains, not every expression or a paired multiomic cohort; inspect article map",vocabulary,multi-cohort genomic and immune computational analysis,jto-2021-34450259-language.md,Introduction,25,cross-gene sequence context; specify included mutation classes.,single-paper-synthesis,conventional-term-or-collocation
JTO-34450259-LINE-26,context-dependent phenotypic effects,34450259,introduction,,terminology,clinical-oncology;genomics;transcriptomics;bioinformatics;immunotherapy;statistics,"Article-supported domains, not every expression or a paired multiomic cohort; inspect article map",vocabulary,multi-cohort genomic and immune computational analysis,jto-2021-34450259-language.md,Introduction,26,distinguish conceptual epistasis from experimental proof.,single-paper-synthesis,conventional-term-or-collocation
JTO-34450259-LINE-28,somatic co-occurrence and mutual-exclusivity analysis,34450259,methods,,terminology,clinical-oncology;genomics;transcriptomics;bioinformatics;immunotherapy;statistics,"Article-supported domains, not every expression or a paired multiomic cohort; inspect article map",vocabulary,multi-cohort genomic and immune computational analysis,jto-2021-34450259-language.md,Methods,28,"disclose gene selection, background and correction.",single-paper-synthesis,conventional-term-or-collocation
JTO-34450259-LINE-29,variant-allele-frequency-based coclustering,34450259,methods,,terminology,clinical-oncology;genomics;transcriptomics;bioinformatics;immunotherapy;statistics,"Article-supported domains, not every expression or a paired multiomic cohort; inspect article map",vocabulary,multi-cohort genomic and immune computational analysis,jto-2021-34450259-language.md,Methods,29,"inference, not direct single-cell genotyping.",single-paper-synthesis,conventional-term-or-collocation
JTO-34450259-LINE-30,repeated evolutionary trajectories,34450259,methods,,terminology,clinical-oncology;genomics;transcriptomics;bioinformatics;immunotherapy;statistics,"Article-supported domains, not every expression or a paired multiomic cohort; inspect article map",vocabulary,multi-cohort genomic and immune computational analysis,jto-2021-34450259-language.md,Methods,30,multiregion inference with uncertainty.,single-paper-synthesis,conventional-term-or-collocation
JTO-34450259-LINE-31,pathway-responsive gene signatures,34450259,methods,,terminology,clinical-oncology;genomics;transcriptomics;bioinformatics;immunotherapy;statistics,"Article-supported domains, not every expression or a paired multiomic cohort; inspect article map",vocabulary,multi-cohort genomic and immune computational analysis,jto-2021-34450259-language.md,Methods,31,transcript-based estimates.,single-paper-synthesis,conventional-term-or-collocation
JTO-34450259-LINE-32,independent validation cohort,34450259,methods,,terminology,clinical-oncology;genomics;transcriptomics;bioinformatics;immunotherapy;statistics,"Article-supported domains, not every expression or a paired multiomic cohort; inspect article map",vocabulary,multi-cohort genomic and immune computational analysis,jto-2021-34450259-language.md,Methods,32,not merely a random split of the discovery dataset.,single-paper-synthesis,conventional-term-or-collocation
JTO-34450259-LINE-34,Pairwise differences did not reach significance in either individual cohort.,34450259,results,,results,clinical-oncology;genomics;transcriptomics;bioinformatics;immunotherapy;statistics,"Article-supported domains, not every expression or a paired multiomic cohort; inspect article map",sentence-frame,multi-cohort genomic and immune computational analysis,jto-2021-34450259-language.md,Results,34,preserve P=.065/.174 rather than pooled significance transfer.,single-paper-synthesis,synthetic-model
JTO-34450259-LINE-35,The enrichment did not meet an FDR threshold of [0.05].,34450259,results,,results,clinical-oncology;genomics;transcriptomics;bioinformatics;immunotherapy;statistics,"Article-supported domains, not every expression or a paired multiomic cohort; inspect article map",sentence-frame,multi-cohort genomic and immune computational analysis,jto-2021-34450259-language.md,Results,35,source IFN-gamma FDR=.057.,single-paper-synthesis,synthetic-model
JTO-34450259-LINE-36,"The association was consistent with, but did not establish, shared clonality.",34450259,results,,results,clinical-oncology;genomics;transcriptomics;bioinformatics;immunotherapy;statistics,"Article-supported domains, not every expression or a paired multiomic cohort; inspect article map",sentence-frame,multi-cohort genomic and immune computational analysis,jto-2021-34450259-language.md,Results,36,avoid converting VAF correlation into proof.,single-paper-synthesis,synthetic-model
JTO-34450259-LINE-37,The single-mutant label is defined relative to the other classifier gene.,34450259,results,,results,clinical-oncology;genomics;transcriptomics;bioinformatics;immunotherapy;statistics,"Article-supported domains, not every expression or a paired multiomic cohort; inspect article map",sentence-frame,multi-cohort genomic and immune computational analysis,jto-2021-34450259-language.md,Results,37,does not exclude all other mutations.,single-paper-synthesis,synthetic-model
JTO-34450259-LINE-39,Cross-dataset convergence strengthens the hypothesis without replacing functional validation.,34450259,discussion,,discussion,clinical-oncology;genomics;transcriptomics;bioinformatics;immunotherapy;statistics,"Article-supported domains, not every expression or a paired multiomic cohort; inspect article map",sentence-frame,multi-cohort genomic and immune computational analysis,jto-2021-34450259-language.md,Discussion,39,synthesized inference boundary.,single-paper-synthesis,synthetic-model
JTO-34450259-LINE-40,Treatment-specific prediction requires an appropriate comparator and interaction analysis.,34450259,discussion,,discussion,clinical-oncology;genomics;transcriptomics;bioinformatics;immunotherapy;statistics,"Article-supported domains, not every expression or a paired multiomic cohort; inspect article map",sentence-frame,multi-cohort genomic and immune computational analysis,jto-2021-34450259-language.md,Discussion,40,treated-only survival does not suffice.,single-paper-synthesis,synthetic-model
JTO-34450259-LINE-41,Assay heterogeneity and residual confounding limit transportability.,34450259,discussion,,discussion,clinical-oncology;genomics;transcriptomics;bioinformatics;immunotherapy;statistics,"Article-supported domains, not every expression or a paired multiomic cohort; inspect article map",sentence-frame,multi-cohort genomic and immune computational analysis,jto-2021-34450259-language.md,Discussion,41,clinical validation boundary.,single-paper-synthesis,synthetic-model
JTO-34450259-LINE-43,Prospective studies are needed to establish clinical utility.,34450259,conclusion,,conclusion,clinical-oncology;genomics;transcriptomics;bioinformatics;immunotherapy;statistics,"Article-supported domains, not every expression or a paired multiomic cohort; inspect article map",sentence-frame,multi-cohort genomic and immune computational analysis,jto-2021-34450259-language.md,Conclusion,43,not an instruction to withhold therapy.,single-paper-synthesis,synthetic-model
JTO-34450259-LINE-45,The number of evaluable cases differs between the source cohort and the survival analysis.,34450259,figure,,figure-legends,clinical-oncology;genomics;transcriptomics;bioinformatics;immunotherapy;statistics,"Article-supported domains, not every expression or a paired multiomic cohort; inspect article map",sentence-frame,multi-cohort genomic and immune computational analysis,jto-2021-34450259-language.md,Figure legends,45,provide actual risk-table denominator.,single-paper-synthesis,synthetic-model
JTO-34450259-LINE-47,Define genotype groups → test co-occurrence → quantify evolutionary features → validate outcomes → integrate public omics → state statistical and causal limits.,34450259,discussion,,discussion-paragraph-structure,clinical-oncology;genomics;transcriptomics;bioinformatics;immunotherapy;statistics,"Article-supported domains, not every expression or a paired multiomic cohort; inspect article map",paragraph-model,multi-cohort genomic and immune computational analysis,jto-2021-34450259-language.md,Discussion paragraph structure,47,synthesized structure.,single-paper-synthesis,synthetic-model
JTO-36535627-LINE-16,reversible drug-tolerant state,36535627,abstract-background,,terminology,genomics;transcriptomics;single-cell;bioinformatics;preclinical;targeted-therapy;statistics,"Article-supported domains, not every expression or a paired multiomic cohort; inspect article map",vocabulary,patient-derived xenograft perturbation and single-cell profiling,jto-2023-36535627-language.md,Abstract background,16,distinguishfromgeneticallyestablishedresistance.,single-paper-synthesis,conventional-term-or-collocation
JTO-36535627-LINE-18,"We combined exome profiling, population-level expression analysis and single-cell transcriptomics.",36535627,abstract-methods,,abstract-methods,genomics;transcriptomics;single-cell;bioinformatics;preclinical;targeted-therapy;statistics,"Article-supported domains, not every expression or a paired multiomic cohort; inspect article map",sentence-frame,patient-derived xenograft perturbation and single-cell profiling,jto-2023-36535627-language.md,Abstract methods,18,specify microarrayratherthanRNAseqforbulkassay.,single-paper-synthesis,synthetic-model
JTO-36535627-LINE-20,A rare pretreatment population shared transcriptional features with residual cells.,36535627,abstract-results,,abstract-results,genomics;transcriptomics;single-cell;bioinformatics;preclinical;targeted-therapy;statistics,"Article-supported domains, not every expression or a paired multiomic cohort; inspect article map",sentence-frame,patient-derived xenograft perturbation and single-cell profiling,jto-2023-36535627-language.md,Abstract results,20,notproofancestry.,single-paper-synthesis,synthetic-model
JTO-36535627-LINE-22,The findings support a model involving both pre-existing state and treatment-induced adaptation.,36535627,abstract-conclusion,,abstract-conclusion,genomics;transcriptomics;single-cell;bioinformatics;preclinical;targeted-therapy;statistics,"Article-supported domains, not every expression or a paired multiomic cohort; inspect article map",sentence-frame,patient-derived xenograft perturbation and single-cell profiling,jto-2023-36535627-language.md,Abstract conclusion,22,modelratherthanprovenlineage.,single-paper-synthesis,synthetic-model
JTO-36535627-LINE-24,nongenetic persistence,36535627,introduction,,terminology,genomics;transcriptomics;single-cell;bioinformatics;preclinical;targeted-therapy;statistics,"Article-supported domains, not every expression or a paired multiomic cohort; inspect article map",vocabulary,patient-derived xenograft perturbation and single-cell profiling,jto-2023-36535627-language.md,Introduction,24,qualify detectionlimitsforgeneticchanges.,single-paper-synthesis,conventional-term-or-collocation
JTO-36535627-LINE-26,species-aware alignment,36535627,methods,,terminology,genomics;transcriptomics;single-cell;bioinformatics;preclinical;targeted-therapy;statistics,"Article-supported domains, not every expression or a paired multiomic cohort; inspect article map",vocabulary,patient-derived xenograft perturbation and single-cell profiling,jto-2023-36535627-language.md,Methods,26,criticalforhumanPDXandmurine stroma.,single-paper-synthesis,conventional-term-or-collocation
JTO-36535627-LINE-27,pseudotime trajectory inference,36535627,methods,,terminology,genomics;transcriptomics;single-cell;bioinformatics;preclinical;targeted-therapy;statistics,"Article-supported domains, not every expression or a paired multiomic cohort; inspect article map",vocabulary,patient-derived xenograft perturbation and single-cell profiling,jto-2023-36535627-language.md,Methods,27,notchronologicalcelltracking.,single-paper-synthesis,conventional-term-or-collocation
JTO-36535627-LINE-28,orthogonal protein-level validation,36535627,methods,,terminology,genomics;transcriptomics;single-cell;bioinformatics;preclinical;targeted-therapy;statistics,"Article-supported domains, not every expression or a paired multiomic cohort; inspect article map",vocabulary,patient-derived xenograft perturbation and single-cell profiling,jto-2023-36535627-language.md,Methods,28,"validate selectedmarkers, notalltranscriptome.",single-paper-synthesis,conventional-term-or-collocation
JTO-36535627-LINE-29,biological versus cellular replication,36535627,methods,,terminology,genomics;transcriptomics;single-cell;bioinformatics;preclinical;targeted-therapy;statistics,"Article-supported domains, not every expression or a paired multiomic cohort; inspect article map",vocabulary,patient-derived xenograft perturbation and single-cell profiling,jto-2023-36535627-language.md,Methods,29,do notusecellcountaspatientn.,single-paper-synthesis,conventional-term-or-collocation
JTO-36535627-LINE-31,The inferred clonal architecture was largely retained after treatment.,36535627,results,,results,genomics;transcriptomics;single-cell;bioinformatics;preclinical;targeted-therapy;statistics,"Article-supported domains, not every expression or a paired multiomic cohort; inspect article map",sentence-frame,patient-derived xenograft perturbation and single-cell profiling,jto-2023-36535627-language.md,Results,31,assay-limited conclusion.,single-paper-synthesis,synthetic-model
JTO-36535627-LINE-32,The pretreatment cells exhibited an intermediate signature score.,36535627,results,,results,genomics;transcriptomics;single-cell;bioinformatics;preclinical;targeted-therapy;statistics,"Article-supported domains, not every expression or a paired multiomic cohort; inspect article map",sentence-frame,patient-derived xenograft perturbation and single-cell profiling,jto-2023-36535627-language.md,Results,32,pathwayinference boundary.,single-paper-synthesis,synthetic-model
JTO-36535627-LINE-33,The relative abundance shifted between fibroblast states.,36535627,results,,results,genomics;transcriptomics;single-cell;bioinformatics;preclinical;targeted-therapy;statistics,"Article-supported domains, not every expression or a paired multiomic cohort; inspect article map",sentence-frame,patient-derived xenograft perturbation and single-cell profiling,jto-2023-36535627-language.md,Results,33,"compositional,notabsolutegrowth.",single-paper-synthesis,synthetic-model
JTO-36535627-LINE-34,Expression changed after cytokine stimulation in cultured fibroblasts.,36535627,results,,results,genomics;transcriptomics;single-cell;bioinformatics;preclinical;targeted-therapy;statistics,"Article-supported domains, not every expression or a paired multiomic cohort; inspect article map",sentence-frame,patient-derived xenograft perturbation and single-cell profiling,jto-2023-36535627-language.md,Results,34,perturbationevidence scopedtoassay.,single-paper-synthesis,synthetic-model
JTO-36535627-LINE-36,Trajectory proximity does not establish a precursor–descendant relationship.,36535627,discussion,,discussion,genomics;transcriptomics;single-cell;bioinformatics;preclinical;targeted-therapy;statistics,"Article-supported domains, not every expression or a paired multiomic cohort; inspect article map",sentence-frame,patient-derived xenograft perturbation and single-cell profiling,jto-2023-36535627-language.md,Discussion,36,requirelineagetracing.,single-paper-synthesis,synthetic-model
JTO-36535627-LINE-37,The model lacks a complete adaptive immune compartment.,36535627,discussion,,discussion,genomics;transcriptomics;single-cell;bioinformatics;preclinical;targeted-therapy;statistics,"Article-supported domains, not every expression or a paired multiomic cohort; inspect article map",sentence-frame,patient-derived xenograft perturbation and single-cell profiling,jto-2023-36535627-language.md,Discussion,37,cannotdirectlylicenseICIclaims.,single-paper-synthesis,synthetic-model
JTO-36535627-LINE-38,Functional necessity of the proposed paracrine circuit remains to be tested.,36535627,discussion,,discussion,genomics;transcriptomics;single-cell;bioinformatics;preclinical;targeted-therapy;statistics,"Article-supported domains, not every expression or a paired multiomic cohort; inspect article map",sentence-frame,patient-derived xenograft perturbation and single-cell profiling,jto-2023-36535627-language.md,Discussion,38,pSTAT3responsealoneinsufficient.,single-paper-synthesis,synthetic-model
JTO-36535627-LINE-40,Additional disease-matched models are needed to assess mechanistic heterogeneity.,36535627,conclusion,,conclusion,genomics;transcriptomics;single-cell;bioinformatics;preclinical;targeted-therapy;statistics,"Article-supported domains, not every expression or a paired multiomic cohort; inspect article map",sentence-frame,patient-derived xenograft perturbation and single-cell profiling,jto-2023-36535627-language.md,Conclusion,40,smallPDXscope.,single-paper-synthesis,synthetic-model
JTO-36535627-LINE-42,Panel assignments follow the published erratum.,36535627,figure,,figure-legends,genomics;transcriptomics;single-cell;bioinformatics;preclinical;targeted-therapy;statistics,"Article-supported domains, not every expression or a paired multiomic cohort; inspect article map",sentence-frame,patient-derived xenograft perturbation and single-cell profiling,jto-2023-36535627-language.md,Figure legends,42,correctsourceversionbeforeexcerpting.,single-paper-synthesis,synthetic-model
JTO-36535627-LINE-44,Establish reversibility → compare genomic architecture → resolve rare cell states → infer trajectories → characterize stromal shifts → perturb candidate signals → bound model and lineage claims.,36535627,discussion,,discussion-paragraph-structure,genomics;transcriptomics;single-cell;bioinformatics;preclinical;targeted-therapy;statistics,"Article-supported domains, not every expression or a paired multiomic cohort; inspect article map",paragraph-model,patient-derived xenograft perturbation and single-cell profiling,jto-2023-36535627-language.md,Discussion paragraph structure,44,synthesizedtemplate.,single-paper-synthesis,synthetic-model
JTO-36948245-LINE-16,complementary immune-context biomarkers,36948245,abstract-background,,terminology,clinical-oncology;transcriptomics;bioinformatics;immunotherapy;statistics,"Article-supported domains, not every expression or a paired multiomic cohort; inspect article map",vocabulary,retrospective randomized-trial transcriptomic analysis,jto-2023-36948245-language.md,Abstract background,16,correlated markers may still provide different information.,single-paper-synthesis,conventional-term-or-collocation
JTO-36948245-LINE-18,We evaluated a transcriptome-derived classifier in the biomarker-evaluable subset of a randomized trial.,36948245,abstract-methods,,abstract-methods,clinical-oncology;transcriptomics;bioinformatics;immunotherapy;statistics,"Article-supported domains, not every expression or a paired multiomic cohort; inspect article map",sentence-frame,retrospective randomized-trial transcriptomic analysis,jto-2023-36948245-language.md,Abstract methods,18,synthesized frame preserving retrospective subset.,single-paper-synthesis,synthetic-model
JTO-36948245-LINE-20,"Evidence of treatment benefit was strongest in [subgroup], whereas estimates in other strata were imprecise.",36948245,abstract-results,,abstract-results,clinical-oncology;transcriptomics;bioinformatics;immunotherapy;statistics,"Article-supported domains, not every expression or a paired multiomic cohort; inspect article map",sentence-frame,retrospective randomized-trial transcriptomic analysis,jto-2023-36948245-language.md,Abstract results,20,not 'only this group can respond'.,single-paper-synthesis,synthetic-model
JTO-36948245-LINE-22,The exploratory classifier requires validation using prespecified cutpoints.,36948245,abstract-conclusion,,abstract-conclusion,clinical-oncology;transcriptomics;bioinformatics;immunotherapy;statistics,"Article-supported domains, not every expression or a paired multiomic cohort; inspect article map",sentence-frame,retrospective randomized-trial transcriptomic analysis,jto-2023-36948245-language.md,Abstract conclusion,22,no treatment exclusion rule.,single-paper-synthesis,synthetic-model
JTO-36948245-LINE-24,predictive versus prognostic biomarker,36948245,introduction,,terminology,clinical-oncology;transcriptomics;bioinformatics;immunotherapy;statistics,"Article-supported domains, not every expression or a paired multiomic cohort; inspect article map",vocabulary,retrospective randomized-trial transcriptomic analysis,jto-2023-36948245-language.md,Introduction,24,treatment comparator and interaction evidence matter.,single-paper-synthesis,conventional-term-or-collocation
JTO-36948245-LINE-26,bulk-transcriptome immune deconvolution,36948245,methods,,terminology,clinical-oncology;transcriptomics;bioinformatics;immunotherapy;statistics,"Article-supported domains, not every expression or a paired multiomic cohort; inspect article map",vocabulary,retrospective randomized-trial transcriptomic analysis,jto-2023-36948245-language.md,Methods,26,"computational estimate, not directly measured single-cell abundance.",single-paper-synthesis,conventional-term-or-collocation
JTO-36948245-LINE-27,arm-specific median dichotomization,36948245,methods,,terminology,clinical-oncology;transcriptomics;bioinformatics;immunotherapy;statistics,"Article-supported domains, not every expression or a paired multiomic cohort; inspect article map",vocabulary,retrospective randomized-trial transcriptomic analysis,jto-2023-36948245-language.md,Methods,27,"source-specific limitation, not recommended universal procedure.",single-paper-synthesis,conventional-term-or-collocation
JTO-36948245-LINE-28,biomarker-evaluable population,36948245,methods,,terminology,clinical-oncology;transcriptomics;bioinformatics;immunotherapy;statistics,"Article-supported domains, not every expression or a paired multiomic cohort; inspect article map",vocabulary,retrospective randomized-trial transcriptomic analysis,jto-2023-36948245-language.md,Methods,28,separate from ITT.,single-paper-synthesis,conventional-term-or-collocation
JTO-36948245-LINE-29,transcripts-per-million normalization,36948245,methods,,terminology,clinical-oncology;transcriptomics;bioinformatics;immunotherapy;statistics,"Article-supported domains, not every expression or a paired multiomic cohort; inspect article map",vocabulary,retrospective randomized-trial transcriptomic analysis,jto-2023-36948245-language.md,Methods,29,not a protein-expression assay.,single-paper-synthesis,conventional-term-or-collocation
JTO-36948245-LINE-31,The biomarker groups were partially overlapping.,36948245,results,,results,clinical-oncology;transcriptomics;bioinformatics;immunotherapy;statistics,"Article-supported domains, not every expression or a paired multiomic cohort; inspect article map",sentence-frame,retrospective randomized-trial transcriptomic analysis,jto-2023-36948245-language.md,Results,31,state denominator andthreshold.,single-paper-synthesis,synthetic-model
JTO-36948245-LINE-32,The median was not reached at the analysis cutoff.,36948245,results,,results,clinical-oncology;transcriptomics;bioinformatics;immunotherapy;statistics,"Article-supported domains, not every expression or a paired multiomic cohort; inspect article map",sentence-frame,retrospective randomized-trial transcriptomic analysis,jto-2023-36948245-language.md,Results,32,doesnotimply indefinitebenefit.,single-paper-synthesis,synthetic-model
JTO-36948245-LINE-33,Within-arm subgroup contrasts and between-arm treatment contrasts answer different questions.,36948245,results,,results,clinical-oncology;transcriptomics;bioinformatics;immunotherapy;statistics,"Article-supported domains, not every expression or a paired multiomic cohort; inspect article map",sentence-frame,retrospective randomized-trial transcriptomic analysis,jto-2023-36948245-language.md,Results,33,synthesized guardrail.,single-paper-synthesis,synthetic-model
JTO-36948245-LINE-34,No conclusive evidence of benefit was observed in the smaller subgroup.,36948245,results,,results,clinical-oncology;transcriptomics;bioinformatics;immunotherapy;statistics,"Article-supported domains, not every expression or a paired multiomic cohort; inspect article map",sentence-frame,retrospective randomized-trial transcriptomic analysis,jto-2023-36948245-language.md,Results,34,"uncertainty, notproofnoeffect.",single-paper-synthesis,synthetic-model
JTO-36948245-LINE-36,Data-adaptive selection may overestimate apparent predictive performance.,36948245,discussion,,discussion,clinical-oncology;transcriptomics;bioinformatics;immunotherapy;statistics,"Article-supported domains, not every expression or a paired multiomic cohort; inspect article map",sentence-frame,retrospective randomized-trial transcriptomic analysis,jto-2023-36948245-language.md,Discussion,36,needsout-of-sample validation.,single-paper-synthesis,synthetic-model
JTO-36948245-LINE-37,A nonsignificant subgroup estimate does not establish absence of benefit.,36948245,discussion,,discussion,clinical-oncology;transcriptomics;bioinformatics;immunotherapy;statistics,"Article-supported domains, not every expression or a paired multiomic cohort; inspect article map",sentence-frame,retrospective randomized-trial transcriptomic analysis,jto-2023-36948245-language.md,Discussion,37,clinicalconclusion boundary.,single-paper-synthesis,synthetic-model
JTO-36948245-LINE-38,Sampling site may affect the measured immune context.,36948245,discussion,,discussion,clinical-oncology;transcriptomics;bioinformatics;immunotherapy;statistics,"Article-supported domains, not every expression or a paired multiomic cohort; inspect article map",sentence-frame,retrospective randomized-trial transcriptomic analysis,jto-2023-36948245-language.md,Discussion,38,do notassumecorebiopsiesallinterchangeable.,single-paper-synthesis,synthetic-model
JTO-36948245-LINE-40,Prospective validation should retain a fixed assay and a prespecified decision rule.,36948245,conclusion,,conclusion,clinical-oncology;transcriptomics;bioinformatics;immunotherapy;statistics,"Article-supported domains, not every expression or a paired multiomic cohort; inspect article map",sentence-frame,retrospective randomized-trial transcriptomic analysis,jto-2023-36948245-language.md,Conclusion,40,synthesized methodological recommendation.,single-paper-synthesis,synthetic-model
JTO-36948245-LINE-42,Treatment effects are reported within each biomarker stratum.,36948245,figure,,figure-legends,clinical-oncology;transcriptomics;bioinformatics;immunotherapy;statistics,"Article-supported domains, not every expression or a paired multiomic cohort; inspect article map",sentence-frame,retrospective randomized-trial transcriptomic analysis,jto-2023-36948245-language.md,Figure legends,42,distinguishfromsubgroupeffectswithinarm.,single-paper-synthesis,synthetic-model
JTO-36948245-LINE-44,Define unmet prediction question → compare assay candidates → derive two-axis groups → estimate randomized treatment contrasts → check within-arm associations → disclose selection and validation limits.,36948245,discussion,,discussion-paragraph-structure,clinical-oncology;transcriptomics;bioinformatics;immunotherapy;statistics,"Article-supported domains, not every expression or a paired multiomic cohort; inspect article map",paragraph-model,retrospective randomized-trial transcriptomic analysis,jto-2023-36948245-language.md,Discussion paragraph structure,44,synthesized template.,single-paper-synthesis,synthetic-model
JTO-37806383-LINE-27,on- and off-target resistance,37806383,abstract-background,,terminology,clinical-oncology;genomics;targeted-therapy;statistics,"Article-supported domains, not every expression or a paired multiomic cohort; inspect article map",vocabulary,retrospective real-world clinical genomic analysis,jto-2024-37806383-language.md,Abstract background,27,靶内与靶外耐药；pp1–2; use article-specific operational definitions.,single-paper-synthesis,conventional-term-or-collocation
JTO-37806383-LINE-28,We characterized [resistance alterations] alongside real-world treatment patterns after [therapy].,37806383,abstract-background,,abstract-background,clinical-oncology;genomics;targeted-therapy;statistics,"Article-supported domains, not every expression or a paired multiomic cohort; inspect article map",sentence-frame,retrospective real-world clinical genomic analysis,jto-2024-37806383-language.md,Abstract background,28,研究目的；p1.,single-paper-synthesis,synthetic-model
JTO-37806383-LINE-30,electronic health record-derived clinicogenomic database,37806383,abstract-methods,,terminology,clinical-oncology;genomics;targeted-therapy;statistics,"Article-supported domains, not every expression or a paired multiomic cohort; inspect article map",vocabulary,retrospective real-world clinical genomic analysis,jto-2024-37806383-language.md,Abstract methods,30,电子病历来源临床基因组数据库；p3.,single-paper-synthesis,conventional-term-or-collocation
JTO-37806383-LINE-31,Genomic records were linked to [longitudinal clinical data] in a separately defined subset.,37806383,abstract-methods,,abstract-methods,clinical-oncology;genomics;targeted-therapy;statistics,"Article-supported domains, not every expression or a paired multiomic cohort; inspect article map",sentence-frame,retrospective real-world clinical genomic analysis,jto-2024-37806383-language.md,Abstract methods,31,关联数据设计；p3.,single-paper-synthesis,synthetic-model
JTO-37806383-LINE-33,"The detected prevalence differed by [sample type], and [outcome] was described in a distinct treatment-evaluable cohort.",37806383,abstract-results,,abstract-results,clinical-oncology;genomics;targeted-therapy;statistics,"Article-supported domains, not every expression or a paired multiomic cohort; inspect article map",sentence-frame,retrospective real-world clinical genomic analysis,jto-2024-37806383-language.md,Abstract results,33,"检测与结局分母；pp5,7–9.",single-paper-synthesis,synthetic-model
JTO-37806383-LINE-35,[Profiling] may inform hypothesis generation and future treatment studies without establishing causal benefit from testing.,37806383,abstract-conclusion,,abstract-conclusion,clinical-oncology;genomics;targeted-therapy;statistics,"Article-supported domains, not every expression or a paired multiomic cohort; inspect article map",sentence-frame,retrospective real-world clinical genomic analysis,jto-2024-37806383-language.md,Abstract conclusion,35,结论校准；pp11–12.,single-paper-synthesis,synthetic-model
JTO-37806383-LINE-37,gatekeeper resistance mutation,37806383,introduction,,terminology,clinical-oncology;genomics;targeted-therapy;statistics,"Article-supported domains, not every expression or a paired multiomic cohort; inspect article map",vocabulary,retrospective real-world clinical genomic analysis,jto-2024-37806383-language.md,Introduction vocabulary,37,门控耐药突变；p2.,single-paper-synthesis,conventional-term-or-collocation
JTO-37806383-LINE-38,bypass pathway activation,37806383,introduction,,terminology,clinical-oncology;genomics;targeted-therapy;statistics,"Article-supported domains, not every expression or a paired multiomic cohort; inspect article map",vocabulary,retrospective real-world clinical genomic analysis,jto-2024-37806383-language.md,Introduction vocabulary,38,旁路激活；p2; detected alteration does not prove activation.,single-paper-synthesis,conventional-term-or-collocation
JTO-37806383-LINE-40,deidentified deterministic matching,37806383,methods,,terminology,clinical-oncology;genomics;targeted-therapy;statistics,"Article-supported domains, not every expression or a paired multiomic cohort; inspect article map",vocabulary,retrospective real-world clinical genomic analysis,jto-2024-37806383-language.md,Methods vocabulary,40,去标识确定性匹配；p3.,single-paper-synthesis,conventional-term-or-collocation
JTO-37806383-LINE-41,hybridization-captured sequencing libraries,37806383,methods,,terminology,clinical-oncology;genomics;targeted-therapy;statistics,"Article-supported domains, not every expression or a paired multiomic cohort; inspect article map",vocabulary,retrospective real-world clinical genomic analysis,jto-2024-37806383-language.md,Methods vocabulary,41,杂交捕获测序文库；p2.,single-paper-synthesis,conventional-term-or-collocation
JTO-37806383-LINE-42,Only variants covered by both assays were evaluated for acquisition between [paired timepoints].,37806383,methods,,methods-vocabulary,clinical-oncology;genomics;targeted-therapy;statistics,"Article-supported domains, not every expression or a paired multiomic cohort; inspect article map",sentence-frame,retrospective real-world clinical genomic analysis,jto-2024-37806383-language.md,Methods vocabulary,42,可比检测范围；p2.,single-paper-synthesis,synthetic-model
JTO-37806383-LINE-43,"The clinical cohort was a subset of [genomic database], not an independent replication cohort.",37806383,methods,,methods-vocabulary,clinical-oncology;genomics;targeted-therapy;statistics,"Article-supported domains, not every expression or a paired multiomic cohort; inspect article map",sentence-frame,retrospective real-world clinical genomic analysis,jto-2024-37806383-language.md,Methods vocabulary,43,队列关系；p3.,single-paper-synthesis,synthetic-model
JTO-37806383-LINE-45,putative resistance alteration,37806383,results,,terminology,clinical-oncology;genomics;targeted-therapy;statistics,"Article-supported domains, not every expression or a paired multiomic cohort; inspect article map",vocabulary,retrospective real-world clinical genomic analysis,jto-2024-37806383-language.md,Results vocabulary,45,推定耐药改变；pp3–7; not functionally validated.,single-paper-synthesis,conventional-term-or-collocation
JTO-37806383-LINE-46,convergent evolution,37806383,results,,terminology,clinical-oncology;genomics;targeted-therapy;statistics,"Article-supported domains, not every expression or a paired multiomic cohort; inspect article map",vocabulary,retrospective real-world clinical genomic analysis,jto-2024-37806383-language.md,Results vocabulary,46,趋同演化；p9; inferred from distinct nucleotide changes.,single-paper-synthesis,conventional-term-or-collocation
JTO-37806383-LINE-47,No reportable acquired alteration was detected; absence of detection does not prove absence of a resistance mechanism.,37806383,results,,results-vocabulary,clinical-oncology;genomics;targeted-therapy;statistics,"Article-supported domains, not every expression or a paired multiomic cohort; inspect article map",sentence-frame,retrospective real-world clinical genomic analysis,jto-2024-37806383-language.md,Results vocabulary,47,"检测阴性边界；pp7,11.",single-paper-synthesis,synthetic-model
JTO-37806383-LINE-48,"Survival was measured from [explicit time origin], not from initial treatment initiation.",37806383,results,,results-vocabulary,clinical-oncology;genomics;targeted-therapy;statistics,"Article-supported domains, not every expression or a paired multiomic cohort; inspect article map",sentence-frame,retrospective real-world clinical genomic analysis,jto-2024-37806383-language.md,Results vocabulary,48,终点定义；Figures1/5.,single-paper-synthesis,synthetic-model
JTO-37806383-LINE-50,"Separate the broad profiling landscape, clinically annotated exposure cohort, paired-biopsy subset and treatment-outcome population. Distinguish mutation events from patients, assay-specific detection from biology, and treatment selection from comparative effectiveness.",37806383,results,,results-paragraph,clinical-oncology;genomics;targeted-therapy;statistics,"Article-supported domains, not every expression or a paired multiomic cohort; inspect article map",paragraph-model,retrospective real-world clinical genomic analysis,jto-2024-37806383-language.md,Results paragraph,50,结果结构；pp3–10.,single-paper-synthesis,synthetic-model
JTO-37806383-LINE-52,circulating tumor DNA shedding,37806383,discussion,,terminology,clinical-oncology;genomics;targeted-therapy;statistics,"Article-supported domains, not every expression or a paired multiomic cohort; inspect article map",vocabulary,retrospective real-world clinical genomic analysis,jto-2024-37806383-language.md,Discussion vocabulary,52,循环肿瘤DNA释放；p11.,single-paper-synthesis,conventional-term-or-collocation
JTO-37806383-LINE-53,"Observed treatment differences remain vulnerable to performance-status, referral and timing-related confounding.",37806383,discussion,,discussion-vocabulary,clinical-oncology;genomics;targeted-therapy;statistics,"Article-supported domains, not every expression or a paired multiomic cohort; inspect article map",sentence-frame,retrospective real-world clinical genomic analysis,jto-2024-37806383-language.md,Discussion vocabulary,53,回顾性限制；p11.,single-paper-synthesis,synthetic-model
JTO-37806383-LINE-54,An alteration detected after therapy is not necessarily acquired under that therapy without a suitable pretreatment comparison.,37806383,discussion,,discussion-vocabulary,clinical-oncology;genomics;targeted-therapy;statistics,"Article-supported domains, not every expression or a paired multiomic cohort; inspect article map",sentence-frame,retrospective real-world clinical genomic analysis,jto-2024-37806383-language.md,Discussion vocabulary,54,纵向证据；pp9–11.,single-paper-synthesis,synthetic-model
JTO-37806383-LINE-56,Prospective studies should test whether [biomarker-guided strategy] improves outcomes beyond the descriptive associations reported here.,37806383,conclusion,,conclusion-frame,clinical-oncology;genomics;targeted-therapy;statistics,"Article-supported domains, not every expression or a paired multiomic cohort; inspect article map",sentence-frame,retrospective real-world clinical genomic analysis,jto-2024-37806383-language.md,Conclusion frame,56,结尾；pp11–12.,single-paper-synthesis,synthetic-model
JTO-37806383-LINE-58,"The flow diagram reports assay, exposure, paired-sample and treatment-evaluable denominators separately.",37806383,figure,,figure-legend-frame,clinical-oncology;genomics;targeted-therapy;statistics,"Article-supported domains, not every expression or a paired multiomic cohort; inspect article map",sentence-frame,retrospective real-world clinical genomic analysis,jto-2024-37806383-language.md,Figure legend frame,58,Figure1p4.,single-paper-synthesis,synthetic-model
JTO-37981218-LINE-25,allelic context,37981218,abstract-background,,terminology,clinical-oncology;genomics;targeted-therapy;statistics,"Article-supported domains, not every expression or a paired multiomic cohort; inspect article map",vocabulary,targeted sequencing and retrospective treatment outcomes,jto-2024-37981218-language.md,Abstract background,25,等位基因背景；pp1–2; same-gene phasing differs from cross-gene coexistence.,single-paper-synthesis,conventional-term-or-collocation
JTO-37981218-LINE-26,Whether [allelic configuration] is associated with [outcome] remains incompletely characterized.,37981218,abstract-background,,abstract-background,clinical-oncology;genomics;targeted-therapy;statistics,"Article-supported domains, not every expression or a paired multiomic cohort; inspect article map",sentence-frame,targeted sequencing and retrospective treatment outcomes,jto-2024-37981218-language.md,Abstract background,26,问题框架；pp1–2.,single-paper-synthesis,synthetic-model
JTO-37981218-LINE-28,We characterized [molecular subtypes] in a retrospective cohort and analyzed [specified outcome subsets] separately.,37981218,abstract-methods,,abstract-methods,clinical-oncology;genomics;targeted-therapy;statistics,"Article-supported domains, not every expression or a paired multiomic cohort; inspect article map",sentence-frame,targeted sequencing and retrospective treatment outcomes,jto-2024-37981218-language.md,Abstract methods,28,设计与分母；pp1–3.,single-paper-synthesis,synthetic-model
JTO-37981218-LINE-30,"[Subtype] showed the shortest median [endpoint], although the overall comparison for [other endpoint] was not statistically significant.",37981218,abstract-results,,abstract-results,clinical-oncology;genomics;targeted-therapy;statistics,"Article-supported domains, not every expression or a paired multiomic cohort; inspect article map",sentence-frame,targeted sequencing and retrospective treatment outcomes,jto-2024-37981218-language.md,Abstract results,30,防止最短中位数夸大；Figure4p8.,single-paper-synthesis,synthetic-model
JTO-37981218-LINE-32,The findings reveal heterogeneity and support prospective evaluation of [subtype-specific hypotheses].,37981218,abstract-conclusion,,abstract-conclusion,clinical-oncology;genomics;targeted-therapy;statistics,"Article-supported domains, not every expression or a paired multiomic cohort; inspect article map",sentence-frame,targeted sequencing and retrospective treatment outcomes,jto-2024-37981218-language.md,Abstract conclusion,32,"关联结论；pp2,10.",single-paper-synthesis,synthetic-model
JTO-37981218-LINE-34,on-target resistance mechanism,37981218,introduction,,terminology,clinical-oncology;genomics;targeted-therapy;statistics,"Article-supported domains, not every expression or a paired multiomic cohort; inspect article map",vocabulary,targeted sequencing and retrospective treatment outcomes,jto-2024-37981218-language.md,Introduction vocabulary,34,靶内耐药机制；pp1–2.,single-paper-synthesis,conventional-term-or-collocation
JTO-37981218-LINE-35,sporadic case reports,37981218,introduction,,terminology,clinical-oncology;genomics;targeted-therapy;statistics,"Article-supported domains, not every expression or a paired multiomic cohort; inspect article map",vocabulary,targeted sequencing and retrospective treatment outcomes,jto-2024-37981218-language.md,Introduction vocabulary,35,零散病例报告；p1; not cohort validation.,single-paper-synthesis,conventional-term-or-collocation
JTO-37981218-LINE-37,patient-matched and sample type-matched,37981218,methods,,terminology,clinical-oncology;genomics;targeted-therapy;statistics,"Article-supported domains, not every expression or a paired multiomic cohort; inspect article map",vocabulary,targeted sequencing and retrospective treatment outcomes,jto-2024-37981218-language.md,Methods vocabulary,37,患者及样本类型配对；pp3–4.,single-paper-synthesis,conventional-term-or-collocation
JTO-37981218-LINE-38,shared genes across sequencing panels,37981218,methods,,terminology,clinical-oncology;genomics;targeted-therapy;statistics,"Article-supported domains, not every expression or a paired multiomic cohort; inspect article map",vocabulary,targeted sequencing and retrospective treatment outcomes,jto-2024-37981218-language.md,Methods vocabulary,38,"不同测序panel共同覆盖基因；pp2,4.",single-paper-synthesis,conventional-term-or-collocation
JTO-37981218-LINE-39,relative allele frequency,37981218,methods,,terminology,clinical-oncology;genomics;targeted-therapy;statistics,"Article-supported domains, not every expression or a paired multiomic cohort; inspect article map",vocabulary,targeted sequencing and retrospective treatment outcomes,jto-2024-37981218-language.md,Methods vocabulary,39,相对等位基因频率；pp6–7; not cancer-cell fraction without a model.,single-paper-synthesis,conventional-term-or-collocation
JTO-37981218-LINE-40,We restricted cross-platform comparisons to [shared genomic regions] and retained [sampling timepoints].,37981218,methods,,methods-vocabulary,clinical-oncology;genomics;targeted-therapy;statistics,"Article-supported domains, not every expression or a paired multiomic cohort; inspect article map",sentence-frame,targeted sequencing and retrospective treatment outcomes,jto-2024-37981218-language.md,Methods vocabulary,40,平台/纵向控制；pp2–4.,single-paper-synthesis,synthetic-model
JTO-37981218-LINE-42,subtype switching,37981218,results,,terminology,clinical-oncology;genomics;targeted-therapy;statistics,"Article-supported domains, not every expression or a paired multiomic cohort; inspect article map",vocabulary,targeted sequencing and retrospective treatment outcomes,jto-2024-37981218-language.md,Results vocabulary,42,亚型转换；pp6–10.,single-paper-synthesis,conventional-term-or-collocation
JTO-37981218-LINE-43,concurrent copy-number alterations,37981218,results,,terminology,clinical-oncology;genomics;targeted-therapy;statistics,"Article-supported domains, not every expression or a paired multiomic cohort; inspect article map",vocabulary,targeted sequencing and retrospective treatment outcomes,jto-2024-37981218-language.md,Results vocabulary,43,并存拷贝数改变；pp4–5; not sequence co-mutations.,single-paper-synthesis,conventional-term-or-collocation
JTO-37981218-LINE-44,"The observed allele-frequency trajectories were consistent with [clonal interpretation], but did not directly establish [cellular configuration].",37981218,results,,results-vocabulary,clinical-oncology;genomics;targeted-therapy;statistics,"Article-supported domains, not every expression or a paired multiomic cohort; inspect article map",sentence-frame,targeted sequencing and retrospective treatment outcomes,jto-2024-37981218-language.md,Results vocabulary,44,克隆推断；p7.,single-paper-synthesis,synthetic-model
JTO-37981218-LINE-45,No clear association between [ratio] and [endpoint] was observed in the small evaluable subset.,37981218,results,,results-vocabulary,clinical-oncology;genomics;targeted-therapy;statistics,"Article-supported domains, not every expression or a paired multiomic cohort; inspect article map",sentence-frame,targeted sequencing and retrospective treatment outcomes,jto-2024-37981218-language.md,Results vocabulary,45,阴性结果；p7.,single-paper-synthesis,synthetic-model
JTO-37981218-LINE-47,"Define allelic categories, compare molecular landscapes at resistance, then examine matched longitudinal profiles. Separate prior-treatment, subsequent-treatment and case-based analyses, and label inference about clonal architecture as inference.",37981218,results,,results-paragraph,clinical-oncology;genomics;targeted-therapy;statistics,"Article-supported domains, not every expression or a paired multiomic cohort; inspect article map",paragraph-model,targeted sequencing and retrospective treatment outcomes,jto-2024-37981218-language.md,Results paragraph,47,结构框架；pp3–9.,single-paper-synthesis,synthetic-model
JTO-37981218-LINE-49,bypass signaling,37981218,discussion,,terminology,clinical-oncology;genomics;targeted-therapy;statistics,"Article-supported domains, not every expression or a paired multiomic cohort; inspect article map",vocabulary,targeted sequencing and retrospective treatment outcomes,jto-2024-37981218-language.md,Discussion vocabulary,49,旁路信号；p10.,single-paper-synthesis,conventional-term-or-collocation
JTO-37981218-LINE-50,Nonrandomized differences across regimens may reflect selection and incomplete clinical annotation rather than treatment-specific benefit.,37981218,discussion,,discussion-vocabulary,clinical-oncology;genomics;targeted-therapy;statistics,"Article-supported domains, not every expression or a paired multiomic cohort; inspect article map",sentence-frame,targeted sequencing and retrospective treatment outcomes,jto-2024-37981218-language.md,Discussion vocabulary,50,限制；p10.,single-paper-synthesis,synthetic-model
JTO-37981218-LINE-51,"A proposed [multiomic predictor] remains a future direction, not an analysis performed here.",37981218,discussion,,discussion-vocabulary,clinical-oncology;genomics;targeted-therapy;statistics,"Article-supported domains, not every expression or a paired multiomic cohort; inspect article map",sentence-frame,targeted sequencing and retrospective treatment outcomes,jto-2024-37981218-language.md,Discussion vocabulary,51,方法时态边界；p10.,single-paper-synthesis,synthetic-model
JTO-37981218-LINE-53,Molecular heterogeneity and longitudinal change motivate further validation in [prospectively defined cohorts].,37981218,conclusion,,conclusion-frame,clinical-oncology;genomics;targeted-therapy;statistics,"Article-supported domains, not every expression or a paired multiomic cohort; inspect article map",sentence-frame,targeted sequencing and retrospective treatment outcomes,jto-2024-37981218-language.md,Conclusion frame,53,结尾；p10.,single-paper-synthesis,synthetic-model
JTO-37981218-LINE-55,"Serial profiles are aligned with [treatment intervals], with [same-allele], [different-allele] and [copy-number] events distinguished.",37981218,figure,,figure-legend-frame,clinical-oncology;genomics;targeted-therapy;statistics,"Article-supported domains, not every expression or a paired multiomic cohort; inspect article map",sentence-frame,targeted sequencing and retrospective treatment outcomes,jto-2024-37981218-language.md,Figure legend frame,55,图5p9.,single-paper-synthesis,synthetic-model
JTO-42749049-LINE-23,molecular features of treatment-resistant relapse,42749049,abstract-background,,terminology,clinical-oncology;genomics;transcriptomics;bioinformatics;statistics,"Article-supported domains, not every expression or a paired multiomic cohort; inspect article map",vocabulary,paired and unpaired relapsed tumor multiomics,jto-2026-42749049-language.md,Abstract background,23,pp4–7.,single-paper-synthesis,conventional-term-or-collocation
JTO-42749049-LINE-24,Paired sampling can distinguish between-patient differences from changes observed within individuals.,42749049,abstract-background,,abstract-background,clinical-oncology;genomics;transcriptomics;bioinformatics;statistics,"Article-supported domains, not every expression or a paired multiomic cohort; inspect article map",sentence-frame,paired and unpaired relapsed tumor multiomics,jto-2026-42749049-language.md,Abstract background,24,design framing; pp7–8.,single-paper-synthesis,synthetic-model
JTO-42749049-LINE-26,assay-specific matched-pair subsets,42749049,abstract-methods,,terminology,clinical-oncology;genomics;transcriptomics;bioinformatics;statistics,"Article-supported domains, not every expression or a paired multiomic cohort; inspect article map",vocabulary,paired and unpaired relapsed tumor multiomics,jto-2026-42749049-language.md,Abstract methods,26,"p7,Fig1.",single-paper-synthesis,conventional-term-or-collocation
JTO-42749049-LINE-27,"We profiled [DNA layers] and [RNA layer] in overlapping, but nonidentical, sample sets.",42749049,abstract-methods,,abstract-methods,clinical-oncology;genomics;transcriptomics;bioinformatics;statistics,"Article-supported domains, not every expression or a paired multiomic cohort; inspect article map",sentence-frame,paired and unpaired relapsed tumor multiomics,jto-2026-42749049-language.md,Abstract methods,27,pp7–8.,single-paper-synthesis,synthetic-model
JTO-42749049-LINE-29,A change in the composition of [events] occurred without a significant difference in total burden.,42749049,abstract-results,,abstract-results,clinical-oncology;genomics;transcriptomics;bioinformatics;statistics,"Article-supported domains, not every expression or a paired multiomic cohort; inspect article map",sentence-frame,paired and unpaired relapsed tumor multiomics,jto-2026-42749049-language.md,Abstract results,29,pp8–11.,single-paper-synthesis,synthetic-model
JTO-42749049-LINE-31,The findings nominate candidate vulnerabilities that require functional testing.,42749049,abstract-conclusion,,abstract-conclusion,clinical-oncology;genomics;transcriptomics;bioinformatics;statistics,"Article-supported domains, not every expression or a paired multiomic cohort; inspect article map",sentence-frame,paired and unpaired relapsed tumor multiomics,jto-2026-42749049-language.md,Abstract conclusion,31,"pp5,18–22.",single-paper-synthesis,synthetic-model
JTO-42749049-LINE-33,the scarcity of biopsies obtained at relapse,42749049,introduction,,terminology,clinical-oncology;genomics;transcriptomics;bioinformatics;statistics,"Article-supported domains, not every expression or a paired multiomic cohort; inspect article map",vocabulary,paired and unpaired relapsed tumor multiomics,jto-2026-42749049-language.md,Introduction,33,pp6–7.,single-paper-synthesis,conventional-term-or-collocation
JTO-42749049-LINE-34,Prior model-based observations motivate a direct analysis of patient specimens.,42749049,introduction,,introduction,clinical-oncology;genomics;transcriptomics;bioinformatics;statistics,"Article-supported domains, not every expression or a paired multiomic cohort; inspect article map",sentence-frame,paired and unpaired relapsed tumor multiomics,jto-2026-42749049-language.md,Introduction,34,pp6–7.,single-paper-synthesis,synthetic-model
JTO-42749049-LINE-36,noncoding motif-disrupting candidate variants,42749049,methods,,terminology,clinical-oncology;genomics;transcriptomics;bioinformatics;statistics,"Article-supported domains, not every expression or a paired multiomic cohort; inspect article map",vocabulary,paired and unpaired relapsed tumor multiomics,jto-2026-42749049-language.md,Methods,36,"pp9,31.",single-paper-synthesis,conventional-term-or-collocation
JTO-42749049-LINE-37,differential intron inclusion,42749049,methods,,terminology,clinical-oncology;genomics;transcriptomics;bioinformatics;statistics,"Article-supported domains, not every expression or a paired multiomic cohort; inspect article map",vocabulary,paired and unpaired relapsed tumor multiomics,jto-2026-42749049-language.md,Methods,37,"pp14–15,33.",single-paper-synthesis,conventional-term-or-collocation
JTO-42749049-LINE-38,"Tumor and blood samples were analyzed with [pipeline], with paired comparisons restricted to patients meeting [assay criterion].",42749049,methods,,methods,clinical-oncology;genomics;transcriptomics;bioinformatics;statistics,"Article-supported domains, not every expression or a paired multiomic cohort; inspect article map",sentence-frame,paired and unpaired relapsed tumor multiomics,jto-2026-42749049-language.md,Methods,38,pp7–9.,single-paper-synthesis,synthetic-model
JTO-42749049-LINE-40,copy-number amplification of paralogous oncogenes,42749049,results,,terminology,clinical-oncology;genomics;transcriptomics;bioinformatics;statistics,"Article-supported domains, not every expression or a paired multiomic cohort; inspect article map",vocabulary,paired and unpaired relapsed tumor multiomics,jto-2026-42749049-language.md,Results,40,pp10–11.,single-paper-synthesis,conventional-term-or-collocation
JTO-42749049-LINE-41,"The direction was consistent with [hypothesis], but the within-cohort comparison was not statistically significant.",42749049,results,,results,clinical-oncology;genomics;transcriptomics;bioinformatics;statistics,"Article-supported domains, not every expression or a paired multiomic cohort; inspect article map",sentence-frame,paired and unpaired relapsed tumor multiomics,jto-2026-42749049-language.md,Results,41,p13.,single-paper-synthesis,synthetic-model
JTO-42749049-LINE-42,A candidate neoantigen was predicted from [variant]; immunogenicity was not experimentally established.,42749049,results,,results,clinical-oncology;genomics;transcriptomics;bioinformatics;statistics,"Article-supported domains, not every expression or a paired multiomic cohort; inspect article map",sentence-frame,paired and unpaired relapsed tumor multiomics,jto-2026-42749049-language.md,Results,42,pp16–17.,single-paper-synthesis,synthetic-model
JTO-42749049-LINE-43,"The additional alteration was detected in [paired numerator/denominator], not in that proportion of the entire cohort.",42749049,results,,results,clinical-oncology;genomics;transcriptomics;bioinformatics;statistics,"Article-supported domains, not every expression or a paired multiomic cohort; inspect article map",sentence-frame,paired and unpaired relapsed tumor multiomics,jto-2026-42749049-language.md,Results,43,pp10–11.,single-paper-synthesis,synthetic-model
JTO-42749049-LINE-45,orthogonal assay support without perturbational validation,42749049,discussion,,terminology,clinical-oncology;genomics;transcriptomics;bioinformatics;statistics,"Article-supported domains, not every expression or a paired multiomic cohort; inspect article map",vocabulary,paired and unpaired relapsed tumor multiomics,jto-2026-42749049-language.md,Discussion,45,"pp11–12,21.",single-paper-synthesis,conventional-term-or-collocation
JTO-42749049-LINE-46,Expression-derived immune fractions should not be interpreted as direct measurements of immune function.,42749049,discussion,,discussion,clinical-oncology;genomics;transcriptomics;bioinformatics;statistics,"Article-supported domains, not every expression or a paired multiomic cohort; inspect article map",sentence-frame,paired and unpaired relapsed tumor multiomics,jto-2026-42749049-language.md,Discussion,46,pp16–17.,single-paper-synthesis,synthetic-model
JTO-42749049-LINE-47,Pooling with an external series increases precision but does not constitute a wholly independent validation.,42749049,discussion,,discussion,clinical-oncology;genomics;transcriptomics;bioinformatics;statistics,"Article-supported domains, not every expression or a paired multiomic cohort; inspect article map",sentence-frame,paired and unpaired relapsed tumor multiomics,jto-2026-42749049-language.md,Discussion,47,"pp13,20.",single-paper-synthesis,synthetic-model
JTO-42749049-LINE-49,The relevance to contemporary [treatment context] remains uncertain because most specimens preceded that treatment era.,42749049,conclusion,,conclusion,clinical-oncology;genomics;transcriptomics;bioinformatics;statistics,"Article-supported domains, not every expression or a paired multiomic cohort; inspect article map",sentence-frame,paired and unpaired relapsed tumor multiomics,jto-2026-42749049-language.md,Conclusion,49,pp18–22.,single-paper-synthesis,synthetic-model
JTO-42749049-LINE-51,Event-level percentages and patient-level frequencies use different denominators.,42749049,figure,,figure-legends,clinical-oncology;genomics;transcriptomics;bioinformatics;statistics,"Article-supported domains, not every expression or a paired multiomic cohort; inspect article map",sentence-frame,paired and unpaired relapsed tumor multiomics,jto-2026-42749049-language.md,Figure legends,51,Fig3–5;pp32–34.,single-paper-synthesis,synthetic-model
JTO-42749049-LINE-53,[Define paired and unpaired cohorts] → [state evaluable counts for each assay] → [describe sequence/CNA/SV separately] → [connect RNA and inferred immune features] → [report orthogonal evidence] → [separate predictions from functional proof] → [version and supplement limitations].,42749049,discussion,,discussion-paragraph-structure,clinical-oncology;genomics;transcriptomics;bioinformatics;statistics,"Article-supported domains, not every expression or a paired multiomic cohort; inspect article map",paragraph-model,paired and unpaired relapsed tumor multiomics,jto-2026-42749049-language.md,Discussion paragraph structure,53,,single-paper-synthesis,synthetic-model
JTO-41690367-LINE-32,clinicopathologic and immunophenotypic correlates,41690367,abstract-background,,terminology,clinical-oncology;genomics;transcriptomics;spatial-protein;bioinformatics;immunotherapy;targeted-therapy;statistics,"Article-supported domains, not every expression or a paired multiomic cohort; inspect article map",vocabulary,"clinical cohorts, pathology and external expression reanalysis",jto-2026-41690367-language.md,Abstract background,32,"临床病理与免疫表型相关特征；p2; association, not mechanism.",single-paper-synthesis,conventional-term-or-collocation
JTO-41690367-LINE-33,A comprehensive characterization of [phenotype-defined subgroup] remains lacking.,41690367,abstract-background,,abstract-background,clinical-oncology;genomics;transcriptomics;spatial-protein;bioinformatics;immunotherapy;targeted-therapy;statistics,"Article-supported domains, not every expression or a paired multiomic cohort; inspect article map",sentence-frame,"clinical cohorts, pathology and external expression reanalysis",jto-2026-41690367-language.md,Abstract background,33,研究空白框架；p2.,single-paper-synthesis,synthetic-model
JTO-41690367-LINE-36,"Outcomes were analyzed according to [prespecified phenotype], with separate denominators for each treatment cohort.",41690367,abstract-methods,,abstract-methods,clinical-oncology;genomics;transcriptomics;spatial-protein;bioinformatics;immunotherapy;targeted-therapy;statistics,"Article-supported domains, not every expression or a paired multiomic cohort; inspect article map",sentence-frame,"clinical cohorts, pathology and external expression reanalysis",jto-2026-41690367-language.md,Abstract methods,36,"分析单位框架；pp2–3,6–8; supply whether prespecified in target study.",single-paper-synthesis,synthetic-model
JTO-41690367-LINE-39,"[Phenotype] was enriched for [alterations] and associated with [outcome], although not all subgroup endpoints differed significantly.",41690367,abstract-results,,abstract-results,clinical-oncology;genomics;transcriptomics;spatial-protein;bioinformatics;immunotherapy;targeted-therapy;statistics,"Article-supported domains, not every expression or a paired multiomic cohort; inspect article map",sentence-frame,"clinical cohorts, pathology and external expression reanalysis",jto-2026-41690367-language.md,Abstract results,39,"关联与阴性结果并列；pp3,6–7.",single-paper-synthesis,synthetic-model
JTO-41690367-LINE-42,"[Marker] may refine prognostic stratification within [disease], subject to independent validation.",41690367,abstract-conclusion,,abstract-conclusion,clinical-oncology;genomics;transcriptomics;spatial-protein;bioinformatics;immunotherapy;targeted-therapy;statistics,"Article-supported domains, not every expression or a paired multiomic cohort; inspect article map",sentence-frame,"clinical cohorts, pathology and external expression reanalysis",jto-2026-41690367-language.md,Abstract conclusion,42,"结论强度校准；pp2,11.",single-paper-synthesis,synthetic-model
JTO-41690367-LINE-45,lineage-restricted survival pathways,41690367,introduction,,terminology,clinical-oncology;genomics;transcriptomics;spatial-protein;bioinformatics;immunotherapy;targeted-therapy;statistics,"Article-supported domains, not every expression or a paired multiomic cohort; inspect article map",vocabulary,"clinical cohorts, pathology and external expression reanalysis",jto-2026-41690367-language.md,Introduction vocabulary,45,"谱系限制性存活通路；p10; mechanistic background, not an experiment performed here.",single-paper-synthesis,conventional-term-or-collocation
JTO-41690367-LINE-46,genomic context,41690367,introduction,,terminology,clinical-oncology;genomics;transcriptomics;spatial-protein;bioinformatics;immunotherapy;targeted-therapy;statistics,"Article-supported domains, not every expression or a paired multiomic cohort; inspect article map",vocabulary,"clinical cohorts, pathology and external expression reanalysis",jto-2026-41690367-language.md,Introduction vocabulary,46,"基因组背景；pp2,10–11.",single-paper-synthesis,conventional-term-or-collocation
JTO-41690367-LINE-47,We investigated whether [routine marker] distinguishes [molecular features] beyond [established classification].,41690367,introduction,,introduction-vocabulary,clinical-oncology;genomics;transcriptomics;spatial-protein;bioinformatics;immunotherapy;targeted-therapy;statistics,"Article-supported domains, not every expression or a paired multiomic cohort; inspect article map",sentence-frame,"clinical cohorts, pathology and external expression reanalysis",jto-2026-41690367-language.md,Introduction vocabulary,47,问题引出框架；pp2–3.,single-paper-synthesis,synthetic-model
JTO-41690367-LINE-50,unequivocal nuclear staining,41690367,methods,,terminology,clinical-oncology;genomics;transcriptomics;spatial-protein;bioinformatics;immunotherapy;targeted-therapy;statistics,"Article-supported domains, not every expression or a paired multiomic cohort; inspect article map",vocabulary,"clinical cohorts, pathology and external expression reanalysis",jto-2026-41690367-language.md,Methods vocabulary,50,明确核染色；p3; preserve local IHC positivity definition.,single-paper-synthesis,conventional-term-or-collocation
JTO-41690367-LINE-51,manual chart review,41690367,methods,,terminology,clinical-oncology;genomics;transcriptomics;spatial-protein;bioinformatics;immunotherapy;targeted-therapy;statistics,"Article-supported domains, not every expression or a paired multiomic cohort; inspect article map",vocabulary,"clinical cohorts, pathology and external expression reanalysis",jto-2026-41690367-language.md,Methods vocabulary,51,人工病历回顾；p3.,single-paper-synthesis,conventional-term-or-collocation
JTO-41690367-LINE-52,multiplexed immunofluorescence,41690367,methods,,terminology,clinical-oncology;genomics;transcriptomics;spatial-protein;bioinformatics;immunotherapy;targeted-therapy;statistics,"Article-supported domains, not every expression or a paired multiomic cohort; inspect article map",vocabulary,"clinical cohorts, pathology and external expression reanalysis",jto-2026-41690367-language.md,Methods vocabulary,52,"多重免疫荧光；p5; spatial protein imaging, not spatial transcriptomics or global proteomics.",single-paper-synthesis,conventional-term-or-collocation
JTO-41690367-LINE-53,fraction of arm-level alterations,41690367,methods,,terminology,clinical-oncology;genomics;transcriptomics;spatial-protein;bioinformatics;immunotherapy;targeted-therapy;statistics,"Article-supported domains, not every expression or a paired multiomic cohort; inspect article map",vocabulary,"clinical cohorts, pathology and external expression reanalysis",jto-2026-41690367-language.md,Methods vocabulary,53,染色体臂水平改变比例；p5; not whole-genome doubling.,single-paper-synthesis,conventional-term-or-collocation
JTO-41690367-LINE-54,Matched [primary and metastatic] specimens were required to have both [sequencing] and [phenotype assessment].,41690367,methods,,methods-vocabulary,clinical-oncology;genomics;transcriptomics;spatial-protein;bioinformatics;immunotherapy;targeted-therapy;statistics,"Article-supported domains, not every expression or a paired multiomic cohort; inspect article map",sentence-frame,"clinical cohorts, pathology and external expression reanalysis",jto-2026-41690367-language.md,Methods vocabulary,54,配对样本纳入；p9.,single-paper-synthesis,synthetic-model
JTO-41690367-LINE-57,mutational co-occurrence and mutual exclusivity,41690367,results,,terminology,clinical-oncology;genomics;transcriptomics;spatial-protein;bioinformatics;immunotherapy;targeted-therapy;statistics,"Article-supported domains, not every expression or a paired multiomic cohort; inspect article map",vocabulary,"clinical cohorts, pathology and external expression reanalysis",jto-2026-41690367-language.md,Results vocabulary,57,突变共现与互斥；p5; statistical association.,single-paper-synthesis,conventional-term-or-collocation
JTO-41690367-LINE-58,truncating and non-truncating mutations,41690367,results,,terminology,clinical-oncology;genomics;transcriptomics;spatial-protein;bioinformatics;immunotherapy;targeted-therapy;statistics,"Article-supported domains, not every expression or a paired multiomic cohort; inspect article map",vocabulary,"clinical cohorts, pathology and external expression reanalysis",jto-2026-41690367-language.md,Results vocabulary,58,截断与非截断突变；p8; not interchangeable pathogenicity classes.,single-paper-synthesis,conventional-term-or-collocation
JTO-41690367-LINE-59,"The association persisted after adjustment for [measured covariates], but residual confounding cannot be excluded.",41690367,results,,results-vocabulary,clinical-oncology;genomics;transcriptomics;spatial-protein;bioinformatics;immunotherapy;targeted-therapy;statistics,"Article-supported domains, not every expression or a paired multiomic cohort; inspect article map",sentence-frame,"clinical cohorts, pathology and external expression reanalysis",jto-2026-41690367-language.md,Results vocabulary,59,"多变量结果强度；pp6,8,11.",single-paper-synthesis,synthetic-model
JTO-41690367-LINE-60,"Within [alteration-defined subgroup], [phenotype] was associated with [significant endpoint], whereas [other endpoint] was not statistically significant.",41690367,results,,results-vocabulary,clinical-oncology;genomics;transcriptomics;spatial-protein;bioinformatics;immunotherapy;targeted-therapy;statistics,"Article-supported domains, not every expression or a paired multiomic cohort; inspect article map",sentence-frame,"clinical cohorts, pathology and external expression reanalysis",jto-2026-41690367-language.md,Results vocabulary,60,保留不同终点的差异；Figure3p7.,single-paper-synthesis,synthetic-model
JTO-41690367-LINE-61,No reverse transition was observed in the sampled pairs; this does not establish that such transitions are biologically impossible.,41690367,results,,results-vocabulary,clinical-oncology;genomics;transcriptomics;spatial-protein;bioinformatics;immunotherapy;targeted-therapy;statistics,"Article-supported domains, not every expression or a paired multiomic cohort; inspect article map",sentence-frame,"clinical cohorts, pathology and external expression reanalysis",jto-2026-41690367-language.md,Results vocabulary,61,阴性观察边界；pp9–11.,single-paper-synthesis,synthetic-model
JTO-41690367-LINE-64,"Report [overall phenotype cohort], then [genomic and immune assay subsets]. Separate [ICI], [chemo-ICI], [post-chemoradiation] and [targeted-therapy] outcomes with their response-assessable denominators. Present within-genotype comparisons, then paired evolutionary observations. Disclose source inconsistencies rather than repairing them silently.",41690367,results,,results-paragraph,clinical-oncology;genomics;transcriptomics;spatial-protein;bioinformatics;immunotherapy;targeted-therapy;statistics,"Article-supported domains, not every expression or a paired multiomic cohort; inspect article map",paragraph-model,"clinical cohorts, pathology and external expression reanalysis",jto-2026-41690367-language.md,Results paragraph,64,结果组织框架；pp3–10.,single-paper-synthesis,synthetic-model
JTO-41690367-LINE-67,lineage plasticity,41690367,discussion,,terminology,clinical-oncology;genomics;transcriptomics;spatial-protein;bioinformatics;immunotherapy;targeted-therapy;statistics,"Article-supported domains, not every expression or a paired multiomic cohort; inspect article map",vocabulary,"clinical cohorts, pathology and external expression reanalysis",jto-2026-41690367-language.md,Discussion vocabulary,67,"谱系可塑性；pp10–11; explanatory framework, not directly induced in this clinical study.",single-paper-synthesis,conventional-term-or-collocation
JTO-41690367-LINE-68,site-specific differences,41690367,discussion,,terminology,clinical-oncology;genomics;transcriptomics;spatial-protein;bioinformatics;immunotherapy;targeted-therapy;statistics,"Article-supported domains, not every expression or a paired multiomic cohort; inspect article map",vocabulary,"clinical cohorts, pathology and external expression reanalysis",jto-2026-41690367-language.md,Discussion vocabulary,68,中心特异差异；p11.,single-paper-synthesis,conventional-term-or-collocation
JTO-41690367-LINE-69,These findings are consistent with a prognostic phenotype rather than establishing resistance specific to [one treatment].,41690367,discussion,,discussion-vocabulary,clinical-oncology;genomics;transcriptomics;spatial-protein;bioinformatics;immunotherapy;targeted-therapy;statistics,"Article-supported domains, not every expression or a paired multiomic cohort; inspect article map",sentence-frame,"clinical cohorts, pathology and external expression reanalysis",jto-2026-41690367-language.md,Discussion vocabulary,69,预后与预测区分；pp10–11.,single-paper-synthesis,synthetic-model
JTO-41690367-LINE-70,"External transcriptomic cohorts complement, but do not constitute matched multiomic profiling of, [clinical cohort].",41690367,discussion,,discussion-vocabulary,clinical-oncology;genomics;transcriptomics;spatial-protein;bioinformatics;immunotherapy;targeted-therapy;statistics,"Article-supported domains, not every expression or a paired multiomic cohort; inspect article map",sentence-frame,"clinical cohorts, pathology and external expression reanalysis",jto-2026-41690367-language.md,Discussion vocabulary,70,"数据来源边界；pp3,9.",single-paper-synthesis,synthetic-model
JTO-41690367-LINE-73,[Routine phenotype] may provide complementary stratification alongside [genomic features]; prospective evaluation is needed before treatment selection.,41690367,conclusion,,conclusion-frame,clinical-oncology;genomics;transcriptomics;spatial-protein;bioinformatics;immunotherapy;targeted-therapy;statistics,"Article-supported domains, not every expression or a paired multiomic cohort; inspect article map",sentence-frame,"clinical cohorts, pathology and external expression reanalysis",jto-2026-41690367-language.md,Conclusion frame,73,结尾综合框架；p11.,single-paper-synthesis,synthetic-model
JTO-41690367-LINE-76,"Paired profiles display [sequence mutations] and [copy-number events] separately, alongside [biopsy site], [phenotype] and [intervening therapy].",41690367,figure,,figure-legend-frame,clinical-oncology;genomics;transcriptomics;spatial-protein;bioinformatics;immunotherapy;targeted-therapy;statistics,"Article-supported domains, not every expression or a paired multiomic cohort; inspect article map",sentence-frame,"clinical cohorts, pathology and external expression reanalysis",jto-2026-41690367-language.md,Figure legend frame,76,图5p10; union of alterations is not double mutation.,single-paper-synthesis,synthetic-model
JTO-42674257-LINE-32,allelic imbalance within a mutation-defined population,42674257,abstract-background,,terminology,clinical-oncology;genomics;transcriptomics;bioinformatics;targeted-therapy;statistics,"Article-supported domains, not all applicable to every expression; inspect the article evidence map",vocabulary,retrospective two-cohort clinicogenomic association with threshold recalibration,jto-2026-42674257-language.md,Abstract background,32,同一突变人群中的等位基因不平衡；pp5–7；不能等同总表达量差异。,single-paper-synthesis,conventional-term-or-collocation
JTO-42674257-LINE-33,Binary mutation status may conceal clinically relevant heterogeneity in [molecular feature].,42674257,abstract-background,,sentence-frame,clinical-oncology;genomics;transcriptomics;bioinformatics;targeted-therapy;statistics,"Article-supported domains, not all applicable to every expression; inspect the article evidence map",sentence-frame,retrospective two-cohort clinicogenomic association with threshold recalibration,jto-2026-42674257-language.md,Abstract background,33,自拟背景句型；pp5–7；需先证明研究问题，不预设临床可用性。,single-paper-synthesis,synthetic-model
JTO-42674257-LINE-35,paired DNA and RNA allele-fraction profiling,42674257,abstract-methods,,terminology,clinical-oncology;genomics;transcriptomics;bioinformatics;targeted-therapy;statistics,"Article-supported domains, not all applicable to every expression; inspect the article evidence map",vocabulary,retrospective two-cohort clinicogenomic association with threshold recalibration,jto-2026-42674257-language.md,Abstract methods,35,"配对DNA/RNA等位基因频率分析；pp5,8–9；注明各组学实际可评估分母。",single-paper-synthesis,conventional-term-or-collocation
JTO-42674257-LINE-36,"We related [DNA feature] and [RNA feature] to [endpoint], accounting for [clinical and molecular covariates].",42674257,abstract-methods,,sentence-frame,clinical-oncology;genomics;transcriptomics;bioinformatics;targeted-therapy;statistics,"Article-supported domains, not all applicable to every expression; inspect the article evidence map",sentence-frame,retrospective two-cohort clinicogenomic association with threshold recalibration,jto-2026-42674257-language.md,Abstract methods,36,自拟方法句型；pp8–10；只列实际建模协变量。,single-paper-synthesis,synthetic-model
JTO-42674257-LINE-38,discordant molecular classifications,42674257,abstract-results,,terminology,clinical-oncology;genomics;transcriptomics;bioinformatics;targeted-therapy;statistics,"Article-supported domains, not all applicable to every expression; inspect the article evidence map",vocabulary,retrospective two-cohort clinicogenomic association with threshold recalibration,jto-2026-42674257-language.md,Abstract results,38,"分子分类不一致；pp11,26；区分阈值分类与连续量相关性。",single-paper-synthesis,conventional-term-or-collocation
JTO-42674257-LINE-39,"The association persisted after adjustment, whereas [secondary contrast] remained imprecise.",42674257,abstract-results,,sentence-frame,clinical-oncology;genomics;transcriptomics;bioinformatics;targeted-therapy;statistics,"Article-supported domains, not all applicable to every expression; inspect the article evidence map",sentence-frame,retrospective two-cohort clinicogenomic association with threshold recalibration,jto-2026-42674257-language.md,Abstract results,39,"自拟结果句型；pp11,20；报告HR、CI及参照组。",single-paper-synthesis,synthetic-model
JTO-42674257-LINE-41,These findings support further evaluation of [marker] rather than its immediate use for treatment selection.,42674257,abstract-conclusion,,sentence-frame,clinical-oncology;genomics;transcriptomics;bioinformatics;targeted-therapy;statistics,"Article-supported domains, not all applicable to every expression; inspect the article evidence map",sentence-frame,retrospective two-cohort clinicogenomic association with threshold recalibration,jto-2026-42674257-language.md,Abstract conclusion,41,自拟结论句型；pp14–15；不把回顾性关联写为疗效预测验证。,single-paper-synthesis,synthetic-model
JTO-42674257-LINE-43,risk heterogeneity within a driver-defined subgroup,42674257,introduction,,terminology,clinical-oncology;genomics;transcriptomics;bioinformatics;targeted-therapy;statistics,"Article-supported domains, not all applicable to every expression; inspect the article evidence map",vocabulary,retrospective two-cohort clinicogenomic association with threshold recalibration,jto-2026-42674257-language.md,Introduction,43,驱动基因定义亚组内的风险异质性；pp6–7。,single-paper-synthesis,conventional-term-or-collocation
JTO-42674257-LINE-44,allele-specific transcription,42674257,introduction,,terminology,clinical-oncology;genomics;transcriptomics;bioinformatics;targeted-therapy;statistics,"Article-supported domains, not all applicable to every expression; inspect the article evidence map",vocabulary,retrospective two-cohort clinicogenomic association with threshold recalibration,jto-2026-42674257-language.md,Introduction,44,等位基因特异性转录；pp6–9；不等同蛋白功能或克隆比例。,single-paper-synthesis,conventional-term-or-collocation
JTO-42674257-LINE-45,"[Known driver] defines a disease subset, but [unexplained variation] motivates analysis at [additional molecular layer].",42674257,introduction,,sentence-frame,clinical-oncology;genomics;transcriptomics;bioinformatics;targeted-therapy;statistics,"Article-supported domains, not all applicable to every expression; inspect the article evidence map",sentence-frame,retrospective two-cohort clinicogenomic association with threshold recalibration,jto-2026-42674257-language.md,Introduction,45,自拟研究空白句型；pp6–7。,single-paper-synthesis,synthetic-model
JTO-42674257-LINE-47,paired tumor-normal whole-exome sequencing,42674257,methods,,terminology,clinical-oncology;genomics;transcriptomics;bioinformatics;targeted-therapy;statistics,"Article-supported domains, not all applicable to every expression; inspect the article evidence map",vocabulary,retrospective two-cohort clinicogenomic association with threshold recalibration,jto-2026-42674257-language.md,Methods,47,肿瘤-正常配对全外显子测序；p8；注明正常样本类型。,single-paper-synthesis,conventional-term-or-collocation
JTO-42674257-LINE-48,mutant-aware transcriptomic deconvolution,42674257,methods,,terminology,clinical-oncology;genomics;transcriptomics;bioinformatics;targeted-therapy;statistics,"Article-supported domains, not all applicable to every expression; inspect the article evidence map",vocabulary,retrospective two-cohort clinicogenomic association with threshold recalibration,jto-2026-42674257-language.md,Methods,48,考虑突变转录本的定量分解；pp8–9；算法估计，不是单细胞实测。,single-paper-synthesis,conventional-term-or-collocation
JTO-42674257-LINE-49,an intra-sample mutant-to-total transcript ratio,42674257,methods,,terminology,clinical-oncology;genomics;transcriptomics;bioinformatics;targeted-therapy;statistics,"Article-supported domains, not all applicable to every expression; inspect the article evidence map",vocabulary,retrospective two-cohort clinicogenomic association with threshold recalibration,jto-2026-42674257-language.md,Methods,49,样本内突变转录本占总转录本的比例；p9；分母包含突变及野生型。,single-paper-synthesis,conventional-term-or-collocation
JTO-42674257-LINE-50,expression-inferred tumor purity,42674257,methods,,terminology,clinical-oncology;genomics;transcriptomics;bioinformatics;targeted-therapy;statistics,"Article-supported domains, not all applicable to every expression; inspect the article evidence map",vocabulary,retrospective two-cohort clinicogenomic association with threshold recalibration,jto-2026-42674257-language.md,Methods,50,表达数据推断的肿瘤纯度；p9；不混同病理估算。,single-paper-synthesis,conventional-term-or-collocation
JTO-42674257-LINE-51,maximally selected rank statistics,42674257,methods,,terminology,clinical-oncology;genomics;transcriptomics;bioinformatics;targeted-therapy;statistics,"Article-supported domains, not all applicable to every expression; inspect the article evidence map",vocabulary,retrospective two-cohort clinicogenomic association with threshold recalibration,jto-2026-42674257-language.md,Methods,51,最大选择秩统计；p10；阈值为数据驱动，需锁定后验证。,single-paper-synthesis,conventional-term-or-collocation
JTO-42674257-LINE-52,Firth-penalized Cox regression,42674257,methods,,terminology,clinical-oncology;genomics;transcriptomics;bioinformatics;targeted-therapy;statistics,"Article-supported domains, not all applicable to every expression; inspect the article evidence map",vocabulary,retrospective two-cohort clinicogenomic association with threshold recalibration,jto-2026-42674257-language.md,Methods,52,Firth惩罚Cox回归；pp9–12；减少小样本偏差，不消除混杂。,single-paper-synthesis,conventional-term-or-collocation
JTO-42674257-LINE-53,prespecified parsimonious covariate sets,42674257,methods,,terminology,clinical-oncology;genomics;transcriptomics;bioinformatics;targeted-therapy;statistics,"Article-supported domains, not all applicable to every expression; inspect the article evidence map",vocabulary,retrospective two-cohort clinicogenomic association with threshold recalibration,jto-2026-42674257-language.md,Methods,53,预先规定的简约协变量集合；pp9–10；区分敏感性拟合与主模型。,single-paper-synthesis,conventional-term-or-collocation
JTO-42674257-LINE-54,post-selection unpenalized refitting,42674257,methods,,terminology,clinical-oncology;genomics;transcriptomics;bioinformatics;targeted-therapy;statistics,"Article-supported domains, not all applicable to every expression; inspect the article evidence map",vocabulary,retrospective two-cohort clinicogenomic association with threshold recalibration,jto-2026-42674257-language.md,Methods,54,变量选择后无惩罚重拟合；pp10–12；不能忽略选择造成的不确定性。,single-paper-synthesis,conventional-term-or-collocation
JTO-42674257-LINE-55,restricted cubic splines,42674257,methods,,terminology,clinical-oncology;genomics;transcriptomics;bioinformatics;targeted-therapy;statistics,"Article-supported domains, not all applicable to every expression; inspect the article evidence map",vocabulary,retrospective two-cohort clinicogenomic association with threshold recalibration,jto-2026-42674257-language.md,Methods,55,限制性立方样条；p9；用于检查连续变量线性假设，不凭名称断言检验通过。,single-paper-synthesis,conventional-term-or-collocation
JTO-42674257-LINE-56,The ratio was calculated as [mutant counts] divided by [mutant plus wild-type counts].,42674257,methods,,sentence-frame,clinical-oncology;genomics;transcriptomics;bioinformatics;targeted-therapy;statistics,"Article-supported domains, not all applicable to every expression; inspect the article evidence map",sentence-frame,retrospective two-cohort clinicogenomic association with threshold recalibration,jto-2026-42674257-language.md,Methods,56,自拟定义句型；p9；明确零分母及低覆盖处理需原方法支持。,single-paper-synthesis,synthetic-model
JTO-42674257-LINE-58,a difference of [value] percentage points,42674257,results,,sentence-frame,clinical-oncology;genomics;transcriptomics;bioinformatics;targeted-therapy;statistics,"Article-supported domains, not all applicable to every expression; inspect the article evidence map",sentence-frame,retrospective two-cohort clinicogenomic association with threshold recalibration,jto-2026-42674257-language.md,Results,58,自拟数值框架；p11；百分点差异不等于相对百分比增幅。,single-paper-synthesis,synthetic-model
JTO-42674257-LINE-59,"After adjustment for [covariates], [group] had a higher hazard of [event] than [reference].",42674257,results,,sentence-frame,clinical-oncology;genomics;transcriptomics;bioinformatics;targeted-therapy;statistics,"Article-supported domains, not all applicable to every expression; inspect the article evidence map",sentence-frame,retrospective two-cohort clinicogenomic association with threshold recalibration,jto-2026-42674257-language.md,Results,59,"自拟HR结果句型；pp11,20；hazard不是累积风险。",single-paper-synthesis,synthetic-model
JTO-42674257-LINE-60,No events were observed in [n] patients during the available follow-up; the comparison was not statistically significant.,42674257,results,,sentence-frame,clinical-oncology;genomics;transcriptomics;bioinformatics;targeted-therapy;statistics,"Article-supported domains, not all applicable to every expression; inspect the article evidence map",sentence-frame,retrospective two-cohort clinicogenomic association with threshold recalibration,jto-2026-42674257-language.md,Results,60,"自拟无事件句型；pp12–13,28；不写为疗效已证实。",single-paper-synthesis,synthetic-model
JTO-42674257-LINE-61,The univariable association attenuated after multivariable adjustment.,42674257,results,,sentence-frame,clinical-oncology;genomics;transcriptomics;bioinformatics;targeted-therapy;statistics,"Article-supported domains, not all applicable to every expression; inspect the article evidence map",sentence-frame,retrospective two-cohort clinicogenomic association with threshold recalibration,jto-2026-42674257-language.md,Results,61,自拟调整结果句型；pp12–13；注明原模型及CI，不能只保留单因素阳性。,single-paper-synthesis,synthetic-model
JTO-42674257-LINE-62,Risk separation emerged only after the cutoffs were re-estimated in the second cohort.,42674257,results,,sentence-frame,clinical-oncology;genomics;transcriptomics;bioinformatics;targeted-therapy;statistics,"Article-supported domains, not all applicable to every expression; inspect the article evidence map",sentence-frame,retrospective two-cohort clinicogenomic association with threshold recalibration,jto-2026-42674257-language.md,Results,62,自拟验证边界句型；pp13–15；不能称固定阈值验证成功。,single-paper-synthesis,synthetic-model
JTO-42674257-LINE-63,The confidence interval was wide and compatible with substantially different effect magnitudes.,42674257,results,,sentence-frame,clinical-oncology;genomics;transcriptomics;bioinformatics;targeted-therapy;statistics,"Article-supported domains, not all applicable to every expression; inspect the article evidence map",sentence-frame,retrospective two-cohort clinicogenomic association with threshold recalibration,jto-2026-42674257-language.md,Results,63,"自拟不确定性句型；pp13,28；不夸大点估计。",single-paper-synthesis,synthetic-model
JTO-42674257-LINE-64,The late Kaplan–Meier estimate was based on a small number of patients at risk.,42674257,results,,sentence-frame,clinical-oncology;genomics;transcriptomics;bioinformatics;targeted-therapy;statistics,"Article-supported domains, not all applicable to every expression; inspect the article evidence map",sentence-frame,retrospective two-cohort clinicogenomic association with threshold recalibration,jto-2026-42674257-language.md,Results,64,"自拟曲线限制句型；pp11,26；不由零生存估计反推所有个体事件。",single-paper-synthesis,synthetic-model
JTO-42674257-LINE-66,cohort-specific threshold recalibration,42674257,discussion,,terminology,clinical-oncology;genomics;transcriptomics;bioinformatics;targeted-therapy;statistics,"Article-supported domains, not all applicable to every expression; inspect the article evidence map",vocabulary,retrospective two-cohort clinicogenomic association with threshold recalibration,jto-2026-42674257-language.md,Discussion,66,队列特异阈值重校准；pp13–15；与独立锁定验证分开。,single-paper-synthesis,conventional-term-or-collocation
JTO-42674257-LINE-67,residual confounding by treatment selection,42674257,discussion,,terminology,clinical-oncology;genomics;transcriptomics;bioinformatics;targeted-therapy;statistics,"Article-supported domains, not all applicable to every expression; inspect the article evidence map",vocabulary,retrospective two-cohort clinicogenomic association with threshold recalibration,jto-2026-42674257-language.md,Discussion,67,治疗选择带来的残余混杂；pp14–15。,single-paper-synthesis,conventional-term-or-collocation
JTO-42674257-LINE-68,orthogonal validation of allele-fraction estimates,42674257,discussion,,terminology,clinical-oncology;genomics;transcriptomics;bioinformatics;targeted-therapy;statistics,"Article-supported domains, not all applicable to every expression; inspect the article evidence map",vocabulary,retrospective two-cohort clinicogenomic association with threshold recalibration,jto-2026-42674257-language.md,Discussion,68,等位基因频率估计的正交验证；p15；本文未完成，不能写成已做。,single-paper-synthesis,conventional-term-or-collocation
JTO-42674257-LINE-69,"The findings are prognostic associations, not evidence of a treatment-specific predictive interaction.",42674257,discussion,,sentence-frame,clinical-oncology;genomics;transcriptomics;bioinformatics;targeted-therapy;statistics,"Article-supported domains, not all applicable to every expression; inspect the article evidence map",sentence-frame,retrospective two-cohort clinicogenomic association with threshold recalibration,jto-2026-42674257-language.md,Discussion,69,自拟证据层级句型；pp12–15。,single-paper-synthesis,synthetic-model
JTO-42674257-LINE-70,A biological explanation involving [mechanism] remains hypothetical without direct perturbational evidence.,42674257,discussion,,sentence-frame,clinical-oncology;genomics;transcriptomics;bioinformatics;targeted-therapy;statistics,"Article-supported domains, not all applicable to every expression; inspect the article evidence map",sentence-frame,retrospective two-cohort clinicogenomic association with threshold recalibration,jto-2026-42674257-language.md,Discussion,70,自拟机制限定句型；pp14–15；不能将计算推断写为实验结论。,single-paper-synthesis,synthetic-model
JTO-42674257-LINE-71,Cross-cohort consistency after recalibration does not establish the transportability of a locked classifier.,42674257,discussion,,sentence-frame,clinical-oncology;genomics;transcriptomics;bioinformatics;targeted-therapy;statistics,"Article-supported domains, not all applicable to every expression; inspect the article evidence map",sentence-frame,retrospective two-cohort clinicogenomic association with threshold recalibration,jto-2026-42674257-language.md,Discussion,71,自拟外推边界句型；pp13–15。,single-paper-synthesis,synthetic-model
JTO-42674257-LINE-73,Prospective assessment with locked thresholds and independent assays is needed before [intended application].,42674257,conclusion,,sentence-frame,clinical-oncology;genomics;transcriptomics;bioinformatics;targeted-therapy;statistics,"Article-supported domains, not all applicable to every expression; inspect the article evidence map",sentence-frame,retrospective two-cohort clinicogenomic association with threshold recalibration,jto-2026-42674257-language.md,Conclusion,73,自拟结尾句型；p15；结尾综合，不伪称原文独立Conclusion节。,single-paper-synthesis,synthetic-model
JTO-42674257-LINE-75,Numbers at risk are shown beneath the curves; shaded regions indicate [the specified interval].,42674257,figure,,sentence-frame,clinical-oncology;genomics;transcriptomics;bioinformatics;targeted-therapy;statistics,"Article-supported domains, not all applicable to every expression; inspect the article evidence map",sentence-frame,retrospective two-cohort clinicogenomic association with threshold recalibration,jto-2026-42674257-language.md,Figure legends,75,自拟图注句型；pp26–28；必须核准图中区间的真实定义。,single-paper-synthesis,synthetic-model
JTO-42674257-LINE-76,Raw event counts and time-to-event estimates are reported separately.,42674257,figure,,sentence-frame,clinical-oncology;genomics;transcriptomics;bioinformatics;targeted-therapy;statistics,"Article-supported domains, not all applicable to every expression; inspect the article evidence map",sentence-frame,retrospective two-cohort clinicogenomic association with threshold recalibration,jto-2026-42674257-language.md,Figure legends,76,"自拟表图说明；pp18,26；不擅自消解原文分母/估计差异。",single-paper-synthesis,synthetic-model
JTO-42674257-LINE-78,[Define the driver-selected population] → [describe residual clinical heterogeneity] → [introduce DNA dosage and allele-specific RNA expression] → [identify the unresolved joint contribution] → [state the study question without claiming validation].,42674257,introduction,,paragraph-structure,clinical-oncology;genomics;transcriptomics;bioinformatics;targeted-therapy;statistics,"Article-supported domains, not all applicable to every expression; inspect the article evidence map",paragraph-model,retrospective two-cohort clinicogenomic association with threshold recalibration,jto-2026-42674257-language.md,Introduction paragraph structure,78,自拟段落结构；pp6–7；用于STK11时替换为真实研究依据。,single-paper-synthesis,synthetic-model
JTO-42674257-LINE-80,[State cohort and evaluable counts] → [define cutoffs and discordance] → [report adjusted contrasts with reference and CI] → [retain null comparisons] → [separate recalibrated external analyses from fixed-cutoff validation].,42674257,results,,paragraph-structure,clinical-oncology;genomics;transcriptomics;bioinformatics;targeted-therapy;statistics,"Article-supported domains, not all applicable to every expression; inspect the article evidence map",paragraph-model,retrospective two-cohort clinicogenomic association with threshold recalibration,jto-2026-42674257-language.md,Results paragraph structure,80,"自拟段落结构；pp11–13,18–20,26–28。",single-paper-synthesis,synthetic-model
JTO-42674257-LINE-82,[Summarize the association] → [offer a bounded biological hypothesis] → [compare cohort consistency] → [acknowledge assay and modeling limits] → [specify the validation still required].,42674257,discussion,,paragraph-structure,clinical-oncology;genomics;transcriptomics;bioinformatics;targeted-therapy;statistics,"Article-supported domains, not all applicable to every expression; inspect the article evidence map",paragraph-model,retrospective two-cohort clinicogenomic association with threshold recalibration,jto-2026-42674257-language.md,Discussion paragraph structure,82,自拟段落结构；pp14–15；不得复制原文整段。,single-paper-synthesis,synthetic-model
JTO-42749050-LINE-34,molecular correlates of clinical outcome,42749050,abstract-background,,terminology,clinical-oncology;genomics;bioinformatics;targeted-therapy;statistics;liquid-biopsy,"Article-supported domains, not all applicable to every expression; inspect the article evidence map",vocabulary,exploratory biomarker subgroup analysis within an open-label single-arm phase2 trial,jto-2026-42749050-language.md,Abstract background,34,临床结局的分子相关因素；pp10–12；correlate不等于治疗预测标志物。,single-paper-synthesis,conventional-term-or-collocation
JTO-42749050-LINE-35,putative mechanisms of acquired resistance,42749050,abstract-background,,terminology,clinical-oncology;genomics;bioinformatics;targeted-therapy;statistics;liquid-biopsy,"Article-supported domains, not all applicable to every expression; inspect the article evidence map",vocabulary,exploratory biomarker subgroup analysis within an open-label single-arm phase2 trial,jto-2026-42749050-language.md,Abstract background,35,"潜在获得性耐药机制；pp10,16–21；新增变异仍需功能支持。",single-paper-synthesis,conventional-term-or-collocation
JTO-42749050-LINE-37,prospectively collected samples with exploratory subgroup analyses,42749050,abstract-methods,,terminology,clinical-oncology;genomics;bioinformatics;targeted-therapy;statistics;liquid-biopsy,"Article-supported domains, not all applicable to every expression; inspect the article evidence map",vocabulary,exploratory biomarker subgroup analysis within an open-label single-arm phase2 trial,jto-2026-42749050-language.md,Abstract methods,37,"前瞻采样、探索性亚组分析；pp10,12–14；不能笼统写成所有分析预先验证。",single-paper-synthesis,conventional-term-or-collocation
JTO-42749050-LINE-38,We analyzed [baseline and longitudinal specimens] from patients receiving [treatment] in a single-arm study.,42749050,abstract-methods,,sentence-frame,clinical-oncology;genomics;bioinformatics;targeted-therapy;statistics;liquid-biopsy,"Article-supported domains, not all applicable to every expression; inspect the article evidence map",sentence-frame,exploratory biomarker subgroup analysis within an open-label single-arm phase2 trial,jto-2026-42749050-language.md,Abstract methods,38,自拟方法句型；pp12–14；注明无随机对照。,single-paper-synthesis,synthetic-model
JTO-42749050-LINE-40,numerically longer overall survival,42749050,abstract-results,,terminology,clinical-oncology;genomics;bioinformatics;targeted-therapy;statistics;liquid-biopsy,"Article-supported domains, not all applicable to every expression; inspect the article evidence map",vocabulary,exploratory biomarker subgroup analysis within an open-label single-arm phase2 trial,jto-2026-42749050-language.md,Abstract results,40,总生存期在数值上更长；pp15–18；无正式检验时不改写为显著改善。,single-paper-synthesis,conventional-term-or-collocation
JTO-42749050-LINE-41,No emergent [alteration] was detected in the [n] evaluable paired samples.,42749050,abstract-results,,sentence-frame,clinical-oncology;genomics;bioinformatics;targeted-therapy;statistics;liquid-biopsy,"Article-supported domains, not all applicable to every expression; inspect the article evidence map",sentence-frame,exploratory biomarker subgroup analysis within an open-label single-arm phase2 trial,jto-2026-42749050-language.md,Abstract results,41,"自拟阴性结果句型；pp16–17,32；限定样本与检测能力，不等于不存在该机制。",single-paper-synthesis,synthetic-model
JTO-42749050-LINE-43,"Activity was observed across the evaluated subgroups, but small samples limit comparative interpretation.",42749050,abstract-conclusion,,sentence-frame,clinical-oncology;genomics;bioinformatics;targeted-therapy;statistics;liquid-biopsy,"Article-supported domains, not all applicable to every expression; inspect the article evidence map",sentence-frame,exploratory biomarker subgroup analysis within an open-label single-arm phase2 trial,jto-2026-42749050-language.md,Abstract conclusion,43,自拟总结句型；pp18–21；不暗示各亚组等效或均优于替代治疗。,single-paper-synthesis,synthetic-model
JTO-42749050-LINE-45,prior-treatment-dependent molecular context,42749050,introduction,,terminology,clinical-oncology;genomics;bioinformatics;targeted-therapy;statistics;liquid-biopsy,"Article-supported domains, not all applicable to every expression; inspect the article evidence map",vocabulary,exploratory biomarker subgroup analysis within an open-label single-arm phase2 trial,jto-2026-42749050-language.md,Introduction,45,依既往治疗而异的分子背景；pp11–12；治疗线次必须分层说明。,single-paper-synthesis,conventional-term-or-collocation
JTO-42749050-LINE-46,co-occurring tumor-suppressor alterations,42749050,introduction,,terminology,clinical-oncology;genomics;bioinformatics;targeted-therapy;statistics;liquid-biopsy,"Article-supported domains, not all applicable to every expression; inspect the article evidence map",vocabulary,exploratory biomarker subgroup analysis within an open-label single-arm phase2 trial,jto-2026-42749050-language.md,Introduction,46,共存抑癌基因改变；pp11–12；先区分融合、序列突变及拷贝数。,single-paper-synthesis,conventional-term-or-collocation
JTO-42749050-LINE-47,Long-term clinical follow-up provides an opportunity to reassess [baseline biomarkers] alongside [on-treatment changes].,42749050,introduction,,sentence-frame,clinical-oncology;genomics;bioinformatics;targeted-therapy;statistics;liquid-biopsy,"Article-supported domains, not all applicable to every expression; inspect the article evidence map",sentence-frame,exploratory biomarker subgroup analysis within an open-label single-arm phase2 trial,jto-2026-42749050-language.md,Introduction,47,自拟研究动机句型；pp11–12；不同终点数据截点另列。,single-paper-synthesis,synthetic-model
JTO-42749050-LINE-49,paired baseline and end-of-treatment samples,42749050,methods,,terminology,clinical-oncology;genomics;bioinformatics;targeted-therapy;statistics;liquid-biopsy,"Article-supported domains, not all applicable to every expression; inspect the article evidence map",vocabulary,exploratory biomarker subgroup analysis within an open-label single-arm phase2 trial,jto-2026-42749050-language.md,Methods,49,"基线及治疗结束配对样本；pp13–14,32；不能以所有终点样本代替配对分母。",single-paper-synthesis,conventional-term-or-collocation
JTO-42749050-LINE-50,archival or newly obtained tumor tissue,42749050,methods,,terminology,clinical-oncology;genomics;bioinformatics;targeted-therapy;statistics;liquid-biopsy,"Article-supported domains, not all applicable to every expression; inspect the article evidence map",vocabulary,exploratory biomarker subgroup analysis within an open-label single-arm phase2 trial,jto-2026-42749050-language.md,Methods,50,存档或新取肿瘤组织；p13；不假设与血液同步。,single-paper-synthesis,conventional-term-or-collocation
JTO-42749050-LINE-51,targeted plasma next-generation sequencing,42749050,methods,,terminology,clinical-oncology;genomics;bioinformatics;targeted-therapy;statistics;liquid-biopsy,"Article-supported domains, not all applicable to every expression; inspect the article evidence map",vocabulary,exploratory biomarker subgroup analysis within an open-label single-arm phase2 trial,jto-2026-42749050-language.md,Methods,51,血浆靶向NGS；p13；不自动归类为转录组或全组学。,single-paper-synthesis,conventional-term-or-collocation
JTO-42749050-LINE-52,endpoint-specific data cutoffs,42749050,methods,,terminology,clinical-oncology;genomics;bioinformatics;targeted-therapy;statistics;liquid-biopsy,"Article-supported domains, not all applicable to every expression; inspect the article evidence map",vocabulary,exploratory biomarker subgroup analysis within an open-label single-arm phase2 trial,jto-2026-42749050-language.md,Methods,52,终点特异数据截点；pp13–14；PFS与OS随访时长不能互换。,single-paper-synthesis,conventional-term-or-collocation
JTO-42749050-LINE-53,the ratio of on-treatment to baseline mean variant allele fraction,42749050,methods,,terminology,clinical-oncology;genomics;bioinformatics;targeted-therapy;statistics;liquid-biopsy,"Article-supported domains, not all applicable to every expression; inspect the article evidence map",vocabulary,exploratory biomarker subgroup analysis within an open-label single-arm phase2 trial,jto-2026-42749050-language.md,Methods,53,治疗中均值VAF与基线之比；p14；明确时间点、变异集合和可评估条件。,single-paper-synthesis,conventional-term-or-collocation
JTO-42749050-LINE-54,complete circulating tumor DNA clearance,42749050,methods,,terminology,clinical-oncology;genomics;bioinformatics;targeted-therapy;statistics;liquid-biopsy,"Article-supported domains, not all applicable to every expression; inspect the article evidence map",vocabulary,exploratory biomarker subgroup analysis within an open-label single-arm phase2 trial,jto-2026-42749050-language.md,Methods,54,"ctDNA完全清除；pp14,17；须基线可检出，不等于基线及随访均未检出。",single-paper-synthesis,conventional-term-or-collocation
JTO-42749050-LINE-55,baseline and on-treatment nondetection,42749050,methods,,terminology,clinical-oncology;genomics;bioinformatics;targeted-therapy;statistics;liquid-biopsy,"Article-supported domains, not all applicable to every expression; inspect the article evidence map",vocabulary,exploratory biomarker subgroup analysis within an open-label single-arm phase2 trial,jto-2026-42749050-language.md,Methods,55,"基线与治疗中均未检出；pp14,17–18；不归入由阳转阴。",single-paper-synthesis,conventional-term-or-collocation
JTO-42749050-LINE-56,"Samples were grouped by [molecular-response definition], with availability reported separately at each time point.",42749050,methods,,sentence-frame,clinical-oncology;genomics;bioinformatics;targeted-therapy;statistics;liquid-biopsy,"Article-supported domains, not all applicable to every expression; inspect the article evidence map",sentence-frame,exploratory biomarker subgroup analysis within an open-label single-arm phase2 trial,jto-2026-42749050-language.md,Methods,56,"自拟方法句型；pp13–14,61–62。",single-paper-synthesis,synthetic-model
JTO-42749050-LINE-58,descriptive subgroup estimates,42749050,results,,terminology,clinical-oncology;genomics;bioinformatics;targeted-therapy;statistics;liquid-biopsy,"Article-supported domains, not all applicable to every expression; inspect the article evidence map",vocabulary,exploratory biomarker subgroup analysis within an open-label single-arm phase2 trial,jto-2026-42749050-language.md,Results,58,描述性亚组估计；pp15–18；不编造多变量HR或交互作用P值。,single-paper-synthesis,conventional-term-or-collocation
JTO-42749050-LINE-59,"The response proportion was [value], with a wide confidence interval reflecting the small denominator.",42749050,results,,sentence-frame,clinical-oncology;genomics;bioinformatics;targeted-therapy;statistics;liquid-biopsy,"Article-supported domains, not all applicable to every expression; inspect the article evidence map",sentence-frame,exploratory biomarker subgroup analysis within an open-label single-arm phase2 trial,jto-2026-42749050-language.md,Results,59,自拟应答结果句型；pp29–31；100%点估计不代表确定获益。,single-paper-synthesis,synthetic-model
JTO-42749050-LINE-60,"Median survival was numerically shorter in [subgroup], but no comparative interaction test was established.",42749050,results,,sentence-frame,clinical-oncology;genomics;bioinformatics;targeted-therapy;statistics;liquid-biopsy,"Article-supported domains, not all applicable to every expression; inspect the article evidence map",sentence-frame,exploratory biomarker subgroup analysis within an open-label single-arm phase2 trial,jto-2026-42749050-language.md,Results,60,自拟结局句型；pp15–16；区分预后与预测。,single-paper-synthesis,synthetic-model
JTO-42749050-LINE-61,not reached,42749050,results,,terminology,clinical-oncology;genomics;bioinformatics;targeted-therapy;statistics;liquid-biopsy,"Article-supported domains, not all applicable to every expression; inspect the article evidence map",vocabulary,exploratory biomarker subgroup analysis within an open-label single-arm phase2 trial,jto-2026-42749050-language.md,Results,61,尚未达到；pp29–31；与not evaluable、not applicable分开。,single-paper-synthesis,conventional-term-or-collocation
JTO-42749050-LINE-62,not evaluable,42749050,results,,terminology,clinical-oncology;genomics;bioinformatics;targeted-therapy;statistics;liquid-biopsy,"Article-supported domains, not all applicable to every expression; inspect the article evidence map",vocabulary,exploratory biomarker subgroup analysis within an open-label single-arm phase2 trial,jto-2026-42749050-language.md,Results,62,无法评估；pp55–58；不以0替代。,single-paper-synthesis,conventional-term-or-collocation
JTO-42749050-LINE-63,newly detected on-treatment alterations,42749050,results,,terminology,clinical-oncology;genomics;bioinformatics;targeted-therapy;statistics;liquid-biopsy,"Article-supported domains, not all applicable to every expression; inspect the article evidence map",vocabulary,exploratory biomarker subgroup analysis within an open-label single-arm phase2 trial,jto-2026-42749050-language.md,Results,63,"治疗期间新检出的改变；pp16–17,32–33；不自动等同新产生或致耐药。",single-paper-synthesis,conventional-term-or-collocation
JTO-42749050-LINE-64,candidate bypass-signaling alterations,42749050,results,,terminology,clinical-oncology;genomics;bioinformatics;targeted-therapy;statistics;liquid-biopsy,"Article-supported domains, not all applicable to every expression; inspect the article evidence map",vocabulary,exploratory biomarker subgroup analysis within an open-label single-arm phase2 trial,jto-2026-42749050-language.md,Results,64,"候选旁路信号改变；pp16–17,32–33；分类可能重叠，不能直接相加。",single-paper-synthesis,conventional-term-or-collocation
JTO-42749050-LINE-65,same-gene compound substitutions,42749050,results,,terminology,clinical-oncology;genomics;bioinformatics;targeted-therapy;statistics;liquid-biopsy,"Article-supported domains, not all applicable to every expression; inspect the article evidence map",vocabulary,exploratory biomarker subgroup analysis within an open-label single-arm phase2 trial,jto-2026-42749050-language.md,Results,65,同一基因内复合替换；pp32–33；未定相时不写为cis/trans。,single-paper-synthesis,conventional-term-or-collocation
JTO-42749050-LINE-66,"The paired analysis included [n], whereas [larger n] samples were available at the final time point.",42749050,results,,sentence-frame,clinical-oncology;genomics;bioinformatics;targeted-therapy;statistics;liquid-biopsy,"Article-supported domains, not all applicable to every expression; inspect the article evidence map",sentence-frame,exploratory biomarker subgroup analysis within an open-label single-arm phase2 trial,jto-2026-42749050-language.md,Results,66,"自拟分母说明；pp32,61–62。",single-paper-synthesis,synthetic-model
JTO-42749050-LINE-67,The ordering of outcomes was not consistent across treatment-history cohorts.,42749050,results,,sentence-frame,clinical-oncology;genomics;bioinformatics;targeted-therapy;statistics;liquid-biopsy,"Article-supported domains, not all applicable to every expression; inspect the article evidence map",sentence-frame,exploratory biomarker subgroup analysis within an open-label single-arm phase2 trial,jto-2026-42749050-language.md,Results,67,自拟非一致性结果句型；pp40–41；不能择取单一队列概括所有人群。,single-paper-synthesis,synthetic-model
JTO-42749050-LINE-69,assay-dependent nondetection,42749050,discussion,,terminology,clinical-oncology;genomics;bioinformatics;targeted-therapy;statistics;liquid-biopsy,"Article-supported domains, not all applicable to every expression; inspect the article evidence map",vocabulary,exploratory biomarker subgroup analysis within an open-label single-arm phase2 trial,jto-2026-42749050-language.md,Discussion,69,依检测方法而异的未检出；pp18–21；阴性不等于肿瘤内绝无改变。,single-paper-synthesis,conventional-term-or-collocation
JTO-42749050-LINE-70,low tumor DNA shedding,42749050,discussion,,terminology,clinical-oncology;genomics;bioinformatics;targeted-therapy;statistics;liquid-biopsy,"Article-supported domains, not all applicable to every expression; inspect the article evidence map",vocabulary,exploratory biomarker subgroup analysis within an open-label single-arm phase2 trial,jto-2026-42749050-language.md,Discussion,70,低肿瘤DNA释放；pp18–21；不得据此直接推断肿瘤生物学温和。,single-paper-synthesis,conventional-term-or-collocation
JTO-42749050-LINE-71,potential clonal hematopoiesis contributions,42749050,discussion,,terminology,clinical-oncology;genomics;bioinformatics;targeted-therapy;statistics;liquid-biopsy,"Article-supported domains, not all applicable to every expression; inspect the article evidence map",vocabulary,exploratory biomarker subgroup analysis within an open-label single-arm phase2 trial,jto-2026-42749050-language.md,Discussion,71,潜在克隆性造血来源影响；pp18–21；需配对白细胞等证据判源，不能全部视为肿瘤突变。,single-paper-synthesis,conventional-term-or-collocation
JTO-42749050-LINE-72,"Tissue and plasma findings offer complementary assay evidence, not independent patient-cohort replication.",42749050,discussion,,sentence-frame,clinical-oncology;genomics;bioinformatics;targeted-therapy;statistics;liquid-biopsy,"Article-supported domains, not all applicable to every expression; inspect the article evidence map",sentence-frame,exploratory biomarker subgroup analysis within an open-label single-arm phase2 trial,jto-2026-42749050-language.md,Discussion,72,"自拟验证边界句型；pp18–21,55–58。",single-paper-synthesis,synthetic-model
JTO-42749050-LINE-73,The absence of a detected mechanism in [small subset] does not exclude biological resistance through unmeasured pathways.,42749050,discussion,,sentence-frame,clinical-oncology;genomics;bioinformatics;targeted-therapy;statistics;liquid-biopsy,"Article-supported domains, not all applicable to every expression; inspect the article evidence map",sentence-frame,exploratory biomarker subgroup analysis within an open-label single-arm phase2 trial,jto-2026-42749050-language.md,Discussion,73,自拟阴性机制限定；pp16–21。,single-paper-synthesis,synthetic-model
JTO-42749050-LINE-74,An alteration detected only at progression is a candidate association until its functional contribution is tested.,42749050,discussion,,sentence-frame,clinical-oncology;genomics;bioinformatics;targeted-therapy;statistics;liquid-biopsy,"Article-supported domains, not all applicable to every expression; inspect the article evidence map",sentence-frame,exploratory biomarker subgroup analysis within an open-label single-arm phase2 trial,jto-2026-42749050-language.md,Discussion,74,自拟因果边界句型；pp16–21。,single-paper-synthesis,synthetic-model
JTO-42749050-LINE-75,A gene shown in a supplementary heatmap was not necessarily evaluated as a treatment-outcome subgroup.,42749050,discussion,,sentence-frame,clinical-oncology;genomics;bioinformatics;targeted-therapy;statistics;liquid-biopsy,"Article-supported domains, not all applicable to every expression; inspect the article evidence map",sentence-frame,exploratory biomarker subgroup analysis within an open-label single-arm phase2 trial,jto-2026-42749050-language.md,Discussion,75,"自拟STK11迁移限制；pp63–71,78–80。",single-paper-synthesis,synthetic-model
JTO-42749050-LINE-77,"These exploratory observations motivate validation of [biomarker strategy] in adequately powered, prospectively defined analyses.",42749050,conclusion,,sentence-frame,clinical-oncology;genomics;bioinformatics;targeted-therapy;statistics;liquid-biopsy,"Article-supported domains, not all applicable to every expression; inspect the article evidence map",sentence-frame,exploratory biomarker subgroup analysis within an open-label single-arm phase2 trial,jto-2026-42749050-language.md,Conclusion,77,自拟结尾句型；pp20–21；不写成临床决策支持。,single-paper-synthesis,synthetic-model
JTO-42749050-LINE-79,"Each column represents [the stated sample unit], with baseline and end-of-treatment panels displayed separately.",42749050,figure,,sentence-frame,clinical-oncology;genomics;bioinformatics;targeted-therapy;statistics;liquid-biopsy,"Article-supported domains, not all applicable to every expression; inspect the article evidence map",sentence-frame,exploratory biomarker subgroup analysis within an open-label single-arm phase2 trial,jto-2026-42749050-language.md,Figure legends,79,自拟热图图注；pp78–80；必须按真实样本单位说明，不能凭排列假设患者一一配对。,single-paper-synthesis,synthetic-model
JTO-42749050-LINE-80,"Fusion variants, sequence mutations and copy-number events are encoded as distinct alteration classes.",42749050,figure,,sentence-frame,clinical-oncology;genomics;bioinformatics;targeted-therapy;statistics;liquid-biopsy,"Article-supported domains, not all applicable to every expression; inspect the article evidence map",sentence-frame,exploratory biomarker subgroup analysis within an open-label single-arm phase2 trial,jto-2026-42749050-language.md,Figure legends,80,"自拟图注框架；pp34–35,63–71；只用于确实区分了这些图层的图。",single-paper-synthesis,synthetic-model
JTO-42749050-LINE-82,[Define treatment-history cohorts] → [specify analyte and collection time] → [describe the panel and variant scope] → [define longitudinal response categories] → [state endpoint-specific data locks] → [report evaluable denominators].,42749050,methods,,paragraph-structure,clinical-oncology;genomics;bioinformatics;targeted-therapy;statistics;liquid-biopsy,"Article-supported domains, not all applicable to every expression; inspect the article evidence map",paragraph-model,exploratory biomarker subgroup analysis within an open-label single-arm phase2 trial,jto-2026-42749050-language.md,Methods paragraph structure,82,"自拟段落结构；pp12–14,61–62。",single-paper-synthesis,synthetic-model
JTO-42749050-LINE-84,[Define biomarker subgroup and denominator] → [report response and survival with uncertainty] → [separate plasma from tissue] → [describe paired emergent alterations] → [retain unknown mechanisms and nonordered results].,42749050,results,,paragraph-structure,clinical-oncology;genomics;bioinformatics;targeted-therapy;statistics;liquid-biopsy,"Article-supported domains, not all applicable to every expression; inspect the article evidence map",paragraph-model,exploratory biomarker subgroup analysis within an open-label single-arm phase2 trial,jto-2026-42749050-language.md,Results paragraph structure,84,"自拟段落结构；pp14–18,29–41。",single-paper-synthesis,synthetic-model
JTO-42749050-LINE-86,[Summarize observed activity] → [separate prognosis from predictive interaction] → [propose bounded resistance hypotheses] → [acknowledge assay and sample-size limits] → [state the prospective or functional work still needed].,42749050,discussion,,paragraph-structure,clinical-oncology;genomics;bioinformatics;targeted-therapy;statistics;liquid-biopsy,"Article-supported domains, not all applicable to every expression; inspect the article evidence map",paragraph-model,exploratory biomarker subgroup analysis within an open-label single-arm phase2 trial,jto-2026-42749050-language.md,Discussion paragraph structure,86,自拟段落结构；pp18–21。,single-paper-synthesis,synthetic-model
