pmid,year,journal,title,chinese_title,doi,pubmed_url,doi_url,group,group_label,topic,coalteration,maintenance_scope,screening_level,prior_screening_finding,screening_caution,public_text_access,local_pdf_status,local_pdf_filename,local_pdf_sha256,reading_stage,main_read_completed_on,review_status,supplement_status,stk11_highlight,checked_on,maintenance_added_on,selection_role,selection_note,issue_date,electronic_dates,metadata_retrieved_on,screening_level_current
36049658,2023,Journal of Thoracic Oncology,"Safety of First-Line Nivolumab Plus Ipilimumab in Patients With Metastatic NSCLC: A Pooled Analysis of CheckMate 227, CheckMate 568, and CheckMate 817.",转移性NSCLC一线纳武利尤单抗联合伊匹木单抗的安全性：CheckMate 227、568及817汇总分析,10.1016/j.jtho.2022.08.014,https://pubmed.ncbi.nlm.nih.gov/36049658/,https://doi.org/10.1016/j.jtho.2022.08.014,I,免疫治疗/免疫微环境,免疫治疗/免疫微环境,not_curated_this_screen,candidate_for_original_source_learning_subject_to_eligibility,metadata_title_screened_not_fulltext_read,2026-09-29范围扩展：题名/题录筛选，不是精读,须全文核准研究范围；题名筛选不验证具体方法或结果,not_assessed_this_expansion,not_located_in_20260929_first_three_page_scan,,,not_registered_as_deep_read,,not_registered,not_reviewed_this_expansion,no,2026-09-29,2026-09-29,research_candidate,,2023-Jan,2022-08-30,2026-09-28,metadata_title_screened_not_fulltext_read
36184067,2023,Journal of Thoracic Oncology,Factors Associated With Developing Neurocognitive Adverse Events in Patients Receiving Lorlatinib After Progression on Other Targeted Therapies.,其他靶向治疗进展后接受洛拉替尼患者发生神经认知不良事件的相关因素,10.1016/j.jtho.2022.09.219,https://pubmed.ncbi.nlm.nih.gov/36184067/,https://doi.org/10.1016/j.jtho.2022.09.219,T,靶向治疗/耐药/试验延伸,靶向治疗/耐药/试验延伸,not_curated_this_screen,candidate_for_original_source_learning_subject_to_eligibility,metadata_and_abstract_scope_screened,2026-09-29范围扩展：题名/题录筛选，不是精读,须全文核准研究范围；题名筛选不验证具体方法或结果,not_assessed_this_expansion,not_located_in_20260929_first_three_page_scan,,,not_registered_as_deep_read,,not_registered,not_reviewed_this_expansion,no,2026-09-29,2026-09-29,research_candidate,,2023-Jan,2022-09-29,2026-09-28,metadata_and_abstract_scope_screened
36184068,2023,Journal of Thoracic Oncology,"Tislelizumab Versus Docetaxel in Patients With Previously Treated Advanced NSCLC (RATIONALE-303): A Phase 3, Open-Label, Randomized Controlled Trial.",RATIONALE-303：替雷利珠单抗对比多西他赛治疗经治晚期NSCLC的III期随机试验,10.1016/j.jtho.2022.09.217,https://pubmed.ncbi.nlm.nih.gov/36184068/,https://doi.org/10.1016/j.jtho.2022.09.217,I,免疫治疗/免疫微环境,免疫治疗/免疫微环境,not_curated_this_screen,candidate_for_original_source_learning_subject_to_eligibility,metadata_title_screened_not_fulltext_read,2026-09-29范围扩展：题名/题录筛选，不是精读,须全文核准研究范围；题名筛选不验证具体方法或结果,not_assessed_this_expansion,not_located_in_20260929_first_three_page_scan,,,not_registered_as_deep_read,,not_registered,not_reviewed_this_expansion,no,2026-09-29,2026-09-29,research_candidate,,2023-Jan,2022-09-29,2026-09-28,metadata_title_screened_not_fulltext_read
36191882,2023,Journal of Thoracic Oncology,"Adebrelimab (SHR-1316) in Combination With Chemotherapy as Perioperative Treatment in Patients With Resectable Stage II to III NSCLCs: An Open-Label, Multicenter, Phase 1b Trial.",阿得贝利单抗联合化疗用于可切除II–III期NSCLC围手术期治疗的Ib期研究,10.1016/j.jtho.2022.09.222,https://pubmed.ncbi.nlm.nih.gov/36191882/,https://doi.org/10.1016/j.jtho.2022.09.222,I,免疫治疗/免疫微环境,免疫治疗/免疫微环境,not_curated_this_screen,candidate_for_original_source_learning_subject_to_eligibility,metadata_and_abstract_scope_screened,2026-09-29范围扩展：题名/题录筛选，不是精读,须全文核准研究范围；题名筛选不验证具体方法或结果,not_assessed_this_expansion,not_located_in_20260929_first_three_page_scan,,,not_registered_as_deep_read,,not_registered,not_reviewed_this_expansion,no,2026-09-29,2026-09-29,research_candidate,,2023-Feb,2022-10-01,2026-09-28,metadata_and_abstract_scope_screened
36240971,2023,Journal of Thoracic Oncology,Targeting NFE2L2/KEAP1 Mutations in Advanced NSCLC With the TORC1/2 Inhibitor TAK-228.,以TORC1/2抑制剂TAK-228靶向晚期NSCLC中的NFE2L2/KEAP1突变,10.1016/j.jtho.2022.09.225,https://pubmed.ncbi.nlm.nih.gov/36240971/,https://doi.org/10.1016/j.jtho.2022.09.225,C,共改变重点,耐药与功能基因组学,KRAS与KEAP1/NFE2L2共突变入组,candidate_for_original_source_learning_subject_to_eligibility,targeted_fulltext_screen,分NFE2L2鳞癌、KEAP1鳞癌、KRAS共突变组；共突变可评价6例ORR0，适合作为阴性转化对照,共突变选择不等于对所有这类患者有效；各队列分母很小,obtained_for_screening_not_equivalent_to_deep_read,hash_verified_local_pdf,Paik_Targeting_NFE2L2_KEAP1_Mutations_in_Advanced_NSCLC_W_PMID36240971_typeset.pdf,7e72b519a8553658fcd79a1ec730d98140fe047de536ae303d0b98a0013cee6a,main_text_deep_read_complete,2026-09-28,not_reviewed,not_supplied,no,2026-09-29,2026-09-28,research_candidate,,2023-Apr,2022-10-12,2026-09-28,prior_screening_preserved
36240972,2023,Journal of Thoracic Oncology,NEPTUNE: Phase 3 Study of First-Line Durvalumab Plus Tremelimumab in Patients With Metastatic NSCLC.,NEPTUNE：一线度伐利尤单抗联合替西木单抗治疗转移性NSCLC的III期研究,10.1016/j.jtho.2022.09.223,https://pubmed.ncbi.nlm.nih.gov/36240972/,https://doi.org/10.1016/j.jtho.2022.09.223,T,临床试验延伸,TMB伴随分析,bTMB筛选，未确认共突变分析,candidate_for_original_source_learning_subject_to_eligibility,abstract_only,保留阴性生物标志物试验参考，移出共突变核心,主要OS终点未达显著；不得写成双免疫已证实获益,not_obtained_in_prior_screen,not_located_in_previous_broad_scan_and_current_intake,,,not_registered_as_deep_read,,not_registered,not_reviewed_this_intake,no,2026-09-29,2026-09-28,research_candidate,,2023-Jan,2022-10-12,2026-09-28,prior_screening_preserved
36243387,2023,Journal of Thoracic Oncology,"SCLC: Epidemiology, Risk Factors, Genetic Susceptibility, Molecular Pathology, Screening, and Early Detection.",SCLC的流行病学、危险因素、遗传易感性、分子病理、筛查及早期检测,10.1016/j.jtho.2022.10.002,https://pubmed.ncbi.nlm.nih.gov/36243387/,https://doi.org/10.1016/j.jtho.2022.10.002,R,综述/共识背景,综述,SCLC共缺失/互斥扩增背景,background_only_not_original_language_learning,targeted_fulltext_screen,MYC家族、RB1/TP53及表观基因，保留背景层,模型/原始人群来自被引文献，不能算本综述独立队列,obtained_for_screening_not_equivalent_to_deep_read,not_located_in_previous_broad_scan_and_current_intake,,,not_registered_as_deep_read,,not_registered,not_reviewed_this_intake,no,2026-09-29,2026-09-28,background,,2023-Jan,2022-10-12,2026-09-28,prior_screening_preserved
36307040,2023,Journal of Thoracic Oncology,Treatment Characteristics and Real-World Progression-Free Survival in Patients With Unresectable Stage III NSCLC Who Received Durvalumab After Chemoradiotherapy: Findings From the PACIFIC-R Study.,PACIFIC-R：不可切除III期NSCLC放化疗后度伐利尤单抗的治疗特征和真实世界PFS,10.1016/j.jtho.2022.10.003,https://pubmed.ncbi.nlm.nih.gov/36307040/,https://doi.org/10.1016/j.jtho.2022.10.003,I,免疫治疗/免疫微环境,免疫治疗/免疫微环境,not_curated_this_screen,candidate_for_original_source_learning_subject_to_eligibility,metadata_title_screened_not_fulltext_read,2026-09-29范围扩展：题名/题录筛选，不是精读,须全文核准研究范围；题名筛选不验证具体方法或结果,not_assessed_this_expansion,not_located_in_20260929_first_three_page_scan,,,not_registered_as_deep_read,,not_registered,not_reviewed_this_expansion,no,2026-09-29,2026-09-29,research_candidate,,2023-Feb,2022-10-25,2026-09-28,metadata_title_screened_not_fulltext_read
36307041,2023,Journal of Thoracic Oncology,UNcommon EGFR Mutations: International Case Series on Efficacy of Osimertinib in Real-Life Practice in First-LiNe Setting (UNICORN).,罕见EGFR突变：一线奥希替尼真实世界国际病例系列UNICORN,10.1016/j.jtho.2022.10.004,https://pubmed.ncbi.nlm.nih.gov/36307041/,https://doi.org/10.1016/j.jtho.2022.10.004,C,共改变重点,基因组分型与临床结局,同基因复合突变；耐药伴随改变,candidate_for_original_source_learning_subject_to_eligibility,abstract_only,比较罕见EGFR单独/复合突变；再活检报告TP53、MET扩增、PIK3CA及转化，可借鉴耐药分层,同基因compound不等于跨基因共突变；再活检样本很小,not_obtained_in_prior_screen,not_located_in_previous_broad_scan_and_current_intake,,,not_registered_as_deep_read,,not_registered,not_reviewed_this_intake,no,2026-09-29,2026-09-28,research_candidate,,2023-Feb,2022-10-25,2026-09-28,prior_screening_preserved
36379355,2023,Journal of Thoracic Oncology,A Clinician's Guide to Bioinformatics for Next-Generation Sequencing.,临床研究者的下一代测序生物信息学指南,10.1016/j.jtho.2022.11.006,https://pubmed.ncbi.nlm.nih.gov/36379355/,https://doi.org/10.1016/j.jtho.2022.11.006,R,综述/共识背景,方法学综述,NGS生信方法，不是共突变队列,background_only_not_original_language_learning,targeted_fulltext_screen,取材、纯度、WGS/WES/panel范围及生信解释，优先Methods词汇来源候选,靶panel外未检测不等于野生型；CN不稳时纯度估计也不可靠,obtained_for_screening_not_equivalent_to_deep_read,not_located_in_previous_broad_scan_and_current_intake,,,not_registered_as_deep_read,,not_registered,not_reviewed_this_intake,no,2026-09-29,2026-09-28,background,,2023-Feb,2022-11-12,2026-09-28,prior_screening_preserved
36379356,2023,Journal of Thoracic Oncology,Expert Consensus Recommendations on Biomarker Testing in Metastatic and Nonmetastatic NSCLC in Asia.,亚洲转移性及非转移性NSCLC生物标志物检测专家共识,10.1016/j.jtho.2022.10.021,https://pubmed.ncbi.nlm.nih.gov/36379356/,https://doi.org/10.1016/j.jtho.2022.10.021,R,综述/共识背景,共识,检测共识，非原始共突变队列,background_only_not_original_language_learning,abstract_only,保留组织/液体及常见/罕见驱动检测背景,2023共识不作为2026实时临床推荐,not_obtained_in_prior_screen,not_located_in_previous_broad_scan_and_current_intake,,,not_registered_as_deep_read,,not_registered,not_reviewed_this_intake,no,2026-09-29,2026-09-28,background,,2023-Apr,2022-11-12,2026-09-28,prior_screening_preserved
36410696,2023,Journal of Thoracic Oncology,An Interleukin-15 Superagonist Enables Antitumor Efficacy of Natural Killer Cells Against All Molecular Variants of SCLC.,白细胞介素15超级激动剂增强NK细胞对SCLC各分子变体的抗肿瘤效应,10.1016/j.jtho.2022.11.008,https://pubmed.ncbi.nlm.nih.gov/36410696/,https://doi.org/10.1016/j.jtho.2022.11.008,I,免疫治疗/免疫微环境,免疫治疗/免疫微环境,not_curated_this_screen,candidate_for_original_source_learning_subject_to_eligibility,metadata_title_screened_not_fulltext_read,2026-09-29范围扩展：题名/题录筛选，不是精读,须全文核准研究范围；题名筛选不验证具体方法或结果,not_assessed_this_expansion,not_located_in_20260929_first_three_page_scan,,,not_registered_as_deep_read,,not_registered,not_reviewed_this_expansion,no,2026-09-29,2026-09-29,research_candidate,,2023-Mar,2022-11-21,2026-09-28,metadata_title_screened_not_fulltext_read
36441095,2023,Journal of Thoracic Oncology,MET alterations in NSCLC-Current Perspectives and Future Challenges.,NSCLC中的MET改变：现状与未来挑战,10.1016/j.jtho.2022.10.015,https://pubmed.ncbi.nlm.nih.gov/36441095/,https://doi.org/10.1016/j.jtho.2022.10.015,R,综述/共识背景,综述,MET旁路耐药背景,background_only_not_original_language_learning,abstract_only,区分ex14、扩增、过表达及旁路耐药,不同MET生物标志物不可合并；药物批准状态需另核最新信息,not_obtained_in_prior_screen,not_located_in_previous_broad_scan_and_current_intake,,,not_registered_as_deep_read,,not_registered,not_reviewed_this_intake,no,2026-09-29,2026-09-28,background,,2023-Apr,2022-10-29,2026-09-28,prior_screening_preserved
36473627,2023,Journal of Thoracic Oncology,PTEN Loss Expands the Histopathologic Diversity and Lineage Plasticity of Lung Cancers Initiated by Rb1/Trp53 Deletion.,PTEN缺失扩展Rb1/Trp53缺失驱动肺癌的组织病理多样性及谱系可塑性,10.1016/j.jtho.2022.11.019,https://pubmed.ncbi.nlm.nih.gov/36473627/,https://doi.org/10.1016/j.jtho.2022.11.019,C,共改变重点,耐药与功能基因组学,工程化Rb1/Trp53/Pten共缺失,candidate_for_original_source_learning_subject_to_eligibility,targeted_fulltext_screen,Pten剂量和起源细胞改变生存/谱系，适合共抑癌基因功能机制,工程化共缺失不是患者自然共突变关联；小鼠生存不等于临床疗效,obtained_for_screening_not_equivalent_to_deep_read,not_located_in_previous_broad_scan_and_current_intake,,,not_registered_as_deep_read,,not_registered,not_reviewed_this_intake,no,2026-09-29,2026-09-28,research_candidate,,2023-Mar,2022-12-05,2026-09-28,prior_screening_preserved
36494074,2023,Journal of Thoracic Oncology,Quantifying the Value of Multigene Testing in Resected Early Stage Lung Adenocarcinoma.,量化已切除早期肺腺癌多基因检测的价值,10.1016/j.jtho.2022.11.027,https://pubmed.ncbi.nlm.nih.gov/36494074/,https://doi.org/10.1016/j.jtho.2022.11.027,L,液体活检/检测/胚系/药物基因组学,分子检测与诊断分期,未在摘要确认共改变分析,candidate_for_original_source_learning_subject_to_eligibility,abstract_only,早期LUAD多基因检测覆盖、启动治疗时效及经济学价值；非共突变疗效核心,模型估算不是随机比较的节省额,not_obtained_in_prior_screen,not_located_in_previous_broad_scan_and_current_intake,,,not_registered_as_deep_read,,not_registered,not_reviewed_this_intake,no,2026-09-29,2026-09-28,research_candidate,,2023-Apr,2022-12-06,2026-09-28,prior_screening_preserved
36494075,2023,Journal of Thoracic Oncology,Molecular Biomarkers of Disease Outcomes and Mechanisms of Acquired Resistance to First-Line Osimertinib in Advanced EGFR-Mutant Lung Cancers.,晚期EGFR突变肺癌一线奥希替尼的结局标志物与获得性耐药机制,10.1016/j.jtho.2022.11.022,https://pubmed.ncbi.nlm.nih.gov/36494075/,https://doi.org/10.1016/j.jtho.2022.11.022,C,共改变重点,耐药与功能基因组学,EGFR伴TP53/RB1及获得性耐药,candidate_for_original_source_learning_subject_to_eligibility,targeted_fulltext_screen,TP53/RB1与较短rwPFS，转化只见于其中部分患者,共TP53/RB1不等于必然转化；选择性再活检及真实世界混杂,obtained_for_screening_not_equivalent_to_deep_read,hash_verified_local_pdf,Choudhury_Molecular_Biomarkers_of_Disease_Outcomes_and_Mechani_PMID36494075_typeset.pdf,e73bce75e0bce8d13dd49a461131334535e9e3fcab9b36426c21cec6a09529d8,main_text_deep_read_complete,2026-09-28,not_reviewed,not_supplied,no,2026-09-29,2026-09-28,research_candidate,,2023-Apr,2022-12-06,2026-09-28,prior_screening_preserved
36503175,2023,Journal of Thoracic Oncology,Plasma Progastrin-Releasing Peptide and Chromogranin A Assays for Diagnosing and Monitoring Lung Well-Differentiated Neuroendocrine Tumors: A Brief Report.,血浆ProGRP和嗜铬粒蛋白A用于肺高分化神经内分泌肿瘤诊断及监测,10.1016/j.jtho.2022.11.021,https://pubmed.ncbi.nlm.nih.gov/36503175/,https://doi.org/10.1016/j.jtho.2022.11.021,L,检测/标志物/液体活检,检测/标志物/液体活检,not_curated_this_screen,candidate_for_original_source_learning_subject_to_eligibility,metadata_and_abstract_scope_screened,2026-09-29范围扩展：题名/题录筛选，不是精读,靶向血液蛋白标志物检测，不等于全蛋白组学,not_assessed_this_expansion,not_located_in_20260929_first_three_page_scan,,,not_registered_as_deep_read,,not_registered,not_reviewed_this_expansion,no,2026-09-29,2026-09-29,research_candidate,靶向血液蛋白标志物检测，不等于全蛋白组学,2023-Mar,2022-12-09,2026-09-28,metadata_and_abstract_scope_screened
36528243,2023,Journal of Thoracic Oncology,Tobacco Smoking-Related Mutational Signatures in Classifying Smoking-Associated and Nonsmoking-Associated NSCLC.,利用烟草相关突变特征区分吸烟相关与非吸烟相关NSCLC,10.1016/j.jtho.2022.11.030,https://pubmed.ncbi.nlm.nih.gov/36528243/,https://doi.org/10.1016/j.jtho.2022.11.030,G,其他DNA基因组学,基因组图谱与突变特征,基因组背景比较，非共突变核心,candidate_for_original_source_learning_subject_to_eligibility,abstract_only,按突变特征而非自报吸烟史重分组；适合基因组图谱、暴露与混杂表达,分子签名与病史并非可互换变量,not_obtained_in_prior_screen,not_located_in_previous_broad_scan_and_current_intake,,,not_registered_as_deep_read,,not_registered,not_reviewed_this_intake,no,2026-09-29,2026-09-28,research_candidate,,2023-Apr,2022-12-14,2026-09-28,prior_screening_preserved
36535627,2023,Journal of Thoracic Oncology,Single-Cell Analysis Reveals Transcriptomic Features of Drug-Tolerant Persisters and Stromal Adaptation in a Patient-Derived EGFR-Mutated Lung Adenocarcinoma Xenograft Model.,单细胞分析揭示EGFR突变肺腺癌患者来源移植模型中耐药持留细胞及基质适应的转录特征,10.1016/j.jtho.2022.12.003,https://pubmed.ncbi.nlm.nih.gov/36535627/,https://doi.org/10.1016/j.jtho.2022.12.003,M,RNA/表观/单细胞/空间/影像及机制,耐药与功能基因组学,未在摘要确认跨基因共突变,candidate_for_original_source_learning_subject_to_eligibility,abstract_only,DTP保持克隆架构但发生转录及CAF状态改变，重点是非遗传耐药,不能把表达状态差异写成新增DNA突变,not_obtained_in_prior_screen,archived_hash_verified,Moghal_Single_Cell_Analysis_Reveals_Transcriptomic_Features_of_Drug_PMID36535627_publisher_typeset_pdf.pdf,4dcc98c7cb4b2cd6f1e0a5a4f18d720c4bc0c0a458f4340d55968010eaa52a5f,main_text_deep_read_complete,2026-09-29,not_reviewed,not_supplied,no,2026-09-29,2026-09-28,research_candidate,,2023-Apr,2022-12-16,2026-09-28,supplied_main_text_deep_read_complete
36641093,2023,Journal of Thoracic Oncology,CD73 Inhibitor Oleclumab Plus Osimertinib in Previously Treated Patients With Advanced T790M-Negative EGFR-Mutated NSCLC: A Brief Report.,CD73抑制剂Oleclumab联合奥希替尼治疗经治T790M阴性EGFR突变晚期NSCLC,10.1016/j.jtho.2022.12.021,https://pubmed.ncbi.nlm.nih.gov/36641093/,https://doi.org/10.1016/j.jtho.2022.12.021,I,免疫治疗/免疫微环境,免疫治疗/免疫微环境,not_curated_this_screen,candidate_for_original_source_learning_subject_to_eligibility,metadata_title_screened_not_fulltext_read,2026-09-29范围扩展：题名/题录筛选，不是精读,须全文核准研究范围；题名筛选不验证具体方法或结果,not_assessed_this_expansion,not_located_in_20260929_first_three_page_scan,,,not_registered_as_deep_read,,not_registered,not_reviewed_this_expansion,no,2026-09-29,2026-09-29,research_candidate,,2023-May,2023-01-11,2026-09-28,metadata_title_screened_not_fulltext_read
36646209,2023,Journal of Thoracic Oncology,Baseline Radiomic Signature to Estimate Overall Survival in Patients With NSCLC.,用于估计NSCLC总生存的基线影像组学特征,10.1016/j.jtho.2022.12.019,https://pubmed.ncbi.nlm.nih.gov/36646209/,https://doi.org/10.1016/j.jtho.2022.12.019,I,免疫治疗/免疫微环境,免疫治疗/免疫微环境,not_curated_this_screen,candidate_for_original_source_learning_subject_to_eligibility,metadata_and_abstract_scope_screened,2026-09-29范围扩展：题名/题录筛选，不是精读,须全文核准研究范围；题名筛选不验证具体方法或结果,not_assessed_this_expansion,not_located_in_20260929_first_three_page_scan,,,not_registered_as_deep_read,,not_registered,not_reviewed_this_expansion,no,2026-09-29,2026-09-29,research_candidate,,2023-May,2023-01-13,2026-09-28,metadata_and_abstract_scope_screened
36646210,2023,Journal of Thoracic Oncology,Camrelizumab Plus Carboplatin and Pemetrexed as First-Line Treatment for Advanced Nonsquamous NSCLC: Extended Follow-Up of CameL Phase 3 Trial.,CameL III期延长随访：卡瑞利珠单抗联合卡铂和培美曲塞一线治疗非鳞NSCLC,10.1016/j.jtho.2022.12.017,https://pubmed.ncbi.nlm.nih.gov/36646210/,https://doi.org/10.1016/j.jtho.2022.12.017,I,免疫治疗/免疫微环境,免疫治疗/免疫微环境,not_curated_this_screen,candidate_for_original_source_learning_subject_to_eligibility,metadata_title_screened_not_fulltext_read,2026-09-29范围扩展：题名/题录筛选，不是精读,须全文核准研究范围；题名筛选不验证具体方法或结果,not_assessed_this_expansion,not_located_in_20260929_first_three_page_scan,,,not_registered_as_deep_read,,not_registered,not_reviewed_this_expansion,no,2026-09-29,2026-09-29,research_candidate,,2023-May,2023-01-13,2026-09-28,metadata_title_screened_not_fulltext_read
36646211,2023,Journal of Thoracic Oncology,RET-MAP: An International Multicenter Study on Clinicobiologic Features and Treatment Response in Patients With Lung Cancer Harboring a RET Fusion.,RET-MAP：RET融合肺癌临床生物学特征与治疗反应的国际多中心研究,10.1016/j.jtho.2022.12.018,https://pubmed.ncbi.nlm.nih.gov/36646211/,https://doi.org/10.1016/j.jtho.2022.12.018,G,其他DNA基因组学,基因组分型与临床结局,未在摘要确认共突变分析,candidate_for_original_source_learning_subject_to_eligibility,abstract_only,融合伴侣、TMB、PD-L1、转移及治疗结局图谱，适合临床基因组文章框架,治疗组非随机且年代跨度大，OS差异不能直接作因果比较,not_obtained_in_prior_screen,not_located_in_previous_broad_scan_and_current_intake,,,not_registered_as_deep_read,,not_registered,not_reviewed_this_intake,no,2026-09-29,2026-09-28,research_candidate,,2023-May,2023-01-13,2026-09-28,prior_screening_preserved
36657661,2023,Journal of Thoracic Oncology,Central Nervous System Disease in Patients With RET Fusion-Positive NSCLC Treated With Selpercatinib.,塞普替尼治疗RET融合阳性NSCLC患者的中枢神经系统病变,10.1016/j.jtho.2023.01.008,https://pubmed.ncbi.nlm.nih.gov/36657661/,https://doi.org/10.1016/j.jtho.2023.01.008,T,靶向治疗/耐药/试验延伸,靶向治疗/耐药/试验延伸,not_curated_this_screen,candidate_for_original_source_learning_subject_to_eligibility,metadata_title_screened_not_fulltext_read,2026-09-29范围扩展：题名/题录筛选，不是精读,须全文核准研究范围；题名筛选不验证具体方法或结果,not_assessed_this_expansion,not_located_in_20260929_first_three_page_scan,,,not_registered_as_deep_read,,not_registered,not_reviewed_this_expansion,no,2026-09-29,2026-09-29,research_candidate,,2023-May,2023-01-16,2026-09-28,metadata_title_screened_not_fulltext_read
36738928,2023,Journal of Thoracic Oncology,"Efficacy, Safety, and Health-Related Quality of Life With Camrelizumab Plus Pemetrexed and Carboplatin as First-Line Treatment for Advanced Nonsquamous NSCLC With Brain Metastases (CAP-BRAIN): A Multicenter, Open-Label, Single-Arm, Phase 2 Study.",CAP-BRAIN：卡瑞利珠单抗联合化疗一线治疗伴脑转移非鳞NSCLC的疗效、安全性及生活质量,10.1016/j.jtho.2023.01.083,https://pubmed.ncbi.nlm.nih.gov/36738928/,https://doi.org/10.1016/j.jtho.2023.01.083,I,免疫治疗/免疫微环境,免疫治疗/免疫微环境,not_curated_this_screen,candidate_for_original_source_learning_subject_to_eligibility,metadata_title_screened_not_fulltext_read,2026-09-29范围扩展：题名/题录筛选，不是精读,须全文核准研究范围；题名筛选不验证具体方法或结果,not_assessed_this_expansion,not_located_in_20260929_first_three_page_scan,,,not_registered_as_deep_read,,not_registered,not_reviewed_this_expansion,no,2026-09-29,2026-09-29,research_candidate,,2023-Jun,2023-02-02,2026-09-28,metadata_title_screened_not_fulltext_read
36738930,2023,Journal of Thoracic Oncology,Distribution and Detectability of EGFR Exon 20 Insertion Variants in NSCLC.,NSCLC中EGFR外显子20插入变异的分布与可检出性,10.1016/j.jtho.2023.01.086,https://pubmed.ncbi.nlm.nih.gov/36738930/,https://doi.org/10.1016/j.jtho.2023.01.086,L,液体活检/检测/胚系/药物基因组学,分子检测与诊断分期,单基因变异谱，非共突变,candidate_for_original_source_learning_subject_to_eligibility,abstract_only,重点检测漏检与变体覆盖；保留方法学层,CV文献表命中不是本地正文；PCR推定检出率不能等同真实前瞻性敏感度,not_obtained_in_prior_screen,not_located_in_previous_broad_scan_and_current_intake,,,not_registered_as_deep_read,,not_registered,not_reviewed_this_intake,no,2026-09-29,2026-09-28,research_candidate,,2023-Jun,2023-02-03,2026-09-28,prior_screening_preserved
36773776,2023,Journal of Thoracic Oncology,A Novel Radiogenomics Biomarker for Predicting Treatment Response and Pneumotoxicity From Programmed Cell Death Protein or Ligand-1 Inhibition Immunotherapy in NSCLC.,预测NSCLC免疫治疗反应和肺毒性的影像基因组学标志物,10.1016/j.jtho.2023.01.089,https://pubmed.ncbi.nlm.nih.gov/36773776/,https://doi.org/10.1016/j.jtho.2023.01.089,M,RNA/表观/单细胞/空间/影像及机制,影像组学与转录组,RNA相关影像组学，非DNA共突变,candidate_for_original_source_learning_subject_to_eligibility,abstract_only,保留影像-转录关联方法，不进狭义基因组/共突变核心,部分AUC区间跨0.5；影像代理不能替代组织基因型,not_obtained_in_prior_screen,not_located_in_previous_broad_scan_and_current_intake,,,not_registered_as_deep_read,,not_registered,not_reviewed_this_intake,no,2026-09-29,2026-09-28,research_candidate,,2023-Jun,2023-02-10,2026-09-28,prior_screening_preserved
36775193,2023,Journal of Thoracic Oncology,Clinicopathologic and Genomic Factors Impacting Efficacy of First-Line Chemoimmunotherapy in Advanced NSCLC.,影响晚期NSCLC一线化疗联合免疫治疗疗效的临床病理及基因组因素,10.1016/j.jtho.2023.01.091,https://pubmed.ncbi.nlm.nih.gov/36775193/,https://doi.org/10.1016/j.jtho.2023.01.091,C,共改变重点,共改变与免疫治疗,KRAS伴STK11/KEAP1/SMARCA4；三TSG共改变,candidate_for_original_source_learning_subject_to_eligibility,targeted_fulltext_screen,STK11关联受KRAS背景影响；KEAP1/SMARCA4在KRAS野生/突变均不利，0/1/2/3基因计数框架值得借鉴,全体非鳞多变量STK11不显著，KRAS分层后不同；无单纯化疗对照，不能称已证实预测性,obtained_for_screening_not_equivalent_to_deep_read,hash_verified_local_pdf,Alessi_Clinicopathologic_and_Genomic_Factors_Impacting_Effi_PMID36775193_typeset.pdf,bf807ebc10ee26e9c5615fc2287c5c02f9b8fb1af2d4775678f0865860b6bfd3,main_text_deep_read_complete,2026-09-28,not_reviewed,not_supplied,no,2026-09-29,2026-09-28,research_candidate,,2023-Jun,2023-02-10,2026-09-28,prior_screening_preserved
36841540,2023,Journal of Thoracic Oncology,Brief Report: Durvalumab After Chemoradiotherapy in Unresectable Stage III EGFR-Mutant NSCLC: A Post Hoc Subgroup Analysis From PACIFIC.,PACIFIC事后亚组分析：不可切除III期EGFR突变NSCLC放化疗后度伐利尤单抗,10.1016/j.jtho.2023.02.009,https://pubmed.ncbi.nlm.nih.gov/36841540/,https://doi.org/10.1016/j.jtho.2023.02.009,I,免疫治疗/免疫微环境,免疫治疗/免疫微环境,not_curated_this_screen,candidate_for_original_source_learning_subject_to_eligibility,metadata_title_screened_not_fulltext_read,2026-09-29范围扩展：题名/题录筛选，不是精读,须全文核准研究范围；题名筛选不验证具体方法或结果,not_assessed_this_expansion,not_located_in_20260929_first_three_page_scan,,,not_registered_as_deep_read,,not_registered,not_reviewed_this_expansion,no,2026-09-29,2026-09-29,research_candidate,,2023-May,2023-02-24,2026-09-28,metadata_title_screened_not_fulltext_read
36842467,2023,Journal of Thoracic Oncology,MRTX-500 Phase 2 Trial: Sitravatinib With Nivolumab in Patients With Nonsquamous NSCLC Progressing On or After Checkpoint Inhibitor Therapy or Chemotherapy.,MRTX-500：Sitravatinib联合纳武利尤单抗治疗免疫检查点抑制或化疗后进展的非鳞NSCLC,10.1016/j.jtho.2023.02.016,https://pubmed.ncbi.nlm.nih.gov/36842467/,https://doi.org/10.1016/j.jtho.2023.02.016,I,免疫治疗/免疫微环境,免疫治疗/免疫微环境,not_curated_this_screen,candidate_for_original_source_learning_subject_to_eligibility,metadata_title_screened_not_fulltext_read,2026-09-29范围扩展：题名/题录筛选，不是精读,须全文核准研究范围；题名筛选不验证具体方法或结果,not_assessed_this_expansion,not_located_in_20260929_first_three_page_scan,,,not_registered_as_deep_read,,not_registered,not_reviewed_this_expansion,no,2026-09-29,2026-09-29,research_candidate,,2023-Jul,2023-02-24,2026-09-28,metadata_title_screened_not_fulltext_read
36870519,2023,Journal of Thoracic Oncology,"Efficacy, Safety, and Biomarker Analysis of Neoadjuvant Camrelizumab and Apatinib in Patients With Resectable NSCLC: A Phase 2 Clinical Trial.",新辅助卡瑞利珠单抗联合阿帕替尼治疗可切除NSCLC：II期试验及标志物分析,10.1016/j.jtho.2023.02.019,https://pubmed.ncbi.nlm.nih.gov/36870519/,https://doi.org/10.1016/j.jtho.2023.02.019,T,临床试验延伸,ctDNA与甲基化伴随分析,甲基化/ctDNA探索，非共突变核心,candidate_for_original_source_learning_subject_to_eligibility,abstract_only,病理反应、HOXA9/SEPT9甲基化及ctDNA关联，可作探索性标志物表达,MPR分母65与78必须区分；无随机对照,not_obtained_in_prior_screen,not_located_in_previous_broad_scan_and_current_intake,,,not_registered_as_deep_read,,not_registered,not_reviewed_this_intake,no,2026-09-29,2026-09-28,research_candidate,,2023-Jun,2023-03-02,2026-09-28,prior_screening_preserved
36948245,2023,Journal of Thoracic Oncology,Classification of Tumor Immune Microenvironment According to Programmed Death-Ligand 1 Expression and Immune Infiltration Predicts Response to Immunotherapy Plus Chemotherapy in Advanced Patients With NSCLC.,基于PD-L1表达和免疫浸润的微环境分类预测NSCLC化疗联合免疫治疗反应,10.1016/j.jtho.2023.03.012,https://pubmed.ncbi.nlm.nih.gov/36948245/,https://doi.org/10.1016/j.jtho.2023.03.012,M,RNA/表观/单细胞/空间/影像及机制,转录组与免疫微环境,RNA免疫分型，非共突变,candidate_for_original_source_learning_subject_to_eligibility,abstract_only,TIME亚型与联合治疗结局，适合转录组免疫分层,作者摘要排他性治疗建议过强；亚组非显著不证明无获益，须核对交互检验,not_obtained_in_prior_screen,archived_hash_verified,Sun_Classification_of_Tumor_Immune_Microenvironment_According_to_PMID36948245_publisher_typeset_pdf.pdf,98f88c8965d54876e358ff6d09117a3b9e61d571e839213f829ca254998cbdd6,main_text_deep_read_complete,2026-09-29,not_reviewed,not_supplied,no,2026-09-29,2026-09-28,research_candidate,,2023-Jul,2023-03-21,2026-09-28,supplied_main_text_deep_read_complete
36948246,2023,Journal of Thoracic Oncology,"D-1553 (Garsorasib), a Potent and Selective Inhibitor of KRASG12C in Patients With NSCLC: Phase 1 Study Results.",KRAS G12C抑制剂D-1553（Garsorasib）治疗NSCLC的I期研究,10.1016/j.jtho.2023.03.015,https://pubmed.ncbi.nlm.nih.gov/36948246/,https://doi.org/10.1016/j.jtho.2023.03.015,T,靶向治疗/耐药/试验延伸,靶向治疗/耐药/试验延伸,not_curated_this_screen,candidate_for_original_source_learning_subject_to_eligibility,metadata_title_screened_not_fulltext_read,2026-09-29范围扩展：题名/题录筛选，不是精读,须全文核准研究范围；题名筛选不验证具体方法或结果,not_assessed_this_expansion,not_located_in_20260929_first_three_page_scan,,,not_registered_as_deep_read,,not_registered,not_reviewed_this_expansion,no,2026-09-29,2026-09-29,research_candidate,,2023-Jul,2023-03-21,2026-09-28,metadata_title_screened_not_fulltext_read
36958688,2023,Journal of Thoracic Oncology,"Poziotinib in Treatment-Naive NSCLC Harboring HER2 Exon 20 Mutations: ZENITH20-4, A Multicenter, Multicohort, Open-Label, Phase 2 Trial (Cohort 4).",ZENITH20-4：Poziotinib治疗初治HER2外显子20突变NSCLC,10.1016/j.jtho.2023.03.016,https://pubmed.ncbi.nlm.nih.gov/36958688/,https://doi.org/10.1016/j.jtho.2023.03.016,T,靶向治疗/耐药/试验延伸,靶向治疗/耐药/试验延伸,not_curated_this_screen,candidate_for_original_source_learning_subject_to_eligibility,metadata_title_screened_not_fulltext_read,2026-09-29范围扩展：题名/题录筛选，不是精读,须全文核准研究范围；题名筛选不验证具体方法或结果,not_assessed_this_expansion,not_located_in_20260929_first_three_page_scan,,,not_registered_as_deep_read,,not_registered,not_reviewed_this_expansion,no,2026-09-29,2026-09-29,research_candidate,,2023-Aug,2023-03-21,2026-09-28,metadata_title_screened_not_fulltext_read
36958689,2023,Journal of Thoracic Oncology,"Histone Deacetylase 6 Inhibition Exploits Selective Metabolic Vulnerabilities in LKB1 Mutant, KRAS Driven NSCLC.",HDAC6抑制利用LKB1突变、KRAS驱动NSCLC的选择性代谢脆弱性,10.1016/j.jtho.2023.03.014,https://pubmed.ncbi.nlm.nih.gov/36958689/,https://doi.org/10.1016/j.jtho.2023.03.014,C,共改变重点,STK11相关机制,KRAS/LKB1对照KRAS/TP53功能背景,candidate_for_original_source_learning_subject_to_eligibility,targeted_fulltext_screen,直接STK11机制参考；KL更敏感于HDAC6抑制，代谢脆弱性与蛋白层证据,前临床主导；临床蛋白组33KRAS中12共LKB1，不能写成人体药效验证,obtained_for_screening_not_equivalent_to_deep_read,hash_verified_local_pdf,Zhang_Histone_Deacetylase_6_Inhibition_Exploits_Selective_PMID36958689_typeset.pdf,f339bfcd0b44ea5b41bb989d0ff722317711f5a0e6769f9016399f6eb2c75627,main_text_deep_read_complete,2026-09-28,not_reviewed,not_supplied,no,2026-09-29,2026-09-28,research_candidate,,2023-Jul,2023-03-22,2026-09-28,prior_screening_preserved
37001858,2023,Journal of Thoracic Oncology,Analysis of Serious Weight Gain in Patients Using Alectinib for ALK-Positive Lung Cancer.,ALK阳性肺癌接受阿来替尼患者严重体重增加的分析,10.1016/j.jtho.2023.03.020,https://pubmed.ncbi.nlm.nih.gov/37001858/,https://doi.org/10.1016/j.jtho.2023.03.020,T,靶向治疗/耐药/试验延伸,靶向治疗/耐药/试验延伸,not_curated_this_screen,candidate_for_original_source_learning_subject_to_eligibility,metadata_title_screened_not_fulltext_read,2026-09-29范围扩展：题名/题录筛选，不是精读,须全文核准研究范围；题名筛选不验证具体方法或结果,not_assessed_this_expansion,not_located_in_20260929_first_three_page_scan,,,not_registered_as_deep_read,,not_registered,not_reviewed_this_expansion,no,2026-09-29,2026-09-29,research_candidate,,2023-Aug,2023-03-29,2026-09-28,metadata_title_screened_not_fulltext_read
37001859,2023,Journal of Thoracic Oncology,Cemiplimab Plus Chemotherapy Versus Chemotherapy Alone in Advanced NSCLC: 2-Year Follow-Up From the Phase 3 EMPOWER-Lung 3 Part 2 Trial.,EMPOWER-Lung 3两年随访：Cemiplimab联合化疗对比单纯化疗治疗晚期NSCLC,10.1016/j.jtho.2023.03.008,https://pubmed.ncbi.nlm.nih.gov/37001859/,https://doi.org/10.1016/j.jtho.2023.03.008,I,免疫治疗/免疫微环境,免疫治疗/免疫微环境,not_curated_this_screen,candidate_for_original_source_learning_subject_to_eligibility,metadata_title_screened_not_fulltext_read,2026-09-29范围扩展：题名/题录筛选，不是精读,须全文核准研究范围；题名筛选不验证具体方法或结果,not_assessed_this_expansion,not_located_in_20260929_first_three_page_scan,,,not_registered_as_deep_read,,not_registered,not_reviewed_this_expansion,no,2026-09-29,2026-09-29,research_candidate,,2023-Jun,2023-03-29,2026-09-28,metadata_title_screened_not_fulltext_read
37028596,2023,Journal of Thoracic Oncology,Programmed Death-Ligand 1 Copy Number Alteration as an Adjunct Biomarker of Response to Immunotherapy in Advanced NSCLC.,PD-L1拷贝数改变作为晚期NSCLC免疫治疗反应的辅助标志物,10.1016/j.jtho.2023.03.024,https://pubmed.ncbi.nlm.nih.gov/37028596/,https://doi.org/10.1016/j.jtho.2023.03.024,G,其他DNA基因组学,拷贝数改变与免疫治疗,PD-L1拷贝数改变，非共突变,candidate_for_original_source_learning_subject_to_eligibility,abstract_only,PD-L1 CN缺失联合IHC分层，适合CNA与结局校正模型,CN不等于蛋白表达；PFS调整CI下界1.00，需谨慎表述边界显著性,not_obtained_in_prior_screen,not_located_in_previous_broad_scan_and_current_intake,,,not_registered_as_deep_read,,not_registered,not_reviewed_this_intake,no,2026-09-29,2026-09-28,research_candidate,,2023-Jul,2023-04-06,2026-09-28,prior_screening_preserved
37085032,2023,Journal of Thoracic Oncology,Korean Real-World Data on Patients With Unresectable Stage III NSCLC Treated With Durvalumab After Chemoradiotherapy: PACIFIC-KR.,PACIFIC-KR：韩国不可切除III期NSCLC放化疗后度伐利尤单抗的真实世界数据,10.1016/j.jtho.2023.04.008,https://pubmed.ncbi.nlm.nih.gov/37085032/,https://doi.org/10.1016/j.jtho.2023.04.008,I,免疫治疗/免疫微环境,免疫治疗/免疫微环境,not_curated_this_screen,candidate_for_original_source_learning_subject_to_eligibility,metadata_title_screened_not_fulltext_read,2026-09-29范围扩展：题名/题录筛选，不是精读,须全文核准研究范围；题名筛选不验证具体方法或结果,not_assessed_this_expansion,not_located_in_20260929_first_three_page_scan,,,not_registered_as_deep_read,,not_registered,not_reviewed_this_expansion,no,2026-09-29,2026-09-29,research_candidate,,2023-Aug,2023-04-20,2026-09-28,metadata_title_screened_not_fulltext_read
37146750,2023,Journal of Thoracic Oncology,Immune Infiltration in Tumor and Adjacent Non-Neoplastic Regions Codetermines Patient Clinical Outcomes in Early-Stage Lung Cancer.,肿瘤与邻近非肿瘤区域免疫浸润共同影响早期肺癌临床结局,10.1016/j.jtho.2023.04.022,https://pubmed.ncbi.nlm.nih.gov/37146750/,https://doi.org/10.1016/j.jtho.2023.04.022,M,RNA/表观/单细胞/空间/影像及机制,转录组与免疫微环境,肿瘤/邻近组织RNA与免疫，不是DNA共突变,candidate_for_original_source_learning_subject_to_eligibility,targeted_fulltext_screen,适合差异表达、邻近组织免疫、配对设计,样本119非患者119；邻近非肿瘤不一定健康对照,obtained_for_screening_not_equivalent_to_deep_read,not_located_in_previous_broad_scan_and_current_intake,,,not_registered_as_deep_read,,not_registered,not_reviewed_this_intake,no,2026-09-29,2026-09-28,research_candidate,,2023-Sep,2023-05-04,2026-09-28,prior_screening_preserved
37146751,2023,Journal of Thoracic Oncology,Socioeconomic Inequalities in Novel NSCLC Treatments During the Era of Tumor Biomarker-Guided Therapy: A Population-Based Cohort Study in a Publicly Funded Health Care System.,生物标志物指导治疗时代NSCLC新疗法应用的社会经济不平等,10.1016/j.jtho.2023.04.018,https://pubmed.ncbi.nlm.nih.gov/37146751/,https://doi.org/10.1016/j.jtho.2023.04.018,L,检测/标志物/液体活检,检测/标志物/液体活检,not_curated_this_screen,candidate_for_original_source_learning_subject_to_eligibility,metadata_title_screened_not_fulltext_read,2026-09-29范围扩展：题名/题录筛选，不是精读,须全文核准研究范围；题名筛选不验证具体方法或结果,not_assessed_this_expansion,not_located_in_20260929_first_three_page_scan,,,not_registered_as_deep_read,,not_registered,not_reviewed_this_expansion,no,2026-09-29,2026-09-29,research_candidate,,2023-Aug,2023-05-04,2026-09-28,metadata_title_screened_not_fulltext_read
37146752,2023,Journal of Thoracic Oncology,"Brief Report: Safety and Antitumor Activity of Durvalumab Plus Tremelimumab in Programmed Cell Death-(Ligand)1-Monotherapy Pretreated, Advanced NSCLC: Results From a Phase 1b Clinical Trial.",既往PD-(L)1单药治疗后度伐利尤单抗联合替西木单抗的Ib期安全性及抗肿瘤活性,10.1016/j.jtho.2023.04.020,https://pubmed.ncbi.nlm.nih.gov/37146752/,https://doi.org/10.1016/j.jtho.2023.04.020,I,免疫治疗/免疫微环境,免疫治疗/免疫微环境,not_curated_this_screen,candidate_for_original_source_learning_subject_to_eligibility,metadata_title_screened_not_fulltext_read,2026-09-29范围扩展：题名/题录筛选，不是精读,须全文核准研究范围；题名筛选不验证具体方法或结果,not_assessed_this_expansion,not_located_in_20260929_first_three_page_scan,,,not_registered_as_deep_read,,not_registered,not_reviewed_this_expansion,no,2026-09-29,2026-09-29,research_candidate,,2023-Aug,2023-05-04,2026-09-28,metadata_title_screened_not_fulltext_read
37146754,2023,Journal of Thoracic Oncology,Systemic and Intracranial Outcomes With First-Line Nivolumab Plus Ipilimumab in Patients With Metastatic NSCLC and Baseline Brain Metastases From CheckMate 227 Part 1.,CheckMate 227：基线脑转移NSCLC一线双免疫治疗的全身及颅内结局,10.1016/j.jtho.2023.04.021,https://pubmed.ncbi.nlm.nih.gov/37146754/,https://doi.org/10.1016/j.jtho.2023.04.021,I,免疫治疗/免疫微环境,免疫治疗/免疫微环境,not_curated_this_screen,candidate_for_original_source_learning_subject_to_eligibility,metadata_title_screened_not_fulltext_read,2026-09-29范围扩展：题名/题录筛选，不是精读,须全文核准研究范围；题名筛选不验证具体方法或结果,not_assessed_this_expansion,not_located_in_20260929_first_three_page_scan,,,not_registered_as_deep_read,,not_registered,not_reviewed_this_expansion,no,2026-09-29,2026-09-29,research_candidate,,2023-Aug,2023-05-03,2026-09-28,metadata_title_screened_not_fulltext_read
37150255,2023,Journal of Thoracic Oncology,Mosaic Chromosomal Alterations Are Associated With Increased Lung Cancer Risk: Insight From the INTEGRAL-ILCCO Cohort Analysis.,嵌合染色体改变与肺癌风险增加：INTEGRAL-ILCCO队列分析,10.1016/j.jtho.2023.05.001,https://pubmed.ncbi.nlm.nih.gov/37150255/,https://doi.org/10.1016/j.jtho.2023.05.001,L,液体活检/检测/胚系/药物基因组学,遗传易感与风险,外周血mCA共现，非肿瘤共突变,candidate_for_original_source_learning_subject_to_eligibility,targeted_fulltext_screen,共现网络方法可参考，但事件来自血液克隆性造血,不把血液mCA当肺癌体细胞图谱；血液采于诊断后，风险方向限制,obtained_for_screening_not_equivalent_to_deep_read,not_located_in_previous_broad_scan_and_current_intake,,,not_registered_as_deep_read,,not_registered,not_reviewed_this_intake,no,2026-09-29,2026-09-28,research_candidate,,2023-Aug,2023-05-05,2026-09-28,prior_screening_preserved
37182602,2023,Journal of Thoracic Oncology,Combination Therapy With MDM2 and MEK Inhibitors Is Effective in Patient-Derived Models of Lung Adenocarcinoma With Concurrent Oncogenic Drivers and MDM2 Amplification.,MDM2和MEK联合抑制对并存驱动变异及MDM2扩增的肺腺癌患者来源模型有效,10.1016/j.jtho.2023.05.007,https://pubmed.ncbi.nlm.nih.gov/37182602/,https://doi.org/10.1016/j.jtho.2023.05.007,C,共改变重点,耐药与功能基因组学,MDM2扩增伴METex14/EGFR/RET/ALK；与TP53互斥,candidate_for_original_source_learning_subject_to_eligibility,targeted_fulltext_screen,多驱动背景共扩增及纵向判断先存/获得，联合MDM2/MEK机制,扩增不是点突变；KRAS富集未显著；前临床联药不是患者疗效证实,obtained_for_screening_not_equivalent_to_deep_read,hash_verified_local_pdf,Elkrief_Combination_Therapy_With_MDM2_and_MEK_Inhibitors_Is_PMID37182602_typeset.pdf,c3904af5cf55ae95ae3d04c1725e6b6fb57d70b48e163444ea5fbfdd84d5ef4a,main_text_deep_read_complete,2026-09-28,not_reviewed,not_supplied,no,2026-09-29,2026-09-28,research_candidate,,2023-Sep,2023-05-13,2026-09-28,prior_screening_preserved
37210008,2023,Journal of Thoracic Oncology,Clinical Benefit From Immunotherapy in Patients With SCLC Is Associated With Tumor Capacity for Antigen Presentation.,SCLC免疫治疗获益与肿瘤抗原呈递能力相关,10.1016/j.jtho.2023.05.008,https://pubmed.ncbi.nlm.nih.gov/37210008/,https://doi.org/10.1016/j.jtho.2023.05.008,M,RNA/表观/单细胞/空间/影像及机制,转录组与免疫微环境,SCLC转录/抗原呈递分型,candidate_for_original_source_learning_subject_to_eligibility,targeted_fulltext_screen,免疫表达签名及临床结局扩展,YAP1 RNA与蛋白不等价，炎症亚型比较P=.062；采样时点及事后分析限制,obtained_for_screening_not_equivalent_to_deep_read,not_located_in_previous_broad_scan_and_current_intake,,,not_registered_as_deep_read,,not_registered,not_reviewed_this_intake,no,2026-09-29,2026-09-28,research_candidate,,2023-Sep,2023-05-18,2026-09-28,prior_screening_preserved
37217096,2023,Journal of Thoracic Oncology,Brief Report: Severe Sotorasib-Related Hepatotoxicity and Non-Liver Adverse Events Associated With Sequential Anti-Programmed Cell Death (Ligand)1 and Sotorasib Therapy in KRASG12C-Mutant Lung Cancer.,KRAS G12C肺癌序贯PD-(L)1抑制剂和索托拉西布相关严重肝毒性及其他不良事件,10.1016/j.jtho.2023.05.013,https://pubmed.ncbi.nlm.nih.gov/37217096/,https://doi.org/10.1016/j.jtho.2023.05.013,T,靶向治疗/耐药/试验延伸,靶向治疗/耐药/试验延伸,not_curated_this_screen,candidate_for_original_source_learning_subject_to_eligibility,metadata_title_screened_not_fulltext_read,2026-09-29范围扩展：题名/题录筛选，不是精读,须全文核准研究范围；题名筛选不验证具体方法或结果,not_assessed_this_expansion,not_located_in_20260929_first_three_page_scan,,,not_registered_as_deep_read,,not_registered,not_reviewed_this_expansion,no,2026-09-29,2026-09-29,research_candidate,,2023-Oct,2023-05-20,2026-09-28,metadata_title_screened_not_fulltext_read
37236398,2023,Journal of Thoracic Oncology,"Three-Year Safety, Tolerability, and Health-Related Quality of Life Outcomes of Adjuvant Osimertinib in Patients With Resected Stage IB to IIIA EGFR-Mutated NSCLC: Updated Analysis From the Phase 3 ADAURA Trial.",ADAURA三年更新：辅助奥希替尼的安全性、耐受性及健康相关生活质量,10.1016/j.jtho.2023.05.015,https://pubmed.ncbi.nlm.nih.gov/37236398/,https://doi.org/10.1016/j.jtho.2023.05.015,T,靶向治疗/耐药/试验延伸,靶向治疗/耐药/试验延伸,not_curated_this_screen,candidate_for_original_source_learning_subject_to_eligibility,metadata_title_screened_not_fulltext_read,2026-09-29范围扩展：题名/题录筛选，不是精读,须全文核准研究范围；题名筛选不验证具体方法或结果,not_assessed_this_expansion,not_located_in_20260929_first_three_page_scan,,,not_registered_as_deep_read,,not_registered,not_reviewed_this_expansion,no,2026-09-29,2026-09-29,research_candidate,,2023-Sep,2023-05-24,2026-09-28,metadata_title_screened_not_fulltext_read
37247843,2023,Journal of Thoracic Oncology,Impact of Aneuploidy and Chromosome 9p Loss on Tumor Immune Microenvironment and Immune Checkpoint Inhibitor Efficacy in NSCLC.,非整倍体及染色体9p缺失对NSCLC免疫微环境和免疫检查点抑制剂疗效的影响,10.1016/j.jtho.2023.05.019,https://pubmed.ncbi.nlm.nih.gov/37247843/,https://doi.org/10.1016/j.jtho.2023.05.019,G,其他DNA基因组学,拷贝数改变与免疫治疗,非整倍体/9p臂缺失与联合标志物,candidate_for_original_source_learning_subject_to_eligibility,targeted_fulltext_screen,适合CN负荷定义、TMB/PDL1联合风险及免疫结局表达,9p整臂丢失不能等同MTAP/CDKN2A或IFNE单基因缺失；预后/预测仍需设计支持,obtained_for_screening_not_equivalent_to_deep_read,not_located_in_previous_broad_scan_and_current_intake,,,not_registered_as_deep_read,,not_registered,not_reviewed_this_intake,no,2026-09-29,2026-09-28,research_candidate,,2023-Nov,2023-05-27,2026-09-28,prior_screening_preserved
37295609,2023,Journal of Thoracic Oncology,"Early Circulating Tumor DNA Dynamics and Efficacy of Lorlatinib in Patients With Treatment-Naive, Advanced, ALK-Positive NSCLC.",早期ctDNA动态与初治晚期ALK阳性NSCLC的洛拉替尼疗效,10.1016/j.jtho.2023.05.021,https://pubmed.ncbi.nlm.nih.gov/37295609/,https://doi.org/10.1016/j.jtho.2023.05.021,L,液体活检/检测/胚系/药物基因组学,ctDNA与分子残留病灶,ctDNA动态，未确认共突变分层,candidate_for_original_source_learning_subject_to_eligibility,abstract_only,比较不同治疗下早期分子应答与PFS，不是基因共现研究,dVAF≤0的lorlatinib HR区间跨1；不能把所有指标都称显著,not_obtained_in_prior_screen,not_located_in_previous_broad_scan_and_current_intake,,,not_registered_as_deep_read,,not_registered,not_reviewed_this_intake,no,2026-09-29,2026-09-28,research_candidate,,2023-Nov,2023-06-07,2026-09-28,prior_screening_preserved
37308037,2023,Journal of Thoracic Oncology,Longitudinal Monitoring of Circulating Tumor DNA From Plasma in Patients With Curative Resected Stages I to IIIA EGFR-Mutant Non-Small Cell Lung Cancer.,根治性切除I至IIIA期EGFR突变NSCLC患者血浆ctDNA的纵向监测,10.1016/j.jtho.2023.05.027,https://pubmed.ncbi.nlm.nih.gov/37308037/,https://doi.org/10.1016/j.jtho.2023.05.027,L,液体活检/检测/胚系/药物基因组学,ctDNA与分子残留病灶,MRD，非共突变,candidate_for_original_source_learning_subject_to_eligibility,abstract_only,基线/术后ctDNA三组DFS及复发检测，适合MRD表达,19del与L858R检出性能不同；不是NGS共突变研究,not_obtained_in_prior_screen,not_located_in_previous_broad_scan_and_current_intake,,,not_registered_as_deep_read,,not_registered,not_reviewed_this_intake,no,2026-09-29,2026-09-28,research_candidate,,2023-Sep,2023-06-10,2026-09-28,prior_screening_preserved
37331604,2023,Journal of Thoracic Oncology,The Role of Germline Mutations in Thoracic Malignancies: Between Myth and Reality.,胸部恶性肿瘤中胚系突变的作用,10.1016/j.jtho.2023.05.028,https://pubmed.ncbi.nlm.nih.gov/37331604/,https://doi.org/10.1016/j.jtho.2023.05.028,R,综述/共识背景,综述,胚系易感综述,background_only_not_original_language_learning,abstract_only,保留胚系与体细胞界限及检测背景,含间皮瘤，不全为肺癌原始资料,not_obtained_in_prior_screen,not_located_in_previous_broad_scan_and_current_intake,,,not_registered_as_deep_read,,not_registered,not_reviewed_this_intake,no,2026-09-29,2026-09-28,background,,2023-Sep,2023-06-16,2026-09-28,prior_screening_preserved
37364849,2023,Journal of Thoracic Oncology,Tumor Microenvironment Landscape of NSCLC Reveals Resistance Mechanisms for Programmed Death-Ligand 1 Blockade After Chemoradiotherapy: A Multicenter Prospective Biomarker Study (WJOG11518L:SUBMARINE).,NSCLC微环境图谱揭示放化疗后PD-L1阻断的耐药机制：SUBMARINE研究,10.1016/j.jtho.2023.06.012,https://pubmed.ncbi.nlm.nih.gov/37364849/,https://doi.org/10.1016/j.jtho.2023.06.012,M,RNA/表观/单细胞/空间/影像及机制,共改变与免疫治疗,配对基因组与免疫表型，摘要未列具体共突变,candidate_for_original_source_learning_subject_to_eligibility,abstract_only,CD8/CD73及新抗原可塑性关联PACIFIC结局，保留免疫多组学层,不能从摘要推定STK11亚组已分析；宽CI提示精度有限,not_obtained_in_prior_screen,not_located_in_previous_broad_scan_and_current_intake,,,not_registered_as_deep_read,,not_registered,not_reviewed_this_intake,no,2026-09-29,2026-09-28,research_candidate,,2023-Oct,2023-06-25,2026-09-28,prior_screening_preserved
37390980,2023,Journal of Thoracic Oncology,Durvalumab in Combination With Olaparib Versus Durvalumab Alone as Maintenance Therapy in Metastatic NSCLC: The Phase 2 ORION Study.,ORION II期：度伐利尤单抗联合奥拉帕利对比单药维持治疗转移性NSCLC,10.1016/j.jtho.2023.06.013,https://pubmed.ncbi.nlm.nih.gov/37390980/,https://doi.org/10.1016/j.jtho.2023.06.013,I,免疫治疗/免疫微环境,免疫治疗/免疫微环境,not_curated_this_screen,candidate_for_original_source_learning_subject_to_eligibility,metadata_title_screened_not_fulltext_read,2026-09-29范围扩展：题名/题录筛选，不是精读,须全文核准研究范围；题名筛选不验证具体方法或结果,not_assessed_this_expansion,not_located_in_20260929_first_three_page_scan,,,not_registered_as_deep_read,,not_registered,not_reviewed_this_expansion,no,2026-09-29,2026-09-29,research_candidate,,2023-Nov,2023-06-29,2026-09-28,metadata_title_screened_not_fulltext_read
37392903,2023,Journal of Thoracic Oncology,Genomic Alterations and the Incidence of Brain Metastases in Advanced and Metastatic NSCLC: A Systematic Review and Meta-Analysis.,晚期及转移性NSCLC的基因组改变与脑转移发生,10.1016/j.jtho.2023.06.017,https://pubmed.ncbi.nlm.nih.gov/37392903/,https://doi.org/10.1016/j.jtho.2023.06.017,R,综述/共识背景,系统综述与Meta分析,按驱动分层，非共突变核心,background_only_not_original_language_learning,abstract_only,用于基因型相关脑转移的证据综合框架,混合随访和人群；prevalence与incidence不能互换,not_obtained_in_prior_screen,not_located_in_previous_broad_scan_and_current_intake,,,not_registered_as_deep_read,,not_registered,not_reviewed_this_intake,no,2026-09-29,2026-09-28,background,,2023-Dec,2023-06-29,2026-09-28,prior_screening_preserved
37437883,2023,Journal of Thoracic Oncology,Early Detection of Lung Cancer Using Small RNAs.,利用小RNA进行肺癌早期检测,10.1016/j.jtho.2023.07.005,https://pubmed.ncbi.nlm.nih.gov/37437883/,https://doi.org/10.1016/j.jtho.2023.07.005,M,RNA/表观/单细胞/空间/影像及机制,RNA标志物与早筛,small RNA诊断，非DNA共突变,candidate_for_original_source_learning_subject_to_eligibility,abstract_only,18小RNA签名用于早筛；保留RNA方法扩展,CV引用不是本地PDF；诊断模型不等于已证实降低死亡率,not_obtained_in_prior_screen,not_located_in_previous_broad_scan_and_current_intake,,,not_registered_as_deep_read,,not_registered,not_reviewed_this_intake,no,2026-09-29,2026-09-28,research_candidate,,2023-Nov,2023-07-16,2026-09-28,prior_screening_preserved
37451404,2023,Journal of Thoracic Oncology,Neoadjuvant Targeted Therapy in Resectable NSCLC: Current and Future Perspectives.,可切除NSCLC新辅助靶向治疗的现状与展望,10.1016/j.jtho.2023.07.006,https://pubmed.ncbi.nlm.nih.gov/37451404/,https://doi.org/10.1016/j.jtho.2023.07.006,R,背景综述/共识/证据综合,背景综述/共识/证据综合,not_curated_this_screen,background_only_not_original_language_learning,metadata_title_screened_not_fulltext_read,2026-09-29范围扩展：题名/题录筛选，不是精读,须全文核准研究范围；题名筛选不验证具体方法或结果,not_assessed_this_expansion,not_located_in_20260929_first_three_page_scan,,,not_registered_as_deep_read,,not_registered,not_reviewed_this_expansion,no,2026-09-29,2026-09-29,background,,2023-Nov,2023-07-13,2026-09-28,metadata_title_screened_not_fulltext_read
37455012,2023,Journal of Thoracic Oncology,Lineage Plasticity in SCLC Generates Non-Neuroendocrine Cells Primed for Vasculogenic Mimicry.,SCLC谱系可塑性产生具有血管拟态潜能的非神经内分泌细胞,10.1016/j.jtho.2023.07.012,https://pubmed.ncbi.nlm.nih.gov/37455012/,https://doi.org/10.1016/j.jtho.2023.07.012,M,RNA/表观/单细胞/空间/影像及机制,谱系可塑性与机制,谱系可塑性/VM，多组学模型,candidate_for_original_source_learning_subject_to_eligibility,targeted_fulltext_screen,非NE REST细胞和血管拟态，可参考谱系与空间共定位,预设模型基因型不是共突变临床队列；共定位不是直接谱系追踪,obtained_for_screening_not_equivalent_to_deep_read,not_located_in_previous_broad_scan_and_current_intake,,,not_registered_as_deep_read,,not_registered,not_reviewed_this_intake,no,2026-09-29,2026-09-28,research_candidate,,2023-Oct,2023-07-16,2026-09-28,prior_screening_preserved
37473958,2023,Journal of Thoracic Oncology,KEAP1/NFE2L2 Pathway Signature Outperforms KEAP1/NFE2L2 Mutation Status and Reveals Alternative Pathway-Activating Mutations in NSCLC.,KEAP1/NFE2L2通路表达签名优于突变状态并揭示替代性通路激活突变,10.1016/j.jtho.2023.07.016,https://pubmed.ncbi.nlm.nih.gov/37473958/,https://doi.org/10.1016/j.jtho.2023.07.016,M,RNA/表观/单细胞/空间/影像及机制,共改变与免疫治疗,跨基因通路替代激活，非必然共突变,candidate_for_original_source_learning_subject_to_eligibility,abstract_only,SMARCA4/CUL3可模拟KEAP1/NFE2L2通路激活；与STK11功能表型框架相邻,表达评分、基因突变及通路活化必须分开；摘要未给STK11直接结果,not_obtained_in_prior_screen,not_located_in_previous_broad_scan_and_current_intake,,,not_registered_as_deep_read,,not_registered,not_reviewed_this_intake,no,2026-09-29,2026-09-28,research_candidate,,2023-Nov,2023-07-18,2026-09-28,prior_screening_preserved
37495171,2023,Journal of Thoracic Oncology,STK11/LKB1-Deficient Phenotype Rather Than Mutation Diminishes Immunotherapy Efficacy and Represents STING/Type I Interferon/CD8+ T-Cell Dysfunction in NSCLC.,STK11/LKB1缺陷表型而非仅突变状态与免疫疗效下降及STING/I型干扰素/CD8+T细胞功能障碍相关,10.1016/j.jtho.2023.07.020,https://pubmed.ncbi.nlm.nih.gov/37495171/,https://doi.org/10.1016/j.jtho.2023.07.020,C,共改变重点,共改变与免疫治疗,STK11/KRAS/KEAP1共突变与功能缺失表型,candidate_for_original_source_learning_subject_to_eligibility,targeted_fulltext_screen,重点STK11文献：将突变与表型分开；直接分析双/三共突变富集及免疫信号/结局,只有OAK可作组织STK11基因型验证；OAK KRAS用RAS84代理；交互并非所有终点显著，ORIENT两终点P=.15；不能据此禁用ICB,not_obtained_in_prior_screen,hash_verified_local_pdf,93.pdf,5cd96af8d8dfcf0312bf2a6f0c6b0d8498f0018e2ee107268edcc1687d4e6b7f,not_registered_as_deep_read,,not_registered,not_reviewed_this_intake,no,2026-09-29,2026-09-28,research_candidate,,2023-Dec,2023-07-24,2026-09-28,prior_screening_preserved
37541389,2023,Journal of Thoracic Oncology,Efficacy of Lorlatinib in Treatment-Naive Patients With ALK-Positive Advanced NSCLC in Relation to EML4::ALK Variant Type and ALK With or Without TP53 Mutations.,EML4::ALK变体及ALK/TP53突变状态与初治ALK阳性NSCLC洛拉替尼疗效,10.1016/j.jtho.2023.07.023,https://pubmed.ncbi.nlm.nih.gov/37541389/,https://doi.org/10.1016/j.jtho.2023.07.023,C,共改变重点,基因组分型与临床结局,ALK融合伴TP53/旁路改变,candidate_for_original_source_learning_subject_to_eligibility,abstract_only,EML4::ALK变体、TP53共突变与结局；lorlatinib优势不限于TP53亚组,随机试验内探索性生物标志物分析，不等于经正式交互检验证明预测性,not_obtained_in_prior_screen,not_located_in_previous_broad_scan_and_current_intake,,,not_registered_as_deep_read,,not_registered,not_reviewed_this_intake,no,2026-09-29,2026-09-28,research_candidate,,2023-Nov,2023-08-03,2026-09-28,prior_screening_preserved
37543207,2023,Journal of Thoracic Oncology,Clinicogenomic Features and Targetable Mutations in NSCLCs Harboring BRAF Non-V600E Mutations: A Multi-Institutional Genomic Screening Study (LC-SCRUM-Asia).,BRAF非V600E突变NSCLC的临床基因组特征及可靶向突变：LC-SCRUM-Asia,10.1016/j.jtho.2023.07.024,https://pubmed.ncbi.nlm.nih.gov/37543207/,https://doi.org/10.1016/j.jtho.2023.07.024,C,共改变重点,基因组分型与临床结局,BRAF伴RAS/TP53共突变,candidate_for_original_source_learning_subject_to_eligibility,abstract_only,II/III类更常伴RAS/TP53；适合驱动基因功能分组、共突变和结局框架,原摘要380例与3.5%分母不直接一致，勿自行重算；单例K601E不是普遍疗效证据,not_obtained_in_prior_screen,hash_verified_local_pdf,Sakai_Clinicogenomic_Features_and_Targetable_Mutations_in_PMID37543207_typeset.pdf,cc3f2ab6f5eb92ce22409470e3f64d8aa0925059ebc980392724b6a9349ae9e0,main_text_deep_read_complete,2026-09-28,not_reviewed,not_supplied,no,2026-09-29,2026-09-28,research_candidate,,2023-Nov,2023-08-04,2026-09-28,prior_screening_preserved
37574132,2023,Journal of Thoracic Oncology,Brigatinib Versus Alectinib in ALK-Positive NSCLC After Disease Progression on Crizotinib: Results of Phase 3 ALTA-3 Trial.,ALTA-3：克唑替尼进展后布格替尼对比阿来替尼治疗ALK阳性NSCLC,10.1016/j.jtho.2023.08.010,https://pubmed.ncbi.nlm.nih.gov/37574132/,https://doi.org/10.1016/j.jtho.2023.08.010,T,靶向治疗/耐药/试验延伸,靶向治疗/耐药/试验延伸,not_curated_this_screen,candidate_for_original_source_learning_subject_to_eligibility,metadata_title_screened_not_fulltext_read,2026-09-29范围扩展：题名/题录筛选，不是精读,须全文核准研究范围；题名筛选不验证具体方法或结果,not_assessed_this_expansion,not_located_in_20260929_first_three_page_scan,,,not_registered_as_deep_read,,not_registered,not_reviewed_this_expansion,no,2026-09-29,2026-09-29,research_candidate,,2023-Dec,2023-08-12,2026-09-28,metadata_title_screened_not_fulltext_read
37574133,2023,Journal of Thoracic Oncology,Current and Future Treatment Options in the Management of Stage III NSCLC.,III期NSCLC治疗选择的现状与未来,10.1016/j.jtho.2023.08.011,https://pubmed.ncbi.nlm.nih.gov/37574133/,https://doi.org/10.1016/j.jtho.2023.08.011,R,背景综述/共识/证据综合,背景综述/共识/证据综合,not_curated_this_screen,background_only_not_original_language_learning,metadata_title_screened_not_fulltext_read,2026-09-29范围扩展：题名/题录筛选，不是精读,须全文核准研究范围；题名筛选不验证具体方法或结果,not_assessed_this_expansion,not_located_in_20260929_first_three_page_scan,,,not_registered_as_deep_read,,not_registered,not_reviewed_this_expansion,no,2026-09-29,2026-09-29,background,,2023-Nov,2023-08-11,2026-09-28,metadata_title_screened_not_fulltext_read
37597750,2023,Journal of Thoracic Oncology,"Bintrafusp Alfa Versus Pembrolizumab in Patients With Treatment-Naive, Programmed Death-Ligand 1-High Advanced NSCLC: A Randomized, Open-Label, Phase 3 Trial.",初治PD-L1高表达晚期NSCLC中Bintrafusp Alfa对比帕博利珠单抗的III期试验,10.1016/j.jtho.2023.08.018,https://pubmed.ncbi.nlm.nih.gov/37597750/,https://doi.org/10.1016/j.jtho.2023.08.018,I,免疫治疗/免疫微环境,免疫治疗/免疫微环境,not_curated_this_screen,candidate_for_original_source_learning_subject_to_eligibility,metadata_title_screened_not_fulltext_read,2026-09-29范围扩展：题名/题录筛选，不是精读,须全文核准研究范围；题名筛选不验证具体方法或结果,not_assessed_this_expansion,not_located_in_20260929_first_three_page_scan,,,not_registered_as_deep_read,,not_registered,not_reviewed_this_expansion,no,2026-09-29,2026-09-29,research_candidate,,2023-Dec,2023-08-18,2026-09-28,metadata_title_screened_not_fulltext_read
37702629,2023,Journal of Thoracic Oncology,Lazertinib Versus Gefitinib Tyrosine Kinase Inhibitors in Treatment-Naíve Patients With EGFR-Mutated Advanced NSCLC: Analysis of the Asian Subpopulation in LASER301.,LASER301亚洲亚组：Lazertinib对比吉非替尼一线治疗EGFR突变NSCLC,10.1016/j.jtho.2023.06.016,https://pubmed.ncbi.nlm.nih.gov/37702629/,https://doi.org/10.1016/j.jtho.2023.06.016,T,靶向治疗/耐药/试验延伸,靶向治疗/耐药/试验延伸,not_curated_this_screen,candidate_for_original_source_learning_subject_to_eligibility,metadata_title_screened_not_fulltext_read,2026-09-29范围扩展：题名/题录筛选，不是精读,须全文核准研究范围；题名筛选不验证具体方法或结果,not_assessed_this_expansion,not_located_in_20260929_first_three_page_scan,,,not_registered_as_deep_read,,not_registered,not_reviewed_this_expansion,no,2026-09-29,2026-09-29,research_candidate,,2023-Oct,2023-09-11,2026-09-28,metadata_title_screened_not_fulltext_read
37702631,2023,Journal of Thoracic Oncology,International Association for the Study of Lung Cancer Study of Reproducibility in Assessment of Pathologic Response in Resected Lung Cancers After Neoadjuvant Therapy.,IASLC新辅助治疗后肺癌病理反应评估的可重复性研究,10.1016/j.jtho.2023.07.017,https://pubmed.ncbi.nlm.nih.gov/37702631/,https://doi.org/10.1016/j.jtho.2023.07.017,I,免疫治疗/免疫微环境,免疫治疗/免疫微环境,not_curated_this_screen,candidate_for_original_source_learning_subject_to_eligibility,metadata_and_abstract_scope_screened,2026-09-29范围扩展：题名/题录筛选，不是精读,须全文核准研究范围；题名筛选不验证具体方法或结果,not_assessed_this_expansion,not_located_in_20260929_first_three_page_scan,,,not_registered_as_deep_read,,not_registered,not_reviewed_this_expansion,no,2026-09-29,2026-09-29,research_candidate,,2023-Oct,2023-09-12,2026-09-28,metadata_and_abstract_scope_screened
37865896,2023,Journal of Thoracic Oncology,Central Nervous System Outcomes of Lazertinib Versus Gefitinib in EGFR-Mutated Advanced NSCLC: A LASER301 Subset Analysis.,LASER301亚组：Lazertinib对比吉非替尼的中枢神经系统结局,10.1016/j.jtho.2023.08.017,https://pubmed.ncbi.nlm.nih.gov/37865896/,https://doi.org/10.1016/j.jtho.2023.08.017,T,靶向治疗/耐药/试验延伸,靶向治疗/耐药/试验延伸,not_curated_this_screen,candidate_for_original_source_learning_subject_to_eligibility,metadata_title_screened_not_fulltext_read,2026-09-29范围扩展：题名/题录筛选，不是精读,须全文核准研究范围；题名筛选不验证具体方法或结果,not_assessed_this_expansion,not_located_in_20260929_first_three_page_scan,,,not_registered_as_deep_read,,not_registered,not_reviewed_this_expansion,no,2026-09-29,2026-09-29,research_candidate,,2023-Dec,2023-10-22,2026-09-28,metadata_title_screened_not_fulltext_read
37429463,2024,Journal of Thoracic Oncology,MET Fusions in NSCLC: Clinicopathologic Features and Response to MET Inhibition.,NSCLC中的MET融合：临床病理特征与MET抑制疗效,10.1016/j.jtho.2023.06.020,https://pubmed.ncbi.nlm.nih.gov/37429463/,https://doi.org/10.1016/j.jtho.2023.06.020,G,其他DNA基因组学,基因组分型与临床结局,MET融合伴获得性BRAF耐药个案,candidate_for_original_source_learning_subject_to_eligibility,abstract_only,融合断点/伴侣及疗效图谱；1例获得性BRAF V600E,样本极小且2例曾报告；公开链接提示免费但本轮访问失败，非确定付费,not_obtained_in_prior_screen,not_located_in_previous_broad_scan_and_current_intake,,,not_registered_as_deep_read,,not_registered,not_reviewed_this_intake,no,2026-09-29,2026-09-28,research_candidate,,2024-Jan,2023-07-08,2026-09-28,prior_screening_preserved
37572870,2024,Journal of Thoracic Oncology,Impact of Concurrent Genomic Alterations on Clinical Outcomes in Patients With ALK-Rearranged NSCLC.,并存基因组改变对ALK重排NSCLC临床结局的影响,10.1016/j.jtho.2023.08.007,https://pubmed.ncbi.nlm.nih.gov/37572870/,https://doi.org/10.1016/j.jtho.2023.08.007,C,共改变重点,基因组分型与临床结局,ALK伴TP53或CDKN2A/B缺失,candidate_for_original_source_learning_subject_to_eligibility,abstract_only,共改变与脑转移和结局直接相关，重点纳入,基因缺失不叫点突变；存在勘误PMID41143757，使用数值前核对更正,not_obtained_in_prior_screen,hash_verified_local_pdf,Lara-Mejia_Impact_of_Concurrent_Genomic_Alterations_on_Clinical_PMID37572870_typeset.pdf,2b99bd5bc9bde42e474cf8a3cc774c23c67ef012c2f492b2b588ed04f37769a5,main_text_deep_read_complete,2026-09-28,not_reviewed,not_supplied,no,2026-09-29,2026-09-28,research_candidate,,2024-Jan,2023-08-10,2026-09-28,prior_screening_preserved
37574134,2024,Journal of Thoracic Oncology,Targeting SHP2 Signaling in Lung Cancer.,肺癌SHP2信号通路的靶向治疗,10.1016/j.jtho.2023.08.009,https://pubmed.ncbi.nlm.nih.gov/37574134/,https://doi.org/10.1016/j.jtho.2023.08.009,R,背景综述/共识/证据综合,背景综述/共识/证据综合,not_curated_this_screen,background_only_not_original_language_learning,metadata_title_screened_not_fulltext_read,2026-09-29范围扩展：题名/题录筛选，不是精读,须全文核准研究范围；题名筛选不验证具体方法或结果,not_assessed_this_expansion,not_located_in_20260929_first_three_page_scan,,,not_registered_as_deep_read,,not_registered,not_reviewed_this_expansion,no,2026-09-29,2026-09-29,background,,2024-Jan,2023-08-11,2026-09-28,metadata_title_screened_not_fulltext_read
37666482,2024,Journal of Thoracic Oncology,Secondary Mutations of the EGFR Gene That Confer Resistance to Mobocertinib in EGFR Exon 20 Insertion.,EGFR继发突变介导EGFR外显子20插入肿瘤对莫博赛替尼耐药,10.1016/j.jtho.2023.08.029,https://pubmed.ncbi.nlm.nih.gov/37666482/,https://doi.org/10.1016/j.jtho.2023.08.029,C,共改变重点,耐药与功能基因组学,同一EGFR基因二次耐药突变,candidate_for_original_source_learning_subject_to_eligibility,abstract_only,不同ex20ins产生T790M/C797S与差异药敏,细胞实验不能直接推广患者；同基因二次变异不是跨基因共突变,not_obtained_in_prior_screen,not_located_in_previous_broad_scan_and_current_intake,,,not_registered_as_deep_read,,not_registered,not_reviewed_this_intake,no,2026-09-29,2026-09-28,research_candidate,,2024-Jan,2023-09-02,2026-09-28,prior_screening_preserved
37678511,2024,Journal of Thoracic Oncology,HER4 and EGFR Activate Cell Signaling in NRG1 Fusion-Driven Cancers: Implications for HER2-HER3-specific Versus Pan-HER Targeting Strategies.,NRG1融合驱动癌中HER4与EGFR信号激活及HER2–HER3特异性和泛HER靶向策略,10.1016/j.jtho.2023.08.034,https://pubmed.ncbi.nlm.nih.gov/37678511/,https://doi.org/10.1016/j.jtho.2023.08.034,G,基因组/基因改变,基因组/基因改变,not_curated_this_screen,candidate_for_original_source_learning_subject_to_eligibility,metadata_title_screened_not_fulltext_read,2026-09-29范围扩展：题名/题录筛选，不是精读,须全文核准研究范围；题名筛选不验证具体方法或结果,not_assessed_this_expansion,not_located_in_20260929_first_three_page_scan,,,not_registered_as_deep_read,,not_registered,not_reviewed_this_expansion,no,2026-09-29,2026-09-29,research_candidate,,2024-Jan,2023-09-09,2026-09-28,metadata_title_screened_not_fulltext_read
37703998,2024,Journal of Thoracic Oncology,Bidirectional Association Between Cardiovascular Disease and Lung Cancer in a Prospective Cohort Study.,前瞻性队列中心血管疾病与肺癌的双向关联,10.1016/j.jtho.2023.09.004,https://pubmed.ncbi.nlm.nih.gov/37703998/,https://doi.org/10.1016/j.jtho.2023.09.004,L,液体活检/检测/胚系/药物基因组学,遗传易感与风险,胚系PRS/MR，非肿瘤共突变,candidate_for_original_source_learning_subject_to_eligibility,abstract_only,CVD与肺癌风险；只保留遗传流行病学扩展，不进肿瘤DNA核心,观察相关存在但MR未支持因果；免费链接获取失败,not_obtained_in_prior_screen,not_located_in_previous_broad_scan_and_current_intake,,,not_registered_as_deep_read,,not_registered,not_reviewed_this_intake,no,2026-09-29,2026-09-28,research_candidate,,2024-Jan,2023-09-12,2026-09-28,prior_screening_preserved
37717855,2024,Journal of Thoracic Oncology,Genetic Intratumor Heterogeneity Remodels the Immune Microenvironment and Induces Immune Evasion in Brain Metastasis of Lung Cancer.,肿瘤内遗传异质性重塑肺癌脑转移免疫微环境并促进免疫逃逸,10.1016/j.jtho.2023.09.276,https://pubmed.ncbi.nlm.nih.gov/37717855/,https://doi.org/10.1016/j.jtho.2023.09.276,G,其他DNA基因组学,克隆演化与转移,克隆异质性/SCNA，非固定基因对,candidate_for_original_source_learning_subject_to_eligibility,abstract_only,HRD、SCNA、ITH和免疫逃逸，是多组学基因组核心,注意30组组织不随意改成90名患者；进化选择模型不是直接因果证明,not_obtained_in_prior_screen,not_located_in_previous_broad_scan_and_current_intake,,,not_registered_as_deep_read,,not_registered,not_reviewed_this_intake,no,2026-09-29,2026-09-28,research_candidate,,2024-Feb,2023-09-17,2026-09-28,prior_screening_preserved
37717856,2024,Journal of Thoracic Oncology,Genomic Staging of Multifocal Lung Squamous Cell Carcinomas Is Independent of the Comprehensive Morphologic Assessment.,多灶性肺鳞癌的基因组分期独立于综合形态学评估,10.1016/j.jtho.2023.09.275,https://pubmed.ncbi.nlm.nih.gov/37717856/,https://doi.org/10.1016/j.jtho.2023.09.275,G,其他DNA基因组学,分子检测与诊断分期,同瘤共现及跨瘤克隆关系,candidate_for_original_source_learning_subject_to_eligibility,targeted_fulltext_screen,11独立原发/7肺内转移，适合多病灶克隆判断和共现图谱,分子跨病灶共享与同瘤共突变分开；小样本不足稳健生存分析,obtained_for_screening_not_equivalent_to_deep_read,not_located_in_previous_broad_scan_and_current_intake,,,not_registered_as_deep_read,,not_registered,not_reviewed_this_intake,no,2026-09-29,2026-09-28,research_candidate,,2024-Feb,2023-09-16,2026-09-28,prior_screening_preserved
37748690,2024,Journal of Thoracic Oncology,Reconsidering the Cutoff Value for Sensitive and Refractory Relapses in Extensive-Stage SCLC in the Era of Immunotherapy.,免疫治疗时代广泛期SCLC敏感与难治复发界值的重新评估,10.1016/j.jtho.2023.09.1446,https://pubmed.ncbi.nlm.nih.gov/37748690/,https://doi.org/10.1016/j.jtho.2023.09.1446,I,免疫治疗/免疫微环境,免疫治疗/免疫微环境,not_curated_this_screen,candidate_for_original_source_learning_subject_to_eligibility,metadata_title_screened_not_fulltext_read,2026-09-29范围扩展：题名/题录筛选，不是精读,须全文核准研究范围；题名筛选不验证具体方法或结果,not_assessed_this_expansion,not_located_in_20260929_first_three_page_scan,,,not_registered_as_deep_read,,not_registered,not_reviewed_this_expansion,no,2026-09-29,2026-09-29,research_candidate,,2024-Feb,2023-09-23,2026-09-28,metadata_title_screened_not_fulltext_read
37748692,2024,Journal of Thoracic Oncology,"Brief Report: Tyrosine Kinase Inhibitors for Lung Cancers That Inhibit MATE-1 Can Lead to ""False"" Decreases in Renal Function.",抑制MATE-1的肺癌TKI可导致肾功能假性下降,10.1016/j.jtho.2023.09.1444,https://pubmed.ncbi.nlm.nih.gov/37748692/,https://doi.org/10.1016/j.jtho.2023.09.1444,T,靶向治疗/耐药/试验延伸,靶向治疗/耐药/试验延伸,not_curated_this_screen,candidate_for_original_source_learning_subject_to_eligibility,metadata_title_screened_not_fulltext_read,2026-09-29范围扩展：题名/题录筛选，不是精读,须全文核准研究范围；题名筛选不验证具体方法或结果,not_assessed_this_expansion,not_located_in_20260929_first_three_page_scan,,,not_registered_as_deep_read,,not_registered,not_reviewed_this_expansion,no,2026-09-29,2026-09-29,research_candidate,,2024-Jan,2023-09-23,2026-09-28,metadata_title_screened_not_fulltext_read
37748693,2024,Journal of Thoracic Oncology,Avelumab Versus Platinum-Based Doublet Chemotherapy as First-Line Treatment for Patients With High-Expression Programmed Death-Ligand 1-Positive Metastatic NSCLC: Primary Analysis From the Phase 3 JAVELIN Lung 100 Trial.,JAVELIN Lung 100：阿维鲁单抗对比含铂双药一线治疗PD-L1高表达NSCLC,10.1016/j.jtho.2023.09.1445,https://pubmed.ncbi.nlm.nih.gov/37748693/,https://doi.org/10.1016/j.jtho.2023.09.1445,I,免疫治疗/免疫微环境,免疫治疗/免疫微环境,not_curated_this_screen,candidate_for_original_source_learning_subject_to_eligibility,metadata_title_screened_not_fulltext_read,2026-09-29范围扩展：题名/题录筛选，不是精读,须全文核准研究范围；题名筛选不验证具体方法或结果,not_assessed_this_expansion,not_located_in_20260929_first_three_page_scan,,,not_registered_as_deep_read,,not_registered,not_reviewed_this_expansion,no,2026-09-29,2026-09-29,research_candidate,,2024-Feb,2023-09-24,2026-09-28,metadata_title_screened_not_fulltext_read
37776953,2024,Journal of Thoracic Oncology,"Safety, Tolerability, Pharmacokinetics, and Preliminary Efficacy of YK-029A in Treatment-Naive Patients With Advanced NSCLC Harboring EGFR Exon 20 Insertion Mutations: A Phase 1 Trial.",YK-029A治疗初治EGFR外显子20插入晚期NSCLC的I期研究,10.1016/j.jtho.2023.09.1449,https://pubmed.ncbi.nlm.nih.gov/37776953/,https://doi.org/10.1016/j.jtho.2023.09.1449,T,靶向治疗/耐药/试验延伸,靶向治疗/耐药/试验延伸,not_curated_this_screen,candidate_for_original_source_learning_subject_to_eligibility,metadata_title_screened_not_fulltext_read,2026-09-29范围扩展：题名/题录筛选，不是精读,须全文核准研究范围；题名筛选不验证具体方法或结果,not_assessed_this_expansion,not_located_in_20260929_first_three_page_scan,,,not_registered_as_deep_read,,not_registered,not_reviewed_this_expansion,no,2026-09-29,2026-09-29,research_candidate,,2024-Feb,2023-09-28,2026-09-28,metadata_title_screened_not_fulltext_read
37783386,2024,Journal of Thoracic Oncology,Perioperative Treatment Strategies in EGFR-Mutant Early-Stage NSCLC: Current Evidence and Future Challenges.,EGFR突变早期NSCLC围手术期治疗：现有证据与挑战,10.1016/j.jtho.2023.09.1451,https://pubmed.ncbi.nlm.nih.gov/37783386/,https://doi.org/10.1016/j.jtho.2023.09.1451,R,背景综述/共识/证据综合,背景综述/共识/证据综合,not_curated_this_screen,background_only_not_original_language_learning,metadata_title_screened_not_fulltext_read,2026-09-29范围扩展：题名/题录筛选，不是精读,须全文核准研究范围；题名筛选不验证具体方法或结果,not_assessed_this_expansion,not_located_in_20260929_first_three_page_scan,,,not_registered_as_deep_read,,not_registered,not_reviewed_this_expansion,no,2026-09-29,2026-09-29,background,,2024-Feb,2023-09-30,2026-09-28,metadata_title_screened_not_fulltext_read
37797733,2024,Journal of Thoracic Oncology,Bintrafusp Alfa With CCRT Followed by Bintrafusp Alfa Versus Placebo With CCRT Followed by Durvalumab in Patients With Unresectable Stage III NSCLC: A Phase 2 Randomized Study.,不可切除III期NSCLC中Bintrafusp Alfa联合放化疗与度伐利尤单抗路径的II期随机研究,10.1016/j.jtho.2023.09.1452,https://pubmed.ncbi.nlm.nih.gov/37797733/,https://doi.org/10.1016/j.jtho.2023.09.1452,I,免疫治疗/免疫微环境,免疫治疗/免疫微环境,not_curated_this_screen,candidate_for_original_source_learning_subject_to_eligibility,metadata_title_screened_not_fulltext_read,2026-09-29范围扩展：题名/题录筛选，不是精读,须全文核准研究范围；题名筛选不验证具体方法或结果,not_assessed_this_expansion,not_located_in_20260929_first_three_page_scan,,,not_registered_as_deep_read,,not_registered,not_reviewed_this_expansion,no,2026-09-29,2026-09-29,research_candidate,,2024-Feb,2023-10-04,2026-09-28,metadata_title_screened_not_fulltext_read
37806383,2024,Journal of Thoracic Oncology,Real-World Genomic Profile of EGFR Second-Site Mutations and Other Osimertinib Resistance Mechanisms and Clinical Landscape of NSCLC Post-Osimertinib.,奥希替尼后NSCLC的EGFR二次位点突变、其他耐药机制及真实世界临床图谱,10.1016/j.jtho.2023.09.1453,https://pubmed.ncbi.nlm.nih.gov/37806383/,https://doi.org/10.1016/j.jtho.2023.09.1453,C,共改变重点,耐药与功能基因组学,同基因二位点及跨基因旁路耐药,candidate_for_original_source_learning_subject_to_eligibility,abstract_only,EGFR第二位点偏好不同驱动背景；on/off-target耐药大体互斥,总CGP、EGFR驱动、配对与治疗随访是不同分母,not_obtained_in_prior_screen,archived_hash_verified,Rotow_Real_World_Genomic_Profile_of_EGFR_Second_Site_Mutations_and_PMID37806383_publisher_typeset_pdf.pdf,21e8d9120d523664679204d448fb53970c74556ac9fa1c7e145fd4934346bf1d,main_text_deep_read_complete,2026-09-29,not_reviewed,not_supplied,no,2026-09-29,2026-09-28,research_candidate,,2024-Feb,2023-10-06,2026-09-28,supplied_main_text_deep_read_complete
37806385,2024,Journal of Thoracic Oncology,Co-Occurring Alterations in Multiple Tumor Suppressor Genes Are Associated With Worse Outcomes in Patients With EGFR-Mutant Lung Cancer.,多个抑癌基因共改变与EGFR突变肺癌较差结局相关,10.1016/j.jtho.2023.10.001,https://pubmed.ncbi.nlm.nih.gov/37806385/,https://doi.org/10.1016/j.jtho.2023.10.001,C,共改变重点,基因组分型与临床结局,EGFR/TP53伴≥1个特定TSG,candidate_for_original_source_learning_subject_to_eligibility,targeted_fulltext_screen,重点TSG集合是RB1/NF1/ARID1A/BRCA1/PTEN；STK11在初筛9基因中但不是最终五基因集合,不能说本研究直接证实STK11效应；样本/平台/时点混合，作者明确无法区分预测与预后,obtained_for_screening_not_equivalent_to_deep_read,hash_verified_local_pdf,Stockhammer_Co_Occurring_Alterations_in_Multiple_Tumor_Suppresso_PMID37806385_typeset.pdf,d77d4de8fb117434af35201d5c32afad35a623c9b4e6b82795560b77ccf8677f,main_text_deep_read_complete,2026-09-28,not_reviewed,not_supplied,no,2026-09-29,2026-09-28,research_candidate,,2024-Feb,2023-10-06,2026-09-28,prior_screening_preserved
37838086,2024,Journal of Thoracic Oncology,"Microsatellite Instability and Mismatch Repair Deficiency Define a Distinct Subset of Lung Cancers Characterized by Smoking Exposure, High Tumor Mutational Burden, and Recurrent Somatic MLH1 Inactivation.",MSI和MMR缺陷定义伴吸烟暴露、高TMB及MLH1失活的肺癌亚群,10.1016/j.jtho.2023.10.004,https://pubmed.ncbi.nlm.nih.gov/37838086/,https://doi.org/10.1016/j.jtho.2023.10.004,C,共改变重点,基因组图谱与突变特征,MSI/MMR缺陷伴STK11/KEAP1/JAK1及双等位MLH1,candidate_for_original_source_learning_subject_to_eligibility,targeted_fulltext_screen,STK11相关小亚组：无持久获益病例中见不利共改变；MLH1常有双等位失活,仅8例NSCLC不能确定STK11预测效应；不能由MSI-H保证获益,obtained_for_screening_not_equivalent_to_deep_read,hash_verified_local_pdf,Yang_Microsatellite_Instability_and_Mismatch_Repair_Defic_PMID37838086_typeset.pdf,4eb4162db0892459962b3dde3c34a1184eb6fa8a84fda9cf449ef9ae0f52b5e6,main_text_deep_read_complete,2026-09-28,not_reviewed,not_supplied,no,2026-09-29,2026-09-28,research_candidate,,2024-Mar,2023-10-12,2026-09-28,prior_screening_preserved
37879536,2024,Journal of Thoracic Oncology,"A Phase 1b Study of Ivonescimab, a Programmed Cell Death Protein-1 and Vascular Endothelial Growth Factor Bispecific Antibody, as First- or Second-Line Therapy for Advanced or Metastatic Immunotherapy-Naive NSCLC.",PD-1/VEGF双特异性抗体依沃西单抗一线或二线治疗免疫治疗初治NSCLC的Ib期研究,10.1016/j.jtho.2023.10.014,https://pubmed.ncbi.nlm.nih.gov/37879536/,https://doi.org/10.1016/j.jtho.2023.10.014,I,免疫治疗/免疫微环境,免疫治疗/免疫微环境,not_curated_this_screen,candidate_for_original_source_learning_subject_to_eligibility,metadata_title_screened_not_fulltext_read,2026-09-29范围扩展：题名/题录筛选，不是精读,须全文核准研究范围；题名筛选不验证具体方法或结果,not_assessed_this_expansion,not_located_in_20260929_first_three_page_scan,,,not_registered_as_deep_read,,not_registered,not_reviewed_this_expansion,no,2026-09-29,2026-09-29,research_candidate,,2024-Mar,2023-10-23,2026-09-28,metadata_title_screened_not_fulltext_read
37924972,2024,Journal of Thoracic Oncology,MUC1-C Is a Common Driver of Acquired Osimertinib Resistance in NSCLC.,MUC1-C是NSCLC获得性奥希替尼耐药的共同驱动因素,10.1016/j.jtho.2023.10.017,https://pubmed.ncbi.nlm.nih.gov/37924972/,https://doi.org/10.1016/j.jtho.2023.10.017,M,RNA/表观/单细胞/空间/影像及机制,耐药机制扩展,EGFR复合/旁路耐药模型中的MUC1-C功能,candidate_for_original_source_learning_subject_to_eligibility,targeted_fulltext_screen,跨耐药背景的共同表达依赖，保留机制扩展,MUC1-C表达/信号不等于MUC1共突变；功能研究非临床共突变图谱,obtained_for_screening_not_equivalent_to_deep_read,not_located_in_previous_broad_scan_and_current_intake,,,not_registered_as_deep_read,,not_registered,not_reviewed_this_intake,no,2026-09-29,2026-09-28,research_candidate,,2024-Mar,2023-11-03,2026-09-28,prior_screening_preserved
37943237,2024,Journal of Thoracic Oncology,Five Cases of Cytokine Release Syndrome in Patients Receiving Cytotoxic Chemotherapy Together With Nivolumab Plus Ipilimumab: A Case Report.,纳武利尤单抗、伊匹木单抗联合化疗期间发生细胞因子释放综合征的五例报告,10.1016/j.jtho.2023.10.010,https://pubmed.ncbi.nlm.nih.gov/37943237/,https://doi.org/10.1016/j.jtho.2023.10.010,S,病例参考,病例参考,not_curated_this_screen,case_reference_not_original_cohort_learning,metadata_title_screened_not_fulltext_read,2026-09-29范围扩展：题名/题录筛选，不是精读,须全文核准研究范围；题名筛选不验证具体方法或结果,not_assessed_this_expansion,not_located_in_20260929_first_three_page_scan,,,not_registered_as_deep_read,,not_registered,not_reviewed_this_expansion,no,2026-09-29,2026-09-29,case_reference,,2024-Feb,2023-11-07,2026-09-28,metadata_title_screened_not_fulltext_read
37981218,2024,Journal of Thoracic Oncology,Allelic Context of EGFR C797X-Mutant Lung Cancer Defines Four Subtypes With Heterogeneous Genomic Landscape and Distinct Clinical Outcomes.,EGFR C797X等位基因背景定义四种基因组异质及结局不同的肺癌亚型,10.1016/j.jtho.2023.11.016,https://pubmed.ncbi.nlm.nih.gov/37981218/,https://doi.org/10.1016/j.jtho.2023.11.016,C,共改变重点,基因组分型与临床结局,EGFR复合突变的cis/trans相位,candidate_for_original_source_learning_subject_to_eligibility,abstract_only,四种等位背景、伴随耐药及亚型切换，可参考共变异分层框架,同基因相位不等于跨基因共突变；非随机后续方案疗效,not_obtained_in_prior_screen,archived_hash_verified,Lu_Allelic_Context_of_EGFR_C797X_Mutant_Lung_Cancer_Defines_Fou_PMID37981218_publisher_typeset_pdf.pdf,380412f2c9ef029751ab3c6113ca21e729dd185f807754762f263dc5734415d1,main_text_deep_read_complete,2026-09-29,not_reviewed,not_supplied,no,2026-09-29,2026-09-28,research_candidate,,2024-Apr,2023-11-20,2026-09-28,supplied_main_text_deep_read_complete
38012985,2024,Journal of Thoracic Oncology,Immune-Related Toxicity in NSCLC: Current State-of-the-Art and Emerging Clinical Challenges.,NSCLC免疫相关毒性：现状与新出现的临床挑战,10.1016/j.jtho.2023.11.018,https://pubmed.ncbi.nlm.nih.gov/38012985/,https://doi.org/10.1016/j.jtho.2023.11.018,R,背景综述/共识/证据综合,背景综述/共识/证据综合,not_curated_this_screen,background_only_not_original_language_learning,metadata_title_screened_not_fulltext_read,2026-09-29范围扩展：题名/题录筛选，不是精读,须全文核准研究范围；题名筛选不验证具体方法或结果,not_assessed_this_expansion,not_located_in_20260929_first_three_page_scan,,,not_registered_as_deep_read,,not_registered,not_reviewed_this_expansion,no,2026-09-29,2026-09-29,background,,2024-Mar,2023-11-25,2026-09-28,metadata_title_screened_not_fulltext_read
38012986,2024,Journal of Thoracic Oncology,Real-World Efficacy and Safety of Amivantamab for EGFR-Mutant NSCLC.,Amivantamab治疗EGFR突变NSCLC的真实世界疗效和安全性,10.1016/j.jtho.2023.11.020,https://pubmed.ncbi.nlm.nih.gov/38012986/,https://doi.org/10.1016/j.jtho.2023.11.020,T,靶向治疗/耐药/试验延伸,靶向治疗/耐药/试验延伸,not_curated_this_screen,candidate_for_original_source_learning_subject_to_eligibility,metadata_title_screened_not_fulltext_read,2026-09-29范围扩展：题名/题录筛选，不是精读,须全文核准研究范围；题名筛选不验证具体方法或结果,not_assessed_this_expansion,not_located_in_20260929_first_three_page_scan,,,not_registered_as_deep_read,,not_registered,not_reviewed_this_expansion,no,2026-09-29,2026-09-29,research_candidate,,2024-Mar,2023-11-25,2026-09-28,metadata_title_screened_not_fulltext_read
38070596,2024,Journal of Thoracic Oncology,Comprehensive Review of ROS1 Tyrosine Kinase Inhibitors-Classified by Structural Designs and Mutation Spectrum (Solvent Front Mutation [G2032R] and Central β-Sheet 6 [Cβ6] Mutation [L2086F]).,按结构设计与耐药突变谱分类的ROS1酪氨酸激酶抑制剂综述,10.1016/j.jtho.2023.12.008,https://pubmed.ncbi.nlm.nih.gov/38070596/,https://doi.org/10.1016/j.jtho.2023.12.008,R,综述/共识背景,综述,ROS1耐药位点综述,background_only_not_original_language_learning,abstract_only,保留G2032R/L2086F等位点及结构背景,药物批准/推荐时效需另核；非原始共突变队列,not_obtained_in_prior_screen,not_located_in_previous_broad_scan_and_current_intake,,,not_registered_as_deep_read,,not_registered,not_reviewed_this_intake,no,2026-09-29,2026-09-28,background,,2024-May,2023-12-07,2026-09-28,prior_screening_preserved
38070597,2024,Journal of Thoracic Oncology,Artificial Intelligence-Powered Assessment of Pathologic Response to Neoadjuvant Atezolizumab in Patients With NSCLC: Results From the LCMC3 Study.,LCMC3：人工智能评估新辅助阿替利珠单抗治疗NSCLC的病理反应,10.1016/j.jtho.2023.12.010,https://pubmed.ncbi.nlm.nih.gov/38070597/,https://doi.org/10.1016/j.jtho.2023.12.010,I,免疫治疗/免疫微环境,免疫治疗/免疫微环境,not_curated_this_screen,candidate_for_original_source_learning_subject_to_eligibility,metadata_title_screened_not_fulltext_read,2026-09-29范围扩展：题名/题录筛选，不是精读,须全文核准研究范围；题名筛选不验证具体方法或结果,not_assessed_this_expansion,not_located_in_20260929_first_three_page_scan,,,not_registered_as_deep_read,,not_registered,not_reviewed_this_expansion,no,2026-09-29,2026-09-29,research_candidate,,2024-May,2023-12-07,2026-09-28,metadata_title_screened_not_fulltext_read
38070598,2024,Journal of Thoracic Oncology,CD74/SLC34A2-ROS1 Fusion Variants Involving the Transmembrane Region Predict Poor Response to Crizotinib in NSCLC Independent of TP53 Mutations.,含跨膜区域的CD74/SLC34A2-ROS1融合变体与较差克唑替尼反应相关且独立于TP53突变,10.1016/j.jtho.2023.12.009,https://pubmed.ncbi.nlm.nih.gov/38070598/,https://doi.org/10.1016/j.jtho.2023.12.009,C,共改变重点,基因组分型与临床结局,ROS1融合伴TP53/BIM背景,candidate_for_original_source_learning_subject_to_eligibility,abstract_only,长/短融合、跨膜区和TP53分层关联crizotinib结局,TP53单独PFS比较P=.159不能称显著；BIM多态性另标,not_obtained_in_prior_screen,not_located_in_previous_broad_scan_and_current_intake,,,not_registered_as_deep_read,,not_registered,not_reviewed_this_intake,no,2026-09-29,2026-09-28,research_candidate,,2024-Apr,2023-12-07,2026-09-28,prior_screening_preserved
38096950,2024,Journal of Thoracic Oncology,Outcome of First-Line Treatment With Pembrolizumab According to KRAS/TP53 Mutational Status for Nonsquamous Programmed Death-Ligand 1-High (≥50%) NSCLC in the German National Network Genomic Medicine Lung Cancer.,KRAS/TP53突变状态与PD-L1高表达非鳞NSCLC一线帕博利珠单抗结局,10.1016/j.jtho.2023.12.015,https://pubmed.ncbi.nlm.nih.gov/38096950/,https://doi.org/10.1016/j.jtho.2023.12.015,C,共改变重点,共改变与免疫治疗,KRAS/TP53共突变,candidate_for_original_source_learning_subject_to_eligibility,abstract_only,G12C/TP53与长期获益关联，为STK11不同共突变背景的对照框架,G12C组OS HR=.72但P=.16；CV引用命中不是本地PDF；非随机单药队列,not_obtained_in_prior_screen,hash_verified_local_pdf,Bischoff_Outcome_of_First_Line_Treatment_With_Pembrolizumab_A_PMID38096950_typeset.pdf,248379ea76d471707e9fd6f5cde6d736773c81cac845230df48c143341e9a759,main_text_deep_read_complete,2026-09-28,not_reviewed,not_supplied,no,2026-09-29,2026-09-28,research_candidate,,2024-May,2023-12-13,2026-09-28,prior_screening_preserved
38154514,2024,Journal of Thoracic Oncology,Prevalence and Therapeutic Targeting of High-Level ERBB2 Amplification in NSCLC.,NSCLC高水平ERBB2扩增的发生率与治疗靶向研究,10.1016/j.jtho.2023.12.019,https://pubmed.ncbi.nlm.nih.gov/38154514/,https://doi.org/10.1016/j.jtho.2023.12.019,C,共改变重点,拷贝数改变与靶向治疗,ERBB2扩增伴ERBB2突变或其他驱动,candidate_for_original_source_learning_subject_to_eligibility,targeted_fulltext_screen,明确区分独立驱动、增强同基因突变、旁路获得扩增，优先参考,ERBB2突变、扩增和HER2蛋白过表达不能混同,obtained_for_screening_not_equivalent_to_deep_read,hash_verified_local_pdf,Odintsov_Prevalence_and_Therapeutic_Targeting_of_High_Level_E_PMID38154514_typeset.pdf,2de830bbb15e5dcf6f8ad3f4019ce6894d7720464565280eead79e9b2b5289d0,main_text_deep_read_complete,2026-09-28,not_reviewed,not_supplied,no,2026-09-29,2026-09-28,research_candidate,,2024-May,2023-12-26,2026-09-28,prior_screening_preserved
38159809,2024,Journal of Thoracic Oncology,"Pembrolizumab With or Without Lenvatinib for First-Line Metastatic NSCLC With Programmed Cell Death-Ligand 1 Tumor Proportion Score of at least 1% (LEAP-007): A Randomized, Double-Blind, Phase 3 Trial.",LEAP-007：PD-L1 TPS≥1%的转移性NSCLC一线帕博利珠单抗联合或不联合仑伐替尼,10.1016/j.jtho.2023.12.023,https://pubmed.ncbi.nlm.nih.gov/38159809/,https://doi.org/10.1016/j.jtho.2023.12.023,I,免疫治疗/免疫微环境,免疫治疗/免疫微环境,not_curated_this_screen,candidate_for_original_source_learning_subject_to_eligibility,metadata_title_screened_not_fulltext_read,2026-09-29范围扩展：题名/题录筛选，不是精读,须全文核准研究范围；题名筛选不验证具体方法或结果,not_assessed_this_expansion,not_located_in_20260929_first_three_page_scan,,,not_registered_as_deep_read,,not_registered,not_reviewed_this_expansion,no,2026-09-29,2026-09-29,research_candidate,,2024-Jun,2023-12-29,2026-09-28,metadata_title_screened_not_fulltext_read
38185202,2024,Journal of Thoracic Oncology,"Lung Cancer Oncogene-Directed Therapy, Fertility, and Pregnancy.",肺癌驱动基因靶向治疗、生育力与妊娠,10.1016/j.jtho.2024.01.003,https://pubmed.ncbi.nlm.nih.gov/38185202/,https://doi.org/10.1016/j.jtho.2024.01.003,R,背景综述/共识/证据综合,背景综述/共识/证据综合,not_curated_this_screen,background_only_not_original_language_learning,metadata_title_screened_not_fulltext_read,2026-09-29范围扩展：题名/题录筛选，不是精读,须全文核准研究范围；题名筛选不验证具体方法或结果,not_assessed_this_expansion,not_located_in_20260929_first_three_page_scan,,,not_registered_as_deep_read,,not_registered,not_reviewed_this_expansion,no,2026-09-29,2026-09-29,background,,2024-Jun,2024-01-06,2026-09-28,metadata_title_screened_not_fulltext_read
38278303,2024,Journal of Thoracic Oncology,Consolidation Osimertinib Versus Durvalumab Versus Observation After Concurrent Chemoradiation in Unresectable EGFR-Mutant NSCLC: A Multicenter Retrospective Cohort Study.,EGFR突变III期NSCLC同步放化疗后奥希替尼、度伐利尤单抗或观察的比较,10.1016/j.jtho.2024.01.012,https://pubmed.ncbi.nlm.nih.gov/38278303/,https://doi.org/10.1016/j.jtho.2024.01.012,T,靶向治疗/耐药/试验延伸,靶向治疗/耐药/试验延伸,not_curated_this_screen,candidate_for_original_source_learning_subject_to_eligibility,metadata_title_screened_not_fulltext_read,2026-09-29范围扩展：题名/题录筛选，不是精读,须全文核准研究范围；题名筛选不验证具体方法或结果,not_assessed_this_expansion,not_located_in_20260929_first_three_page_scan,,,not_registered_as_deep_read,,not_registered,not_reviewed_this_expansion,no,2026-09-29,2026-09-29,research_candidate,,2024-Jun,2024-01-24,2026-09-28,metadata_title_screened_not_fulltext_read
38280448,2024,Journal of Thoracic Oncology,"Iruplinalkib (WX-0593) Versus Crizotinib in ALK TKI-Naive Locally Advanced or Metastatic ALK-Positive NSCLC: Interim Analysis of a Randomized, Open-Label, Phase 3 Study (INSPIRE).",INSPIRE III期中期分析：伊鲁阿克对比克唑替尼治疗ALK-TKI初治NSCLC,10.1016/j.jtho.2024.01.013,https://pubmed.ncbi.nlm.nih.gov/38280448/,https://doi.org/10.1016/j.jtho.2024.01.013,T,靶向治疗/耐药/试验延伸,靶向治疗/耐药/试验延伸,not_curated_this_screen,candidate_for_original_source_learning_subject_to_eligibility,metadata_title_screened_not_fulltext_read,2026-09-29范围扩展：题名/题录筛选，不是精读,须全文核准研究范围；题名筛选不验证具体方法或结果,not_assessed_this_expansion,not_located_in_20260929_first_three_page_scan,,,not_registered_as_deep_read,,not_registered,not_reviewed_this_expansion,no,2026-09-29,2026-09-29,research_candidate,,2024-Jun,2024-01-25,2026-09-28,metadata_title_screened_not_fulltext_read
38295954,2024,Journal of Thoracic Oncology,"Ficonalkib (SY-3505) in Advanced ALK-Positive NSCLC: A Multicenter, Open-Label, Single-Arm, Phase 1/2 Study.",Ficonalkib（SY-3505）治疗晚期ALK阳性NSCLC的I/II期研究,10.1016/j.jtho.2024.01.015,https://pubmed.ncbi.nlm.nih.gov/38295954/,https://doi.org/10.1016/j.jtho.2024.01.015,T,靶向治疗/耐药/试验延伸,靶向治疗/耐药/试验延伸,not_curated_this_screen,candidate_for_original_source_learning_subject_to_eligibility,metadata_title_screened_not_fulltext_read,2026-09-29范围扩展：题名/题录筛选，不是精读,须全文核准研究范围；题名筛选不验证具体方法或结果,not_assessed_this_expansion,not_located_in_20260929_first_three_page_scan,,,not_registered_as_deep_read,,not_registered,not_reviewed_this_expansion,no,2026-09-29,2026-09-29,research_candidate,,2024-Jun,2024-01-29,2026-09-28,metadata_title_screened_not_fulltext_read
38340108,2024,Journal of Thoracic Oncology,Successful Osimertinib Rechallenge After Relapse Following Adjuvant Osimertinib: A Case Report.,辅助奥希替尼后复发再挑战成功的病例报告,10.1016/j.jtho.2024.01.001,https://pubmed.ncbi.nlm.nih.gov/38340108/,https://doi.org/10.1016/j.jtho.2024.01.001,S,病例参考,病例参考,not_curated_this_screen,case_reference_not_original_cohort_learning,metadata_title_screened_not_fulltext_read,2026-09-29范围扩展：题名/题录筛选，不是精读,须全文核准研究范围；题名筛选不验证具体方法或结果,not_assessed_this_expansion,not_located_in_20260929_first_three_page_scan,,,not_registered_as_deep_read,,not_registered,not_reviewed_this_expansion,no,2026-09-29,2026-09-29,case_reference,,2024-Apr,2024-02-09,2026-09-28,metadata_title_screened_not_fulltext_read
38382595,2024,Journal of Thoracic Oncology,Passive Smoking-Induced Mutagenesis as a Promoter of Lung Carcinogenesis.,被动吸烟诱导的突变形成与肺癌发生,10.1016/j.jtho.2024.02.006,https://pubmed.ncbi.nlm.nih.gov/38382595/,https://doi.org/10.1016/j.jtho.2024.02.006,G,其他DNA基因组学,基因组图谱与突变特征,亚克隆/APOBEC与胚系修饰,candidate_for_original_source_learning_subject_to_eligibility,abstract_only,被动吸烟关联亚克隆APOBEC负荷；适合签名/克隆性表达,回忆性暴露及筛选WGS子集；非指定基因共突变,not_obtained_in_prior_screen,not_located_in_previous_broad_scan_and_current_intake,,,not_registered_as_deep_read,,not_registered,not_reviewed_this_intake,no,2026-09-29,2026-09-28,research_candidate,,2024-Jul,2024-02-19,2026-09-28,prior_screening_preserved
38460751,2024,Journal of Thoracic Oncology,"Tislelizumab Plus Platinum and Etoposide Versus Placebo Plus Platinum and Etoposide as First-Line Treatment for Extensive-Stage SCLC (RATIONALE-312): A Multicenter, Double-Blind, Placebo-Controlled, Randomized, Phase 3 Clinical Trial.",RATIONALE-312：替雷利珠单抗联合铂类和依托泊苷一线治疗广泛期SCLC,10.1016/j.jtho.2024.03.008,https://pubmed.ncbi.nlm.nih.gov/38460751/,https://doi.org/10.1016/j.jtho.2024.03.008,I,免疫治疗/免疫微环境,免疫治疗/免疫微环境,not_curated_this_screen,candidate_for_original_source_learning_subject_to_eligibility,metadata_title_screened_not_fulltext_read,2026-09-29范围扩展：题名/题录筛选，不是精读,须全文核准研究范围；题名筛选不验证具体方法或结果,not_assessed_this_expansion,not_located_in_20260929_first_three_page_scan,,,not_registered_as_deep_read,,not_registered,not_reviewed_this_expansion,no,2026-09-29,2026-09-29,research_candidate,,2024-Jul,2024-03-07,2026-09-28,metadata_title_screened_not_fulltext_read
38461929,2024,Journal of Thoracic Oncology,Evaluation of Major Pathologic Response and Pathologic Complete Response as Surrogate End Points for Survival in Randomized Controlled Trials of Neoadjuvant Immune Checkpoint Blockade in Resectable in NSCLC.,新辅助免疫检查点阻断试验中MPR和pCR作为生存替代终点的汇总评估,10.1016/j.jtho.2024.03.010,https://pubmed.ncbi.nlm.nih.gov/38461929/,https://doi.org/10.1016/j.jtho.2024.03.010,R,背景综述/共识/证据综合,背景综述/共识/证据综合,not_curated_this_screen,background_only_not_original_language_learning,metadata_and_abstract_scope_screened,2026-09-29范围扩展：题名/题录筛选，不是精读,须全文核准研究范围；题名筛选不验证具体方法或结果,not_assessed_this_expansion,not_located_in_20260929_first_three_page_scan,,,not_registered_as_deep_read,,not_registered,not_reviewed_this_expansion,no,2026-09-29,2026-09-29,background,,2024-Jul,2024-03-08,2026-09-28,metadata_and_abstract_scope_screened
38499147,2024,Journal of Thoracic Oncology,Unveiling the Landscape of Uncommon EGFR Mutations in NSCLC-A Systematic Review.,NSCLC罕见EGFR突变图谱的系统综述,10.1016/j.jtho.2024.03.016,https://pubmed.ncbi.nlm.nih.gov/38499147/,https://doi.org/10.1016/j.jtho.2024.03.016,R,综述/共识背景,系统综述,同基因EGFR复合突变综述,background_only_not_original_language_learning,abstract_only,罕见、compound、classical-like/PACC功能类,存在勘误PMID40643418；跨代药物非随机比较，避免直接排名疗效,not_obtained_in_prior_screen,not_located_in_previous_broad_scan_and_current_intake,,,not_registered_as_deep_read,,not_registered,not_reviewed_this_intake,no,2026-09-29,2026-09-28,background,,2024-Jul,2024-03-16,2026-09-28,prior_screening_preserved
38553005,2024,Journal of Thoracic Oncology,EGFR Oncogenic Mutations in NSCLC Impair Macrophage Phagocytosis and Mediate Innate Immune Evasion Through Up-Regulation of CD47.,EGFR致癌突变经CD47上调抑制巨噬细胞吞噬并介导NSCLC固有免疫逃逸,10.1016/j.jtho.2024.03.019,https://pubmed.ncbi.nlm.nih.gov/38553005/,https://doi.org/10.1016/j.jtho.2024.03.019,M,RNA/表观/单细胞/空间/影像及机制,免疫逃逸机制扩展,EGFR信号与免疫表型，非共突变,candidate_for_original_source_learning_subject_to_eligibility,abstract_only,EGFR-ERK/AKT-cMyc/NFkB上调CD47并抑制吞噬,基因表达调控不是共突变；动物联合增效不等于临床疗效,not_obtained_in_prior_screen,not_located_in_previous_broad_scan_and_current_intake,,,not_registered_as_deep_read,,not_registered,not_reviewed_this_intake,no,2026-09-29,2026-09-28,research_candidate,,2024-Aug,2024-03-27,2026-09-28,prior_screening_preserved
38583771,2024,Journal of Thoracic Oncology,Genome-Wide Analysis Identifies Nuclear Factor 1C as a Novel Transcription Factor and Potential Therapeutic Target in SCLC.,全基因组分析识别NFIC为SCLC的新转录因子及潜在治疗靶点,10.1016/j.jtho.2024.03.023,https://pubmed.ncbi.nlm.nih.gov/38583771/,https://doi.org/10.1016/j.jtho.2024.03.023,M,RNA/表观/单细胞/空间/影像及机制,表观基因组与转录组,染色质可及性/转录调控,candidate_for_original_source_learning_subject_to_eligibility,abstract_only,NFIC/BRD4、BET抑制及代谢，保留表观组学方法层,genome-wide不自动等于DNA突变研究,not_obtained_in_prior_screen,not_located_in_previous_broad_scan_and_current_intake,,,not_registered_as_deep_read,,not_registered,not_reviewed_this_intake,no,2026-09-29,2026-09-28,research_candidate,,2024-Aug,2024-04-05,2026-09-28,prior_screening_preserved
38615939,2024,Journal of Thoracic Oncology,Treatment Response Biomarkers: Working Toward Personalized Radiotherapy for Lung Cancer.,治疗反应生物标志物：迈向肺癌个体化放疗,10.1016/j.jtho.2024.04.006,https://pubmed.ncbi.nlm.nih.gov/38615939/,https://doi.org/10.1016/j.jtho.2024.04.006,R,背景综述/共识/证据综合,背景综述/共识/证据综合,not_curated_this_screen,background_only_not_original_language_learning,metadata_and_abstract_scope_screened,2026-09-29范围扩展：题名/题录筛选，不是精读,须全文核准研究范围；题名筛选不验证具体方法或结果,not_assessed_this_expansion,not_located_in_20260929_first_three_page_scan,,,not_registered_as_deep_read,,not_registered,not_reviewed_this_expansion,no,2026-09-29,2026-09-29,background,,2024-Aug,2024-04-12,2026-09-28,metadata_and_abstract_scope_screened
38615940,2024,Journal of Thoracic Oncology,Clinical Utility of Circulating Tumor DNA in Patients With Advanced KRASG12C-Mutated NSCLC Treated With Sotorasib.,ctDNA在接受索托拉西布的晚期KRASG12C突变NSCLC中的临床价值,10.1016/j.jtho.2024.04.007,https://pubmed.ncbi.nlm.nih.gov/38615940/,https://doi.org/10.1016/j.jtho.2024.04.007,L,液体活检/检测/胚系/药物基因组学,ctDNA与分子残留病灶,ctDNA动态及KRAS扩增耐药,candidate_for_original_source_learning_subject_to_eligibility,abstract_only,基线检出、分子清除与结局；进展时KRAS扩增,检测阳性反映多因素，非已证明的治疗选择规则,not_obtained_in_prior_screen,not_located_in_previous_broad_scan_and_current_intake,,,not_registered_as_deep_read,,not_registered,not_reviewed_this_intake,no,2026-09-29,2026-09-28,research_candidate,,2024-Jul,2024-04-12,2026-09-28,prior_screening_preserved
38642841,2024,Journal of Thoracic Oncology,Pembrolizumab Plus Chemotherapy for Metastatic NSCLC With Programmed Cell Death Ligand 1 Tumor Proportion Score Less Than 1%: Pooled Analysis of Outcomes After Five Years of Follow-Up.,PD-L1 TPS<1%的转移性NSCLC帕博利珠单抗联合化疗五年结局汇总分析,10.1016/j.jtho.2024.04.011,https://pubmed.ncbi.nlm.nih.gov/38642841/,https://doi.org/10.1016/j.jtho.2024.04.011,I,免疫治疗/免疫微环境,免疫治疗/免疫微环境,not_curated_this_screen,candidate_for_original_source_learning_subject_to_eligibility,metadata_title_screened_not_fulltext_read,2026-09-29范围扩展：题名/题录筛选，不是精读,须全文核准研究范围；题名筛选不验证具体方法或结果,not_assessed_this_expansion,not_located_in_20260929_first_three_page_scan,,,not_registered_as_deep_read,,not_registered,not_reviewed_this_expansion,no,2026-09-29,2026-09-29,research_candidate,,2024-Aug,2024-04-18,2026-09-28,metadata_title_screened_not_fulltext_read
38723776,2024,Journal of Thoracic Oncology,Tracing Tumor Heterogeneity of Pleomorphic Carcinoma of the Lung.,追踪肺多形性癌的肿瘤异质性,10.1016/j.jtho.2024.04.019,https://pubmed.ncbi.nlm.nih.gov/38723776/,https://doi.org/10.1016/j.jtho.2024.04.019,G,其他DNA基因组学,克隆演化与转移,多区域克隆共享/RTK-RAS改变,candidate_for_original_source_learning_subject_to_eligibility,abstract_only,多形性癌的共同祖先、分支及EMT；适合克隆演化与多组学框架,区域数不等于患者数；未凭摘要确认STK11共突变,not_obtained_in_prior_screen,not_located_in_previous_broad_scan_and_current_intake,,,not_registered_as_deep_read,,not_registered,not_reviewed_this_intake,no,2026-09-29,2026-09-28,research_candidate,,2024-Sep,2024-05-07,2026-09-28,prior_screening_preserved
38729426,2024,Journal of Thoracic Oncology,"Brief Report: Updated Data From IMscin001 Part 2, a Randomized Phase III Study of Subcutaneous Versus Intravenous Atezolizumab in Patients With Locally Advanced or Metastatic NSCLC.",IMscin001更新：皮下注射对比静脉阿替利珠单抗治疗局部晚期或转移性NSCLC,10.1016/j.jtho.2024.05.005,https://pubmed.ncbi.nlm.nih.gov/38729426/,https://doi.org/10.1016/j.jtho.2024.05.005,I,免疫治疗/免疫微环境,免疫治疗/免疫微环境,not_curated_this_screen,candidate_for_original_source_learning_subject_to_eligibility,metadata_title_screened_not_fulltext_read,2026-09-29范围扩展：题名/题录筛选，不是精读,须全文核准研究范围；题名筛选不验证具体方法或结果,not_assessed_this_expansion,not_located_in_20260929_first_three_page_scan,,,not_registered_as_deep_read,,not_registered,not_reviewed_this_expansion,no,2026-09-29,2026-09-29,research_candidate,,2024-Oct,2024-05-09,2026-09-28,metadata_title_screened_not_fulltext_read
38762120,2024,Journal of Thoracic Oncology,A Real-World Assessment of Stage I Lung Cancer Through Electronic Nose Technology.,电子鼻技术评估I期肺癌的真实世界研究,10.1016/j.jtho.2024.05.006,https://pubmed.ncbi.nlm.nih.gov/38762120/,https://doi.org/10.1016/j.jtho.2024.05.006,M,组学及相邻方法,组学及相邻方法,not_curated_this_screen,candidate_for_original_source_learning_subject_to_eligibility,metadata_and_abstract_scope_screened,2026-09-29范围扩展：题名/题录筛选，不是精读,呼气电子鼻诊断研究；仅拟作为多组学平台组成，不能称本研究已完成多组学整合,not_assessed_this_expansion,not_located_in_20260929_first_three_page_scan,,,not_registered_as_deep_read,,not_registered,not_reviewed_this_expansion,no,2026-09-29,2026-09-29,research_candidate,呼气电子鼻诊断研究；仅拟作为多组学平台组成，不能称本研究已完成多组学整合,2024-Sep,2024-05-16,2026-09-28,metadata_and_abstract_scope_screened
38866326,2024,Journal of Thoracic Oncology,Mutational Characteristics and Clinical Outcomes for Lung Adenocarcinoma With EGFR Germline Mutations.,EGFR胚系突变肺腺癌的突变特征与临床结局,10.1016/j.jtho.2024.06.004,https://pubmed.ncbi.nlm.nih.gov/38866326/,https://doi.org/10.1016/j.jtho.2024.06.004,L,液体活检/检测/胚系/药物基因组学,遗传易感与风险,胚系EGFR叠加体细胞EGFR,candidate_for_original_source_learning_subject_to_eligibility,abstract_only,胚系T790M常伴体细胞L858R；独立列遗传与体细胞双事件,VAF≈50%只是线索，不可单独认定胚系；小样本回顾性,not_obtained_in_prior_screen,not_located_in_previous_broad_scan_and_current_intake,,,not_registered_as_deep_read,,not_registered,not_reviewed_this_intake,no,2026-09-29,2026-09-28,research_candidate,,2024-Oct,2024-06-10,2026-09-28,prior_screening_preserved
38880172,2024,Journal of Thoracic Oncology,Prevalence of EGFR Mutations in Patients With Resected Stages I to III NSCLC: Results From the EARLY-EGFR Study.,已切除I至III期NSCLC中EGFR突变的发生率：EARLY-EGFR研究,10.1016/j.jtho.2024.06.008,https://pubmed.ncbi.nlm.nih.gov/38880172/,https://doi.org/10.1016/j.jtho.2024.06.008,G,其他DNA基因组学,基因组图谱与突变特征,EGFR单基因流行分布,candidate_for_original_source_learning_subject_to_eligibility,abstract_only,早期EGFR突变/亚型与临床特征，可参考基线表和多变量logistic,不是共突变研究；地域/入组选择限制外推,not_obtained_in_prior_screen,not_located_in_previous_broad_scan_and_current_intake,,,not_registered_as_deep_read,,not_registered,not_reviewed_this_intake,no,2026-09-29,2026-09-28,research_candidate,,2024-Oct,2024-06-14,2026-09-28,prior_screening_preserved
38901648,2024,Journal of Thoracic Oncology,Neoadjuvant and Adjuvant Treatments for Early Stage Resectable NSCLC: Consensus Recommendations From the International Association for the Study of Lung Cancer.,IASLC共识：早期可切除NSCLC的新辅助和辅助治疗,10.1016/j.jtho.2024.06.010,https://pubmed.ncbi.nlm.nih.gov/38901648/,https://doi.org/10.1016/j.jtho.2024.06.010,R,背景综述/共识/证据综合,背景综述/共识/证据综合,not_curated_this_screen,background_only_not_original_language_learning,metadata_title_screened_not_fulltext_read,2026-09-29范围扩展：题名/题录筛选，不是精读,须全文核准研究范围；题名筛选不验证具体方法或结果,not_assessed_this_expansion,not_located_in_20260929_first_three_page_scan,,,not_registered_as_deep_read,,not_registered,not_reviewed_this_expansion,no,2026-09-29,2026-09-29,background,,2024-Oct,2024-06-18,2026-09-28,metadata_title_screened_not_fulltext_read
38912994,2024,Journal of Thoracic Oncology,Histopathological Evidence for a Non-Inflammatory Mechanism in Osimertinib-Induced Myopathy: A Case Report.,奥希替尼诱导肌病的非炎症机制组织病理证据：病例报告,10.1016/j.jtho.2024.05.373,https://pubmed.ncbi.nlm.nih.gov/38912994/,https://doi.org/10.1016/j.jtho.2024.05.373,S,病例参考,病例参考,not_curated_this_screen,case_reference_not_original_cohort_learning,metadata_title_screened_not_fulltext_read,2026-09-29范围扩展：题名/题录筛选，不是精读,须全文核准研究范围；题名筛选不验证具体方法或结果,not_assessed_this_expansion,not_located_in_20260929_first_three_page_scan,,,not_registered_as_deep_read,,not_registered,not_reviewed_this_expansion,no,2026-09-29,2026-09-29,case_reference,,2024-Sep,2024-06-25,2026-09-28,metadata_title_screened_not_fulltext_read
38971369,2024,Journal of Thoracic Oncology,Analysis of Circulating Tumor DNA Predicts Outcomes of Short-Course Consolidation Immunotherapy in Unresectable Stage III NSCLC.,ctDNA预测不可切除III期NSCLC短疗程巩固免疫治疗结局,10.1016/j.jtho.2024.06.024,https://pubmed.ncbi.nlm.nih.gov/38971369/,https://doi.org/10.1016/j.jtho.2024.06.024,L,液体活检/检测/胚系/药物基因组学,ctDNA与分子残留病灶,MRD动态；STK11仅被追踪基因之一,candidate_for_original_source_learning_subject_to_eligibility,targeted_fulltext_screen,可参考MRD方法；正文提STK11不等于研究其共突变作用,基因名单出现不能推定有STK11效应分析；非证明短程ICI可替代标准疗程,obtained_for_screening_not_equivalent_to_deep_read,not_located_in_previous_broad_scan_and_current_intake,,,not_registered_as_deep_read,,not_registered,not_reviewed_this_intake,no,2026-09-29,2026-09-28,research_candidate,,2024-Oct,2024-07-05,2026-09-28,prior_screening_preserved
38992468,2024,Journal of Thoracic Oncology,Clinical Utility of Tumor-Naïve Presurgical Circulating Tumor DNA Detection in Early-Stage NSCLC.,早期NSCLC术前非肿瘤知情ctDNA检测的临床价值,10.1016/j.jtho.2024.07.002,https://pubmed.ncbi.nlm.nih.gov/38992468/,https://doi.org/10.1016/j.jtho.2024.07.002,L,液体活检/检测/胚系/药物基因组学,ctDNA与分子残留病灶,甲基化ctDNA，非共突变,candidate_for_original_source_learning_subject_to_eligibility,abstract_only,临床I期LUAD预后、分期升级与病理分级,不同期别/组织学效果不同；PD-L1相关不证明免疫治疗获益,not_obtained_in_prior_screen,not_located_in_previous_broad_scan_and_current_intake,,,not_registered_as_deep_read,,not_registered,not_reviewed_this_intake,no,2026-09-29,2026-09-28,research_candidate,,2024-Nov,2024-07-09,2026-09-28,prior_screening_preserved
39019326,2024,Journal of Thoracic Oncology,Impact of EML4-ALK Variants and Co-Occurring TP53 Mutations on Duration of First-Line ALK Tyrosine Kinase Inhibitor Treatment and Overall Survival in ALK Fusion-Positive NSCLC: Real-World Outcomes From the GuardantINFORM database.,EML4-ALK变体及TP53共突变对一线ALK-TKI治疗持续时间和生存的影响：GuardantINFORM,10.1016/j.jtho.2024.07.009,https://pubmed.ncbi.nlm.nih.gov/39019326/,https://doi.org/10.1016/j.jtho.2024.07.009,C,共改变重点,基因组分型与临床结局,ALK融合伴TP53,candidate_for_original_source_learning_subject_to_eligibility,abstract_only,高VAF/TP53与提前停药相关，v3+TP53组合较差,TTD不等于PFS；v1与v3总体P=.264，不可概括为显著差异,not_obtained_in_prior_screen,not_located_in_previous_broad_scan_and_current_intake,,,not_registered_as_deep_read,,not_registered,not_reviewed_this_intake,no,2026-09-29,2026-09-28,research_candidate,,2024-Nov,2024-07-15,2026-09-28,prior_screening_preserved
39029876,2024,Journal of Thoracic Oncology,Longitudinal Analyses of Circulating Tumor DNA for the Detection of EGFR Mutation-Positive Advanced NSCLC Progression During Treatment: Data From FLAURA and AURA3.,纵向ctDNA检测EGFR突变晚期NSCLC治疗中进展：FLAURA与AURA3,10.1016/j.jtho.2024.07.008,https://pubmed.ncbi.nlm.nih.gov/39029876/,https://doi.org/10.1016/j.jtho.2024.07.008,L,液体活检/检测/胚系/药物基因组学,ctDNA与分子残留病灶,纵向EGFR ctDNA,candidate_for_original_source_learning_subject_to_eligibility,abstract_only,ctDNA进展可早于影像，适合动态标志物写法,选定进展人群的回顾分析，不证明按ctDNA提前换药有益,not_obtained_in_prior_screen,not_located_in_previous_broad_scan_and_current_intake,,,not_registered_as_deep_read,,not_registered,not_reviewed_this_intake,no,2026-09-29,2026-09-28,research_candidate,,2024-Nov,2024-07-17,2026-09-28,prior_screening_preserved
39059487,2024,Journal of Thoracic Oncology,Second Primary Lung Cancer - An Emerging Issue in Lung Cancer Survivors.,第二原发肺癌：肺癌生存者中的新兴问题,10.1016/j.jtho.2024.07.014,https://pubmed.ncbi.nlm.nih.gov/39059487/,https://doi.org/10.1016/j.jtho.2024.07.014,R,综述/共识背景,综述,克隆来源鉴别背景,background_only_not_original_language_learning,abstract_only,基因组区分SPLC/IPM，保留研究背景,不是患者级共突变分析,not_obtained_in_prior_screen,not_located_in_previous_broad_scan_and_current_intake,,,not_registered_as_deep_read,,not_registered,not_reviewed_this_intake,no,2026-09-29,2026-09-28,background,,2024-Oct,2024-07-24,2026-09-28,prior_screening_preserved
39111731,2024,Journal of Thoracic Oncology,Lung-MAP Next-Generation Sequencing Analysis of Advanced Squamous Cell Lung Cancers (SWOG S1400).,Lung-MAP晚期肺鳞癌下一代测序分析：SWOG S1400,10.1016/j.jtho.2024.07.024,https://pubmed.ncbi.nlm.nih.gov/39111731/,https://doi.org/10.1016/j.jtho.2024.07.024,C,共改变重点,基因组图谱与突变特征,全图谱共现/互斥、多事件类型,candidate_for_original_source_learning_subject_to_eligibility,targeted_fulltext_screen,95共现/41互斥对，短变异/扩增/缺失分开；最直接共改变分析方法参考之一,MEGSA采用FDR<15%，SELECT<5%，不能统一写q<.05,obtained_for_screening_not_equivalent_to_deep_read,hash_verified_local_pdf,Kozono_Lung_MAP_Next_Generation_Sequencing_Analysis_of_Adva_PMID39111731_typeset.pdf,ffecd0035b09ec759151af6e120c10cb59b708df8312ae4192ff3e4eddf9f755,main_text_deep_read_complete,2026-09-28,not_reviewed,not_supplied,no,2026-09-29,2026-09-28,research_candidate,,2024-Dec,2024-08-05,2026-09-28,prior_screening_preserved
39127176,2024,Journal of Thoracic Oncology,Efficacy and Safety of KRASG12C Inhibitor IBI351 Monotherapy in Patients With Advanced NSCLC: Results From a Phase 2 Pivotal Study.,KRAS G12C抑制剂IBI351单药治疗晚期NSCLC的关键II期研究,10.1016/j.jtho.2024.08.005,https://pubmed.ncbi.nlm.nih.gov/39127176/,https://doi.org/10.1016/j.jtho.2024.08.005,T,靶向治疗/耐药/试验延伸,靶向治疗/耐药/试验延伸,not_curated_this_screen,candidate_for_original_source_learning_subject_to_eligibility,metadata_title_screened_not_fulltext_read,2026-09-29范围扩展：题名/题录筛选，不是精读,须全文核准研究范围；题名筛选不验证具体方法或结果,not_assessed_this_expansion,not_located_in_20260929_first_three_page_scan,,,not_registered_as_deep_read,,not_registered,not_reviewed_this_expansion,no,2026-09-29,2026-09-29,research_candidate,,2024-Dec,2024-08-09,2026-09-28,metadata_title_screened_not_fulltext_read
39243945,2025,Journal of Thoracic Oncology,Durvalumab With or Without Tremelimumab in Combination With Chemotherapy in First-Line Metastatic NSCLC: Five-Year Overall Survival Outcomes From the Phase 3 POSEIDON Trial.,POSEIDON五年总生存：度伐利尤单抗联合化疗、加或不加替西木单抗,10.1016/j.jtho.2024.09.1381,https://pubmed.ncbi.nlm.nih.gov/39243945/,https://doi.org/10.1016/j.jtho.2024.09.1381,I,免疫治疗/免疫微环境,免疫治疗/免疫微环境,not_curated_this_screen,candidate_for_original_source_learning_subject_to_eligibility,metadata_title_screened_not_fulltext_read,2026-09-29范围扩展：题名/题录筛选，不是精读,须全文核准研究范围；题名筛选不验证具体方法或结果,not_assessed_this_expansion,not_located_in_20260929_first_three_page_scan,,,not_registered_as_deep_read,,not_registered,not_reviewed_this_expansion,no,2026-09-29,2026-09-29,research_candidate,,2025-Jan,2024-09-05,2026-09-28,metadata_title_screened_not_fulltext_read
39260521,2025,Journal of Thoracic Oncology,High-Dose Furmonertinib in Patients With EGFR-Mutated NSCLC and Leptomeningeal Metastases: A Prospective Real-World Study.,高剂量伏美替尼治疗EGFR突变NSCLC软脑膜转移的前瞻性真实世界研究,10.1016/j.jtho.2024.09.1385,https://pubmed.ncbi.nlm.nih.gov/39260521/,https://doi.org/10.1016/j.jtho.2024.09.1385,T,靶向治疗/耐药/试验延伸,靶向治疗/耐药/试验延伸,not_curated_this_screen,candidate_for_original_source_learning_subject_to_eligibility,metadata_title_screened_not_fulltext_read,2026-09-29范围扩展：题名/题录筛选，不是精读,须全文核准研究范围；题名筛选不验证具体方法或结果,not_assessed_this_expansion,not_located_in_20260929_first_three_page_scan,,,not_registered_as_deep_read,,not_registered,not_reviewed_this_expansion,no,2026-09-29,2026-09-29,research_candidate,,2025-Jan,2024-09-10,2026-09-28,metadata_title_screened_not_fulltext_read
39260522,2025,Journal of Thoracic Oncology,Consolidation ALK Tyrosine Kinase Inhibitors Versus Durvalumab or Observation After Chemoradiation in Unresectable Stage III ALK-Positive NSCLC.,ALK阳性不可切除III期NSCLC放化疗后巩固ALK-TKI、度伐利尤单抗或观察,10.1016/j.jtho.2024.09.1379,https://pubmed.ncbi.nlm.nih.gov/39260522/,https://doi.org/10.1016/j.jtho.2024.09.1379,T,靶向治疗/耐药/试验延伸,靶向治疗/耐药/试验延伸,not_curated_this_screen,candidate_for_original_source_learning_subject_to_eligibility,metadata_title_screened_not_fulltext_read,2026-09-29范围扩展：题名/题录筛选，不是精读,须全文核准研究范围；题名筛选不验证具体方法或结果,not_assessed_this_expansion,not_located_in_20260929_first_three_page_scan,,,not_registered_as_deep_read,,not_registered,not_reviewed_this_expansion,no,2026-09-29,2026-09-29,research_candidate,,2025-Jan,2024-09-10,2026-09-28,metadata_title_screened_not_fulltext_read
39306192,2025,Journal of Thoracic Oncology,Radiomics-Based Support Vector Machine Distinguishes Molecular Events Driving the Progression of Lung Adenocarcinoma.,基于影像组学的支持向量机区分肺腺癌进展的分子事件,10.1016/j.jtho.2024.09.1431,https://pubmed.ncbi.nlm.nih.gov/39306192/,https://doi.org/10.1016/j.jtho.2024.09.1431,M,RNA/表观/单细胞/空间/影像及机制,影像组学与转录组,影像-NGS-RNA整合,candidate_for_original_source_learning_subject_to_eligibility,abstract_only,早期LUAD结节进展与免疫环境，用于多组学模型表达,分子特征映射不是影像已精准推断全部DNA事件,not_obtained_in_prior_screen,not_located_in_previous_broad_scan_and_current_intake,,,not_registered_as_deep_read,,not_registered,not_reviewed_this_intake,no,2026-09-29,2026-09-28,research_candidate,,2025-Jan,2024-09-19,2026-09-28,prior_screening_preserved
39369790,2025,Journal of Thoracic Oncology,Long-Term Survival Outcomes With First-Line Nivolumab Plus Ipilimumab-Based Treatment in Patients With Metastatic NSCLC and Tumor Programmed Death-Ligand 1 Lower Than 1%: A Pooled Analysis.,PD-L1<1%的转移性NSCLC一线纳武利尤单抗及伊匹木单抗方案长期生存汇总分析,10.1016/j.jtho.2024.09.1439,https://pubmed.ncbi.nlm.nih.gov/39369790/,https://doi.org/10.1016/j.jtho.2024.09.1439,I,免疫治疗/免疫微环境,免疫治疗/免疫微环境,not_curated_this_screen,candidate_for_original_source_learning_subject_to_eligibility,metadata_title_screened_not_fulltext_read,2026-09-29范围扩展：题名/题录筛选，不是精读,须全文核准研究范围；题名筛选不验证具体方法或结果,not_assessed_this_expansion,not_located_in_20260929_first_three_page_scan,,,not_registered_as_deep_read,,not_registered,not_reviewed_this_expansion,no,2026-09-29,2026-09-29,research_candidate,,2025-Jan,2024-10-04,2026-09-28,metadata_title_screened_not_fulltext_read
39389220,2025,Journal of Thoracic Oncology,Improved Event-Free Survival After Complete or Major Pathologic Response in Patients With Resectable NSCLC Treated With Neoadjuvant Chemoimmunotherapy Regardless of Adjuvant Treatment: A Systematic Review and Individual Patient Data Meta-Analysis.,新辅助免疫化疗后pCR/MPR与EFS关系的系统综述及个体患者数据Meta分析,10.1016/j.jtho.2024.09.1443,https://pubmed.ncbi.nlm.nih.gov/39389220/,https://doi.org/10.1016/j.jtho.2024.09.1443,R,背景综述/共识/证据综合,背景综述/共识/证据综合,not_curated_this_screen,background_only_not_original_language_learning,metadata_title_screened_not_fulltext_read,2026-09-29范围扩展：题名/题录筛选，不是精读,须全文核准研究范围；题名筛选不验证具体方法或结果,not_assessed_this_expansion,not_located_in_20260929_first_three_page_scan,,,not_registered_as_deep_read,,not_registered,not_reviewed_this_expansion,no,2026-09-29,2026-09-29,background,,2025-Mar,2024-10-09,2026-09-28,metadata_title_screened_not_fulltext_read
39395663,2025,Journal of Thoracic Oncology,Clinical Significance of a Prospective Large Genomic Screening for SCLC: The Genetic Classification and a Biomarker-Driven Phase 2 Trial of Gedatolisib.,SCLC前瞻性大规模基因组筛查：遗传分类与生物标志物驱动的gedatolisib II期试验,10.1016/j.jtho.2024.10.004,https://pubmed.ncbi.nlm.nih.gov/39395663/,https://doi.org/10.1016/j.jtho.2024.10.004,G,其他DNA基因组学,基因组图谱与突变特征,通路分组及部分重叠,candidate_for_original_source_learning_subject_to_eligibility,abstract_only,五类基因组分型与疗效；MYC/HME等可借鉴分类框架,分组并非完全互斥；PI3K试验ORR低，不能把分类价值写成靶药成功,not_obtained_in_prior_screen,not_located_in_previous_broad_scan_and_current_intake,,,not_registered_as_deep_read,,not_registered,not_reviewed_this_intake,no,2026-09-29,2026-09-28,research_candidate,,2025-Feb,2024-10-10,2026-09-28,prior_screening_preserved
39395664,2025,Journal of Thoracic Oncology,The Risk and Reversibility of Osimertinib-Related Cardiotoxicity in a Real-World Population.,真实世界人群奥希替尼相关心脏毒性的风险及可逆性,10.1016/j.jtho.2024.10.003,https://pubmed.ncbi.nlm.nih.gov/39395664/,https://doi.org/10.1016/j.jtho.2024.10.003,T,靶向治疗/耐药/试验延伸,靶向治疗/耐药/试验延伸,not_curated_this_screen,candidate_for_original_source_learning_subject_to_eligibility,metadata_title_screened_not_fulltext_read,2026-09-29范围扩展：题名/题录筛选，不是精读,须全文核准研究范围；题名筛选不验证具体方法或结果,not_assessed_this_expansion,not_located_in_20260929_first_three_page_scan,,,not_registered_as_deep_read,,not_registered,not_reviewed_this_expansion,no,2026-09-29,2026-09-29,research_candidate,,2025-Feb,2024-10-10,2026-09-28,metadata_title_screened_not_fulltext_read
39477187,2025,Journal of Thoracic Oncology,Pembrolizumab With or Without Maintenance Olaparib for Metastatic Squamous NSCLC That Responded to First-Line Pembrolizumab Plus Chemotherapy.,一线帕博利珠单抗联合化疗有效后转移性肺鳞癌维持加用或不加用奥拉帕利,10.1016/j.jtho.2024.10.012,https://pubmed.ncbi.nlm.nih.gov/39477187/,https://doi.org/10.1016/j.jtho.2024.10.012,I,免疫治疗/免疫微环境,免疫治疗/免疫微环境,not_curated_this_screen,candidate_for_original_source_learning_subject_to_eligibility,metadata_title_screened_not_fulltext_read,2026-09-29范围扩展：题名/题录筛选，不是精读,须全文核准研究范围；题名筛选不验证具体方法或结果,not_assessed_this_expansion,not_located_in_20260929_first_three_page_scan,,,not_registered_as_deep_read,,not_registered,not_reviewed_this_expansion,no,2026-09-29,2026-09-29,research_candidate,,2025-Feb,2024-10-28,2026-09-28,metadata_title_screened_not_fulltext_read
39490738,2025,Journal of Thoracic Oncology,Brief Report: Ivonescimab Combined With Etoposide Plus Carboplatin as First-Line Treatment for Extensive-Stage SCLC: Results of a Phase 1b Clinical Trial.,依沃西单抗联合依托泊苷和卡铂一线治疗广泛期SCLC的Ib期研究,10.1016/j.jtho.2024.10.013,https://pubmed.ncbi.nlm.nih.gov/39490738/,https://doi.org/10.1016/j.jtho.2024.10.013,I,免疫治疗/免疫微环境,免疫治疗/免疫微环境,not_curated_this_screen,candidate_for_original_source_learning_subject_to_eligibility,metadata_title_screened_not_fulltext_read,2026-09-29范围扩展：题名/题录筛选，不是精读,须全文核准研究范围；题名筛选不验证具体方法或结果,not_assessed_this_expansion,not_located_in_20260929_first_three_page_scan,,,not_registered_as_deep_read,,not_registered,not_reviewed_this_expansion,no,2026-09-29,2026-09-29,research_candidate,,2025-Feb,2024-10-28,2026-09-28,metadata_title_screened_not_fulltext_read
39505259,2025,Journal of Thoracic Oncology,Phase II Randomized Study of Maintenance Atezolizumab Versus Atezolizumab Plus Talazoparib in Patients With SLFN11 Positive Extensive-Stage SCLC: S1929.,S1929：SLFN11阳性广泛期SCLC阿替利珠单抗维持加或不加他拉唑帕利,10.1016/j.jtho.2024.10.021,https://pubmed.ncbi.nlm.nih.gov/39505259/,https://doi.org/10.1016/j.jtho.2024.10.021,I,免疫治疗/免疫微环境,免疫治疗/免疫微环境,not_curated_this_screen,candidate_for_original_source_learning_subject_to_eligibility,metadata_title_screened_not_fulltext_read,2026-09-29范围扩展：题名/题录筛选，不是精读,须全文核准研究范围；题名筛选不验证具体方法或结果,not_assessed_this_expansion,not_located_in_20260929_first_three_page_scan,,,not_registered_as_deep_read,,not_registered,not_reviewed_this_expansion,no,2026-09-29,2026-09-29,research_candidate,,2025-Mar,2024-11-04,2026-09-28,metadata_title_screened_not_fulltext_read
39521433,2025,Journal of Thoracic Oncology,Durvalumab Versus Chemotherapy as First-line Treatment for Metastatic NSCLC With Tumor PD-L1 Expression of 25% or Higher: Results From the Randomized Phase 3 PEARL Study.,PEARL III期：PD-L1≥25%的转移性NSCLC一线度伐利尤单抗对比化疗,10.1016/j.jtho.2024.10.024,https://pubmed.ncbi.nlm.nih.gov/39521433/,https://doi.org/10.1016/j.jtho.2024.10.024,I,免疫治疗/免疫微环境,免疫治疗/免疫微环境,not_curated_this_screen,candidate_for_original_source_learning_subject_to_eligibility,metadata_title_screened_not_fulltext_read,2026-09-29范围扩展：题名/题录筛选，不是精读,须全文核准研究范围；题名筛选不验证具体方法或结果,not_assessed_this_expansion,not_located_in_20260929_first_three_page_scan,,,not_registered_as_deep_read,,not_registered,not_reviewed_this_expansion,no,2026-09-29,2026-09-29,research_candidate,,2025-Mar,2024-11-07,2026-09-28,metadata_title_screened_not_fulltext_read
39521434,2025,Journal of Thoracic Oncology,The Phase 3 KEYLYNK-006 Study of Pembrolizumab Plus Olaparib Versus Pembrolizumab Plus Pemetrexed as Maintenance Therapy for Metastatic Nonsquamous NSCLC.,KEYLYNK-006：帕博利珠单抗联合奥拉帕利或培美曲塞维持治疗转移性非鳞NSCLC,10.1016/j.jtho.2024.10.026,https://pubmed.ncbi.nlm.nih.gov/39521434/,https://doi.org/10.1016/j.jtho.2024.10.026,I,免疫治疗/免疫微环境,免疫治疗/免疫微环境,not_curated_this_screen,candidate_for_original_source_learning_subject_to_eligibility,metadata_title_screened_not_fulltext_read,2026-09-29范围扩展：题名/题录筛选，不是精读,须全文核准研究范围；题名筛选不验证具体方法或结果,not_assessed_this_expansion,not_located_in_20260929_first_three_page_scan,,,not_registered_as_deep_read,,not_registered,not_reviewed_this_expansion,no,2026-09-29,2026-09-29,research_candidate,,2025-Feb,2024-11-07,2026-09-28,metadata_title_screened_not_fulltext_read
39536877,2025,Journal of Thoracic Oncology,DSTYK Inhibition Sensitizes NSCLC to Taxane-Based Chemotherapy.,抑制DSTYK增强NSCLC对紫杉类化疗的敏感性,10.1016/j.jtho.2024.11.003,https://pubmed.ncbi.nlm.nih.gov/39536877/,https://doi.org/10.1016/j.jtho.2024.11.003,G,基因组/基因改变,基因组/基因改变,not_curated_this_screen,candidate_for_original_source_learning_subject_to_eligibility,metadata_and_abstract_scope_screened,2026-09-29范围扩展：题名/题录筛选，不是精读,须全文核准研究范围；题名筛选不验证具体方法或结果,not_assessed_this_expansion,not_located_in_20260929_first_three_page_scan,,,not_registered_as_deep_read,,not_registered,not_reviewed_this_expansion,no,2026-09-29,2026-09-29,research_candidate,,2025-Mar,2024-11-12,2026-09-28,metadata_and_abstract_scope_screened
39551469,2025,Journal of Thoracic Oncology,"Safety, Efficacy, and Biomarker Analysis of Deulorlatinib (TGRX-326) in Anaplastic Lymphoma Kinase-Positive NSCLC: A Multicenter, Open-Label, Phase 1/1b Trial.",Deulorlatinib治疗ALK阳性NSCLC的安全性、疗效及标志物分析：I/Ib期试验,10.1016/j.jtho.2024.11.010,https://pubmed.ncbi.nlm.nih.gov/39551469/,https://doi.org/10.1016/j.jtho.2024.11.010,T,临床试验延伸,ctDNA伴随分析,ALK ctDNA应答探索,candidate_for_original_source_learning_subject_to_eligibility,abstract_only,保留药物疗效和ctDNA标志物报告，不进共突变核心,单臂、不同线次分母；检测阴性非ALK基因真实野生型,not_obtained_in_prior_screen,not_located_in_previous_broad_scan_and_current_intake,,,not_registered_as_deep_read,,not_registered,not_reviewed_this_intake,no,2026-09-29,2026-09-28,research_candidate,,2025-Jun,2024-11-15,2026-09-28,prior_screening_preserved
39551470,2025,Journal of Thoracic Oncology,Prophylactic Cranial Irradiation for Patients With SCLC-A New Perspective in the Immunotherapy Era.,免疫治疗时代SCLC预防性脑照射的新视角,10.1016/j.jtho.2024.11.011,https://pubmed.ncbi.nlm.nih.gov/39551470/,https://doi.org/10.1016/j.jtho.2024.11.011,R,背景综述/共识/证据综合,背景综述/共识/证据综合,not_curated_this_screen,background_only_not_original_language_learning,metadata_title_screened_not_fulltext_read,2026-09-29范围扩展：题名/题录筛选，不是精读,须全文核准研究范围；题名筛选不验证具体方法或结果,not_assessed_this_expansion,not_located_in_20260929_first_three_page_scan,,,not_registered_as_deep_read,,not_registered,not_reviewed_this_expansion,no,2026-09-29,2026-09-29,background,,2025-Mar,2024-11-15,2026-09-28,metadata_title_screened_not_fulltext_read
39579981,2025,Journal of Thoracic Oncology,Differentiating Separate Primary Lung Adenocarcinomas From Intrapulmonary Metastases With Emphasis on Pathological and Molecular Considerations: Recommendations From the International Association for the Study of Lung Cancer Pathology Committee.,独立原发肺腺癌与肺内转移的病理及分子鉴别：IASLC病理委员会建议,10.1016/j.jtho.2024.11.016,https://pubmed.ncbi.nlm.nih.gov/39579981/,https://doi.org/10.1016/j.jtho.2024.11.016,R,综述/共识背景,共识与综述,多基因克隆相关性判别,background_only_not_original_language_learning,abstract_only,SPLC/IPM的组织学与NGS综合四步法,不是原始共突变疗效队列；多原发共享常见驱动不一定克隆相关,not_obtained_in_prior_screen,not_located_in_previous_broad_scan_and_current_intake,,,not_registered_as_deep_read,,not_registered,not_reviewed_this_intake,no,2026-09-29,2026-09-28,background,,2025-Mar,2024-11-22,2026-09-28,prior_screening_preserved
39581377,2025,Journal of Thoracic Oncology,Identification of Defined Molecular Subgroups on the Basis of Immunohistochemical Analyses and Potential Therapeutic Vulnerabilities of Pulmonary Carcinoids.,基于免疫组化识别肺类癌分子亚群及潜在治疗脆弱性,10.1016/j.jtho.2024.11.018,https://pubmed.ncbi.nlm.nih.gov/39581377/,https://doi.org/10.1016/j.jtho.2024.11.018,M,RNA/表观/单细胞/空间/影像及机制,分子分型与病理,RNA分型的IHC代理,candidate_for_original_source_learning_subject_to_eligibility,abstract_only,保留分子分类-病理转译，不列DNA共突变核心,12%无法分型；表达型非体细胞突变型,not_obtained_in_prior_screen,not_located_in_previous_broad_scan_and_current_intake,,,not_registered_as_deep_read,,not_registered,not_reviewed_this_intake,no,2026-09-29,2026-09-28,research_candidate,,2025-Apr,2024-11-22,2026-09-28,prior_screening_preserved
39581378,2025,Journal of Thoracic Oncology,Polygenic Risk Score and Lung Adenocarcinoma Risk Among Never-Smokers by EGFR Mutation Status: A Brief Report.,按EGFR突变状态分析从不吸烟者多基因风险评分与肺腺癌风险,10.1016/j.jtho.2024.11.019,https://pubmed.ncbi.nlm.nih.gov/39581378/,https://doi.org/10.1016/j.jtho.2024.11.019,L,液体活检/检测/胚系/药物基因组学,遗传易感与风险,胚系PRS与体细胞EGFR状态,candidate_for_original_source_learning_subject_to_eligibility,targeted_fulltext_screen,PRS与EGFR阳性LUAD关联更强；适合祖源校正、共享对照异质性检验,仅EGFR19/21外显子定义，东亚不吸烟女性人群；不是共突变疗效,obtained_for_screening_not_equivalent_to_deep_read,not_located_in_previous_broad_scan_and_current_intake,,,not_registered_as_deep_read,,not_registered,not_reviewed_this_intake,no,2026-09-29,2026-09-28,research_candidate,,2025-Apr,2024-11-22,2026-09-28,prior_screening_preserved
39581380,2025,Journal of Thoracic Oncology,Final Overall Survival and Long-Term Safety of Lorlatinib in Patients With ALK-Positive NSCLC From the Pivotal Phase 2 Study: A Brief Report.,ALK阳性NSCLC洛拉替尼关键II期研究最终总生存和长期安全性,10.1016/j.jtho.2024.11.021,https://pubmed.ncbi.nlm.nih.gov/39581380/,https://doi.org/10.1016/j.jtho.2024.11.021,T,靶向治疗/耐药/试验延伸,靶向治疗/耐药/试验延伸,not_curated_this_screen,candidate_for_original_source_learning_subject_to_eligibility,metadata_title_screened_not_fulltext_read,2026-09-29范围扩展：题名/题录筛选，不是精读,须全文核准研究范围；题名筛选不验证具体方法或结果,not_assessed_this_expansion,not_located_in_20260929_first_three_page_scan,,,not_registered_as_deep_read,,not_registered,not_reviewed_this_expansion,no,2026-09-29,2026-09-29,research_candidate,,2025-Apr,2024-11-22,2026-09-28,metadata_title_screened_not_fulltext_read
39603412,2025,Journal of Thoracic Oncology,FGTI-2734 Inhibits ERK Reactivation to Overcome Sotorasib Resistance in KRAS G12C Lung Cancer.,FGTI-2734通过抑制ERK再激活克服KRAS G12C肺癌索托拉西布耐药,10.1016/j.jtho.2024.11.022,https://pubmed.ncbi.nlm.nih.gov/39603412/,https://doi.org/10.1016/j.jtho.2024.11.022,T,靶向治疗/耐药/试验延伸,靶向治疗/耐药/试验延伸,not_curated_this_screen,candidate_for_original_source_learning_subject_to_eligibility,metadata_title_screened_not_fulltext_read,2026-09-29范围扩展：题名/题录筛选，不是精读,须全文核准研究范围；题名筛选不验证具体方法或结果,not_assessed_this_expansion,not_located_in_20260929_first_three_page_scan,,,not_registered_as_deep_read,,not_registered,not_reviewed_this_expansion,no,2026-09-29,2026-09-29,research_candidate,,2025-Mar,2024-11-26,2026-09-28,metadata_title_screened_not_fulltext_read
39617342,2025,Journal of Thoracic Oncology,Sex and Common Germline Variants Affect the Toxicity Profile and Pharmacokinetics of Alectinib: A Nationwide Cohort Study in Patients With ALK-Positive NSCLC.,性别及常见胚系变异影响ALK阳性NSCLC阿来替尼毒性和药代动力学,10.1016/j.jtho.2024.11.025,https://pubmed.ncbi.nlm.nih.gov/39617342/,https://doi.org/10.1016/j.jtho.2024.11.025,L,液体活检/检测/胚系/药物基因组学,遗传易感与风险,胚系药物代谢变体,candidate_for_original_source_learning_subject_to_eligibility,abstract_only,PPARα和性别关联毒性；属于药物基因组而非肿瘤共突变,Bonferroni校正结果可参考；观察性不能直接制定减量方案,not_obtained_in_prior_screen,not_located_in_previous_broad_scan_and_current_intake,,,not_registered_as_deep_read,,not_registered,not_reviewed_this_intake,no,2026-09-29,2026-09-28,research_candidate,,2025-Apr,2024-11-29,2026-09-28,prior_screening_preserved
39622410,2025,Journal of Thoracic Oncology,"RELAY: Final Overall Survival for Erlotinib Plus Ramucirumab or Placebo in Untreated, EGFR-Mutated Metastatic NSCLC.",RELAY最终总生存：厄洛替尼联合雷莫西尤单抗或安慰剂治疗初治EGFR突变NSCLC,10.1016/j.jtho.2024.11.032,https://pubmed.ncbi.nlm.nih.gov/39622410/,https://doi.org/10.1016/j.jtho.2024.11.032,T,靶向治疗/耐药/试验延伸,靶向治疗/耐药/试验延伸,not_curated_this_screen,candidate_for_original_source_learning_subject_to_eligibility,metadata_title_screened_not_fulltext_read,2026-09-29范围扩展：题名/题录筛选，不是精读,须全文核准研究范围；题名筛选不验证具体方法或结果,not_assessed_this_expansion,not_located_in_20260929_first_three_page_scan,,,not_registered_as_deep_read,,not_registered,not_reviewed_this_expansion,no,2026-09-29,2026-09-29,research_candidate,,2025-Apr,2024-11-30,2026-09-28,metadata_title_screened_not_fulltext_read
39622411,2025,Journal of Thoracic Oncology,Receptor Tyrosine Kinase Fusion-Mediated Resistance to EGFR TKI in EGFR-Mutant NSCLC: A Multi-Center Analysis and Literature Review.,受体酪氨酸激酶融合介导EGFR突变NSCLC的EGFR-TKI耐药：多中心分析及综述,10.1016/j.jtho.2024.11.027,https://pubmed.ncbi.nlm.nih.gov/39622411/,https://doi.org/10.1016/j.jtho.2024.11.027,C,共改变重点,耐药与功能基因组学,EGFR伴获得性RTK融合,candidate_for_original_source_learning_subject_to_eligibility,abstract_only,RET/ALK等旁路融合耐药、双TKI，重点保留机制框架,原始队列和综述池不可相加作独立样本；无对照不能证明双药优越/安全等效,not_obtained_in_prior_screen,not_located_in_previous_broad_scan_and_current_intake,,,not_registered_as_deep_read,,not_registered,not_reviewed_this_intake,no,2026-09-29,2026-09-28,research_candidate,,2025-Apr,2024-11-30,2026-09-28,prior_screening_preserved
39694414,2025,Journal of Thoracic Oncology,"Decoding the Clinical and Molecular Signatures of EGFR Common, Compound, and Uncommon Mutations in NSCLC: A Brief Report.",解读NSCLC常见、复合及罕见EGFR突变的临床和分子特征,10.1016/j.jtho.2024.12.012,https://pubmed.ncbi.nlm.nih.gov/39694414/,https://doi.org/10.1016/j.jtho.2024.12.012,C,共改变重点,基因组分型与临床结局,EGFR同基因compound与KRAS/TP53跨基因共突变,candidate_for_original_source_learning_subject_to_eligibility,targeted_fulltext_screen,罕见EGFR更常伴KRAS/TP53和EGFR扩增；抽样控制TMB后的共突变富集是优先方法参考,8.9%分母是排除T790M/ex20ins后的4331例，非全部5212；治疗时点多缺失不能断言共KRAS皆获益/耐药；time-on-treatment非PFS,not_obtained_in_prior_screen,hash_verified_local_pdf,Tavernari_Decoding_the_Clinical_and_Molecular_Signatures_of_EG_PMID39694414_typeset.pdf,cd0e3b03d6b6df0ea929fac56221edec0a665df3a6a3ac11cfb6d4e7728a354e,main_text_deep_read_complete,2026-09-28,not_reviewed,not_supplied,no,2026-09-29,2026-09-28,research_candidate,,2025-Apr,2024-12-16,2026-09-28,prior_screening_preserved
39694415,2025,Journal of Thoracic Oncology,LIBELULE: A Randomized Phase III Study to Evaluate the Clinical Relevance of Early Liquid Biopsy in Patients With Suspicious Metastatic Lung Cancer.,LIBELULE：疑似转移性肺癌早期液体活检临床价值的随机III期研究,10.1016/j.jtho.2024.12.011,https://pubmed.ncbi.nlm.nih.gov/39694415/,https://doi.org/10.1016/j.jtho.2024.12.011,L,液体活检/检测/胚系/药物基因组学,分子检测与诊断分期,早期液体检测策略，非共突变,candidate_for_original_source_learning_subject_to_eligibility,abstract_only,治疗启动与检测周转时间，保留检测临床效用,ITT主要TTI P=.26阴性；不得仅用阳性亚组概括全试验,not_obtained_in_prior_screen,not_located_in_previous_broad_scan_and_current_intake,,,not_registered_as_deep_read,,not_registered,not_reviewed_this_intake,no,2026-09-29,2026-09-28,research_candidate,,2025-Apr,2024-12-16,2026-09-28,prior_screening_preserved
39694416,2025,Journal of Thoracic Oncology,Actionable NSCLC Mutation Identification by Comprehensive Genomic Profiling for Clinical Trial Enrollment: The European Program for the Routine Testing of Patients With Advanced Lung Cancer (EPROPA).,通过全面基因组检测识别NSCLC可操作变异并促进临床试验入组：EPROPA,10.1016/j.jtho.2024.12.010,https://pubmed.ncbi.nlm.nih.gov/39694416/,https://doi.org/10.1016/j.jtho.2024.12.010,G,其他DNA基因组学,分子检测与诊断分期,113例共改变但摘要未列基因对,candidate_for_original_source_learning_subject_to_eligibility,abstract_only,CGP、可行动改变、共突变及匹配试验的流程框架,具体共突变组合与作用需全文；匹配治疗OS观察相关,not_obtained_in_prior_screen,not_located_in_previous_broad_scan_and_current_intake,,,not_registered_as_deep_read,,not_registered,not_reviewed_this_intake,no,2026-09-29,2026-09-28,research_candidate,,2025-May,2024-12-16,2026-09-28,prior_screening_preserved
39725168,2025,Journal of Thoracic Oncology,AYVM to AYMM Transition on HER2 Exon 20 Insertion Induces Tyrosine Kinase Inhibitor Resistance in NSCLC.,HER2外显子20插入AYVM向AYMM转变介导NSCLC的TKI耐药,10.1016/j.jtho.2024.12.022,https://pubmed.ncbi.nlm.nih.gov/39725168/,https://doi.org/10.1016/j.jtho.2024.12.022,C,共改变重点,耐药与功能基因组学,同基因HER2二次复合变异,candidate_for_original_source_learning_subject_to_eligibility,abstract_only,AYVM→AYMM及功能/乘客二次变体判别,同一基因二次变异独立分类；药敏不等于获批临床方案,not_obtained_in_prior_screen,not_located_in_previous_broad_scan_and_current_intake,,,not_registered_as_deep_read,,not_registered,not_reviewed_this_intake,no,2026-09-29,2026-09-28,research_candidate,,2025-Jun,2024-12-25,2026-09-28,prior_screening_preserved
39725169,2025,Journal of Thoracic Oncology,"Interferon Epsilon Loss Is Elusive 9p21 Link to Immune-Cold Tumors, Resistant to Immune Checkpoint Therapy, and Endogenous CXCL9/10 Induction.",IFN-ε缺失连接9p21缺失、免疫冷肿瘤及免疫检查点治疗抵抗,10.1016/j.jtho.2024.12.020,https://pubmed.ncbi.nlm.nih.gov/39725169/,https://doi.org/10.1016/j.jtho.2024.12.020,R,综述/共识背景,综述兼机制分析,9p21多基因共缺失及免疫综述/再分析,background_only_not_original_language_learning,targeted_fulltext_screen,方法警示价值高：删除长度/深度和遗传连锁影响免疫关联,不是肺癌独立共突变临床试验；不同癌种共缺失相关不可互推,obtained_for_screening_not_equivalent_to_deep_read,not_located_in_previous_broad_scan_and_current_intake,,,not_registered_as_deep_read,,not_registered,not_reviewed_this_intake,no,2026-09-29,2026-09-28,background,,2025-Sep,2024-12-24,2026-09-28,prior_screening_preserved
39732365,2025,Journal of Thoracic Oncology,"Neoadjuvant and Adjuvant Osimertinib in Stage IA to IIIA, EGFR-Mutant NSCLC (NORA).",NORA：IA至IIIA期EGFR突变NSCLC的新辅助及辅助奥希替尼,10.1016/j.jtho.2024.12.023,https://pubmed.ncbi.nlm.nih.gov/39732365/,https://doi.org/10.1016/j.jtho.2024.12.023,T,临床试验延伸,ctDNA伴随分析,EGFR入组与ctDNA探索,candidate_for_original_source_learning_subject_to_eligibility,abstract_only,保留新辅助反应/MRD措辞，非共突变,主要ORR终点未达标；ctDNA 6例30%的检测子集非25例总分母,not_obtained_in_prior_screen,not_located_in_previous_broad_scan_and_current_intake,,,not_registered_as_deep_read,,not_registered,not_reviewed_this_intake,no,2026-09-29,2026-09-28,research_candidate,,2025-May,2024-12-26,2026-09-28,prior_screening_preserved
39743139,2025,Journal of Thoracic Oncology,In Situ Detection of Programmed Cell Death Protein 1 and Programmed Death Ligand 1 Interactions as a Functional Predictor for Response to Immune Checkpoint Inhibition in NSCLC.,原位检测PD-1与PD-L1相互作用预测NSCLC免疫检查点抑制反应,10.1016/j.jtho.2024.12.026,https://pubmed.ncbi.nlm.nih.gov/39743139/,https://doi.org/10.1016/j.jtho.2024.12.026,I,免疫治疗/免疫微环境,免疫治疗/免疫微环境,not_curated_this_screen,candidate_for_original_source_learning_subject_to_eligibility,metadata_title_screened_not_fulltext_read,2026-09-29范围扩展：题名/题录筛选，不是精读,须全文核准研究范围；题名筛选不验证具体方法或结果,not_assessed_this_expansion,not_located_in_20260929_first_three_page_scan,,,not_registered_as_deep_read,,not_registered,not_reviewed_this_expansion,no,2026-09-29,2026-09-29,research_candidate,,2025-May,2024-12-30,2026-09-28,metadata_title_screened_not_fulltext_read
39755168,2025,Journal of Thoracic Oncology,Phase 2 Open-Label Study of Sacituzumab Govitecan as Second-Line Therapy in Patients With Extensive-Stage SCLC: Results From TROPiCS-03.,TROPiCS-03：戈沙妥珠单抗二线治疗广泛期SCLC的II期研究,10.1016/j.jtho.2024.12.028,https://pubmed.ncbi.nlm.nih.gov/39755168/,https://doi.org/10.1016/j.jtho.2024.12.028,T,靶向治疗/耐药/试验延伸,靶向治疗/耐药/试验延伸,not_curated_this_screen,candidate_for_original_source_learning_subject_to_eligibility,metadata_and_abstract_scope_screened,2026-09-29范围扩展：题名/题录筛选，不是精读,须全文核准研究范围；题名筛选不验证具体方法或结果,not_assessed_this_expansion,not_located_in_20260929_first_three_page_scan,,,not_registered_as_deep_read,,not_registered,not_reviewed_this_expansion,no,2026-09-29,2026-09-29,research_candidate,,2025-Jun,2025-01-02,2026-09-28,metadata_and_abstract_scope_screened
39755169,2025,Journal of Thoracic Oncology,A Prospective Phase II Trial of First-Line Osimertinib for Patients With EGFR Mutation-Positive NSCLC and Poor Performance Status (OPEN/TORG2040).,OPEN/TORG2040：奥希替尼一线治疗体能状态较差的EGFR突变NSCLC,10.1016/j.jtho.2024.12.027,https://pubmed.ncbi.nlm.nih.gov/39755169/,https://doi.org/10.1016/j.jtho.2024.12.027,T,靶向治疗/耐药/试验延伸,靶向治疗/耐药/试验延伸,not_curated_this_screen,candidate_for_original_source_learning_subject_to_eligibility,metadata_title_screened_not_fulltext_read,2026-09-29范围扩展：题名/题录筛选，不是精读,须全文核准研究范围；题名筛选不验证具体方法或结果,not_assessed_this_expansion,not_located_in_20260929_first_three_page_scan,,,not_registered_as_deep_read,,not_registered,not_reviewed_this_expansion,no,2026-09-29,2026-09-29,research_candidate,,2025-May,2025-01-02,2026-09-28,metadata_title_screened_not_fulltext_read
39755170,2025,Journal of Thoracic Oncology,Amivantamab Plus Lazertinib in Patients With EGFR-Mutant NSCLC After Progression on Osimertinib and Platinum-Based Chemotherapy: Results From CHRYSALIS-2 Cohort A.,CHRYSALIS-2队列A：奥希替尼及铂类化疗进展后amivantamab联合lazertinib,10.1016/j.jtho.2024.12.029,https://pubmed.ncbi.nlm.nih.gov/39755170/,https://doi.org/10.1016/j.jtho.2024.12.029,T,临床试验延伸,耐药基因组伴随分析,EGFR/MET依赖耐药探索,candidate_for_original_source_learning_subject_to_eligibility,abstract_only,按耐药机制探索联合疗效，作治疗研究扩展,探索性结果不足以证明所有机制同等获益；研究者/BICR ORR分开,not_obtained_in_prior_screen,not_located_in_previous_broad_scan_and_current_intake,,,not_registered_as_deep_read,,not_registered,not_reviewed_this_intake,no,2026-09-29,2026-09-28,research_candidate,,2025-May,2025-01-02,2026-09-28,prior_screening_preserved
39828218,2025,Journal of Thoracic Oncology,"A Single-Arm Phase 2 Study of Sotorasib Plus Carboplatin and Pemetrexed in Patients With Advanced Nonsquamous NSCLC With KRAS G12C Mutation (WJOG14821L, SCARLET).",SCARLET：索托拉西布联合卡铂和培美曲塞治疗KRAS G12C突变非鳞NSCLC,10.1016/j.jtho.2025.01.006,https://pubmed.ncbi.nlm.nih.gov/39828218/,https://doi.org/10.1016/j.jtho.2025.01.006,T,靶向治疗/耐药/试验延伸,靶向治疗/耐药/试验延伸,not_curated_this_screen,candidate_for_original_source_learning_subject_to_eligibility,metadata_title_screened_not_fulltext_read,2026-09-29范围扩展：题名/题录筛选，不是精读,须全文核准研究范围；题名筛选不验证具体方法或结果,not_assessed_this_expansion,not_located_in_20260929_first_three_page_scan,,,not_registered_as_deep_read,,not_registered,not_reviewed_this_expansion,no,2026-09-29,2026-09-29,research_candidate,,2025-Jun,2025-01-17,2026-09-28,metadata_title_screened_not_fulltext_read
39864547,2025,Journal of Thoracic Oncology,"Preventing Infusion-Related Reactions With Intravenous Amivantamab-Results From SKIPPirr, a Phase 2 Study: A Brief Report.",SKIPPirr II期：预防静脉Amivantamab相关输注反应,10.1016/j.jtho.2025.01.018,https://pubmed.ncbi.nlm.nih.gov/39864547/,https://doi.org/10.1016/j.jtho.2025.01.018,T,靶向治疗/耐药/试验延伸,靶向治疗/耐药/试验延伸,not_curated_this_screen,candidate_for_original_source_learning_subject_to_eligibility,metadata_title_screened_not_fulltext_read,2026-09-29范围扩展：题名/题录筛选，不是精读,须全文核准研究范围；题名筛选不验证具体方法或结果,not_assessed_this_expansion,not_located_in_20260929_first_three_page_scan,,,not_registered_as_deep_read,,not_registered,not_reviewed_this_expansion,no,2026-09-29,2026-09-29,research_candidate,,2025-Jun,2025-01-24,2026-09-28,metadata_title_screened_not_fulltext_read
39864548,2025,Journal of Thoracic Oncology,"Gene Copy Deletion of STK11, KEAP1, and SMARCA4: Clinicopathologic Features and Association With the Outcomes of Immunotherapy With or Without Chemotherapy in Nonsquamous NSCLC.",STK11、KEAP1和SMARCA4基因拷贝缺失：非鳞NSCLC临床病理特征及免疫治疗结局,10.1016/j.jtho.2025.01.016,https://pubmed.ncbi.nlm.nih.gov/39864548/,https://doi.org/10.1016/j.jtho.2025.01.016,C,共改变重点,拷贝数改变与免疫治疗,STK11/KEAP1/SMARCA4共缺失与19p,candidate_for_original_source_learning_subject_to_eligibility,targeted_fulltext_screen,STK11优先：浅/深缺失、组合缺失及KRAS背景；保留历史精读标记,共缺失高度连锁，小单基因子组部分n<10；缺失不一律双等位失活；ICI单药跨中心结果不一致,not_obtained_in_prior_screen,hash_verified_local_pdf,Gandhi_STK11_KEAP1_SMARCA4_Copy_Deletion_NSCLC_PMID39864548.pdf,8338f6e348cdf1d3891b71acc163fe4b92630f688d6647fd9e5c944c875cc51c,main_text_deep_read_complete,2026-09-14,passed,not_supplied,yes,2026-09-29,2026-09-28,research_candidate,,2025-Jun,2025-01-27,2026-09-28,prior_screening_preserved
39891649,2025,Journal of Thoracic Oncology,Diabetic Ketoacidosis During Lorlatinib Treatment: Case Report.,洛拉替尼治疗期间糖尿病酮症酸中毒：病例报告,10.1016/j.jtho.2025.01.010,https://pubmed.ncbi.nlm.nih.gov/39891649/,https://doi.org/10.1016/j.jtho.2025.01.010,S,病例参考,病例参考,not_curated_this_screen,case_reference_not_original_cohort_learning,metadata_title_screened_not_fulltext_read,2026-09-29范围扩展：题名/题录筛选，不是精读,须全文核准研究范围；题名筛选不验证具体方法或结果,not_assessed_this_expansion,not_located_in_20260929_first_three_page_scan,,,not_registered_as_deep_read,,not_registered,not_reviewed_this_expansion,no,2026-09-29,2026-09-29,case_reference,,2025-May,2025-01-31,2026-09-28,metadata_title_screened_not_fulltext_read
39923848,2025,Journal of Thoracic Oncology,Human Immunodeficiency Virus Impairs Immune Responses to Tumor Neoepitopes Without Altering Mutational Profiles in NSCLC.,HIV损害NSCLC新抗原表位免疫反应而不改变突变谱,10.1016/j.jtho.2025.02.001,https://pubmed.ncbi.nlm.nih.gov/39923848/,https://doi.org/10.1016/j.jtho.2025.02.001,G,其他DNA基因组学,共改变与免疫治疗,免疫基因组，未确认共突变分组,candidate_for_original_source_learning_subject_to_eligibility,abstract_only,突变谱相近而免疫反应不同，适合DNA/RNA/功能整合,小样本、HIV特殊人群；预测新抗原不等于已验证免疫原性,not_obtained_in_prior_screen,not_located_in_previous_broad_scan_and_current_intake,,,not_registered_as_deep_read,,not_registered,not_reviewed_this_intake,no,2026-09-29,2026-09-28,research_candidate,,2025-Jul,2025-02-07,2026-09-28,prior_screening_preserved
39929333,2025,Journal of Thoracic Oncology,First-Line Camrelizumab Versus Placebo Plus Chemotherapy With or Without Radiotherapy for Brain Metastases in NSCLC: The CTONG 2003 Randomized Placebo-Controlled Trial.,CTONG 2003：卡瑞利珠单抗或安慰剂联合化疗、加或不加脑放疗治疗NSCLC脑转移,10.1016/j.jtho.2025.02.004,https://pubmed.ncbi.nlm.nih.gov/39929333/,https://doi.org/10.1016/j.jtho.2025.02.004,I,免疫治疗/免疫微环境,免疫治疗/免疫微环境,not_curated_this_screen,candidate_for_original_source_learning_subject_to_eligibility,metadata_title_screened_not_fulltext_read,2026-09-29范围扩展：题名/题录筛选，不是精读,须全文核准研究范围；题名筛选不验证具体方法或结果,not_assessed_this_expansion,not_located_in_20260929_first_three_page_scan,,,not_registered_as_deep_read,,not_registered,not_reviewed_this_expansion,no,2026-09-29,2026-09-29,research_candidate,,2025-Jul,2025-02-08,2026-09-28,metadata_title_screened_not_fulltext_read
39929334,2025,Journal of Thoracic Oncology,"Safety, Pharmacokinetics, and Efficacy of Asandeutertinib in Advanced EGFR-mutated NSCLC: A Phase 1 Dose-Escalation and Dose-Expansion Study.",Asandeutertinib治疗晚期EGFR突变NSCLC的I期剂量递增和扩展研究,10.1016/j.jtho.2025.02.003,https://pubmed.ncbi.nlm.nih.gov/39929334/,https://doi.org/10.1016/j.jtho.2025.02.003,T,靶向治疗/耐药/试验延伸,靶向治疗/耐药/试验延伸,not_curated_this_screen,candidate_for_original_source_learning_subject_to_eligibility,metadata_title_screened_not_fulltext_read,2026-09-29范围扩展：题名/题录筛选，不是精读,须全文核准研究范围；题名筛选不验证具体方法或结果,not_assessed_this_expansion,not_located_in_20260929_first_three_page_scan,,,not_registered_as_deep_read,,not_registered,not_reviewed_this_expansion,no,2026-09-29,2026-09-29,research_candidate,,2025-Jun,2025-02-08,2026-09-28,metadata_title_screened_not_fulltext_read
39938593,2025,Journal of Thoracic Oncology,Lurbinectedin Plus Pembrolizumab in Relapsed SCLC: The Phase I/II LUPER Study.,LUPER I/II期：卢比替定联合帕博利珠单抗治疗复发SCLC,10.1016/j.jtho.2025.02.005,https://pubmed.ncbi.nlm.nih.gov/39938593/,https://doi.org/10.1016/j.jtho.2025.02.005,I,免疫治疗/免疫微环境,免疫治疗/免疫微环境,not_curated_this_screen,candidate_for_original_source_learning_subject_to_eligibility,metadata_title_screened_not_fulltext_read,2026-09-29范围扩展：题名/题录筛选，不是精读,须全文核准研究范围；题名筛选不验证具体方法或结果,not_assessed_this_expansion,not_located_in_20260929_first_three_page_scan,,,not_registered_as_deep_read,,not_registered,not_reviewed_this_expansion,no,2026-09-29,2026-09-29,research_candidate,,2025-Jul,2025-02-10,2026-09-28,metadata_title_screened_not_fulltext_read
40024442,2025,Journal of Thoracic Oncology,First-Line Lorlatinib Versus Crizotinib in Asian Patients With Advanced ALK-Positive NSCLC: Five-Year Outcomes From the CROWN Study.,CROWN亚洲人群五年结局：洛拉替尼对比克唑替尼一线治疗ALK阳性NSCLC,10.1016/j.jtho.2025.02.021,https://pubmed.ncbi.nlm.nih.gov/40024442/,https://doi.org/10.1016/j.jtho.2025.02.021,T,靶向治疗/耐药/试验延伸,靶向治疗/耐药/试验延伸,not_curated_this_screen,candidate_for_original_source_learning_subject_to_eligibility,metadata_title_screened_not_fulltext_read,2026-09-29范围扩展：题名/题录筛选，不是精读,须全文核准研究范围；题名筛选不验证具体方法或结果,not_assessed_this_expansion,not_located_in_20260929_first_three_page_scan,,,not_registered_as_deep_read,,not_registered,not_reviewed_this_expansion,no,2026-09-29,2026-09-29,research_candidate,,2025-Jul,2025-02-28,2026-09-28,metadata_title_screened_not_fulltext_read
40056978,2025,Journal of Thoracic Oncology,Selective Depletion of CCR8+Treg Cells Enhances the Antitumor Immunity of Cytotoxic T Cells in Lung Cancer by Dendritic Cells.,选择性清除CCR8+调节性T细胞经树突状细胞增强肺癌细胞毒性T细胞免疫,10.1016/j.jtho.2025.02.029,https://pubmed.ncbi.nlm.nih.gov/40056978/,https://doi.org/10.1016/j.jtho.2025.02.029,M,RNA/表观/单细胞/空间/影像及机制,单细胞与免疫微环境,单细胞RNA/TCR，非肿瘤共突变,candidate_for_original_source_learning_subject_to_eligibility,abstract_only,CCR8-Treg/CCL5-DC互作及联合PD1机制,临床观察不能等同随机疗效；TCR克隆不等于肿瘤克隆基因组,not_obtained_in_prior_screen,not_located_in_previous_broad_scan_and_current_intake,,,not_registered_as_deep_read,,not_registered,not_reviewed_this_intake,no,2026-09-29,2026-09-28,research_candidate,,2025-Aug,2025-03-06,2026-09-28,prior_screening_preserved
40058642,2025,Journal of Thoracic Oncology,Gut Microbiota in Advanced NSCLC Receiving Chemoimmunotherapy: An Ancillary Biomarker Study From the Phase III Trial JCOG2007 (NIPPON).,JCOG2007/NIPPON附属标志物研究：免疫化疗晚期NSCLC患者的肠道微生物群,10.1016/j.jtho.2025.02.026,https://pubmed.ncbi.nlm.nih.gov/40058642/,https://doi.org/10.1016/j.jtho.2025.02.026,M,组学及相邻方法,组学及相邻方法,not_curated_this_screen,candidate_for_original_source_learning_subject_to_eligibility,metadata_title_screened_not_fulltext_read,2026-09-29范围扩展：题名/题录筛选，不是精读,须全文核准研究范围；题名筛选不验证具体方法或结果,not_assessed_this_expansion,not_located_in_20260929_first_three_page_scan,,,not_registered_as_deep_read,,not_registered,not_reviewed_this_expansion,no,2026-09-29,2026-09-29,research_candidate,,2025-Jul,2025-03-07,2026-09-28,metadata_title_screened_not_fulltext_read
40118215,2025,Journal of Thoracic Oncology,Cemiplimab Monotherapy for First-Line Treatment of Patients with Advanced NSCLC With PD-L1 Expression of 50% or Higher: Five-Year Outcomes of EMPOWER-Lung 1.,EMPOWER-Lung 1五年结局：Cemiplimab单药一线治疗PD-L1≥50%的NSCLC,10.1016/j.jtho.2025.03.033,https://pubmed.ncbi.nlm.nih.gov/40118215/,https://doi.org/10.1016/j.jtho.2025.03.033,I,免疫治疗/免疫微环境,免疫治疗/免疫微环境,not_curated_this_screen,candidate_for_original_source_learning_subject_to_eligibility,metadata_title_screened_not_fulltext_read,2026-09-29范围扩展：题名/题录筛选，不是精读,须全文核准研究范围；题名筛选不验证具体方法或结果,not_assessed_this_expansion,not_located_in_20260929_first_three_page_scan,,,not_registered_as_deep_read,,not_registered,not_reviewed_this_expansion,no,2026-09-29,2026-09-29,research_candidate,,2025-Jul,2025-03-19,2026-09-28,metadata_title_screened_not_fulltext_read
40126456,2025,Journal of Thoracic Oncology,Rapid Intracranial Response With Tarlatamab in Patients With Untreated Brain Metastases From SCLC-A Real-World Case Series: Case Report.,Tarlatamab治疗未经治疗SCLC脑转移后的快速颅内反应：真实世界病例系列,10.1016/j.jtho.2025.02.023,https://pubmed.ncbi.nlm.nih.gov/40126456/,https://doi.org/10.1016/j.jtho.2025.02.023,S,病例参考,病例参考,not_curated_this_screen,case_reference_not_original_cohort_learning,metadata_title_screened_not_fulltext_read,2026-09-29范围扩展：题名/题录筛选，不是精读,须全文核准研究范围；题名筛选不验证具体方法或结果,not_assessed_this_expansion,not_located_in_20260929_first_three_page_scan,,,not_registered_as_deep_read,,not_registered,not_reviewed_this_expansion,no,2026-09-29,2026-09-29,case_reference,,2025-Aug,2025-03-24,2026-09-28,metadata_title_screened_not_fulltext_read
40185329,2025,Journal of Thoracic Oncology,Activating Mutations in the MET Kinase Domain Co-Occur With Other Driver Oncogenes and Mediate Resistance to Targeted Therapy in NSCLC.,MET激酶结构域激活突变与其他驱动癌基因共存并介导NSCLC靶向耐药,10.1016/j.jtho.2025.03.045,https://pubmed.ncbi.nlm.nih.gov/40185329/,https://doi.org/10.1016/j.jtho.2025.03.045,C,共改变重点,耐药与功能基因组学,MET-TKD与多种驱动共改变,candidate_for_original_source_learning_subject_to_eligibility,abstract_only,约半数MET-TKD伴其他驱动；获得性旁路耐药与双靶抑制，优先推荐,大筛查库与8例纵向证据强度不同；体外逆转非临床疗效证明,not_obtained_in_prior_screen,not_located_in_previous_broad_scan_and_current_intake,,,not_registered_as_deep_read,,not_registered,not_reviewed_this_intake,no,2026-09-29,2026-09-28,research_candidate,,2025-Aug,2025-04-02,2026-09-28,prior_screening_preserved
40216327,2025,Journal of Thoracic Oncology,Neoadjuvant Concurrent Chemo-Immuno-Radiation Therapy Followed by Surgery and Adjuvant Immunotherapy for Resectable Stage III N2 NSCLC: Primary Results From the SQUAT Trial (WJOG 12119L).,SQUAT：III期N2 NSCLC新辅助同步免疫放化疗后手术及辅助免疫治疗,10.1016/j.jtho.2025.03.051,https://pubmed.ncbi.nlm.nih.gov/40216327/,https://doi.org/10.1016/j.jtho.2025.03.051,I,免疫治疗/免疫微环境,免疫治疗/免疫微环境,not_curated_this_screen,candidate_for_original_source_learning_subject_to_eligibility,metadata_title_screened_not_fulltext_read,2026-09-29范围扩展：题名/题录筛选，不是精读,须全文核准研究范围；题名筛选不验证具体方法或结果,not_assessed_this_expansion,not_located_in_20260929_first_three_page_scan,,,not_registered_as_deep_read,,not_registered,not_reviewed_this_expansion,no,2026-09-29,2026-09-29,research_candidate,,2025-Aug,2025-04-09,2026-09-28,metadata_title_screened_not_fulltext_read
40320171,2025,Journal of Thoracic Oncology,Overall Survival in EGFR-Mutant Advanced NSCLC Treated With First-Line Osimertinib: A Cohort Study Integrating Clinical and Biomarker Data in the United States.,一线奥希替尼治疗EGFR突变晚期NSCLC的总生存：整合美国临床及标志物数据的队列研究,10.1016/j.jtho.2025.04.010,https://pubmed.ncbi.nlm.nih.gov/40320171/,https://doi.org/10.1016/j.jtho.2025.04.010,C,共改变重点,基因组分型与临床结局,EGFR伴TP53共突变,candidate_for_original_source_learning_subject_to_eligibility,abstract_only,TP53与临床高风险因素整合，可借鉴临床-基因组预后框架,数据库检测完整性、随访和选择偏倚；预后不自动等于疗效预测,not_obtained_in_prior_screen,hash_verified_local_pdf,Sabari_Overall_Survival_in_EGFR_Mutant_Advanced_NSCLC_Treat_PMID40320171_typeset.pdf,7664d80dd323588e58dd74dd1fc297846c55cea84c74262d66c9e733b7e8cb66,main_text_deep_read_complete,2026-09-28,not_reviewed,not_supplied,no,2026-09-29,2026-09-28,research_candidate,,2025-Sep,2025-05-02,2026-09-28,prior_screening_preserved
40345491,2025,Journal of Thoracic Oncology,Treatment Sequences in BRAF-V600-Mutated NSCLC: First-Line Targeted Therapy Versus First-Line (Chemo-) Immunotherapy.,BRAF V600突变NSCLC治疗序列：一线靶向治疗对比一线免疫治疗或免疫化疗,10.1016/j.jtho.2025.04.016,https://pubmed.ncbi.nlm.nih.gov/40345491/,https://doi.org/10.1016/j.jtho.2025.04.016,T,靶向治疗/耐药/试验延伸,靶向治疗/耐药/试验延伸,not_curated_this_screen,candidate_for_original_source_learning_subject_to_eligibility,metadata_title_screened_not_fulltext_read,2026-09-29范围扩展：题名/题录筛选，不是精读,须全文核准研究范围；题名筛选不验证具体方法或结果,not_assessed_this_expansion,not_located_in_20260929_first_three_page_scan,,,not_registered_as_deep_read,,not_registered,not_reviewed_this_expansion,no,2026-09-29,2026-09-29,research_candidate,,2025-Sep,2025-05-08,2026-09-28,metadata_title_screened_not_fulltext_read
40350080,2025,Journal of Thoracic Oncology,Lazertinib for Patients with NSCLC Harboring Uncommon EGFR Mutations: A Phase II Multicenter Trial.,Lazertinib治疗罕见EGFR突变NSCLC的多中心II期研究,10.1016/j.jtho.2025.05.006,https://pubmed.ncbi.nlm.nih.gov/40350080/,https://doi.org/10.1016/j.jtho.2025.05.006,T,靶向治疗/耐药/试验延伸,靶向治疗/耐药/试验延伸,not_curated_this_screen,candidate_for_original_source_learning_subject_to_eligibility,metadata_title_screened_not_fulltext_read,2026-09-29范围扩展：题名/题录筛选，不是精读,须全文核准研究范围；题名筛选不验证具体方法或结果,not_assessed_this_expansion,not_located_in_20260929_first_three_page_scan,,,not_registered_as_deep_read,,not_registered,not_reviewed_this_expansion,no,2026-09-29,2026-09-29,research_candidate,,2025-Sep,2025-05-09,2026-09-28,metadata_title_screened_not_fulltext_read
40350081,2025,Journal of Thoracic Oncology,Emerging Role of Targeted Therapies Combined With Radiotherapy in Inoperable Stages I to III NSCLC: A Review From the IASLC ART Subcommittee.,IASLC综述：不可手术I–III期NSCLC中靶向治疗联合放疗的新作用,10.1016/j.jtho.2025.05.004,https://pubmed.ncbi.nlm.nih.gov/40350081/,https://doi.org/10.1016/j.jtho.2025.05.004,R,背景综述/共识/证据综合,背景综述/共识/证据综合,not_curated_this_screen,background_only_not_original_language_learning,metadata_title_screened_not_fulltext_read,2026-09-29范围扩展：题名/题录筛选，不是精读,须全文核准研究范围；题名筛选不验证具体方法或结果,not_assessed_this_expansion,not_located_in_20260929_first_three_page_scan,,,not_registered_as_deep_read,,not_registered,not_reviewed_this_expansion,no,2026-09-29,2026-09-29,background,,2025-Aug,2025-05-09,2026-09-28,metadata_title_screened_not_fulltext_read
40383434,2025,Journal of Thoracic Oncology,Amivantamab in Participants With Advanced NSCLC and MET Exon 14 Skipping Mutations: Final Results From the CHRYSALIS Study.,CHRYSALIS最终结果：Amivantamab治疗MET外显子14跳跃突变晚期NSCLC,10.1016/j.jtho.2025.05.012,https://pubmed.ncbi.nlm.nih.gov/40383434/,https://doi.org/10.1016/j.jtho.2025.05.012,T,靶向治疗/耐药/试验延伸,靶向治疗/耐药/试验延伸,not_curated_this_screen,candidate_for_original_source_learning_subject_to_eligibility,metadata_title_screened_not_fulltext_read,2026-09-29范围扩展：题名/题录筛选，不是精读,须全文核准研究范围；题名筛选不验证具体方法或结果,not_assessed_this_expansion,not_located_in_20260929_first_three_page_scan,,,not_registered_as_deep_read,,not_registered,not_reviewed_this_expansion,no,2026-09-29,2026-09-29,research_candidate,,2025-Sep,2025-05-16,2026-09-28,metadata_title_screened_not_fulltext_read
40419140,2025,Journal of Thoracic Oncology,"Lenvatinib Plus Pembrolizumab, Pemetrexed, and a Platinum as First-Line Therapy for Metastatic Nonsquamous NSCLC: Phase 3 LEAP-006 Study.",LEAP-006：仑伐替尼、帕博利珠单抗联合含铂化疗一线治疗转移性非鳞NSCLC,10.1016/j.jtho.2025.05.016,https://pubmed.ncbi.nlm.nih.gov/40419140/,https://doi.org/10.1016/j.jtho.2025.05.016,I,免疫治疗/免疫微环境,免疫治疗/免疫微环境,not_curated_this_screen,candidate_for_original_source_learning_subject_to_eligibility,metadata_title_screened_not_fulltext_read,2026-09-29范围扩展：题名/题录筛选，不是精读,须全文核准研究范围；题名筛选不验证具体方法或结果,not_assessed_this_expansion,not_located_in_20260929_first_three_page_scan,,,not_registered_as_deep_read,,not_registered,not_reviewed_this_expansion,no,2026-09-29,2026-09-29,research_candidate,,2025-Sep,2025-05-24,2026-09-28,metadata_title_screened_not_fulltext_read
40419141,2025,Journal of Thoracic Oncology,Safety and Sample Adequacy for Comprehensive Biomarker Testing of Bronchoscopic Biopsies: An American Association of Bronchology and Interventional Pulmonology and International Association for the Study of Lung Cancer Clinical Practice Guideline.,支气管镜活检用于全面生物标志物检测的安全性与样本充分性指南,10.1016/j.jtho.2025.05.014,https://pubmed.ncbi.nlm.nih.gov/40419141/,https://doi.org/10.1016/j.jtho.2025.05.014,R,综述/共识背景,临床实践指南,取材/检测质量指南,background_only_not_original_language_learning,abstract_only,样本适足性、安全与生物标志物工作流,方法背景，不作为共突变直接证据,not_obtained_in_prior_screen,not_located_in_previous_broad_scan_and_current_intake,,,not_registered_as_deep_read,,not_registered,not_reviewed_this_intake,no,2026-09-29,2026-09-28,background,,2025-Sep,2025-05-24,2026-09-28,prior_screening_preserved
40441332,2025,Journal of Thoracic Oncology,Successful Pregnancy and Healthy Baby Outcome in a Patient With Tyrosine Kinase Inhibitor-Refractory ALK-Positive NSCLC and Central Nervous System Metastasis Treated With Lorlatinib With Maternal-Fetal Pharmacokinetics and Child Milestone Development Correlations.,洛拉替尼治疗难治ALK阳性NSCLC伴中枢转移患者妊娠成功及母胎药代动力学报告,10.1016/j.jtho.2025.05.017,https://pubmed.ncbi.nlm.nih.gov/40441332/,https://doi.org/10.1016/j.jtho.2025.05.017,S,病例参考,病例参考,not_curated_this_screen,case_reference_not_original_cohort_learning,metadata_title_screened_not_fulltext_read,2026-09-29范围扩展：题名/题录筛选，不是精读,须全文核准研究范围；题名筛选不验证具体方法或结果,not_assessed_this_expansion,not_located_in_20260929_first_three_page_scan,,,not_registered_as_deep_read,,not_registered,not_reviewed_this_expansion,no,2026-09-29,2026-09-29,case_reference,,2025-Oct,2025-05-27,2026-09-28,metadata_title_screened_not_fulltext_read
40473106,2025,Journal of Thoracic Oncology,Quantitative and Dynamic ctDNA as a Biomarker of Response and Survival in Patients With Advanced Lung Squamous Cell Carcinoma Receiving Immunochemotherapy or Chemotherapy Alone.,定量及动态ctDNA预测晚期肺鳞癌化疗联合免疫治疗或单纯化疗反应和生存,10.1016/j.jtho.2025.05.021,https://pubmed.ncbi.nlm.nih.gov/40473106/,https://doi.org/10.1016/j.jtho.2025.05.021,L,液体活检/检测/胚系/药物基因组学,ctDNA与分子残留病灶,多变体加权ctDNA动态,candidate_for_original_source_learning_subject_to_eligibility,abstract_only,分子应答与免疫化疗/化疗生存关联,追踪多变体不等于研究基因间共突变；训练阈值要独立验证,not_obtained_in_prior_screen,not_located_in_previous_broad_scan_and_current_intake,,,not_registered_as_deep_read,,not_registered,not_reviewed_this_intake,no,2026-09-29,2026-09-28,research_candidate,,2025-Oct,2025-06-03,2026-09-28,prior_screening_preserved
40473107,2025,Journal of Thoracic Oncology,Advances in Lung Cancer Basic and Translational Research in 2025 - Overview and Perspectives Focusing on NSCLC.,2025年肺癌基础与转化研究进展：聚焦NSCLC的概览与展望,10.1016/j.jtho.2025.05.024,https://pubmed.ncbi.nlm.nih.gov/40473107/,https://doi.org/10.1016/j.jtho.2025.05.024,R,背景综述/共识/证据综合,背景综述/共识/证据综合,not_curated_this_screen,background_only_not_original_language_learning,metadata_title_screened_not_fulltext_read,2026-09-29范围扩展：题名/题录筛选，不是精读,须全文核准研究范围；题名筛选不验证具体方法或结果,not_assessed_this_expansion,not_located_in_20260929_first_three_page_scan,,,not_registered_as_deep_read,,not_registered,not_reviewed_this_expansion,no,2026-09-29,2026-09-29,background,,2025-Oct,2025-06-03,2026-09-28,metadata_title_screened_not_fulltext_read
40473108,2025,Journal of Thoracic Oncology,Treatment-Free Survival Over 6 Years of Follow-up in Patients With Metastatic NSCLC Treated With First-Line Nivolumab Plus Ipilimumab Versus Chemotherapy in CheckMate 227 Part 1.,CheckMate 227六年以上随访：纳武利尤单抗联合伊匹木单抗对比化疗的无治疗生存,10.1016/j.jtho.2025.05.019,https://pubmed.ncbi.nlm.nih.gov/40473108/,https://doi.org/10.1016/j.jtho.2025.05.019,I,免疫治疗/免疫微环境,免疫治疗/免疫微环境,not_curated_this_screen,candidate_for_original_source_learning_subject_to_eligibility,metadata_title_screened_not_fulltext_read,2026-09-29范围扩展：题名/题录筛选，不是精读,须全文核准研究范围；题名筛选不验证具体方法或结果,not_assessed_this_expansion,not_located_in_20260929_first_three_page_scan,,,not_registered_as_deep_read,,not_registered,not_reviewed_this_expansion,no,2026-09-29,2026-09-29,research_candidate,,2025-Oct,2025-06-03,2026-09-28,metadata_title_screened_not_fulltext_read
40473109,2025,Journal of Thoracic Oncology,LEAP-008: Lenvatinib Plus Pembrolizumab for Metastatic NSCLC That Has Progressed After an Anti-Programmed Cell Death Protein 1 or Anti-Programmed Cell Death Ligand 1 Plus Platinum Chemotherapy.,LEAP-008：PD-(L)1和含铂化疗后进展NSCLC的仑伐替尼联合帕博利珠单抗,10.1016/j.jtho.2025.05.020,https://pubmed.ncbi.nlm.nih.gov/40473109/,https://doi.org/10.1016/j.jtho.2025.05.020,I,免疫治疗/免疫微环境,免疫治疗/免疫微环境,not_curated_this_screen,candidate_for_original_source_learning_subject_to_eligibility,metadata_title_screened_not_fulltext_read,2026-09-29范围扩展：题名/题录筛选，不是精读,须全文核准研究范围；题名筛选不验证具体方法或结果,not_assessed_this_expansion,not_located_in_20260929_first_three_page_scan,,,not_registered_as_deep_read,,not_registered,not_reviewed_this_expansion,no,2026-09-29,2026-09-29,research_candidate,,2025-Oct,2025-06-03,2026-09-28,metadata_title_screened_not_fulltext_read
40480428,2025,Journal of Thoracic Oncology,Updated Efficacy and Safety From the Phase 2 PHAROS Study of Encorafenib Plus Binimetinib in Patients With BRAF V600E-Mutant Metastatic NSCLC-A Brief Report.,PHAROS更新：Encorafenib联合Binimetinib治疗BRAF V600E突变NSCLC的疗效和安全性,10.1016/j.jtho.2025.05.023,https://pubmed.ncbi.nlm.nih.gov/40480428/,https://doi.org/10.1016/j.jtho.2025.05.023,T,靶向治疗/耐药/试验延伸,靶向治疗/耐药/试验延伸,not_curated_this_screen,candidate_for_original_source_learning_subject_to_eligibility,metadata_and_abstract_scope_screened,2026-09-29范围扩展：题名/题录筛选，不是精读,须全文核准研究范围；题名筛选不验证具体方法或结果,not_assessed_this_expansion,not_located_in_20260929_first_three_page_scan,,,not_registered_as_deep_read,,not_registered,not_reviewed_this_expansion,no,2026-09-29,2026-09-29,research_candidate,,2025-Oct,2025-06-04,2026-09-28,metadata_and_abstract_scope_screened
40516820,2025,Journal of Thoracic Oncology,Genomic Profiles of Pathogenic and Moderate-Penetrance Germline Variants Associated With Risk of Early-Onset Lung Adenocarcinoma.,与早发肺腺癌风险相关的致病性及中等外显率胚系变异图谱,10.1016/j.jtho.2025.06.005,https://pubmed.ncbi.nlm.nih.gov/40516820/,https://doi.org/10.1016/j.jtho.2025.06.005,L,液体活检/检测/胚系/药物基因组学,遗传易感与风险,胚系-体细胞及LOH,candidate_for_original_source_learning_subject_to_eligibility,abstract_only,BRCA1胚系伴体细胞TP53、BRCA2野生型等位丢失及HRD,把遗传易感、体细胞第二击和跨基因共突变分开,not_obtained_in_prior_screen,not_located_in_previous_broad_scan_and_current_intake,,,not_registered_as_deep_read,,not_registered,not_reviewed_this_intake,no,2026-09-29,2026-09-28,research_candidate,,2025-Nov,2025-06-15,2026-09-28,prior_screening_preserved
40516821,2025,Journal of Thoracic Oncology,A Pooled Analysis of Datopotamab Deruxtecan in Patients With EGFR-Mutated NSCLC.,Datopotamab Deruxtecan治疗EGFR突变NSCLC的汇总分析,10.1016/j.jtho.2025.06.002,https://pubmed.ncbi.nlm.nih.gov/40516821/,https://doi.org/10.1016/j.jtho.2025.06.002,T,靶向治疗/耐药/试验延伸,靶向治疗/耐药/试验延伸,not_curated_this_screen,candidate_for_original_source_learning_subject_to_eligibility,metadata_title_screened_not_fulltext_read,2026-09-29范围扩展：题名/题录筛选，不是精读,须全文核准研究范围；题名筛选不验证具体方法或结果,not_assessed_this_expansion,not_located_in_20260929_first_three_page_scan,,,not_registered_as_deep_read,,not_registered,not_reviewed_this_expansion,no,2026-09-29,2026-09-29,research_candidate,,2025-Nov,2025-06-12,2026-09-28,metadata_title_screened_not_fulltext_read
40518016,2025,Journal of Thoracic Oncology,Targeting WEE1 to Overcome ARID1A Mutation-Driven Osimertinib Resistance in EGFR-Mutant Lung Cancer.,靶向WEE1克服ARID1A突变驱动的EGFR突变肺癌奥希替尼耐药,10.1016/j.jtho.2025.06.007,https://pubmed.ncbi.nlm.nih.gov/40518016/,https://doi.org/10.1016/j.jtho.2025.06.007,C,共改变重点,耐药与功能基因组学,EGFR伴ARID1A失活,candidate_for_original_source_learning_subject_to_eligibility,targeted_fulltext_screen,共突变-耐药-细胞周期/WEE1干预链条，优先机制框架,临床突变组很小且非随机；动物联合效果不直接证明临床联药有效,obtained_for_screening_not_equivalent_to_deep_read,hash_verified_local_pdf,Fukuda_Targeting_WEE1_to_Overcome_ARID1A_Mutation_Driven_Os_PMID40518016_typeset.pdf,563253bc65b1e9794f779f0f69c70c759436032b970060bd37834402dfaa635e,main_text_deep_read_complete,2026-09-28,not_reviewed,not_supplied,no,2026-09-29,2026-09-28,research_candidate,,2025-Oct,2025-06-13,2026-09-28,prior_screening_preserved
40545237,2025,Journal of Thoracic Oncology,Surgical Outcomes With Neoadjuvant Durvalumab Plus Chemotherapy Followed by Adjuvant Durvalumab in Resectable NSCLC.,新辅助度伐利尤单抗联合化疗后辅助度伐利尤单抗方案的手术结局,10.1016/j.jtho.2025.06.015,https://pubmed.ncbi.nlm.nih.gov/40545237/,https://doi.org/10.1016/j.jtho.2025.06.015,I,免疫治疗/免疫微环境,免疫治疗/免疫微环境,not_curated_this_screen,candidate_for_original_source_learning_subject_to_eligibility,metadata_title_screened_not_fulltext_read,2026-09-29范围扩展：题名/题录筛选，不是精读,须全文核准研究范围；题名筛选不验证具体方法或结果,not_assessed_this_expansion,not_located_in_20260929_first_three_page_scan,,,not_registered_as_deep_read,,not_registered,not_reviewed_this_expansion,no,2026-09-29,2026-09-29,research_candidate,,2025-Nov,2025-06-20,2026-09-28,metadata_title_screened_not_fulltext_read
40617394,2025,Journal of Thoracic Oncology,"Lazertinib Versus Osimertinib in Previously Untreated EGFR-Mutant Advanced NSCLC: A Randomized, Double-Blind, Exploratory Analysis From MARIPOSA.",MARIPOSA探索性随机分析：Lazertinib对比奥希替尼一线治疗EGFR突变NSCLC,10.1016/j.jtho.2025.06.030,https://pubmed.ncbi.nlm.nih.gov/40617394/,https://doi.org/10.1016/j.jtho.2025.06.030,T,靶向治疗/耐药/试验延伸,靶向治疗/耐药/试验延伸,not_curated_this_screen,candidate_for_original_source_learning_subject_to_eligibility,metadata_title_screened_not_fulltext_read,2026-09-29范围扩展：题名/题录筛选，不是精读,须全文核准研究范围；题名筛选不验证具体方法或结果,not_assessed_this_expansion,not_located_in_20260929_first_three_page_scan,,,not_registered_as_deep_read,,not_registered,not_reviewed_this_expansion,no,2026-09-29,2026-09-29,research_candidate,,2025-Nov,2025-07-03,2026-09-28,metadata_title_screened_not_fulltext_read
40617395,2025,Journal of Thoracic Oncology,50 Years of Progress in NSCLC: A New Fellow's Guide in the Clinic.,NSCLC五十年进展：新入行专科医生的临床指南,10.1016/j.jtho.2025.06.028,https://pubmed.ncbi.nlm.nih.gov/40617395/,https://doi.org/10.1016/j.jtho.2025.06.028,R,背景综述/共识/证据综合,背景综述/共识/证据综合,not_curated_this_screen,background_only_not_original_language_learning,metadata_title_screened_not_fulltext_read,2026-09-29范围扩展：题名/题录筛选，不是精读,须全文核准研究范围；题名筛选不验证具体方法或结果,not_assessed_this_expansion,not_located_in_20260929_first_three_page_scan,,,not_registered_as_deep_read,,not_registered,not_reviewed_this_expansion,no,2026-09-29,2026-09-29,background,,2025-Oct,2025-07-03,2026-09-28,metadata_title_screened_not_fulltext_read
40633839,2025,Journal of Thoracic Oncology,Molecular Tumor Boards: A Consensus Statement From the International Association for the Study of Lung Cancer.,分子肿瘤委员会：IASLC共识声明,10.1016/j.jtho.2025.07.009,https://pubmed.ncbi.nlm.nih.gov/40633839/,https://doi.org/10.1016/j.jtho.2025.07.009,R,综述/共识背景,共识,MTB证据分级与报告共识,background_only_not_original_language_learning,abstract_only,分子报告、可行动性和MTB质量，保留实践背景,跨瘤种共识非肺癌共突变原始研究,not_obtained_in_prior_screen,not_located_in_previous_broad_scan_and_current_intake,,,not_registered_as_deep_read,,not_registered,not_reviewed_this_intake,no,2026-09-29,2026-09-28,background,,2025-Nov,2025-07-07,2026-09-28,prior_screening_preserved
40706709,2025,Journal of Thoracic Oncology,The 2024 International Association for the Study of Lung Cancer Global Survey on Biomarker Testing.,2024年IASLC全球肺癌生物标志物检测调查,10.1016/j.jtho.2025.07.114,https://pubmed.ncbi.nlm.nih.gov/40706709/,https://doi.org/10.1016/j.jtho.2025.07.114,L,检测/标志物/液体活检,检测/标志物/液体活检,not_curated_this_screen,candidate_for_original_source_learning_subject_to_eligibility,metadata_and_abstract_scope_screened,2026-09-29范围扩展：题名/题录筛选，不是精读,须全文核准研究范围；题名筛选不验证具体方法或结果,not_assessed_this_expansion,not_located_in_20260929_first_three_page_scan,,,not_registered_as_deep_read,,not_registered,not_reviewed_this_expansion,no,2026-09-29,2026-09-29,research_candidate,,2025-Dec,2025-07-22,2026-09-28,metadata_and_abstract_scope_screened
40706710,2025,Journal of Thoracic Oncology,Brief Report: Post Hoc Validation of Platinum Ineligibility in NSCLC From the Phase III IPSOS Study.,IPSOS III期研究中不适合铂类治疗标准的事后验证,10.1016/j.jtho.2025.07.115,https://pubmed.ncbi.nlm.nih.gov/40706710/,https://doi.org/10.1016/j.jtho.2025.07.115,I,免疫治疗/免疫微环境,免疫治疗/免疫微环境,not_curated_this_screen,candidate_for_original_source_learning_subject_to_eligibility,metadata_title_screened_not_fulltext_read,2026-09-29范围扩展：题名/题录筛选，不是精读,须全文核准研究范围；题名筛选不验证具体方法或结果,not_assessed_this_expansion,not_located_in_20260929_first_three_page_scan,,,not_registered_as_deep_read,,not_registered,not_reviewed_this_expansion,no,2026-09-29,2026-09-29,research_candidate,,2025-Dec,2025-07-22,2026-09-28,metadata_title_screened_not_fulltext_read
40716572,2025,Journal of Thoracic Oncology,Distinct Clinicogenomic Features and Immunotherapy Associations in Pulmonary Sarcomatoid Carcinoma: A Multicenter Retrospective Study.,肺肉瘤样癌的独特临床基因组特征及免疫治疗关联：多中心回顾性研究,10.1016/j.jtho.2025.07.121,https://pubmed.ncbi.nlm.nih.gov/40716572/,https://doi.org/10.1016/j.jtho.2025.07.121,C,共改变重点,基因组分型与临床结局,组织学依赖STK11/KRAS/KEAP1/MET共突变,candidate_for_original_source_learning_subject_to_eligibility,targeted_fulltext_screen,正文新增重要点：PSC中KRAS不显著共STK11/KEAP1，而MET与STK11共现；与LUAD模式不同,不能套用LUAD共突变模式到所有肺癌；小亚组、回顾与历史治疗限制,obtained_for_screening_not_equivalent_to_deep_read,not_located_in_previous_broad_scan_and_current_intake,,,not_registered_as_deep_read,,not_registered,not_reviewed_this_intake,no,2026-09-29,2026-09-28,research_candidate,,2025-Dec,2025-07-25,2026-09-28,prior_screening_preserved
40721085,2025,Journal of Thoracic Oncology,Comprehensive Genomic Profiling of Rare Lung Tumors: Adenosquamous Carcinoma and Pulmonary Carcinosarcoma.,罕见肺肿瘤全面基因组分析：腺鳞癌与肺癌肉瘤,10.1016/j.jtho.2025.07.122,https://pubmed.ncbi.nlm.nih.gov/40721085/,https://doi.org/10.1016/j.jtho.2025.07.122,G,其他DNA基因组学,基因组图谱与突变特征,CGP图谱，摘要不足以确认共突变,candidate_for_original_source_learning_subject_to_eligibility,abstract_only,保留罕见组织型基因组候选,摘要无队列规模与具体效应，分类置信度有限，不填造数值,not_obtained_in_prior_screen,not_located_in_previous_broad_scan_and_current_intake,,,not_registered_as_deep_read,,not_registered,not_reviewed_this_intake,no,2026-09-29,2026-09-28,research_candidate,,2025-Nov,2025-07-26,2026-09-28,prior_screening_preserved
40749900,2025,Journal of Thoracic Oncology,"Final Analysis Results and Patient-Reported Outcomes From DESTINY-Lung02-A Dose-Blinded, Randomized, Phase 2 Study of Trastuzumab Deruxtecan in Patients With HER2-Mutant Metastatic NSCLC.",DESTINY-Lung02最终分析：德曲妥珠单抗治疗HER2突变NSCLC及患者报告结局,10.1016/j.jtho.2025.07.129,https://pubmed.ncbi.nlm.nih.gov/40749900/,https://doi.org/10.1016/j.jtho.2025.07.129,T,靶向治疗/耐药/试验延伸,靶向治疗/耐药/试验延伸,not_curated_this_screen,candidate_for_original_source_learning_subject_to_eligibility,metadata_title_screened_not_fulltext_read,2026-09-29范围扩展：题名/题录筛选，不是精读,须全文核准研究范围；题名筛选不验证具体方法或结果,not_assessed_this_expansion,not_located_in_20260929_first_three_page_scan,,,not_registered_as_deep_read,,not_registered,not_reviewed_this_expansion,no,2026-09-29,2026-09-29,research_candidate,,2025-Dec,2025-07-30,2026-09-28,metadata_title_screened_not_fulltext_read
40751717,2025,Journal of Thoracic Oncology,Molecular Landscape and Therapeutic Strategies of Lung Cancer Lineage Plasticity.,肺癌谱系可塑性的分子图谱与治疗策略,10.1016/j.jtho.2025.06.012,https://pubmed.ncbi.nlm.nih.gov/40751717/,https://doi.org/10.1016/j.jtho.2025.06.012,R,综述/共识背景,综述,谱系转化的多层分子背景,background_only_not_original_language_learning,abstract_only,遗传、RNA、表观、免疫共同框架,引用具体基因事件时回溯原始研究,not_obtained_in_prior_screen,not_located_in_previous_broad_scan_and_current_intake,,,not_registered_as_deep_read,,not_registered,not_reviewed_this_intake,no,2026-09-29,2026-09-28,background,,2025-Nov,2025-08-05,2026-09-28,prior_screening_preserved
40759194,2025,Journal of Thoracic Oncology,Digital Versus Manual PD-L1 Scoring in Advanced NSCLC From the IMpower110 and IMpower150 Trials.,IMpower110及150：晚期NSCLC数字化与人工PD-L1评分比较,10.1016/j.jtho.2025.07.131,https://pubmed.ncbi.nlm.nih.gov/40759194/,https://doi.org/10.1016/j.jtho.2025.07.131,I,免疫治疗/免疫微环境,免疫治疗/免疫微环境,not_curated_this_screen,candidate_for_original_source_learning_subject_to_eligibility,metadata_title_screened_not_fulltext_read,2026-09-29范围扩展：题名/题录筛选，不是精读,须全文核准研究范围；题名筛选不验证具体方法或结果,not_assessed_this_expansion,not_located_in_20260929_first_three_page_scan,,,not_registered_as_deep_read,,not_registered,not_reviewed_this_expansion,no,2026-09-29,2026-09-29,research_candidate,,2025-Dec,2025-08-05,2026-09-28,metadata_title_screened_not_fulltext_read
40920144,2025,Journal of Thoracic Oncology,The International Association for the Study of Lung Cancer Staging Project: The Impact of Common Molecular Alterations on Overall Survival in NSCLC in Initial Analyses of the IASLC Ninth Edition Staging Database.,IASLC分期项目：常见分子改变对NSCLC生存的影响及第九版数据库初步分析,10.1016/j.jtho.2025.06.025,https://pubmed.ncbi.nlm.nih.gov/40920144/,https://doi.org/10.1016/j.jtho.2025.06.025,G,其他DNA基因组学,基因组分型与临床结局,EGFR/ALK/KRAS分别分层,candidate_for_original_source_learning_subject_to_eligibility,abstract_only,基因型与分期预后整合框架,存在勘误PMID41175134；三基因不同检测分母，非共突变分析,not_obtained_in_prior_screen,not_located_in_previous_broad_scan_and_current_intake,,,not_registered_as_deep_read,,not_registered,not_reviewed_this_intake,no,2026-09-29,2026-09-28,research_candidate,,2025-Oct,2025-09-08,2026-09-28,prior_screening_preserved
40923969,2025,Journal of Thoracic Oncology,Enhanced Versus Standard Dermatologic Management With Amivantamab-Lazertinib in EGFR-Mutated Advanced NSCLC: The COCOON Global Randomized Controlled Trial.,COCOON随机试验：Amivantamab–Lazertinib治疗期间强化与标准皮肤管理,10.1016/j.jtho.2025.07.117,https://pubmed.ncbi.nlm.nih.gov/40923969/,https://doi.org/10.1016/j.jtho.2025.07.117,T,靶向治疗/耐药/试验延伸,靶向治疗/耐药/试验延伸,not_curated_this_screen,candidate_for_original_source_learning_subject_to_eligibility,metadata_title_screened_not_fulltext_read,2026-09-29范围扩展：题名/题录筛选，不是精读,须全文核准研究范围；题名筛选不验证具体方法或结果,not_assessed_this_expansion,not_located_in_20260929_first_three_page_scan,,,not_registered_as_deep_read,,not_registered,not_reviewed_this_expansion,no,2026-09-29,2026-09-29,research_candidate,,2025-Oct,2025-09-09,2026-09-28,metadata_title_screened_not_fulltext_read
40835220,2026,Journal of Thoracic Oncology,Long-Term Safety and Effectiveness of Durvalumab in Unresectable Stage III NSCLC in Japan: A Multicenter Prospective Study (AYAME).,AYAME：日本不可切除III期NSCLC度伐利尤单抗的长期安全性和有效性,10.1016/j.jtho.2025.08.010,https://pubmed.ncbi.nlm.nih.gov/40835220/,https://doi.org/10.1016/j.jtho.2025.08.010,I,免疫治疗/免疫微环境,免疫治疗/免疫微环境,not_curated_this_screen,candidate_for_original_source_learning_subject_to_eligibility,metadata_title_screened_not_fulltext_read,2026-09-29范围扩展：题名/题录筛选，不是精读,须全文核准研究范围；题名筛选不验证具体方法或结果,not_assessed_this_expansion,not_located_in_20260929_first_three_page_scan,,,not_registered_as_deep_read,,not_registered,not_reviewed_this_expansion,no,2026-09-29,2026-09-29,research_candidate,,2026-Jan,2025-08-18,2026-09-28,metadata_title_screened_not_fulltext_read
40850615,2026,Journal of Thoracic Oncology,CEACAM7 Expression and DNA Methylation: Prognostic Biomarkers for Lung Adenocarcinoma in African Americans.,CEACAM7表达和DNA甲基化：非裔美国人肺腺癌预后标志物,10.1016/j.jtho.2025.08.015,https://pubmed.ncbi.nlm.nih.gov/40850615/,https://doi.org/10.1016/j.jtho.2025.08.015,M,RNA/表观/单细胞/空间/影像及机制,表观基因组与转录组,DNA甲基化与表达，非序列共突变,candidate_for_original_source_learning_subject_to_eligibility,targeted_fulltext_screen,CEACAM7表达/甲基化预后，保留表观/转录组层,非裔占小比例；社会种族分类不能直接等同遗传祖源或机制,obtained_for_screening_not_equivalent_to_deep_read,not_located_in_previous_broad_scan_and_current_intake,,,not_registered_as_deep_read,,not_registered,not_reviewed_this_intake,no,2026-09-29,2026-09-28,research_candidate,,2026-Jan,2025-08-22,2026-09-28,prior_screening_preserved
40850616,2026,Journal of Thoracic Oncology,MTAP Expression by Immunohistochemistry: A Novel Biomarker in NSCLC.,MTAP免疫组化表达：NSCLC的新型标志物,10.1016/j.jtho.2025.08.014,https://pubmed.ncbi.nlm.nih.gov/40850616/,https://doi.org/10.1016/j.jtho.2025.08.014,C,共改变重点,分子检测与诊断分期,MTAP/CDKN2A共缺失及IHC代理,candidate_for_original_source_learning_subject_to_eligibility,abstract_only,证明CDKN2A缺失并非可靠MTAP缺失代理，重点保留共缺失检测界限,IHC缺失、CN缺失、邻近基因共缺失不等价,not_obtained_in_prior_screen,not_located_in_previous_broad_scan_and_current_intake,,,not_registered_as_deep_read,,not_registered,not_reviewed_this_intake,no,2026-09-29,2026-09-28,research_candidate,,2026-Jan,2025-08-22,2026-09-28,prior_screening_preserved
40912657,2026,Journal of Thoracic Oncology,Translational Analysis of NSD3 Gene Amplification in Lung Squamous Cell Carcinoma: Clinical and Prognostic Insights From Histopathologic Analysis of Patient Samples.,肺鳞癌NSD3基因扩增的转化研究：临床病理与预后,10.1016/j.jtho.2025.08.022,https://pubmed.ncbi.nlm.nih.gov/40912657/,https://doi.org/10.1016/j.jtho.2025.08.022,G,其他DNA基因组学,拷贝数改变与临床结局,NSD3扩增，非共突变,candidate_for_original_source_learning_subject_to_eligibility,abstract_only,CNA-蛋白-增殖-预后连接，适合拷贝数文章框架,临床相关不等于NSD3靶向治疗有效,not_obtained_in_prior_screen,not_located_in_previous_broad_scan_and_current_intake,,,not_registered_as_deep_read,,not_registered,not_reviewed_this_intake,no,2026-09-29,2026-09-28,research_candidate,,2026-Jan,2025-09-03,2026-09-28,prior_screening_preserved
40983286,2026,Journal of Thoracic Oncology,Brief Report: Critical Role for DNA-Based Sequencing in Discriminating Distinct Primary Lung Cancers With Different MET Exon 14 Skipping Mutations.,DNA测序区分具有不同MET外显子14跳跃突变的独立原发肺癌,10.1016/j.jtho.2025.09.010,https://pubmed.ncbi.nlm.nih.gov/40983286/,https://doi.org/10.1016/j.jtho.2025.09.010,G,其他DNA基因组学,分子检测与诊断分期,多病灶不同METex14事件,candidate_for_original_source_learning_subject_to_eligibility,abstract_only,DNA精确变体优于仅报告RNA跳跃来区分独立原发,同一患者不同瘤的事件不是同一肿瘤共突变,not_obtained_in_prior_screen,not_located_in_previous_broad_scan_and_current_intake,,,not_registered_as_deep_read,,not_registered,not_reviewed_this_intake,no,2026-09-29,2026-09-28,research_candidate,,2026-Feb,2025-09-20,2026-09-28,prior_screening_preserved
41076079,2026,Journal of Thoracic Oncology,GSTA1 Conferred Tolerance to Osimertinib and Provided Strategies to Overcome Drug-Tolerant Persister in EGFR-Mutant Lung Adenocarcinoma.,GSTA1介导奥希替尼耐受及克服EGFR突变肺腺癌耐药持留细胞的策略,10.1016/j.jtho.2025.10.001,https://pubmed.ncbi.nlm.nih.gov/41076079/,https://doi.org/10.1016/j.jtho.2025.10.001,M,RNA/表观/单细胞/空间/影像及机制,单细胞与耐药,单细胞DTP及代谢调控,candidate_for_original_source_learning_subject_to_eligibility,abstract_only,RSPH1-CALML4-GSTA1及PROS1-AXL，非遗传耐药扩展,表达轴不作基因共突变；动物方案不等于临床标准,not_obtained_in_prior_screen,not_located_in_previous_broad_scan_and_current_intake,,,not_registered_as_deep_read,,not_registered,not_reviewed_this_intake,no,2026-09-29,2026-09-28,research_candidate,,2026-Mar,2025-10-10,2026-09-28,prior_screening_preserved
41130408,2026,Journal of Thoracic Oncology,"Osimertinib Plus Savolitinib in Patients With EGFR-Mutated Advanced NSCLC With MET Alterations After First-Line Osimertinib: Clinical Outcomes, Safety, and Biomarker Analysis: A Brief Report.",一线奥希替尼后伴MET改变NSCLC的奥希替尼联合赛沃替尼：疗效、安全性和标志物分析,10.1016/j.jtho.2025.10.009,https://pubmed.ncbi.nlm.nih.gov/41130408/,https://doi.org/10.1016/j.jtho.2025.10.009,C,共改变重点,拷贝数伴随分析,EGFR突变伴获得性MET扩增,candidate_for_original_source_learning_subject_to_eligibility,abstract_only,明确共改变选择的联合靶向队列，保留基因型-方案框架,不是泛共突变图谱；单臂、ORR用80%CI，不能误写95%,not_obtained_in_prior_screen,not_located_in_previous_broad_scan_and_current_intake,,,not_registered_as_deep_read,,not_registered,not_reviewed_this_intake,no,2026-09-29,2026-09-28,research_candidate,,2026-Feb,2025-10-21,2026-09-28,prior_screening_preserved
41130409,2026,Journal of Thoracic Oncology,The Genomic Landscape of NSCLC in Systemic Sclerosis Reveals Frequent TP53 Mutations and a Paucity of Actionable Oncogenes.,系统性硬化症相关NSCLC图谱显示常见TP53突变及较少可操作癌基因,10.1016/j.jtho.2025.10.008,https://pubmed.ncbi.nlm.nih.gov/41130409/,https://doi.org/10.1016/j.jtho.2025.10.008,G,其他DNA基因组学,基因组图谱与突变特征,特殊临床人群TP53/APOBEC谱,candidate_for_original_source_learning_subject_to_eligibility,abstract_only,自身免疫背景NSCLC缺少经典驱动、TP53富集,小样本且吸烟混杂；不是预设基因对共突变结局研究,not_obtained_in_prior_screen,not_located_in_previous_broad_scan_and_current_intake,,,not_registered_as_deep_read,,not_registered,not_reviewed_this_intake,no,2026-09-29,2026-09-28,research_candidate,,2026-Mar,2025-10-21,2026-09-28,prior_screening_preserved
41130410,2026,Journal of Thoracic Oncology,Brief Report: Emphysema as a Prognostic Factor in Patients With Advanced NSCLC With COPD Receiving Immune Checkpoint Inhibitors.,伴COPD的晚期NSCLC接受免疫检查点抑制剂时肺气肿的预后作用,10.1016/j.jtho.2025.10.007,https://pubmed.ncbi.nlm.nih.gov/41130410/,https://doi.org/10.1016/j.jtho.2025.10.007,I,免疫治疗/免疫微环境,免疫治疗/免疫微环境,not_curated_this_screen,candidate_for_original_source_learning_subject_to_eligibility,metadata_title_screened_not_fulltext_read,2026-09-29范围扩展：题名/题录筛选，不是精读,须全文核准研究范围；题名筛选不验证具体方法或结果,not_assessed_this_expansion,not_located_in_20260929_first_three_page_scan,,,not_registered_as_deep_read,,not_registered,not_reviewed_this_expansion,no,2026-09-29,2026-09-29,research_candidate,,2026-Feb,2025-10-21,2026-09-28,metadata_title_screened_not_fulltext_read
41135642,2026,Journal of Thoracic Oncology,Advancing Lung Cancer Staging: Integrating IASLC Recommendations and Bioinformatics to Delineate Tumor Origins.,整合IASLC建议和生物信息学判定肺癌肿瘤起源,10.1016/j.jtho.2025.10.010,https://pubmed.ncbi.nlm.nih.gov/41135642/,https://doi.org/10.1016/j.jtho.2025.10.010,G,其他DNA基因组学,分子检测与诊断分期,多病灶共享突变的克隆推断,candidate_for_original_source_learning_subject_to_eligibility,abstract_only,SPLC/IPM生信分类、Shiny工具，重点方法参考,摘要240 tumors/pairs措辞需全文核对，勿直接作240独立患者/对,not_obtained_in_prior_screen,not_located_in_previous_broad_scan_and_current_intake,,,not_registered_as_deep_read,,not_registered,not_reviewed_this_intake,no,2026-09-29,2026-09-28,research_candidate,,2026-Feb,2025-10-22,2026-09-28,prior_screening_preserved
41139066,2026,Journal of Thoracic Oncology,Phase 2 Study of Amivantamab Plus Lazertinib in Previously Treated Patients With EGFR-Mutant Lung Cancers With Brain and Leptomeningeal Metastases.,Amivantamab联合Lazertinib治疗经治EGFR突变肺癌脑及软脑膜转移的II期研究,10.1016/j.jtho.2025.10.012,https://pubmed.ncbi.nlm.nih.gov/41139066/,https://doi.org/10.1016/j.jtho.2025.10.012,T,靶向治疗/耐药/试验延伸,靶向治疗/耐药/试验延伸,not_curated_this_screen,candidate_for_original_source_learning_subject_to_eligibility,metadata_title_screened_not_fulltext_read,2026-09-29范围扩展：题名/题录筛选，不是精读,须全文核准研究范围；题名筛选不验证具体方法或结果,not_assessed_this_expansion,not_located_in_20260929_first_three_page_scan,,,not_registered_as_deep_read,,not_registered,not_reviewed_this_expansion,no,2026-09-29,2026-09-29,research_candidate,,2026-Mar,2025-10-23,2026-09-28,metadata_title_screened_not_fulltext_read
41161592,2026,Journal of Thoracic Oncology,Neoadjuvant Immunochemotherapy in Resectable NSCLC With SMARCA4 Alterations.,SMARCA4改变的可切除NSCLC新辅助化疗联合免疫治疗,10.1016/j.jtho.2025.10.013,https://pubmed.ncbi.nlm.nih.gov/41161592/,https://doi.org/10.1016/j.jtho.2025.10.013,C,共改变重点,共改变与免疫治疗,SMARCA4与KRAS及KEAP1/STK11共突变,candidate_for_original_source_learning_subject_to_eligibility,abstract_only,直接涉及STK11，高优先级；组织学与共突变高风险亚组,摘要未给共突变复发亚组人数；不能把全复发外推所有这类患者,not_obtained_in_prior_screen,hash_verified_local_pdf,Peng_Neoadjuvant_Immunochemotherapy_in_Resectable_NSCLC_W_PMID41161592_typeset.pdf,4646c98d563828f705279e4e0df6629acd527fe10881552161133ea3cdc28e25,main_text_deep_read_complete,2026-09-28,not_reviewed,not_supplied,no,2026-09-29,2026-09-28,research_candidate,,2026-Mar,2025-10-27,2026-09-28,prior_screening_preserved
41173143,2026,Journal of Thoracic Oncology,First-Line Sacituzumab Govitecan Plus Pembrolizumab in Metastatic NSCLC: PD-L1 TPS Less Than 50% and More Than or Equal to 50% Cohorts of the EVOKE-02 Study.,JTO EVOKE-02：戈沙妥珠单抗联合帕博利珠单抗一线治疗NSCLC的PD-L1分层队列,10.1016/j.jtho.2025.10.016,https://pubmed.ncbi.nlm.nih.gov/41173143/,https://doi.org/10.1016/j.jtho.2025.10.016,I,免疫治疗/免疫微环境,免疫治疗/免疫微环境,not_curated_this_screen,candidate_for_original_source_learning_subject_to_eligibility,metadata_title_screened_not_fulltext_read,2026-09-29范围扩展：题名/题录筛选，不是精读,须全文核准研究范围；题名筛选不验证具体方法或结果,not_assessed_this_expansion,not_located_in_20260929_first_three_page_scan,,,not_registered_as_deep_read,,not_registered,not_reviewed_this_expansion,no,2026-09-29,2026-09-29,research_candidate,,2026-Mar,2025-10-30,2026-09-28,metadata_title_screened_not_fulltext_read
41207477,2026,Journal of Thoracic Oncology,Chromosome 15q15 Deletion Drives Brain Metastasis in NSCLC.,染色体15q15缺失驱动NSCLC脑转移,10.1016/j.jtho.2025.11.001,https://pubmed.ncbi.nlm.nih.gov/41207477/,https://doi.org/10.1016/j.jtho.2025.11.001,C,共改变重点,克隆演化与转移,15q15/MGA缺失伴EGFR突变,candidate_for_original_source_learning_subject_to_eligibility,abstract_only,共缺失背景、MYC/OXPHOS和脑转移；Fine-Gray竞争风险值得借鉴,缺失不叫点突变；基因组关联、体外机制与患者药效分层表述,not_obtained_in_prior_screen,not_located_in_previous_broad_scan_and_current_intake,,,not_registered_as_deep_read,,not_registered,not_reviewed_this_intake,no,2026-09-29,2026-09-28,research_candidate,,2026-Apr,2025-11-07,2026-09-28,prior_screening_preserved
41242499,2026,Journal of Thoracic Oncology,Radiotherapy for Unresectable Locally Advanced NSCLC: A Practical Multidisciplinary Approach to Challenging Scenarios From the International Association for the Study of Lung Cancer Advanced Radiation Technology Subcommittee.,IASLC多学科临床情境讨论：不可切除局部晚期NSCLC放疗及系统治疗,10.1016/j.jtho.2025.11.006,https://pubmed.ncbi.nlm.nih.gov/41242499/,https://doi.org/10.1016/j.jtho.2025.11.006,R,背景综述/共识/证据综合,背景综述/共识/证据综合,not_curated_this_screen,background_only_not_original_language_learning,metadata_and_abstract_scope_screened,2026-09-29范围扩展：题名/题录筛选，不是精读,须全文核准研究范围；题名筛选不验证具体方法或结果,not_assessed_this_expansion,not_located_in_20260929_first_three_page_scan,,,not_registered_as_deep_read,,not_registered,not_reviewed_this_expansion,no,2026-09-29,2026-09-29,background,,2026-Mar,2025-11-14,2026-09-28,metadata_and_abstract_scope_screened
41248848,2026,Journal of Thoracic Oncology,Andamertinib in Advanced NSCLC With EGFR Exon 20 Insertions After Platinum-Based Chemotherapy or Immunotherapy: Results From the Phase 2 KANNON Study.,KANNON II期：Andamertinib治疗铂类化疗或免疫治疗后的EGFR外显子20插入NSCLC,10.1016/j.jtho.2025.11.008,https://pubmed.ncbi.nlm.nih.gov/41248848/,https://doi.org/10.1016/j.jtho.2025.11.008,T,靶向治疗/耐药/试验延伸,靶向治疗/耐药/试验延伸,not_curated_this_screen,candidate_for_original_source_learning_subject_to_eligibility,metadata_title_screened_not_fulltext_read,2026-09-29范围扩展：题名/题录筛选，不是精读,须全文核准研究范围；题名筛选不验证具体方法或结果,not_assessed_this_expansion,not_located_in_20260929_first_three_page_scan,,,not_registered_as_deep_read,,not_registered,not_reviewed_this_expansion,no,2026-09-29,2026-09-29,research_candidate,,2026-Mar,2025-11-15,2026-09-28,metadata_title_screened_not_fulltext_read
41260457,2026,Journal of Thoracic Oncology,Clinical Significance of MTAP Deletions and Their Overlap With Concurrent Oncogenic Driver Alterations Including EGFR in NSCLC.,NSCLC中MTAP缺失及其与包括EGFR在内驱动改变的共存和临床意义,10.1016/j.jtho.2025.11.010,https://pubmed.ncbi.nlm.nih.gov/41260457/,https://doi.org/10.1016/j.jtho.2025.11.010,C,共改变重点,拷贝数改变与靶向治疗,MTAP/CDKN2A缺失伴EGFR等驱动,candidate_for_original_source_learning_subject_to_eligibility,abstract_only,基线/获得性MTAP缺失、TTD及PRMT5单例反应，优先纳入,OS未显著；单例PRMT5应答不能写成确定疗效,not_obtained_in_prior_screen,hash_verified_local_pdf,Ross_Clinical_Significance_of_MTAP_Deletions_and_Their_Ov_PMID41260457_typeset.pdf,29ff48f1129b4b850246762d0d739414be3609f41ee97962d8330cbfcc8f57d5,main_text_deep_read_complete,2026-09-28,not_reviewed,not_supplied,no,2026-09-29,2026-09-28,research_candidate,,2026-Mar,2025-11-17,2026-09-28,prior_screening_preserved
41274414,2026,Journal of Thoracic Oncology,Brief Report: Alectinib With Salvage Platinum-Taxane Chemotherapy in a Pregnant Woman With ALK-Rearranged NSCLC and Rapid Disease Progression Followed by a Successful Pregnancy.,妊娠期ALK重排NSCLC阿来替尼联合挽救性铂类–紫杉类化疗及成功妊娠报告,10.1016/j.jtho.2025.11.012,https://pubmed.ncbi.nlm.nih.gov/41274414/,https://doi.org/10.1016/j.jtho.2025.11.012,S,病例参考,病例参考,not_curated_this_screen,case_reference_not_original_cohort_learning,metadata_title_screened_not_fulltext_read,2026-09-29范围扩展：题名/题录筛选，不是精读,须全文核准研究范围；题名筛选不验证具体方法或结果,not_assessed_this_expansion,not_located_in_20260929_first_three_page_scan,,,not_registered_as_deep_read,,not_registered,not_reviewed_this_expansion,no,2026-09-29,2026-09-29,case_reference,,2026-Apr,2025-11-20,2026-09-28,metadata_title_screened_not_fulltext_read
41319864,2026,Journal of Thoracic Oncology,Efficacy and Safety of Olomorasib in Combination With Pembrolizumab in Treatment of Patients With KRAS G12C-Mutant Advanced NSCLC.,Olomorasib联合帕博利珠单抗治疗KRAS G12C突变晚期NSCLC的疗效及安全性,10.1016/j.jtho.2025.11.018,https://pubmed.ncbi.nlm.nih.gov/41319864/,https://doi.org/10.1016/j.jtho.2025.11.018,I,免疫治疗/免疫微环境,免疫治疗/免疫微环境,not_curated_this_screen,candidate_for_original_source_learning_subject_to_eligibility,metadata_title_screened_not_fulltext_read,2026-09-29范围扩展：题名/题录筛选，不是精读,须全文核准研究范围；题名筛选不验证具体方法或结果,not_assessed_this_expansion,not_located_in_20260929_first_three_page_scan,,,not_registered_as_deep_read,,not_registered,not_reviewed_this_expansion,no,2026-09-29,2026-09-29,research_candidate,,2026-Apr,2025-11-29,2026-09-28,metadata_title_screened_not_fulltext_read
41390056,2026,Journal of Thoracic Oncology,High-Penetrance Rare Variants Underlying Familial Lung Cancer Risk: Insights From Genetic Epidemiology of Lung Cancer Consortium.,家族性肺癌高外显率罕见变异：遗传流行病学联盟研究,10.1016/j.jtho.2025.12.004,https://pubmed.ncbi.nlm.nih.gov/41390056/,https://doi.org/10.1016/j.jtho.2025.12.004,L,液体活检/检测/胚系/药物基因组学,遗传易感与风险,家系胚系罕见变体,candidate_for_original_source_learning_subject_to_eligibility,targeted_fulltext_screen,118候选遗传变体，保留家系遗传与变体过滤方法,受累成员样本缺失限制家系分离；外部人群与家系发现设计不同,obtained_for_screening_not_equivalent_to_deep_read,not_located_in_previous_broad_scan_and_current_intake,,,not_registered_as_deep_read,,not_registered,not_reviewed_this_intake,no,2026-09-29,2026-09-28,research_candidate,,2026-May,2025-12-11,2026-09-28,prior_screening_preserved
41448488,2026,Journal of Thoracic Oncology,"Trastuzumab Deruxtecan in Patients With HER2-Overexpressing NSCLC: Results From Part 1 of the Open-Label, Multicenter, Phase 1b DESTINY-Lung03 Trial.",DESTINY-Lung03 Ib期：德曲妥珠单抗治疗HER2过表达NSCLC,10.1016/j.jtho.2025.12.080,https://pubmed.ncbi.nlm.nih.gov/41448488/,https://doi.org/10.1016/j.jtho.2025.12.080,T,靶向治疗/耐药/试验延伸,靶向治疗/耐药/试验延伸,not_curated_this_screen,candidate_for_original_source_learning_subject_to_eligibility,metadata_title_screened_not_fulltext_read,2026-09-29范围扩展：题名/题录筛选，不是精读,须全文核准研究范围；题名筛选不验证具体方法或结果,not_assessed_this_expansion,not_located_in_20260929_first_three_page_scan,,,not_registered_as_deep_read,,not_registered,not_reviewed_this_expansion,no,2026-09-29,2026-09-29,research_candidate,,2026-May,2025-12-23,2026-09-28,metadata_title_screened_not_fulltext_read
41456708,2026,Journal of Thoracic Oncology,The Impact of Targeting TRAF2 and NCK-Interacting Protein Kinase on Antitumor Effect and Tumor Immune Environment in c-MYC-High SCLC.,靶向TNIK对c-MYC高表达SCLC抗肿瘤效应及免疫微环境的影响,10.1016/j.jtho.2025.12.102,https://pubmed.ncbi.nlm.nih.gov/41456708/,https://doi.org/10.1016/j.jtho.2025.12.102,I,免疫治疗/免疫微环境,免疫治疗/免疫微环境,not_curated_this_screen,candidate_for_original_source_learning_subject_to_eligibility,metadata_title_screened_not_fulltext_read,2026-09-29范围扩展：题名/题录筛选，不是精读,须全文核准研究范围；题名筛选不验证具体方法或结果,not_assessed_this_expansion,not_located_in_20260929_first_three_page_scan,,,not_registered_as_deep_read,,not_registered,not_reviewed_this_expansion,no,2026-09-29,2026-09-29,research_candidate,,2026-May,2025-12-26,2026-09-28,metadata_title_screened_not_fulltext_read
41519536,2026,Journal of Thoracic Oncology,Advances in the Basic Sciences in Thoracic Oncology in the Last 20 Years and Their Translational Impact.,胸部肿瘤学近二十年基础科学进展及其转化影响,10.1016/j.jtho.2025.11.002,https://pubmed.ncbi.nlm.nih.gov/41519536/,https://doi.org/10.1016/j.jtho.2025.11.002,R,背景综述/共识/证据综合,背景综述/共识/证据综合,not_curated_this_screen,background_only_not_original_language_learning,metadata_title_screened_not_fulltext_read,2026-09-29范围扩展：题名/题录筛选，不是精读,须全文核准研究范围；题名筛选不验证具体方法或结果,not_assessed_this_expansion,not_located_in_20260929_first_three_page_scan,,,not_registered_as_deep_read,,not_registered,not_reviewed_this_expansion,no,2026-09-29,2026-09-29,background,,2026-Jan,,2026-09-28,metadata_title_screened_not_fulltext_read
41534788,2026,Journal of Thoracic Oncology,Osimertinib and Stereotactic Radiosurgery for Brain Metastases in EGFR-Mutated Lung Cancer: The STARLET Joint Analysis of OUTRUN and LUOSICNS Randomized Trials.,STARLET联合分析：EGFR突变肺癌脑转移中奥希替尼与立体定向放射外科,10.1016/j.jtho.2026.01.001,https://pubmed.ncbi.nlm.nih.gov/41534788/,https://doi.org/10.1016/j.jtho.2026.01.001,T,靶向治疗/耐药/试验延伸,靶向治疗/耐药/试验延伸,not_curated_this_screen,candidate_for_original_source_learning_subject_to_eligibility,metadata_title_screened_not_fulltext_read,2026-09-29范围扩展：题名/题录筛选，不是精读,须全文核准研究范围；题名筛选不验证具体方法或结果,not_assessed_this_expansion,not_located_in_20260929_first_three_page_scan,,,not_registered_as_deep_read,,not_registered,not_reviewed_this_expansion,no,2026-09-29,2026-09-29,research_candidate,,2026-May,2026-01-12,2026-09-28,metadata_title_screened_not_fulltext_read
41548807,2026,Journal of Thoracic Oncology,Loss of Payload Sensitivity and Other Mechanisms of Resistance to T-DXd in HER2-Mutant NSCLC: Implications for Subsequent Responsiveness to HER2 TKIs.,HER2突变NSCLC对T-DXd的载荷敏感性丧失及其他耐药机制,10.1016/j.jtho.2026.01.007,https://pubmed.ncbi.nlm.nih.gov/41548807/,https://doi.org/10.1016/j.jtho.2026.01.007,C,共改变重点,耐药与功能基因组学,HER2耐药伴EGFR/BRAF扩增与KRAS等,candidate_for_original_source_learning_subject_to_eligibility,targeted_fulltext_screen,区分靶抗原与payload耐药；部分获得旁路改变，适合DNA+功能联合框架,9例异质性小队列；血浆HER2未检出不可无条件视为基因真实丢失,obtained_for_screening_not_equivalent_to_deep_read,not_located_in_previous_broad_scan_and_current_intake,,,not_registered_as_deep_read,,not_registered,not_reviewed_this_intake,no,2026-09-29,2026-09-28,research_candidate,,2026-Jun,2026-01-16,2026-09-28,prior_screening_preserved
41553307,2026,Journal of Thoracic Oncology,Biology and Clinical Management of Non-V600 BRAF Alterations in NSCLC.,NSCLC非V600 BRAF改变的生物学与临床管理,10.1016/j.jtho.2025.12.001,https://pubmed.ncbi.nlm.nih.gov/41553307/,https://doi.org/10.1016/j.jtho.2025.12.001,R,综述/共识背景,综述,BRAF非V600及旁路耐药背景,background_only_not_original_language_learning,abstract_only,保留非V600和共驱动机制综述,非原始共突变队列，具体关联需原始文献,not_obtained_in_prior_screen,not_located_in_previous_broad_scan_and_current_intake,,,not_registered_as_deep_read,,not_registered,not_reviewed_this_intake,no,2026-09-29,2026-09-28,background,,2026-Apr,2026-01-19,2026-09-28,prior_screening_preserved
41563233,2026,Journal of Thoracic Oncology,Hiding in Plain Sight: The Neuro-Protective Benefit of Tropomyosin Receptor Kinase Inhibition in Non-Neurotrophic Receptor Tyrosine Kinase-Driven Lung Cancers.,非NTRK驱动肺癌中TRK抑制的神经保护作用：原始研究类型待核,10.1016/j.jtho.2025.12.104,https://pubmed.ncbi.nlm.nih.gov/41563233/,https://doi.org/10.1016/j.jtho.2025.12.104,Q,纳入资格待核,纳入资格待核,not_curated_this_screen,eligibility_pending_not_original_language_learning,metadata_title_screened_not_fulltext_read,2026-09-29范围扩展：题名/题录筛选，不是精读,PubMed无摘要；尚未确认原始研究/评论类型，暂不纳入原始研究学习,not_assessed_this_expansion,not_located_in_20260929_first_three_page_scan,,,not_registered_as_deep_read,,not_registered,not_reviewed_this_expansion,no,2026-09-29,2026-09-29,eligibility_pending,PubMed无摘要；尚未确认原始研究/评论类型，暂不纳入原始研究学习,2026-Apr,2026-01-20,2026-09-28,metadata_title_screened_not_fulltext_read
41619904,2026,Journal of Thoracic Oncology,Impact of KRAS Mutations and Co-Alterations on Outcomes in Stage III Nonsquamous NSCLC Treated With Chemoradiation and Immunotherapy.,KRAS突变及共改变对放化疗联合免疫治疗的III期非鳞NSCLC结局的影响,10.1016/j.jtho.2026.103565,https://pubmed.ncbi.nlm.nih.gov/41619904/,https://doi.org/10.1016/j.jtho.2026.103565,C,共改变重点,共改变与免疫治疗,KRAS伴STK11/CDKN2A,candidate_for_original_source_learning_subject_to_eligibility,targeted_fulltext_screen,直接STK11：16例KRAS+STK11，10例+CDKN2A；组间PFS及脑转移框架,共改变子组小且非随机；历史标注图4/正文HR不一致未解除，引用精确HR前重核图表,not_obtained_in_prior_screen,hash_verified_local_pdf,Mankuzhy_KRAS_coalterations_cCRT_immunotherapy_PMID41619904_preproof.pdf,703afa02a0dc2172c405143d86ab11f7b4fcd06f9036207daf1a955245dac0e8,main_text_deep_read_complete,2026-09-14,passed,not_supplied,yes,2026-09-29,2026-09-28,research_candidate,,2026-Jun,2026-01-29,2026-09-28,prior_screening_preserved
41621752,2026,Journal of Thoracic Oncology,Patient-Reported Outcomes With Consolidation Durvalumab Versus Placebo After Concurrent Chemoradiotherapy in Limited-Stage SCLC: Results From the Phase 3 ADRIATIC Trial.,ADRIATIC：局限期SCLC放化疗后巩固度伐利尤单抗的患者报告结局,10.1016/j.jtho.2026.103564,https://pubmed.ncbi.nlm.nih.gov/41621752/,https://doi.org/10.1016/j.jtho.2026.103564,I,免疫治疗/免疫微环境,免疫治疗/免疫微环境,not_curated_this_screen,candidate_for_original_source_learning_subject_to_eligibility,metadata_title_screened_not_fulltext_read,2026-09-29范围扩展：题名/题录筛选，不是精读,须全文核准研究范围；题名筛选不验证具体方法或结果,not_assessed_this_expansion,not_located_in_20260929_first_three_page_scan,,,not_registered_as_deep_read,,not_registered,not_reviewed_this_expansion,no,2026-09-29,2026-09-29,research_candidate,,2026-Jun,2026-01-30,2026-09-28,metadata_title_screened_not_fulltext_read
41672197,2026,Journal of Thoracic Oncology,Bispecific T-cell Engager (CD3 × EGFR)-Based Triplet Therapy Unlocks CD40/CD40L Crosstalk to Revert Immunosuppression in Third-Generation EGFR-Tyrosine Kinase Inhibitor-Refractory NSCLC.,CD3×EGFR双特异性T细胞衔接器三联治疗通过CD40/CD40L逆转EGFR-TKI难治NSCLC免疫抑制,10.1016/j.jtho.2026.103607,https://pubmed.ncbi.nlm.nih.gov/41672197/,https://doi.org/10.1016/j.jtho.2026.103607,M,RNA/表观/单细胞/空间/影像及机制,单细胞与免疫微环境,单细胞/空间免疫，非共突变,candidate_for_original_source_learning_subject_to_eligibility,abstract_only,CD40-CD40L互作与三药TME重塑，保留空间多组学表达,单例临床单药观察不能支持三药临床有效性,not_obtained_in_prior_screen,not_located_in_previous_broad_scan_and_current_intake,,,not_registered_as_deep_read,,not_registered,not_reviewed_this_intake,no,2026-09-29,2026-09-28,research_candidate,,2026-May,2026-02-09,2026-09-28,prior_screening_preserved
41690366,2026,Journal of Thoracic Oncology,"Four-Year Outcomes of First-Line Nivolumab Plus Ipilimumab for 6 Months Versus Continuation in Patients With Advanced NSCLC: Results of the Randomized IFCT-1701 ""DICIPLE"" Phase III Trial.",DICIPLE四年结局：晚期NSCLC一线双免疫治疗六个月后停药或继续治疗,10.1016/j.jtho.2026.103609,https://pubmed.ncbi.nlm.nih.gov/41690366/,https://doi.org/10.1016/j.jtho.2026.103609,I,免疫治疗/免疫微环境,免疫治疗/免疫微环境,not_curated_this_screen,candidate_for_original_source_learning_subject_to_eligibility,metadata_title_screened_not_fulltext_read,2026-09-29范围扩展：题名/题录筛选，不是精读,须全文核准研究范围；题名筛选不验证具体方法或结果,not_assessed_this_expansion,not_located_in_20260929_first_three_page_scan,,,not_registered_as_deep_read,,not_registered,not_reviewed_this_expansion,no,2026-09-29,2026-09-29,research_candidate,,2026-Jun,2026-02-12,2026-09-28,metadata_title_screened_not_fulltext_read
41690367,2026,Journal of Thoracic Oncology,"TTF-1 Expression in Lung Adenocarcinoma: Clinicopathologic, Genomic, and Immunophenotypic Correlates and Outcomes to Immunotherapy-Based Treatments and KRASG12C Inhibitors.",肺腺癌TTF-1表达的临床病理、基因组、免疫表型及免疫治疗和KRASG12C抑制剂结局,10.1016/j.jtho.2026.103610,https://pubmed.ncbi.nlm.nih.gov/41690367/,https://doi.org/10.1016/j.jtho.2026.103610,G,其他DNA基因组学,基因组分型与临床结局,STK11等富集；摘要未证明成对共突变效应,candidate_for_original_source_learning_subject_to_eligibility,abstract_only,TTF1阴性伴STK11/KEAP1/SMARCA4等富集，直接相关STK11表型框架,多个基因分别富集不等于这些基因彼此共突变；非随机治疗比较,not_obtained_in_prior_screen,archived_hash_verified,Di Federico_TTF_1_Expression_in_Lung_Adenocarcinoma_Clinicopathologic_Ge_PMID41690367_publisher_typeset_article_in_press.pdf,e70affcd744783f58c0f37566334d32e92bfa015ba900a33a9fc0780005542b4,main_text_deep_read_complete,2026-09-29,not_reviewed,not_supplied,no,2026-09-29,2026-09-28,research_candidate,,2026-Jul,2026-02-12,2026-09-28,supplied_main_text_deep_read_complete
41707946,2026,Journal of Thoracic Oncology,Clinical Value of Combining Molecular and Immune Blood Tests to Safely Reduce False Positives in Low-Dose Computed Tomography Lung Cancer Screening.,联合分子与免疫血液检测降低LDCT肺癌筛查假阳性的临床价值,10.1016/j.jtho.2026.103614,https://pubmed.ncbi.nlm.nih.gov/41707946/,https://doi.org/10.1016/j.jtho.2026.103614,M,组学及相邻方法,组学及相邻方法,not_curated_this_screen,candidate_for_original_source_learning_subject_to_eligibility,metadata_and_abstract_scope_screened,2026-09-29范围扩展：题名/题录筛选，不是精读,须全文核准研究范围；题名筛选不验证具体方法或结果,not_assessed_this_expansion,not_located_in_20260929_first_three_page_scan,,,not_registered_as_deep_read,,not_registered,not_reviewed_this_expansion,no,2026-09-29,2026-09-29,research_candidate,,2026-Jun,2026-02-16,2026-09-28,metadata_and_abstract_scope_screened
41730473,2026,Journal of Thoracic Oncology,Identifying Patients With High-Risk Stage I NSCLC Using a Tumor-Informed Plasma ctDNA Assay.,肿瘤知情血浆ctDNA检测识别高风险I期NSCLC,10.1016/j.jtho.2026.103645,https://pubmed.ncbi.nlm.nih.gov/41730473/,https://doi.org/10.1016/j.jtho.2026.103645,L,液体活检/检测/胚系/药物基因组学,ctDNA与分子残留病灶,WES知情ctDNA/MRD,candidate_for_original_source_learning_subject_to_eligibility,abstract_only,术前ctDNA及侵袭大小独立关联RFS,术后病理I期未检出不能视为保证无残留；周转时间6周,not_obtained_in_prior_screen,not_located_in_previous_broad_scan_and_current_intake,,,not_registered_as_deep_read,,not_registered,not_reviewed_this_intake,no,2026-09-29,2026-09-28,research_candidate,,2026-Jun,2026-02-21,2026-09-28,prior_screening_preserved
41747890,2026,Journal of Thoracic Oncology,Systemic and Intracranial Efficacy and Safety of Trastuzumab Deruxtecan in Patients With HER2-Mutant NSCLC Across Treatment Lines: Evidence From the TRACER/HERTras Real-World Cohort.,TRACER/HERTras：德曲妥珠单抗治疗HER2突变NSCLC跨线别的全身和颅内疗效,10.1016/j.jtho.2026.103651,https://pubmed.ncbi.nlm.nih.gov/41747890/,https://doi.org/10.1016/j.jtho.2026.103651,T,靶向治疗/耐药/试验延伸,靶向治疗/耐药/试验延伸,not_curated_this_screen,candidate_for_original_source_learning_subject_to_eligibility,metadata_title_screened_not_fulltext_read,2026-09-29范围扩展：题名/题录筛选，不是精读,须全文核准研究范围；题名筛选不验证具体方法或结果,not_assessed_this_expansion,not_located_in_20260929_first_three_page_scan,,,not_registered_as_deep_read,,not_registered,not_reviewed_this_expansion,no,2026-09-29,2026-09-29,research_candidate,,2026-Jul,2026-02-24,2026-09-28,metadata_title_screened_not_fulltext_read
41747891,2026,Journal of Thoracic Oncology,PROSPECT-LUNG: A National Clinical Trials Network Trial Advancing Pragmatic Innovation in Cancer Clinical Trials.,PROSPECT-LUNG：围手术期与辅助免疫治疗实用性试验的设计及执行效率创新,10.1016/j.jtho.2026.103650,https://pubmed.ncbi.nlm.nih.gov/41747891/,https://doi.org/10.1016/j.jtho.2026.103650,I,免疫治疗/免疫微环境,免疫治疗/免疫微环境,not_curated_this_screen,candidate_for_original_source_learning_subject_to_eligibility,metadata_and_abstract_scope_screened,2026-09-29范围扩展：题名/题录筛选，不是精读,试验设计与执行效率比较，不是围手术期免疫治疗疗效结果,not_assessed_this_expansion,not_located_in_20260929_first_three_page_scan,,,not_registered_as_deep_read,,not_registered,not_reviewed_this_expansion,no,2026-09-29,2026-09-29,research_candidate,试验设计与执行效率比较，不是围手术期免疫治疗疗效结果,2026-Jul,2026-02-24,2026-09-28,metadata_and_abstract_scope_screened
41791703,2026,Journal of Thoracic Oncology,Combination of Lurbinectedin Plus Irinotecan: Preclinical and Early Clinical Results in Patients With Relapsed SCLC.,卢比替定联合伊立替康治疗复发SCLC的临床前及早期临床结果,10.1016/j.jtho.2026.103654,https://pubmed.ncbi.nlm.nih.gov/41791703/,https://doi.org/10.1016/j.jtho.2026.103654,T,靶向治疗/耐药/试验延伸,靶向治疗/耐药/试验延伸,not_curated_this_screen,candidate_for_original_source_learning_subject_to_eligibility,metadata_and_abstract_scope_screened,2026-09-29范围扩展：题名/题录筛选，不是精读,DNA损伤/药物组合机制与早期临床；不是基因突变图谱或多组学研究,not_assessed_this_expansion,not_located_in_20260929_first_three_page_scan,,,not_registered_as_deep_read,,not_registered,not_reviewed_this_expansion,no,2026-09-29,2026-09-29,research_candidate,DNA损伤/药物组合机制与早期临床；不是基因突变图谱或多组学研究,2026-Jul,2026-03-04,2026-09-28,metadata_and_abstract_scope_screened
41796863,2026,Journal of Thoracic Oncology,"First-Line Tislelizumab Plus Chemotherapy Versus Placebo Plus Chemotherapy in Extensive-Stage SCLC: A Long-Term Survival and Programmed Death-Ligand 1 Subgroup Analysis From the Randomized, Phase 3 RATIONALE-312 Trial.",RATIONALE-312长期生存及PD-L1亚组：替雷利珠单抗联合化疗一线治疗广泛期SCLC,10.1016/j.jtho.2026.103655,https://pubmed.ncbi.nlm.nih.gov/41796863/,https://doi.org/10.1016/j.jtho.2026.103655,I,免疫治疗/免疫微环境,免疫治疗/免疫微环境,not_curated_this_screen,candidate_for_original_source_learning_subject_to_eligibility,metadata_title_screened_not_fulltext_read,2026-09-29范围扩展：题名/题录筛选，不是精读,须全文核准研究范围；题名筛选不验证具体方法或结果,not_assessed_this_expansion,not_located_in_20260929_first_three_page_scan,,,not_registered_as_deep_read,,not_registered,not_reviewed_this_expansion,no,2026-09-29,2026-09-29,research_candidate,,2026-Jun,2026-03-06,2026-09-28,metadata_title_screened_not_fulltext_read
41848463,2026,Journal of Thoracic Oncology,Tumor Inflammation-Associated Neurotoxicity Masquerading as Severe Immune Effector Cell-Associated Neurotoxicity Syndrome in a Patient With SCLC Treated With Tarlatamab: A Case Report.,Tarlatamab治疗SCLC后肿瘤炎症相关神经毒性类似重度ICANS的病例报告,10.1016/j.jtho.2026.103649,https://pubmed.ncbi.nlm.nih.gov/41848463/,https://doi.org/10.1016/j.jtho.2026.103649,S,病例参考,病例参考,not_curated_this_screen,case_reference_not_original_cohort_learning,metadata_title_screened_not_fulltext_read,2026-09-29范围扩展：题名/题录筛选，不是精读,须全文核准研究范围；题名筛选不验证具体方法或结果,not_assessed_this_expansion,not_located_in_20260929_first_three_page_scan,,,not_registered_as_deep_read,,not_registered,not_reviewed_this_expansion,no,2026-09-29,2026-09-29,case_reference,,2026-Jul,2026-03-18,2026-09-28,metadata_title_screened_not_fulltext_read
41871716,2026,Journal of Thoracic Oncology,Datopotamab Deruxtecan Plus Pembrolizumab With or Without Platinum-Based Chemotherapy for Advanced or Metastatic NSCLC: The Phase Ib TROPION-Lung02 Trial.,TROPION-Lung02：Dato-DXd联合帕博利珠单抗、加或不加铂类化疗治疗NSCLC,10.1016/j.jtho.2026.103688,https://pubmed.ncbi.nlm.nih.gov/41871716/,https://doi.org/10.1016/j.jtho.2026.103688,I,免疫治疗/免疫微环境,免疫治疗/免疫微环境,not_curated_this_screen,candidate_for_original_source_learning_subject_to_eligibility,metadata_title_screened_not_fulltext_read,2026-09-29范围扩展：题名/题录筛选，不是精读,须全文核准研究范围；题名筛选不验证具体方法或结果,not_assessed_this_expansion,not_located_in_20260929_first_three_page_scan,,,not_registered_as_deep_read,,not_registered,not_reviewed_this_expansion,no,2026-09-29,2026-09-29,research_candidate,,2026-Jul,2026-03-21,2026-09-28,metadata_title_screened_not_fulltext_read
41903701,2026,Journal of Thoracic Oncology,Consensus Statement on ctDNA Minimal Residual Disease Testing in Early Stage NSCLC: A Delphi Study by the Asian Thoracic Oncology Research Group.,早期NSCLC ctDNA-MRD检测共识：ATORG Delphi研究,10.1016/j.jtho.2026.103696,https://pubmed.ncbi.nlm.nih.gov/41903701/,https://doi.org/10.1016/j.jtho.2026.103696,R,综述/共识背景,共识,MRD共识,background_only_not_original_language_learning,abstract_only,标准化与研究边界；强调敏感性限制，不支持试验外常规降阶,不是共突变研究，勿把阴性MRD等同可停辅助治疗,not_obtained_in_prior_screen,not_located_in_previous_broad_scan_and_current_intake,,,not_registered_as_deep_read,,not_registered,not_reviewed_this_intake,no,2026-09-29,2026-09-28,background,,2026-Aug,2026-03-26,2026-09-28,prior_screening_preserved
41903702,2026,Journal of Thoracic Oncology,"Molecular Profiling Across 80,000 Patients With Lung Cancer.",八万例肺癌患者的分子谱分析,10.1016/j.jtho.2026.103695,https://pubmed.ncbi.nlm.nih.gov/41903702/,https://doi.org/10.1016/j.jtho.2026.103695,G,其他DNA基因组学,基因组图谱与突变特征,正文明确未分析共存可行动驱动,candidate_for_original_source_learning_subject_to_eligibility,targeted_fulltext_screen,基因组图谱核心：组织型/性别/年龄/祖源分布；STK11仅讨论中引述,实页13明确共存驱动不在本分析范围；无治疗时点/疗效，不能标共突变疗效研究,not_obtained_in_prior_screen,hash_verified_local_pdf,Russo_Molecular_Profiling_Across_80_000_Patients_With_Lung_PMID41903702_preproof.pdf,5bf50107ba99641871f57f5e6a3cbdf1ee9339195495c3cda5d4cca3464a5f4d,main_text_deep_read_complete,2026-09-28,not_reviewed,reviewed,no,2026-09-29,2026-09-28,research_candidate,,2026-Aug,2026-03-26,2026-09-28,prior_screening_preserved
41903703,2026,Journal of Thoracic Oncology,Brief Report: Low Delta-Like Ligand 3 Expression and T-Cell Exhaustion Drive Resistance to Tarlatamab Combined With Anti-Programmed Cell Death Protein 1 in SCLC.,SCLC低DLL3表达和T细胞耗竭相关Tarlatamab联合抗PD-1耐药：病例研究,10.1016/j.jtho.2026.103693,https://pubmed.ncbi.nlm.nih.gov/41903703/,https://doi.org/10.1016/j.jtho.2026.103693,S,病例参考,病例参考,not_curated_this_screen,case_reference_not_original_cohort_learning,metadata_title_screened_not_fulltext_read,2026-09-29范围扩展：题名/题录筛选，不是精读,须全文核准研究范围；题名筛选不验证具体方法或结果,not_assessed_this_expansion,not_located_in_20260929_first_three_page_scan,,,not_registered_as_deep_read,,not_registered,not_reviewed_this_expansion,no,2026-09-29,2026-09-29,case_reference,,2026-Aug,2026-03-27,2026-09-28,metadata_title_screened_not_fulltext_read
41921747,2026,Journal of Thoracic Oncology,NSCLC in Vulnerable and Special Populations: Toward Personalized Care.,脆弱及特殊人群NSCLC：迈向个体化照护,10.1016/j.jtho.2026.103705,https://pubmed.ncbi.nlm.nih.gov/41921747/,https://doi.org/10.1016/j.jtho.2026.103705,R,背景综述/共识/证据综合,背景综述/共识/证据综合,not_curated_this_screen,background_only_not_original_language_learning,metadata_title_screened_not_fulltext_read,2026-09-29范围扩展：题名/题录筛选，不是精读,须全文核准研究范围；题名筛选不验证具体方法或结果,not_assessed_this_expansion,not_located_in_20260929_first_three_page_scan,,,not_registered_as_deep_read,,not_registered,not_reviewed_this_expansion,no,2026-09-29,2026-09-29,background,,2026-Sep,2026-03-31,2026-09-28,metadata_title_screened_not_fulltext_read
41921748,2026,Journal of Thoracic Oncology,Durvalumab Consolidation in Limited-Stage SCLC: Outcomes by Prior Concurrent Chemoradiotherapy and Prophylactic Cranial Irradiation in the Phase 3 ADRIATIC Trial.,ADRIATIC：按既往同步放化疗及预防性脑照射分层的度伐利尤单抗巩固结局,10.1016/j.jtho.2026.103703,https://pubmed.ncbi.nlm.nih.gov/41921748/,https://doi.org/10.1016/j.jtho.2026.103703,I,免疫治疗/免疫微环境,免疫治疗/免疫微环境,not_curated_this_screen,candidate_for_original_source_learning_subject_to_eligibility,metadata_title_screened_not_fulltext_read,2026-09-29范围扩展：题名/题录筛选，不是精读,须全文核准研究范围；题名筛选不验证具体方法或结果,not_assessed_this_expansion,not_located_in_20260929_first_three_page_scan,,,not_registered_as_deep_read,,not_registered,not_reviewed_this_expansion,no,2026-09-29,2026-09-29,research_candidate,,2026-Aug,2026-03-30,2026-09-28,metadata_title_screened_not_fulltext_read
41932614,2026,Journal of Thoracic Oncology,ERBB2-Activating Mutations and Co-Occurring Genomic Alterations Contribute to Disease Heterogeneity in Patients With ERBB2-Mutant Lung Cancer.,ERBB2激活突变及共存基因组改变造成ERBB2突变肺癌疾病异质性,10.1016/j.jtho.2026.103708,https://pubmed.ncbi.nlm.nih.gov/41932614/,https://doi.org/10.1016/j.jtho.2026.103708,C,共改变重点,基因组分型与临床结局,ERBB2结构域伴STK11/KEAP1/SMARCA4等,candidate_for_original_source_learning_subject_to_eligibility,targeted_fulltext_screen,ECD富集STK11等，适合先亚型后共突变再疗效框架,实页10校正PFS HR.73 CI.53-1.01 P=.06，不可按摘要写独立显著；不同库基因组与疗效不直接一对一连接,not_obtained_in_prior_screen,hash_verified_local_pdf,Stockhammer_ERBB2_genomic_heterogeneity_PMID41932614_preproof.pdf,aee848e880e40d6e2304535aa0cf7e8fa2d2421d8898388b114d42ef9e6c5c7d,main_text_deep_read_complete,2026-09-14,passed,not_supplied,yes,2026-09-29,2026-09-28,research_candidate,,2026-Aug,2026-04-01,2026-09-28,prior_screening_preserved
41932615,2026,Journal of Thoracic Oncology,"Lung Cancer in Never Smokers: Genetics, Epidemiology, Environmental Exposures, and Distinct Immune Landscape.",从不吸烟者肺癌的遗传学、流行病学、环境暴露及独特免疫图谱,10.1016/j.jtho.2026.103709,https://pubmed.ncbi.nlm.nih.gov/41932615/,https://doi.org/10.1016/j.jtho.2026.103709,R,综述/共识背景,综述,胚系/体细胞与暴露综述,background_only_not_original_language_learning,abstract_only,保留背景与风险框架,筛查检出率不是死亡获益证明；引用具体数据需溯源,not_obtained_in_prior_screen,not_located_in_previous_broad_scan_and_current_intake,,,not_registered_as_deep_read,,not_registered,not_reviewed_this_intake,no,2026-09-29,2026-09-28,background,,2026-Jul,2026-04-01,2026-09-28,prior_screening_preserved
41933582,2026,Journal of Thoracic Oncology,Brief Report: Intestinal Lymphangiectasia With Selpercatinib and Pralsetinib Treatment.,塞普替尼及普拉替尼治疗相关肠道淋巴管扩张,10.1016/j.jtho.2026.103704,https://pubmed.ncbi.nlm.nih.gov/41933582/,https://doi.org/10.1016/j.jtho.2026.103704,T,靶向治疗/耐药/试验延伸,靶向治疗/耐药/试验延伸,not_curated_this_screen,candidate_for_original_source_learning_subject_to_eligibility,metadata_and_abstract_scope_screened,2026-09-29范围扩展：题名/题录筛选，不是精读,须全文核准研究范围；题名筛选不验证具体方法或结果,not_assessed_this_expansion,not_located_in_20260929_first_three_page_scan,,,not_registered_as_deep_read,,not_registered,not_reviewed_this_expansion,no,2026-09-29,2026-09-29,research_candidate,,2026-Aug,2026-03-31,2026-09-28,metadata_and_abstract_scope_screened
41934464,2026,Journal of Thoracic Oncology,Definitive Radiotherapy to the Primary Tumor in Stage IV NSCLC: A Consensus Statement From the International Association for the Study of Lung Cancer Advanced Radiation Technology Subcommittee.,IASLC共识：IV期NSCLC原发肿瘤的根治性放疗,10.1016/j.jtho.2026.103643,https://pubmed.ncbi.nlm.nih.gov/41934464/,https://doi.org/10.1016/j.jtho.2026.103643,R,背景综述/共识/证据综合,背景综述/共识/证据综合,not_curated_this_screen,background_only_not_original_language_learning,metadata_title_screened_not_fulltext_read,2026-09-29范围扩展：题名/题录筛选，不是精读,须全文核准研究范围；题名筛选不验证具体方法或结果,not_assessed_this_expansion,not_located_in_20260929_first_three_page_scan,,,not_registered_as_deep_read,,not_registered,not_reviewed_this_expansion,no,2026-09-29,2026-09-29,background,,2026-Jun,2026-04-04,2026-09-28,metadata_title_screened_not_fulltext_read
41935666,2026,Journal of Thoracic Oncology,Retinoblastoma-Proficient Small Cell Lung Cancer: A Novel Entity With Therapeutic Vulnerability?,Rb功能保留的SCLC：具有治疗脆弱性的新实体？,10.1016/j.jtho.2026.103714,https://pubmed.ncbi.nlm.nih.gov/41935666/,https://doi.org/10.1016/j.jtho.2026.103714,R,综述/共识背景,综述,RB1功能及转录分型,background_only_not_original_language_learning,abstract_only,保留RB1功能状态/表型、CDK4/6易感背景,功能蛋白保留不直接等于无RB1变异；临床实体仍在演进,not_obtained_in_prior_screen,not_located_in_previous_broad_scan_and_current_intake,,,not_registered_as_deep_read,,not_registered,not_reviewed_this_intake,no,2026-09-29,2026-09-28,background,,2026-Aug,2026-04-02,2026-09-28,prior_screening_preserved
41935667,2026,Journal of Thoracic Oncology,Targeting MET in EGFR-Mutated NSCLC.,EGFR突变NSCLC中的MET靶向策略,10.1016/j.jtho.2026.103711,https://pubmed.ncbi.nlm.nih.gov/41935667/,https://doi.org/10.1016/j.jtho.2026.103711,R,综述/共识背景,综述,EGFR伴MET扩增/过表达,background_only_not_original_language_learning,abstract_only,强调FISH/NGS/IHC和阈值差异，可借鉴共改变定义,蛋白过表达与DNA扩增不混写,not_obtained_in_prior_screen,not_located_in_previous_broad_scan_and_current_intake,,,not_registered_as_deep_read,,not_registered,not_reviewed_this_intake,no,2026-09-29,2026-09-28,background,,2026-Jul,2026-04-02,2026-09-28,prior_screening_preserved
41950998,2026,Journal of Thoracic Oncology,"SKYSCRAPER-02C: A Phase 3, Randomized, Double-Blind, Placebo-Controlled Study of Atezolizumab Plus Carboplatin and Etoposide With or Without Tiragolumab in Patients With Untreated Extensive-Stage SCLC in China.",SKYSCRAPER-02C：中国广泛期SCLC阿替利珠单抗联合化疗、加或不加Tiragolumab,10.1016/j.jtho.2026.103713,https://pubmed.ncbi.nlm.nih.gov/41950998/,https://doi.org/10.1016/j.jtho.2026.103713,I,免疫治疗/免疫微环境,免疫治疗/免疫微环境,not_curated_this_screen,candidate_for_original_source_learning_subject_to_eligibility,metadata_title_screened_not_fulltext_read,2026-09-29范围扩展：题名/题录筛选，不是精读,须全文核准研究范围；题名筛选不验证具体方法或结果,not_assessed_this_expansion,not_located_in_20260929_first_three_page_scan,,,not_registered_as_deep_read,,not_registered,not_reviewed_this_expansion,no,2026-09-29,2026-09-29,research_candidate,,2026-Sep,2026-04-06,2026-09-28,metadata_title_screened_not_fulltext_read
41985715,2026,Journal of Thoracic Oncology,"Antibody-Drug Conjugates in SCLC: DLL3, B7-H3, TROP2, and Beyond.",SCLC抗体偶联药物：DLL3、B7-H3、TROP2及其他靶点,10.1016/j.jtho.2026.103726,https://pubmed.ncbi.nlm.nih.gov/41985715/,https://doi.org/10.1016/j.jtho.2026.103726,R,背景综述/共识/证据综合,背景综述/共识/证据综合,not_curated_this_screen,background_only_not_original_language_learning,metadata_title_screened_not_fulltext_read,2026-09-29范围扩展：题名/题录筛选，不是精读,须全文核准研究范围；题名筛选不验证具体方法或结果,not_assessed_this_expansion,not_located_in_20260929_first_three_page_scan,,,not_registered_as_deep_read,,not_registered,not_reviewed_this_expansion,no,2026-09-29,2026-09-29,background,,2026-Sep,2026-04-14,2026-09-28,metadata_title_screened_not_fulltext_read
42002075,2026,Journal of Thoracic Oncology,LAMPAD: An Integrated Circulating Tumor DNA-Based Model for Predicting Potential Cure in Patients With Resected NSCLC.,LAMPAD：预测已切除NSCLC潜在治愈的整合ctDNA模型,10.1016/j.jtho.2026.103729,https://pubmed.ncbi.nlm.nih.gov/42002075/,https://doi.org/10.1016/j.jtho.2026.103729,L,液体活检/检测/胚系/药物基因组学,ctDNA与分子残留病灶,ctDNA+cfDNA机器学习,candidate_for_original_source_learning_subject_to_eligibility,abstract_only,术前术后联合降低风险分层盲区，适合生信模型报告,低风险/潜在治愈不等于已证实治愈；必须保留外部验证边界,not_obtained_in_prior_screen,not_located_in_previous_broad_scan_and_current_intake,,,not_registered_as_deep_read,,not_registered,not_reviewed_this_intake,no,2026-09-29,2026-09-28,research_candidate,,2026-Sep,2026-04-17,2026-09-28,prior_screening_preserved
42019833,2026,Journal of Thoracic Oncology,"YAP1 Defines an Emergent, Plastic Population of Relapsed SCLC.",YAP1定义复发SCLC中新出现的可塑性细胞群,10.1016/j.jtho.2026.103730,https://pubmed.ncbi.nlm.nih.gov/42019833/,https://doi.org/10.1016/j.jtho.2026.103730,M,RNA/表观/单细胞/空间/影像及机制,谱系可塑性与机制,scRNA谱系/表达互斥，非DNA共突变,candidate_for_original_source_learning_subject_to_eligibility,targeted_fulltext_screen,YAP1塑性、RNA/蛋白不一致及SMARCA4鉴别，可作单细胞表型参考,共表达/互斥表达不是基因突变共现；应结合病理而非低表达直接诊断SMARCA4缺失癌,obtained_for_screening_not_equivalent_to_deep_read,not_located_in_previous_broad_scan_and_current_intake,,,not_registered_as_deep_read,,not_registered,not_reviewed_this_intake,no,2026-09-29,2026-09-28,research_candidate,,2026-Aug,2026-04-20,2026-09-28,prior_screening_preserved
42025696,2026,Journal of Thoracic Oncology,First-Line Integration of Local Ablative Therapy With EGFR Tyrosine Kinase Inhibitors in Advanced EGFR+ NSCLC: A Systematic Review and Meta-Analysis.,晚期EGFR阳性NSCLC一线局部消融联合EGFR-TKI的系统综述与Meta分析,10.1016/j.jtho.2026.103735,https://pubmed.ncbi.nlm.nih.gov/42025696/,https://doi.org/10.1016/j.jtho.2026.103735,R,背景综述/共识/证据综合,背景综述/共识/证据综合,not_curated_this_screen,background_only_not_original_language_learning,metadata_title_screened_not_fulltext_read,2026-09-29范围扩展：题名/题录筛选，不是精读,须全文核准研究范围；题名筛选不验证具体方法或结果,not_assessed_this_expansion,not_located_in_20260929_first_three_page_scan,,,not_registered_as_deep_read,,not_registered,not_reviewed_this_expansion,no,2026-09-29,2026-09-29,background,,2026-Aug,2026-04-21,2026-09-28,metadata_title_screened_not_fulltext_read
42031067,2026,Journal of Thoracic Oncology,"Deulorlatinib (TGRX-326) in ALK Gene Fusion Positive NSCLC After Failure of Second-Generation Inhibitors: A Single-Arm, Multicenter, Phase 2 Trial.",Deulorlatinib治疗二代ALK抑制剂失败后ALK融合阳性NSCLC的II期研究,10.1016/j.jtho.2026.103737,https://pubmed.ncbi.nlm.nih.gov/42031067/,https://doi.org/10.1016/j.jtho.2026.103737,T,靶向治疗/耐药/试验延伸,靶向治疗/耐药/试验延伸,not_curated_this_screen,candidate_for_original_source_learning_subject_to_eligibility,metadata_title_screened_not_fulltext_read,2026-09-29范围扩展：题名/题录筛选，不是精读,须全文核准研究范围；题名筛选不验证具体方法或结果,not_assessed_this_expansion,not_located_in_20260929_first_three_page_scan,,,not_registered_as_deep_read,,not_registered,not_reviewed_this_expansion,no,2026-09-29,2026-09-29,research_candidate,,2026-Sep,2026-04-22,2026-09-28,metadata_title_screened_not_fulltext_read
42055160,2026,Journal of Thoracic Oncology,Endobronchial Ultrasound-Guided Biopsy-Derived Lung Cancer Models: A Platform for Precision Therapy.,超声支气管镜活检来源肺癌模型：精准治疗平台,10.1016/j.jtho.2026.103893,https://pubmed.ncbi.nlm.nih.gov/42055160/,https://doi.org/10.1016/j.jtho.2026.103893,M,RNA/表观/单细胞/空间/影像及机制,耐药与功能基因组学,模型与原发WES/RNA一致性,candidate_for_original_source_learning_subject_to_eligibility,abstract_only,适合模型保真、多组学一致性及MAP2K1药敏表达,建系选择偏倚；不是患者群体共突变疗效研究,not_obtained_in_prior_screen,not_located_in_previous_broad_scan_and_current_intake,,,not_registered_as_deep_read,,not_registered,not_reviewed_this_intake,no,2026-09-29,2026-09-28,research_candidate,,2026-Sep,2026-04-27,2026-09-28,prior_screening_preserved
42061572,2026,Journal of Thoracic Oncology,Long-Term Impact of First-Line Amivantamab Plus Lazertinib Versus Osimertinib on Mechanisms of Acquired Resistance in MARIPOSA: A Brief Report.,MARIPOSA中一线amivantamab联合lazertinib与奥希替尼对获得性耐药机制的长期影响,10.1016/j.jtho.2026.103894,https://pubmed.ncbi.nlm.nih.gov/42061572/,https://doi.org/10.1016/j.jtho.2026.103894,C,共改变重点,耐药与功能基因组学,EGFR二次变异及MET/旁路共改变,candidate_for_original_source_learning_subject_to_eligibility,abstract_only,随机治疗后耐药谱差异及二线PFS，优先耐药参考,nominal P未作多重确认；有配对和后续治疗者为选择子集,not_obtained_in_prior_screen,not_located_in_previous_broad_scan_and_current_intake,,,not_registered_as_deep_read,,not_registered,not_reviewed_this_intake,no,2026-09-29,2026-09-28,research_candidate,,2026-Sep,2026-04-28,2026-09-28,prior_screening_preserved
42082076,2026,Journal of Thoracic Oncology,Emerging Targeted Therapies for HER2-Mutant NSCLC.,HER2突变NSCLC的新兴靶向治疗,10.1016/j.jtho.2026.103899,https://pubmed.ncbi.nlm.nih.gov/42082076/,https://doi.org/10.1016/j.jtho.2026.103899,R,背景综述/共识/证据综合,背景综述/共识/证据综合,not_curated_this_screen,background_only_not_original_language_learning,metadata_title_screened_not_fulltext_read,2026-09-29范围扩展：题名/题录筛选，不是精读,须全文核准研究范围；题名筛选不验证具体方法或结果,not_assessed_this_expansion,not_located_in_20260929_first_three_page_scan,,,not_registered_as_deep_read,,not_registered,not_reviewed_this_expansion,no,2026-09-29,2026-09-29,background,,2026-May-02,2026-05-02,2026-09-28,metadata_title_screened_not_fulltext_read
42191070,2026,Journal of Thoracic Oncology,Compound EGFR Mutations Are Predominantly P-Loop and Alpha-C Helix Compressing Mutations With Increased Responsiveness to Second- Versus Third-Generation Tyrosine Kinase Inhibitors.,复合EGFR突变主要属于PACC类并对第二代较第三代TKI更敏感,10.1016/j.jtho.2026.103948,https://pubmed.ncbi.nlm.nih.gov/42191070/,https://doi.org/10.1016/j.jtho.2026.103948,C,共改变重点,基因组分型与临床结局,同基因EGFR compound及cis相位,candidate_for_original_source_learning_subject_to_eligibility,abstract_only,PACC常以复合形式出现；结构功能-药敏结合,同基因复合与跨基因共突变分列；回顾/综述混合非随机代际疗效比较,not_obtained_in_prior_screen,not_located_in_previous_broad_scan_and_current_intake,,,not_registered_as_deep_read,,not_registered,not_reviewed_this_intake,no,2026-09-29,2026-09-28,research_candidate,,2026-May-26,2026-05-26,2026-09-28,prior_screening_preserved
42214669,2026,Journal of Thoracic Oncology,Thymic Composition Predicts Radiation Pneumonitis in Locally Advanced NSCLC.,胸腺组成与局部晚期NSCLC放射性肺炎风险,10.1016/j.jtho.2026.103949,https://pubmed.ncbi.nlm.nih.gov/42214669/,https://doi.org/10.1016/j.jtho.2026.103949,I,免疫治疗/免疫微环境,免疫治疗/免疫微环境,not_curated_this_screen,candidate_for_original_source_learning_subject_to_eligibility,metadata_and_abstract_scope_screened,2026-09-29范围扩展：题名/题录筛选，不是精读,须全文核准研究范围；题名筛选不验证具体方法或结果,not_assessed_this_expansion,not_located_in_20260929_first_three_page_scan,,,not_registered_as_deep_read,,not_registered,not_reviewed_this_expansion,no,2026-09-29,2026-09-29,research_candidate,,2026-May-28,2026-05-28,2026-09-28,metadata_and_abstract_scope_screened
42229633,2026,Journal of Thoracic Oncology,Machine Learning Assessment of Pathologic Response in Lung Cancer Resections After Neoadjuvant Therapy-IASLC MPR Project.,IASLC MPR项目：机器学习评估新辅助治疗后肺癌切除标本的病理反应,10.1016/j.jtho.2026.103953,https://pubmed.ncbi.nlm.nih.gov/42229633/,https://doi.org/10.1016/j.jtho.2026.103953,I,免疫治疗/免疫微环境,免疫治疗/免疫微环境,not_curated_this_screen,candidate_for_original_source_learning_subject_to_eligibility,metadata_and_abstract_scope_screened,2026-09-29范围扩展：题名/题录筛选，不是精读,须全文核准研究范围；题名筛选不验证具体方法或结果,not_assessed_this_expansion,not_located_in_20260929_first_three_page_scan,,,not_registered_as_deep_read,,not_registered,not_reviewed_this_expansion,no,2026-09-29,2026-09-29,research_candidate,,2026-Jun-01,2026-06-01,2026-09-28,metadata_and_abstract_scope_screened
42229634,2026,Journal of Thoracic Oncology,SARS-CoV-2 mRNA Vaccination Improved Survival in NSCLC Treated With Radiotherapy.,SARS-CoV-2 mRNA疫苗与接受放疗NSCLC患者生存的关联,10.1016/j.jtho.2026.103956,https://pubmed.ncbi.nlm.nih.gov/42229634/,https://doi.org/10.1016/j.jtho.2026.103956,I,免疫治疗/免疫微环境,免疫治疗/免疫微环境,not_curated_this_screen,candidate_for_original_source_learning_subject_to_eligibility,metadata_and_abstract_scope_screened,2026-09-29范围扩展：题名/题录筛选，不是精读,mRNA疫苗与放疗结局观察性关联，不等于随机抗肿瘤疫苗试验,not_assessed_this_expansion,not_located_in_20260929_first_three_page_scan,,,not_registered_as_deep_read,,not_registered,not_reviewed_this_expansion,no,2026-09-29,2026-09-29,research_candidate,mRNA疫苗与放疗结局观察性关联，不等于随机抗肿瘤疫苗试验,2026-Jun-01,2026-06-01,2026-09-28,metadata_and_abstract_scope_screened
42250800,2026,Journal of Thoracic Oncology,The Prognostic Impact of Common Molecular Alterations in Resected Lung Adenocarcinoma and Implications for the Tenth Edition TNM Classification.,已切除肺腺癌常见分子改变的预后影响及对第十版TNM的意义,10.1016/j.jtho.2026.103965,https://pubmed.ncbi.nlm.nih.gov/42250800/,https://doi.org/10.1016/j.jtho.2026.103965,G,其他DNA基因组学,基因组分型与临床结局,驱动/TP53单独分层,candidate_for_original_source_learning_subject_to_eligibility,abstract_only,分子分期与预后，适合基因组临床研究设计,拟议第十版分子升降期，不是已经生效的TNM规则,not_obtained_in_prior_screen,not_located_in_previous_broad_scan_and_current_intake,,,not_registered_as_deep_read,,not_registered,not_reviewed_this_intake,no,2026-09-29,2026-09-28,research_candidate,,2026-Jun-05,2026-06-05,2026-09-28,prior_screening_preserved
42251892,2026,Journal of Thoracic Oncology,IASLC Update on Classification of Pulmonary Neuroendocrine Neoplasms.,IASLC肺神经内分泌肿瘤分类更新,10.1016/j.jtho.2026.103977,https://pubmed.ncbi.nlm.nih.gov/42251892/,https://doi.org/10.1016/j.jtho.2026.103977,R,背景综述/共识/证据综合,背景综述/共识/证据综合,not_curated_this_screen,background_only_not_original_language_learning,metadata_title_screened_not_fulltext_read,2026-09-29范围扩展：题名/题录筛选，不是精读,须全文核准研究范围；题名筛选不验证具体方法或结果,not_assessed_this_expansion,not_located_in_20260929_first_three_page_scan,,,not_registered_as_deep_read,,not_registered,not_reviewed_this_expansion,no,2026-09-29,2026-09-29,background,,2026-Jun-06,2026-06-06,2026-09-28,metadata_title_screened_not_fulltext_read
42297188,2026,Journal of Thoracic Oncology,Cemiplimab Plus Chemotherapy Versus Chemotherapy in Advanced NSCLC: 5-Year Results From Phase 3 EMPOWER-Lung 3 Part 2 Trial.,EMPOWER-Lung 3五年结果：Cemiplimab联合化疗对比单纯化疗,10.1016/j.jtho.2026.103980,https://pubmed.ncbi.nlm.nih.gov/42297188/,https://doi.org/10.1016/j.jtho.2026.103980,I,免疫治疗/免疫微环境,免疫治疗/免疫微环境,not_curated_this_screen,candidate_for_original_source_learning_subject_to_eligibility,metadata_title_screened_not_fulltext_read,2026-09-29范围扩展：题名/题录筛选，不是精读,须全文核准研究范围；题名筛选不验证具体方法或结果,not_assessed_this_expansion,not_located_in_20260929_first_three_page_scan,,,not_registered_as_deep_read,,not_registered,not_reviewed_this_expansion,no,2026-09-29,2026-09-29,research_candidate,,2026-Jun-15,2026-06-15,2026-09-28,metadata_title_screened_not_fulltext_read
42336204,2026,Journal of Thoracic Oncology,Adaptive Feedback Signaling Through the FAK/SRC Pathway Promotes KRAS G12C Inhibitor Resistance.,FAK/SRC适应性反馈信号促进KRAS G12C抑制剂耐药：肺癌模型适用范围待核,10.1016/j.jtho.2026.103991,https://pubmed.ncbi.nlm.nih.gov/42336204/,https://doi.org/10.1016/j.jtho.2026.103991,Q,纳入资格待核,纳入资格待核,not_curated_this_screen,eligibility_pending_not_original_language_learning,metadata_and_abstract_scope_screened,2026-09-29范围扩展：题名/题录筛选，不是精读,KRAS G12C耐药机制；摘要未明确肺癌模型组成，待全文确认肺癌适用范围,not_assessed_this_expansion,not_located_in_20260929_first_three_page_scan,,,not_registered_as_deep_read,,not_registered,not_reviewed_this_expansion,no,2026-09-29,2026-09-29,eligibility_pending,KRAS G12C耐药机制；摘要未明确肺癌模型组成，待全文确认肺癌适用范围,2026-Jun-23,2026-06-23,2026-09-28,metadata_and_abstract_scope_screened
42336205,2026,Journal of Thoracic Oncology,ctDNA-Based MRD Detection in Stage III NSCLC Treated With Chemoradiotherapy and Durvalumab.,放化疗及度伐利尤单抗治疗III期NSCLC中的ctDNA-MRD检测,10.1016/j.jtho.2026.103992,https://pubmed.ncbi.nlm.nih.gov/42336205/,https://doi.org/10.1016/j.jtho.2026.103992,L,液体活检/检测/胚系/药物基因组学,ctDNA与分子残留病灶,纵向MRD，非共突变,candidate_for_original_source_learning_subject_to_eligibility,abstract_only,治疗中后检出关联PFS，CRT后治疗前单点不显著,多个时间点不能混写；不能据此常规停药/升级,not_obtained_in_prior_screen,not_located_in_previous_broad_scan_and_current_intake,,,not_registered_as_deep_read,,not_registered,not_reviewed_this_intake,no,2026-09-29,2026-09-28,research_candidate,,2026-Jun-23,2026-06-23,2026-09-28,prior_screening_preserved
42341877,2026,Journal of Thoracic Oncology,Brief Report: Proposed Clinical Trial Guidelines Based on Clinicopathologic Heterogeneity of Metastatic Pulmonary Large Cell Neuroendocrine Carcinoma.,基于转移性肺大细胞神经内分泌癌临床病理异质性的试验设计建议,10.1016/j.jtho.2026.104061,https://pubmed.ncbi.nlm.nih.gov/42341877/,https://doi.org/10.1016/j.jtho.2026.104061,G,其他DNA基因组学,基因组分型与临床结局,LCNEC分子/组织学分类,candidate_for_original_source_learning_subject_to_eligibility,targeted_fulltext_screen,区分原发/转化、纯/混合组织及分子类型，适合临床基因组队列,单中心回顾、分型无统一金标准；标题为试验建议但含原始患者分析,obtained_for_screening_not_equivalent_to_deep_read,not_located_in_previous_broad_scan_and_current_intake,,,not_registered_as_deep_read,,not_registered,not_reviewed_this_intake,no,2026-09-29,2026-09-28,research_candidate,,2026-Jun-24,2026-06-24,2026-09-28,prior_screening_preserved
42341878,2026,Journal of Thoracic Oncology,Brief Report: Aumolertinib as a Switch Therapy in Osimertinib-Intolerant NSCLC-The ACTIVE Trial.,ACTIVE：阿美替尼用于奥希替尼不耐受NSCLC的换药治疗,10.1016/j.jtho.2026.104062,https://pubmed.ncbi.nlm.nih.gov/42341878/,https://doi.org/10.1016/j.jtho.2026.104062,T,靶向治疗/耐药/试验延伸,靶向治疗/耐药/试验延伸,not_curated_this_screen,candidate_for_original_source_learning_subject_to_eligibility,metadata_title_screened_not_fulltext_read,2026-09-29范围扩展：题名/题录筛选，不是精读,须全文核准研究范围；题名筛选不验证具体方法或结果,not_assessed_this_expansion,not_located_in_20260929_first_three_page_scan,,,not_registered_as_deep_read,,not_registered,not_reviewed_this_expansion,no,2026-09-29,2026-09-29,research_candidate,,2026-Jun-24,2026-06-24,2026-09-28,metadata_title_screened_not_fulltext_read
42379297,2026,Journal of Thoracic Oncology,Obesity Promotes Lung Carcinogenesis Through Airway Immune Dysfunction.,肥胖通过气道免疫功能障碍促进肺癌发生,10.1016/j.jtho.2026.104066,https://pubmed.ncbi.nlm.nih.gov/42379297/,https://doi.org/10.1016/j.jtho.2026.104066,M,RNA/表观/单细胞/空间/影像及机制,转录组与免疫微环境,肥胖-免疫机制；非肿瘤共突变,candidate_for_original_source_learning_subject_to_eligibility,targeted_fulltext_screen,统计交互、体脂指标与气道免疫，保留机制/多组学扩展,观察混杂尚存；本专题优先级低，不进DNA核心,obtained_for_screening_not_equivalent_to_deep_read,not_located_in_previous_broad_scan_and_current_intake,,,not_registered_as_deep_read,,not_registered,not_reviewed_this_intake,no,2026-09-29,2026-09-28,research_candidate,,2026-Jun-30,2026-06-30,2026-09-28,prior_screening_preserved
42409116,2026,Journal of Thoracic Oncology,Germline Mutations as Risk Factors for Lung Cancer: A Systematic Review and Meta-Analysis.,胚系突变作为肺癌危险因素的系统综述和Meta分析,10.1016/j.jtho.2026.104069,https://pubmed.ncbi.nlm.nih.gov/42409116/,https://doi.org/10.1016/j.jtho.2026.104069,R,综述/共识背景,系统综述与Meta分析,胚系易感Meta，非肿瘤共突变,background_only_not_original_language_learning,abstract_only,遗传风险参考；ATM/BRCA/TP53等胚系谱,I²=98.8%高异质性；约8%不能当所有肺癌无选择人群比例,not_obtained_in_prior_screen,not_located_in_previous_broad_scan_and_current_intake,,,not_registered_as_deep_read,,not_registered,not_reviewed_this_intake,no,2026-09-29,2026-09-28,background,,2026-Jul-06,2026-07-06,2026-09-28,prior_screening_preserved
42409117,2026,Journal of Thoracic Oncology,Genomic Landscape and Clinical Impact of MTAP Loss in Driver-Positive NSCLC: Insights From a Large-Scale Real-World Chinese Cohort.,驱动基因阳性NSCLC中MTAP缺失的基因组图谱及临床影响：中国大型真实世界队列,10.1016/j.jtho.2026.104077,https://pubmed.ncbi.nlm.nih.gov/42409117/,https://doi.org/10.1016/j.jtho.2026.104077,C,共改变重点,拷贝数改变与靶向治疗,MTAP/CDKN2A/B共缺失伴驱动,candidate_for_original_source_learning_subject_to_eligibility,targeted_fulltext_screen,双缺失分层及独立基因贡献拆解，可借鉴STK11共缺失框架但不是STK11直接证据,ERBB2扩增q=.057非FDR显著；MTAP/IHC/CN分别定义；疗效队列小，不能推定PRMT5临床获益,not_obtained_in_prior_screen,hash_verified_local_pdf,Wei_MTAP_Loss_Driver_Positive_NSCLC_PMID42409117.pdf,c7944045c108c89f589b81272b5d0b997bda46bc9b6065d48e12941f7cba8729,main_text_deep_read_complete,2026-09-14,passed,not_supplied,yes,2026-09-29,2026-09-28,research_candidate,,2026-Jul-06,2026-07-06,2026-09-28,prior_screening_preserved
42419484,2026,Journal of Thoracic Oncology,Weight Gain on Lorlatinib Is Associated With Accumulation of Visceral Adipose Tissue.,洛拉替尼治疗相关体重增加与内脏脂肪累积,10.1016/j.jtho.2026.104078,https://pubmed.ncbi.nlm.nih.gov/42419484/,https://doi.org/10.1016/j.jtho.2026.104078,T,靶向治疗/耐药/试验延伸,靶向治疗/耐药/试验延伸,not_curated_this_screen,candidate_for_original_source_learning_subject_to_eligibility,metadata_title_screened_not_fulltext_read,2026-09-29范围扩展：题名/题录筛选，不是精读,须全文核准研究范围；题名筛选不验证具体方法或结果,not_assessed_this_expansion,not_located_in_20260929_first_three_page_scan,,,not_registered_as_deep_read,,not_registered,not_reviewed_this_expansion,no,2026-09-29,2026-09-29,research_candidate,,2026-Jul-08,2026-07-08,2026-09-28,metadata_title_screened_not_fulltext_read
42431263,2026,Journal of Thoracic Oncology,Phase III Study of Niraparib Plus Pembrolizumab as Maintenance Therapy for Advanced or Metastatic NSCLC (ZEAL-1L).,ZEAL-1L III期：尼拉帕利联合帕博利珠单抗维持治疗晚期NSCLC,10.1016/j.jtho.2026.104087,https://pubmed.ncbi.nlm.nih.gov/42431263/,https://doi.org/10.1016/j.jtho.2026.104087,I,免疫治疗/免疫微环境,免疫治疗/免疫微环境,not_curated_this_screen,candidate_for_original_source_learning_subject_to_eligibility,metadata_title_screened_not_fulltext_read,2026-09-29范围扩展：题名/题录筛选，不是精读,须全文核准研究范围；题名筛选不验证具体方法或结果,not_assessed_this_expansion,not_located_in_20260929_first_three_page_scan,,,not_registered_as_deep_read,,not_registered,not_reviewed_this_expansion,no,2026-09-29,2026-09-29,research_candidate,,2026-Jul-10,2026-07-10,2026-09-28,metadata_title_screened_not_fulltext_read
42431264,2026,Journal of Thoracic Oncology,First-Line Chemoimmunotherapy and Chemotherapy Outcomes in Patients With RET Fusion-Positive Lung Cancer in LIBRETTO-431.,LIBRETTO-431：RET融合阳性肺癌一线免疫化疗与化疗结局,10.1016/j.jtho.2026.104086,https://pubmed.ncbi.nlm.nih.gov/42431264/,https://doi.org/10.1016/j.jtho.2026.104086,I,免疫治疗/免疫微环境,免疫治疗/免疫微环境,not_curated_this_screen,candidate_for_original_source_learning_subject_to_eligibility,metadata_title_screened_not_fulltext_read,2026-09-29范围扩展：题名/题录筛选，不是精读,须全文核准研究范围；题名筛选不验证具体方法或结果,not_assessed_this_expansion,not_located_in_20260929_first_three_page_scan,,,not_registered_as_deep_read,,not_registered,not_reviewed_this_expansion,no,2026-09-29,2026-09-29,research_candidate,,2026-Jul-10,2026-07-10,2026-09-28,metadata_title_screened_not_fulltext_read
42448175,2026,Journal of Thoracic Oncology,"AdvanTIG-302: Phase 3 Study of Ociperlimab (Anti-TIGIT) Plus Tislelizumab (Anti-PD-1) Versus Pembrolizumab in Untreated, Locally Advanced, Unresectable, or Metastatic NSCLC With PD-L1 Expression of 50% or More.",AdvanTIG-302：Ociperlimab联合替雷利珠单抗对比帕博利珠单抗治疗PD-L1≥50%的NSCLC,10.1016/j.jtho.2026.104089,https://pubmed.ncbi.nlm.nih.gov/42448175/,https://doi.org/10.1016/j.jtho.2026.104089,I,免疫治疗/免疫微环境,免疫治疗/免疫微环境,not_curated_this_screen,candidate_for_original_source_learning_subject_to_eligibility,metadata_title_screened_not_fulltext_read,2026-09-29范围扩展：题名/题录筛选，不是精读,须全文核准研究范围；题名筛选不验证具体方法或结果,not_assessed_this_expansion,not_located_in_20260929_first_three_page_scan,,,not_registered_as_deep_read,,not_registered,not_reviewed_this_expansion,no,2026-09-29,2026-09-29,research_candidate,,2026-Jul-14,2026-07-14,2026-09-28,metadata_title_screened_not_fulltext_read
42448176,2026,Journal of Thoracic Oncology,Comparison of circulating tumor DNA assays for molecular residual disease detection in non-small cell lung cancer.,NSCLC分子残留病灶检测的ctDNA检测方法比较,10.1016/j.jtho.2026.104090,https://pubmed.ncbi.nlm.nih.gov/42448176/,https://doi.org/10.1016/j.jtho.2026.104090,L,液体活检/检测/胚系/药物基因组学,ctDNA与分子残留病灶,MRD三策略头对头,candidate_for_original_source_learning_subject_to_eligibility,abstract_only,个体化panel性能和提前复发检测,患者数不是样本数；HR CI1.95-100.37很宽，NPV不能等同治愈,not_obtained_in_prior_screen,not_located_in_previous_broad_scan_and_current_intake,,,not_registered_as_deep_read,,not_registered,not_reviewed_this_intake,no,2026-09-29,2026-09-28,research_candidate,,2026-Jul-14,2026-07-14,2026-09-28,prior_screening_preserved
42462816,2026,Journal of Thoracic Oncology,Brief Report: Reducing Lorlatinib-Related Adverse Events by Establishing the Optimal Exposure-Toxicity Threshold in Patients With NSCLC.,建立洛拉替尼暴露–毒性阈值以降低NSCLC患者不良事件,10.1016/j.jtho.2026.104093,https://pubmed.ncbi.nlm.nih.gov/42462816/,https://doi.org/10.1016/j.jtho.2026.104093,T,靶向治疗/耐药/试验延伸,靶向治疗/耐药/试验延伸,not_curated_this_screen,candidate_for_original_source_learning_subject_to_eligibility,metadata_title_screened_not_fulltext_read,2026-09-29范围扩展：题名/题录筛选，不是精读,须全文核准研究范围；题名筛选不验证具体方法或结果,not_assessed_this_expansion,not_located_in_20260929_first_three_page_scan,,,not_registered_as_deep_read,,not_registered,not_reviewed_this_expansion,no,2026-09-29,2026-09-29,research_candidate,,2026-Jul-16,2026-07-16,2026-09-28,metadata_title_screened_not_fulltext_read
42520966,2026,Journal of Thoracic Oncology,Impact of Genomic Subtype on Intracranial Outcomes in Treatment-naive EGFR mutant NSCLC with Osimertinib (IGnITE).,IGnITE：基因组亚型对初治EGFR突变NSCLC奥希替尼颅内结局的影响,10.1016/j.jtho.2026.104114,https://pubmed.ncbi.nlm.nih.gov/42520966/,https://doi.org/10.1016/j.jtho.2026.104114,G,其他DNA基因组学,基因组分型与临床结局,EGFR亚型与CNS结局,candidate_for_original_source_learning_subject_to_eligibility,abstract_only,19del/L858R/非典型与脑内进展分层,SRS非随机；摘要未确认共突变变量，不混入共突变核心,not_obtained_in_prior_screen,not_located_in_previous_broad_scan_and_current_intake,,,not_registered_as_deep_read,,not_registered,not_reviewed_this_intake,no,2026-09-29,2026-09-28,research_candidate,,2026-Jul-28,2026-07-28,2026-09-28,prior_screening_preserved
42520967,2026,Journal of Thoracic Oncology,Disease Kinetics and Practice Patterns in More Than or Equal to 4-Year Long-Term Beneficiaries of Immune Checkpoint Inhibitors for Advanced NSCLC.,晚期NSCLC免疫检查点抑制剂获益至少四年患者的疾病动力学和临床实践,10.1016/j.jtho.2026.104113,https://pubmed.ncbi.nlm.nih.gov/42520967/,https://doi.org/10.1016/j.jtho.2026.104113,I,免疫治疗/免疫微环境,免疫治疗/免疫微环境,not_curated_this_screen,candidate_for_original_source_learning_subject_to_eligibility,metadata_title_screened_not_fulltext_read,2026-09-29范围扩展：题名/题录筛选，不是精读,须全文核准研究范围；题名筛选不验证具体方法或结果,not_assessed_this_expansion,not_located_in_20260929_first_three_page_scan,,,not_registered_as_deep_read,,not_registered,not_reviewed_this_expansion,no,2026-09-29,2026-09-29,research_candidate,,2026-Jul-28,2026-07-28,2026-09-28,metadata_title_screened_not_fulltext_read
42532338,2026,Journal of Thoracic Oncology,Bridging evidence and practice: international multidisciplinary consensus on non-metastatic NSCLC.,非转移性NSCLC国际多学科共识：连接证据与实践,10.1016/j.jtho.2026.104111,https://pubmed.ncbi.nlm.nih.gov/42532338/,https://doi.org/10.1016/j.jtho.2026.104111,R,背景综述/共识/证据综合,背景综述/共识/证据综合,not_curated_this_screen,background_only_not_original_language_learning,metadata_title_screened_not_fulltext_read,2026-09-29范围扩展：题名/题录筛选，不是精读,须全文核准研究范围；题名筛选不验证具体方法或结果,not_assessed_this_expansion,not_located_in_20260929_first_three_page_scan,,,not_registered_as_deep_read,,not_registered,not_reviewed_this_expansion,no,2026-09-29,2026-09-29,background,,2026-Jul-30,2026-07-30,2026-09-28,metadata_title_screened_not_fulltext_read
42532339,2026,Journal of Thoracic Oncology,Comprehensive Patient Reported Outcomes (PROs) from NRG Oncology/Alliance LU005: A Randomized Trial Of Chemoradiation +/- Atezolizumab In Limited-Stage Small Cell Lung Cancer.,NRG/Alliance LU005：局限期SCLC放化疗加或不加阿替利珠单抗的患者报告结局,10.1016/j.jtho.2026.104117,https://pubmed.ncbi.nlm.nih.gov/42532339/,https://doi.org/10.1016/j.jtho.2026.104117,I,免疫治疗/免疫微环境,免疫治疗/免疫微环境,not_curated_this_screen,candidate_for_original_source_learning_subject_to_eligibility,metadata_title_screened_not_fulltext_read,2026-09-29范围扩展：题名/题录筛选，不是精读,须全文核准研究范围；题名筛选不验证具体方法或结果,not_assessed_this_expansion,not_located_in_20260929_first_three_page_scan,,,not_registered_as_deep_read,,not_registered,not_reviewed_this_expansion,no,2026-09-29,2026-09-29,research_candidate,,2026-Jul-30,2026-07-30,2026-09-28,metadata_title_screened_not_fulltext_read
42556463,2026,Journal of Thoracic Oncology,Tumor Mutational Burden as a Predictor of Immune-Related Adverse Events in Patients With Advanced NSCLC Receiving Immune Checkpoint Inhibitors: A Brief Report.,TMB预测晚期NSCLC接受免疫检查点抑制剂后的免疫相关不良事件,10.1016/j.jtho.2026.104136,https://pubmed.ncbi.nlm.nih.gov/42556463/,https://doi.org/10.1016/j.jtho.2026.104136,G,其他DNA基因组学,共改变与免疫治疗,TMB全局指标，非基因对,candidate_for_original_source_learning_subject_to_eligibility,abstract_only,高TMB与irAE/免疫密度，适合剂量连续/阈值双报告,单中心回顾；暴露时长控制不等于彻底排除偏倚,not_obtained_in_prior_screen,not_located_in_previous_broad_scan_and_current_intake,,,not_registered_as_deep_read,,not_registered,not_reviewed_this_intake,no,2026-09-29,2026-09-28,research_candidate,,2026-Aug-05,2026-08-05,2026-09-28,prior_screening_preserved
42562260,2026,Journal of Thoracic Oncology,Clinical Responses to Tarlatamab Among Patients With Pulmonary Carcinoid.,Tarlatamab治疗肺类癌的临床反应,10.1016/j.jtho.2026.104135,https://pubmed.ncbi.nlm.nih.gov/42562260/,https://doi.org/10.1016/j.jtho.2026.104135,I,免疫治疗/免疫微环境,免疫治疗/免疫微环境,not_curated_this_screen,candidate_for_original_source_learning_subject_to_eligibility,metadata_title_screened_not_fulltext_read,2026-09-29范围扩展：题名/题录筛选，不是精读,须全文核准研究范围；题名筛选不验证具体方法或结果,not_assessed_this_expansion,not_located_in_20260929_first_three_page_scan,,,not_registered_as_deep_read,,not_registered,not_reviewed_this_expansion,no,2026-09-29,2026-09-29,research_candidate,,2026-Aug-06,2026-08-06,2026-09-28,metadata_title_screened_not_fulltext_read
42637134,2026,Journal of Thoracic Oncology,"Sutetinib for Patients with Non-Small Cell Lung Cancer Harboring Uncommon EGFR Mutations: A Multicenter, Open-Label, Phase IIb Trial.",Sutetinib治疗罕见EGFR突变NSCLC的多中心IIb期试验,10.1016/j.jtho.2026.104165,https://pubmed.ncbi.nlm.nih.gov/42637134/,https://doi.org/10.1016/j.jtho.2026.104165,T,靶向治疗/耐药/试验延伸,靶向治疗/耐药/试验延伸,not_curated_this_screen,candidate_for_original_source_learning_subject_to_eligibility,metadata_title_screened_not_fulltext_read,2026-09-29范围扩展：题名/题录筛选，不是精读,须全文核准研究范围；题名筛选不验证具体方法或结果,not_assessed_this_expansion,not_located_in_20260929_first_three_page_scan,,,not_registered_as_deep_read,,not_registered,not_reviewed_this_expansion,no,2026-09-29,2026-09-29,research_candidate,,2026-Aug-24,2026-08-24,2026-09-28,metadata_title_screened_not_fulltext_read
42674256,2026,Journal of Thoracic Oncology,Pulmonary Toxicities of Antibody-Drug Conjugates in SCLC and NSCLC: A Systematic Review and Meta-analysis.,SCLC和NSCLC抗体偶联药物肺毒性的系统综述与Meta分析,10.1016/j.jtho.2026.104177,https://pubmed.ncbi.nlm.nih.gov/42674256/,https://doi.org/10.1016/j.jtho.2026.104177,R,背景综述/共识/证据综合,背景综述/共识/证据综合,not_curated_this_screen,background_only_not_original_language_learning,metadata_title_screened_not_fulltext_read,2026-09-29范围扩展：题名/题录筛选，不是精读,须全文核准研究范围；题名筛选不验证具体方法或结果,not_assessed_this_expansion,not_located_in_20260929_first_three_page_scan,,,not_registered_as_deep_read,,not_registered,not_reviewed_this_expansion,no,2026-09-29,2026-09-29,background,,2026-Aug-31,2026-08-31,2026-09-28,metadata_title_screened_not_fulltext_read
42674257,2026,Journal of Thoracic Oncology,DNA and RNA EGFR Variant Allele Fractions and Clinical Outcomes in Lung Adenocarcinoma.,肺腺癌DNA和RNA层面的EGFR变异等位基因频率与临床结局,10.1016/j.jtho.2026.104176,https://pubmed.ncbi.nlm.nih.gov/42674257/,https://doi.org/10.1016/j.jtho.2026.104176,C,共改变重点,基因组分型与临床结局,EGFR DNA/RNA VAF伴TP53 RNA VAF,candidate_for_original_source_learning_subject_to_eligibility,abstract_only,等位比例联合分层和TP53附加风险，重点多组学候选,VAF受纯度/CN/表达影响，不直接等于克隆性；辅助TKI P=.13仅数值差异,not_obtained_in_prior_screen,hash_verified_local_pdf,Espinoza_Silva_DNA_and_RNA_EGFR_Variant_Allele_Fractions_PMID42674257_journal_preproof.pdf,bc4aaf42392a7b3bf7fee817b3928cb1dfd040291d5e1b34860ee06331866090,main_text_deep_read_complete,2026-09-29,not_reviewed,not_supplied,no,2026-09-29,2026-09-28,research_candidate,"jto-2026-42674257-language.md; main reading complete; initial reading only, review pending; no automatic core highlight",2026-Aug-31,2026-08-31,2026-09-28,supplied_main_text_and_main_visuals_read
42697511,2026,Journal of Thoracic Oncology,Lymph Node Pathologic Grading Strategy: under the backdrop of the IASLC Grading System for Invasive Lung Adenocarcinoma - a retrospective cohort study among Asian patients.,IASLC分级背景下肺腺癌转移淋巴结病理分级与预后及EGFR关联,10.1016/j.jtho.2026.104184,https://pubmed.ncbi.nlm.nih.gov/42697511/,https://doi.org/10.1016/j.jtho.2026.104184,G,基因组/基因改变,基因组/基因改变,not_curated_this_screen,candidate_for_original_source_learning_subject_to_eligibility,metadata_and_abstract_scope_screened,2026-09-29范围扩展：题名/题录筛选，不是精读,病理分级研究含EGFR关联；不是独立全面基因组图谱,not_assessed_this_expansion,not_located_in_20260929_first_three_page_scan,,,not_registered_as_deep_read,,not_registered,not_reviewed_this_expansion,no,2026-09-29,2026-09-29,research_candidate,病理分级研究含EGFR关联；不是独立全面基因组图谱,2026-Sep-04,2026-09-04,2026-09-28,metadata_and_abstract_scope_screened
42697609,2026,Journal of Thoracic Oncology,The Evolution of Immunotherapy Revolution in Lung Cancer: A 20-Year Perspective.,肺癌免疫治疗革命的演进：二十年回顾,10.1016/j.jtho.2026.103957,https://pubmed.ncbi.nlm.nih.gov/42697609/,https://doi.org/10.1016/j.jtho.2026.103957,R,背景综述/共识/证据综合,背景综述/共识/证据综合,not_curated_this_screen,background_only_not_original_language_learning,metadata_title_screened_not_fulltext_read,2026-09-29范围扩展：题名/题录筛选，不是精读,须全文核准研究范围；题名筛选不验证具体方法或结果,not_assessed_this_expansion,not_located_in_20260929_first_three_page_scan,,,not_registered_as_deep_read,,not_registered,not_reviewed_this_expansion,no,2026-09-29,2026-09-29,background,,2026-Sep,,2026-09-28,metadata_title_screened_not_fulltext_read
42732874,2026,Journal of Thoracic Oncology,Adjuvant Osimertinib in Resected EGFR-Mutated Stage IB-IIIA Non-Small Cell Lung Cancer: Exploratory 8-year Overall Survival Landmark Update from the ADAURA Trial [161/175].,ADAURA探索性八年总生存更新：切除后EGFR突变IB–IIIA期NSCLC辅助奥希替尼,10.1016/j.jtho.2026.104179,https://pubmed.ncbi.nlm.nih.gov/42732874/,https://doi.org/10.1016/j.jtho.2026.104179,T,靶向治疗/耐药/试验延伸,靶向治疗/耐药/试验延伸,not_curated_this_screen,candidate_for_original_source_learning_subject_to_eligibility,metadata_and_abstract_scope_screened,2026-09-29范围扩展：题名/题录筛选，不是精读,须全文核准研究范围；题名筛选不验证具体方法或结果,not_assessed_this_expansion,not_located_in_20260929_first_three_page_scan,,,not_registered_as_deep_read,,not_registered,not_reviewed_this_expansion,no,2026-09-29,2026-09-29,research_candidate,,2026-Sep-13,2026-09-13,2026-09-28,metadata_and_abstract_scope_screened
42749049,2026,Journal of Thoracic Oncology,Genomic and transcriptomic features of relapsed small cell lung cancer.,复发SCLC的基因组与转录组特征,10.1016/j.jtho.2026.104201,https://pubmed.ncbi.nlm.nih.gov/42749049/,https://doi.org/10.1016/j.jtho.2026.104201,G,其他DNA基因组学,克隆演化与转移,复发克隆/签名/CNA与RNA,candidate_for_original_source_learning_subject_to_eligibility,abstract_only,铂/APOBEC、MYC家族扩增、剪接与免疫逃逸,样本层级/平台子集不同；未确认STK11共突变,not_obtained_in_prior_screen,archived_hash_verified,Devarakonda_Genomic_and_transcriptomic_features_of_relapsed_small_cell_l_PMID42749049_journal_preproof.pdf,f9404a4de8e08f426d0335c37c01aa1d6551ea2b141d877340db084a74ae9840,main_text_deep_read_complete,2026-09-29,not_reviewed,not_supplied,no,2026-09-29,2026-09-28,research_candidate,,2026-Sep-16,2026-09-16,2026-09-28,supplied_main_text_deep_read_complete
42749050,2026,Journal of Thoracic Oncology,Final Biomarker and Efficacy Analyses of Lorlatinib in Patients With ALK-Positive Advanced Non-Small Cell Lung Cancer in a Phase 2 Study.,ALK阳性晚期NSCLC洛拉替尼II期研究的最终标志物及疗效分析,10.1016/j.jtho.2026.104202,https://pubmed.ncbi.nlm.nih.gov/42749050/,https://doi.org/10.1016/j.jtho.2026.104202,C,共改变重点,基因组分型与临床结局,ALK融合亚型伴TP53及获得性ALK变体,candidate_for_original_source_learning_subject_to_eligibility,abstract_only,TP53与OS、获得性ALK机制，优先共改变治疗框架,初治配对仅8例，未发现不等于机制不可能发生；亚组探索性,not_obtained_in_prior_screen,hash_verified_local_pdf,Bauer_Final_Biomarker_and_Efficacy_Analyses_of_Lorlatinib_PMID42749050_journal_preproof.pdf,bf58cb67f644c9e5f59df82f95c410b92bd229ee8fce31c9538ceecb91ec4ebc,main_text_deep_read_complete,2026-09-29,not_reviewed,partially_reviewed,no,2026-09-29,2026-09-28,research_candidate,"jto-2026-42749050-language.md; main reading complete; initial reading only, review pending; no automatic core highlight",2026-Sep-16,2026-09-16,2026-09-28,supplied_main_text_and_main_visuals_read
42749051,2026,Journal of Thoracic Oncology,Integrated multi-omic profiling enables recurrence risk stratification beyond pathological stage in resected EGFR-mutant lung adenocarcinoma.,整合多组学超越病理分期预测已切除EGFR突变肺腺癌复发风险,10.1016/j.jtho.2026.104204,https://pubmed.ncbi.nlm.nih.gov/42749051/,https://doi.org/10.1016/j.jtho.2026.104204,C,共改变重点,基因组分型与临床结局,EGFR伴TP53/RBM10及CNA、签名、RNA,candidate_for_original_source_learning_subject_to_eligibility,targeted_fulltext_screen,RBM10区分L858R/19del并关联WNT/EMT；临床+DNA+RNA模型，多组学共突变重点,RBM10校正后DFS HR1.4 P=.271非独立预后；辅助TKI37对154观察比较，不能证明低风险可停药；4验证=1内+3外,not_obtained_in_prior_screen,hash_verified_local_pdf,Saw_Integrated_multi_omic_profiling_enables_recurrence_r_PMID42749051_preproof.pdf,2d579bb3ccb94d964b1cc7da70c3e9a9440986103860860a0b4ce4e78878e951,main_text_deep_read_complete,2026-09-28,not_reviewed,not_supplied,no,2026-09-29,2026-09-28,research_candidate,,2026-Sep-16,2026-09-16,2026-09-28,prior_screening_preserved
42767607,2026,Journal of Thoracic Oncology,Long-Term Benefit With First-Line Osimertinib Monotherapy in EGFR-Mutated Advanced NSCLC in the Era of Intensified First-Line Therapy.,一线强化治疗时代EGFR突变NSCLC一线奥希替尼单药的长期获益,10.1016/j.jtho.2026.106103,https://pubmed.ncbi.nlm.nih.gov/42767607/,https://doi.org/10.1016/j.jtho.2026.106103,T,靶向治疗/耐药/试验延伸,靶向治疗/耐药/试验延伸,not_curated_this_screen,candidate_for_original_source_learning_subject_to_eligibility,metadata_title_screened_not_fulltext_read,2026-09-29范围扩展：题名/题录筛选，不是精读,须全文核准研究范围；题名筛选不验证具体方法或结果,not_assessed_this_expansion,not_located_in_20260929_first_three_page_scan,,,not_registered_as_deep_read,,not_registered,not_reviewed_this_expansion,no,2026-09-29,2026-09-29,research_candidate,,2026-Sep-21,2026-09-21,2026-09-28,metadata_title_screened_not_fulltext_read
42790640,2026,Journal of Thoracic Oncology,Grade 3 Lung Carcinoids/NETs: The IASLC Pathology Committee Study with Proposal of a New Diagnostic Category.,3级肺类癌/神经内分泌肿瘤：IASLC病理委员会研究及新诊断类别建议,10.1016/j.jtho.2026.106121,https://pubmed.ncbi.nlm.nih.gov/42790640/,https://doi.org/10.1016/j.jtho.2026.106121,G,其他DNA基因组学,基因组分型与临床结局,分子病理分类，RB1/TP53阴性证据,candidate_for_original_source_learning_subject_to_eligibility,abstract_only,G3 NET/类癌拟议新分类及低TMB/野生型支持,仅9例NGS；提案不是现行WHO已正式采纳,not_obtained_in_prior_screen,not_located_in_previous_broad_scan_and_current_intake,,,not_registered_as_deep_read,,not_registered,not_reviewed_this_intake,no,2026-09-29,2026-09-28,research_candidate,,2026-Sep-25,2026-09-25,2026-09-28,prior_screening_preserved
