year,journal,title,pmid,doi,publication_status,supplied_pdf_version,eligibility,official_category,official_category_status,primary_content_class,secondary_content_tags,tag_basis,reading_stage,main_read_completed_on,review_status,supplement_status,stk11_highlight,bibliography,reading_ledger,reading_evidence
2015,Cancer Discovery,"Co-occurring genomic alterations define major subsets of KRAS-mutant lung adenocarcinoma with distinct biology, immune profiles, and therapeutic vulnerabilities",26069186,10.1158/2159-8290.CD-14-1236,author manuscript; issue year 2015; PMC availability year is not publication year,author_manuscript,included,,not_recorded_for_this_journal,co-mutation-associated molecular subtyping,genomics; copy number; bulk transcriptomics; microRNA; targeted RPPA; immune phenotype; recurrence; HSP90 drug response; rescue/knockdown,bibliography content classification,main_text_deep_read_complete,2026-09-19,in_progress,not_supplied,yes,cancer-discovery-stk11-priority-bibliography.csv,cancer-discovery-stk11-deep-reading-ledger.md,cancer-discovery-stk11-deep-reading-ledger.md;cancer-discovery-2026-09-19-stk11-language.md
2018,Cancer Discovery,STK11/LKB1 Mutations and PD-1 Inhibitor Resistance in KRAS-Mutant Lung Adenocarcinoma,29773717,10.1158/2159-8290.CD-18-0099,author manuscript; issue year 2018; PMC availability year is not publication year,author_manuscript,included,,not_recorded_for_this_journal,immunotherapy outcome and resistance mechanism,co-mutations; clinical genomics; TMB; PD-L1; LKB1 IHC; PFS/OS; flow cytometry; isogenic knockout; mouse anti-PD-1/PD-L1,bibliography content classification,main_text_deep_read_complete,2026-09-19,in_progress,not_supplied,yes,cancer-discovery-stk11-priority-bibliography.csv,cancer-discovery-stk11-deep-reading-ledger.md,cancer-discovery-stk11-deep-reading-ledger.md;cancer-discovery-2026-09-19-stk11-language.md
2020,Clinical Cancer Research,The Genomic Landscape of SMARCA4 Alterations and Associations with Outcomes in Patients with Lung Cancer,32709715,10.1158/1078-0432.ccr-20-1825,see source bibliography and intake manifest,author_manuscript,included,Translational Cancer Mechanisms and Therapy,official_section,translational / mixed,smarca4-stk11-keap1-genomics-ihc-survival-immunotherapy-statistics,single-paper curated language domains,main_text_deep_read_complete,2026-09-14,in_progress,not_supplied,yes,ccr-corpus-bibliography.csv,ccr-deep-reading-ledger.md,ccr-deep-reading-ledger.md;ccr-2026-09-14-atm-smarca4-stk11-priority-language.md
2021,Clinical Cancer Research,"A Phase I Study of APX005M and Cabiralizumab with or without Nivolumab in Patients with Melanoma, Kidney Cancer, or Non-Small Cell Lung Cancer Resistant to Anti-PD-1/PD-L1",34140403,10.1158/1078-0432.ccr-21-0903,see source bibliography and intake manifest,author_manuscript,included,Clinical Trials: Immunotherapy,official_section,clinical trial,,no secondary topic verification recorded,indexed,,not_reviewed,not_recorded,no,ccr-corpus-bibliography.csv,ccr-deep-reading-ledger.md,ccr-deep-reading-ledger.md
2021,Clinical Cancer Research,Cross-Site Concordance Evaluation of Tumor DNA and RNA Sequencing Platforms for the CIMAC-CIDC Network,33323402,10.1158/1078-0432.ccr-20-3251,see source bibliography and intake manifest,author_manuscript,included,Precision Medicine and Imaging,official_section,translational / mixed,,no secondary topic verification recorded,indexed,,not_reviewed,not_recorded,no,ccr-corpus-bibliography.csv,ccr-deep-reading-ledger.md,ccr-deep-reading-ledger.md
2021,Clinical Cancer Research,Immunotherapy-Mediated Thyroid Dysfunction: Genetic Risk and Impact on Outcomes with PD-1 Blockade in Non-Small Cell Lung Cancer,34244291,10.1158/1078-0432.ccr-21-0921,see source bibliography and intake manifest,author_manuscript,included,Translational Cancer Mechanisms and Therapy,official_section,translational / mixed,,no secondary topic verification recorded,indexed,,not_reviewed,not_recorded,no,ccr-corpus-bibliography.csv,ccr-deep-reading-ledger.md,ccr-deep-reading-ledger.md
2021,Clinical Cancer Research,Integrative Profiling of T790M-Negative EGFR-Mutated NSCLC Reveals Pervasive Lineage Transition and Therapeutic Opportunities,34261696,10.1158/1078-0432.ccr-20-4607,see source bibliography and intake manifest,not_classified_by_header,included,Translational Cancer Mechanisms and Therapy,official_section,translational / resistance,,no secondary topic verification recorded,indexed,,not_reviewed,not_recorded,no,ccr-corpus-bibliography.csv,ccr-deep-reading-ledger.md,ccr-deep-reading-ledger.md
2021,Clinical Cancer Research,NRF2 Activation Promotes Aggressive Lung Cancer and Associates with Poor Clinical Outcomes,33077574,10.1158/1078-0432.ccr-20-1985,see source bibliography and intake manifest,not_classified_by_header,included,Translational Cancer Mechanisms and Therapy,official_section,translational / mixed,genomics-transcriptomics-preclinical-immunotherapy,single-paper curated language domains,main_text_deep_read_complete,2026-09-12,not_reviewed,not_supplied,no,ccr-corpus-bibliography.csv,ccr-deep-reading-ledger.md,ccr-deep-reading-ledger.md;ccr-2026-09-12-supplement-language.md
2021,Clinical Cancer Research,Outcome and Immune Correlates of a Phase II Trial of High-Dose Interleukin-2 and Stereotactic Ablative Radiotherapy for Metastatic Renal Cell Carcinoma,34551906,10.1158/1078-0432.ccr-21-2083,see source bibliography and intake manifest,author_manuscript,included,Clinical Trials: Immunotherapy,official_section,clinical trial,,no secondary topic verification recorded,indexed,,not_reviewed,not_recorded,no,ccr-corpus-bibliography.csv,ccr-deep-reading-ledger.md,ccr-deep-reading-ledger.md
2021,Clinical Cancer Research,"Phase I Study of 2- or 3-Week Dosing of Telisotuzumab Vedotin, an Antibody-Drug Conjugate Targeting c-Met, Monotherapy in Patients with Advanced Non-Small Cell Lung Carcinoma",34426443,10.1158/1078-0432.ccr-21-0765,see source bibliography and intake manifest,not_classified_by_header,included,Clinical Trials: Targeted Therapy,official_section,clinical trial,,no secondary topic verification recorded,indexed,,not_reviewed,not_recorded,no,ccr-corpus-bibliography.csv,ccr-deep-reading-ledger.md,ccr-deep-reading-ledger.md
2021,Clinical Cancer Research,Pretreatment Tissue TCR Repertoire Evenness Is Associated with Complete Pathologic Response in Patients with NSCLC Receiving Neoadjuvant Chemoimmunotherapy,34376534,10.1158/1078-0432.ccr-21-1200,see source bibliography and intake manifest,not_classified_by_header,included,Precision Medicine and Imaging,official_section,clinical trial,,no secondary topic verification recorded,indexed,,not_reviewed,not_recorded,no,ccr-corpus-bibliography.csv,ccr-deep-reading-ledger.md,ccr-deep-reading-ledger.md
2021,Clinical Cancer Research,RELAY Subgroup Analyses by EGFR Ex19del and Ex21L858R Mutations for Ramucirumab Plus Erlotinib in Metastatic Non-Small Cell Lung Cancer,34301751,10.1158/1078-0432.ccr-21-0273,see source bibliography and intake manifest,not_classified_by_header,included,Clinical Trials: Targeted Therapy,official_section,clinical trial,,no secondary topic verification recorded,indexed,,not_reviewed,not_recorded,no,ccr-corpus-bibliography.csv,ccr-deep-reading-ledger.md,ccr-deep-reading-ledger.md
2021,Clinical Cancer Research,Spatial Mapping and Immunomodulatory Role of the OX40/OX40L Pathway in Human Non-Small Cell Lung Cancer,34518312,10.1158/1078-0432.ccr-21-0987,see source bibliography and intake manifest,author_manuscript,included,Precision Medicine and Imaging,official_section,preclinical / translational,,no secondary topic verification recorded,indexed,,not_reviewed,not_recorded,no,ccr-corpus-bibliography.csv,ccr-deep-reading-ledger.md,ccr-deep-reading-ledger.md
2021,Clinical Cancer Research,Upregulation of C/EBPα Inhibits Suppressive Activity of Myeloid Cells and Potentiates Antitumor Response in Mice and Patients with Cancer,34407972,10.1158/1078-0432.ccr-21-0986,see source bibliography and intake manifest,not_classified_by_header,included,Translational Cancer Mechanisms and Therapy,official_section,clinical trial,,no secondary topic verification recorded,indexed,,not_reviewed,not_recorded,no,ccr-corpus-bibliography.csv,ccr-deep-reading-ledger.md,ccr-deep-reading-ledger.md
2022,Clinical Cancer Research,A (Controlled) Spill of IL2 for Localized Treatment of Mesothelioma,36190329,10.1158/1078-0432.ccr-22-2626,see source bibliography and intake manifest,author_manuscript,excluded,CCR Translations,official_section,commentary,,no secondary topic verification recorded,indexed,,not_reviewed,not_recorded,no,ccr-corpus-bibliography.csv,ccr-deep-reading-ledger.md,ccr-deep-reading-ledger.md
2022,Clinical Cancer Research,A Cathepsin-Targeted Quenched Activity-Based Probe Facilitates Enhanced Detection of Human Tumors during Resection,35792882,10.1158/1078-0432.ccr-22-1215,see source bibliography and intake manifest,author_manuscript,included,Precision Medicine and Imaging,official_section,clinical trial,,no secondary topic verification recorded,indexed,,not_reviewed,not_recorded,no,ccr-corpus-bibliography.csv,ccr-deep-reading-ledger.md,ccr-deep-reading-ledger.md
2022,Clinical Cancer Research,A Novel Third-generation EGFR Tyrosine Kinase Inhibitor Abivertinib for EGFR T790M-mutant Non-Small Cell Lung Cancer: a Multicenter Phase I/II Study,34740925,10.1158/1078-0432.ccr-21-2595,see source bibliography and intake manifest,not_classified_by_header,included,Clinical Trials: Targeted Therapy,official_section,clinical trial,,no secondary topic verification recorded,indexed,,not_reviewed,not_recorded,no,ccr-corpus-bibliography.csv,ccr-deep-reading-ledger.md,ccr-deep-reading-ledger.md
2022,Clinical Cancer Research,A Phase 0 Trial of Ceritinib in Patients with Brain Metastases and Recurrent Glioblastoma,34702773,10.1158/1078-0432.ccr-21-1096,see source bibliography and intake manifest,not_classified_by_header,included,Clinical Trials: Targeted Therapy,official_section,clinical trial,,no secondary topic verification recorded,indexed,,not_reviewed,not_recorded,no,ccr-corpus-bibliography.csv,ccr-deep-reading-ledger.md,ccr-deep-reading-ledger.md
2022,Clinical Cancer Research,"A Phase I Study Investigating AZD8186, a Potent and Selective Inhibitor of PI3Kβ/δ, in Patients with Advanced Solid Tumors",35247924,10.1158/1078-0432.ccr-21-3087,see source bibliography and intake manifest,not_classified_by_header,included,Clinical Trials: Targeted Therapy,official_section,clinical trial,,no secondary topic verification recorded,indexed,,not_reviewed,not_recorded,no,ccr-corpus-bibliography.csv,ccr-deep-reading-ledger.md,ccr-deep-reading-ledger.md
2022,Clinical Cancer Research,A Randomized Comparison of Nivolumab versus Nivolumab + Docetaxel for Previously Treated Advanced or Recurrent ICI-Naïve Non-Small Cell Lung Cancer: TORG1630,35980349,10.1158/1078-0432.ccr-22-1687,see source bibliography and intake manifest,not_classified_by_header,included,Clinical Trials: Immunotherapy,official_section,clinical trial,,no secondary topic verification recorded,indexed,,not_reviewed,not_recorded,no,ccr-corpus-bibliography.csv,ccr-deep-reading-ledger.md,ccr-deep-reading-ledger.md
2022,Clinical Cancer Research,A Randomized Phase II Study Comparing Nivolumab with Carboplatin-Pemetrexed for EGFR-Mutated NSCLC with Resistance to EGFR Tyrosine Kinase Inhibitors (WJOG8515L),34921023,10.1158/1078-0432.ccr-21-3194,see source bibliography and intake manifest,not_classified_by_header,included,Clinical Trials: Immunotherapy,official_section,clinical trial,,no secondary topic verification recorded,indexed,,not_reviewed,not_recorded,no,ccr-corpus-bibliography.csv,ccr-deep-reading-ledger.md,ccr-deep-reading-ledger.md
2022,Clinical Cancer Research,Activation of Adaptive and Innate Immune Cells via Localized IL2 Cytokine Factories Eradicates Mesothelioma Tumors,35993913,10.1158/1078-0432.ccr-22-1493,see source bibliography and intake manifest,not_classified_by_header,included,Translational Cancer Mechanisms and Therapy,official_section,preclinical / translational,,no secondary topic verification recorded,indexed,,not_reviewed,not_recorded,no,ccr-corpus-bibliography.csv,ccr-deep-reading-ledger.md,ccr-deep-reading-ledger.md
2022,Clinical Cancer Research,Activity of Adagrasib (MRTX849) in Brain Metastases: Preclinical Models and Clinical Data from Patients with KRASG12C-Mutant Non-Small Cell Lung Cancer,35404402,10.1158/1078-0432.ccr-22-0383,see source bibliography and intake manifest,not_classified_by_header,included,Translational Cancer Mechanisms and Therapy,official_section,observational / epidemiology,,no secondary topic verification recorded,indexed,,not_reviewed,not_recorded,no,ccr-corpus-bibliography.csv,ccr-deep-reading-ledger.md,ccr-deep-reading-ledger.md
2022,Clinical Cancer Research,Adding Base-Excision Repair Inhibitor TRC102 to Standard Pemetrexed-Platinum-Radiation in Patients with Advanced Nonsquamous Non-Small Cell Lung Cancer: Results of a Phase I Trial,34740922,10.1158/1078-0432.ccr-21-2025,see source bibliography and intake manifest,not_classified_by_header,included,Clinical Trials: Targeted Therapy,official_section,clinical trial,,no secondary topic verification recorded,indexed,,not_reviewed,not_recorded,no,ccr-corpus-bibliography.csv,ccr-deep-reading-ledger.md,ccr-deep-reading-ledger.md
2022,Clinical Cancer Research,All About That Ras: Novel Fusion Drives Ras Pathway Activation in Lung Cancer,35512219,10.1158/1078-0432.ccr-22-0736,see source bibliography and intake manifest,author_manuscript,excluded,CCR Translations,official_section,commentary,,no secondary topic verification recorded,indexed,,not_reviewed,not_recorded,no,ccr-corpus-bibliography.csv,ccr-deep-reading-ledger.md,ccr-deep-reading-ledger.md
2022,Clinical Cancer Research,An Ascendant Challenge: Central Nervous System Metastases in ALK+ Lung Cancers,35394532,10.1158/1078-0432.ccr-22-0341,see source bibliography and intake manifest,author_manuscript,excluded,CCR Translations,official_section,commentary,,no secondary topic verification recorded,indexed,,not_reviewed,not_recorded,no,ccr-corpus-bibliography.csv,ccr-deep-reading-ledger.md,ccr-deep-reading-ledger.md
2022,Clinical Cancer Research,Association of PD-1/PD-L1 Co-location with Immunotherapy Outcomes in Non-Small Cell Lung Cancer,34686497,10.1158/1078-0432.ccr-21-2649,see source bibliography and intake manifest,author_manuscript,included,Precision Medicine and Imaging,official_section,translational / mixed,,no secondary topic verification recorded,indexed,,not_reviewed,not_recorded,no,ccr-corpus-bibliography.csv,ccr-deep-reading-ledger.md,ccr-deep-reading-ledger.md
2022,Clinical Cancer Research,Circulating Cell-free DNA as a Prognostic Biomarker in Patients with Advanced ALK+ Non-small Cell Lung Cancer in the Global Phase III ALEX Trial,35275991,10.1158/1078-0432.ccr-21-2840,see source bibliography and intake manifest,not_classified_by_header,included,Clinical Trials: Targeted Therapy,official_section,clinical trial,,no secondary topic verification recorded,indexed,,not_reviewed,not_recorded,no,ccr-corpus-bibliography.csv,ccr-deep-reading-ledger.md,ccr-deep-reading-ledger.md
2022,Clinical Cancer Research,Circulating Tumor DNA Kinetics Predict Progression-Free and Overall Survival in EGFR TKI-Treated Patients with EGFR-Mutant NSCLC (SWOG S1403),35713632,10.1158/1078-0432.ccr-22-0741,see source bibliography and intake manifest,author_manuscript,included,Precision Medicine and Imaging,official_section,clinical trial,,no secondary topic verification recorded,indexed,,not_reviewed,not_recorded,no,ccr-corpus-bibliography.csv,ccr-deep-reading-ledger.md,ccr-deep-reading-ledger.md
2022,Clinical Cancer Research,Comparative Analysis and Isoform-Specific Therapeutic Vulnerabilities of KRAS Mutations in Non-Small Cell Lung Cancer,35091439,10.1158/1078-0432.ccr-21-2719,see source bibliography and intake manifest,author_manuscript,included,Precision Medicine and Imaging,official_section,translational / resistance,,no secondary topic verification recorded,indexed,,not_reviewed,not_recorded,no,ccr-corpus-bibliography.csv,ccr-deep-reading-ledger.md,ccr-deep-reading-ledger.md
2022,Clinical Cancer Research,"Continuation of Pembrolizumab with Additional Chemotherapy after Progression with PD-1/PD-L1 Inhibitor Monotherapy in Patients with Advanced NSCLC: A Randomized, Placebo-Controlled Phase II Study",35101883,10.1158/1078-0432.ccr-21-3646,see source bibliography and intake manifest,not_classified_by_header,included,Clinical Trials: Immunotherapy,official_section,clinical trial,,no secondary topic verification recorded,indexed,,not_reviewed,not_recorded,no,ccr-corpus-bibliography.csv,ccr-deep-reading-ledger.md,ccr-deep-reading-ledger.md
2022,Clinical Cancer Research,"Distinct Immune Gene Programs Associated with Host Tumor Immunity, Neoadjuvant Chemotherapy, and Chemoimmunotherapy in Resectable NSCLC",35394499,10.1158/1078-0432.ccr-21-3207,see source bibliography and intake manifest,author_manuscript,included,Translational Cancer Mechanisms and Therapy,official_section,clinical trial,,no secondary topic verification recorded,indexed,,not_reviewed,not_recorded,no,ccr-corpus-bibliography.csv,ccr-deep-reading-ledger.md,ccr-deep-reading-ledger.md
2022,Clinical Cancer Research,Expanding Therapeutic Opportunities for Extrapulmonary Neuroendocrine Carcinoma,35091446,10.1158/1078-0432.ccr-21-3058,see source bibliography and intake manifest,author_manuscript,included,Review,official_section,preclinical / translational,,no secondary topic verification recorded,indexed,,not_reviewed,not_recorded,no,ccr-corpus-bibliography.csv,ccr-deep-reading-ledger.md,ccr-deep-reading-ledger.md
2022,Clinical Cancer Research,FDA Approval Summary: Nivolumab in Combination with Ipilimumab for the Treatment of Unresectable Malignant Pleural Mesothelioma,34462287,10.1158/1078-0432.ccr-21-1466,see source bibliography and intake manifest,author_manuscript,included,CCR Drug Updates,official_section,clinical trial,,no secondary topic verification recorded,indexed,,not_reviewed,not_recorded,no,ccr-corpus-bibliography.csv,ccr-deep-reading-ledger.md,ccr-deep-reading-ledger.md
2022,Clinical Cancer Research,FDA Approval Summary: Sotorasib for KRAS G12C-Mutated Metastatic NSCLC,34903582,10.1158/1078-0432.ccr-21-3074,see source bibliography and intake manifest,author_manuscript,included,CCR Drug Updates,official_section,translational / mixed,,no secondary topic verification recorded,indexed,,not_reviewed,not_recorded,no,ccr-corpus-bibliography.csv,ccr-deep-reading-ledger.md,ccr-deep-reading-ledger.md
2022,Clinical Cancer Research,First-In-Human Phase I Study of the OX40 Agonist MOXR0916 in Patients with Advanced Solid Tumors,35699599,10.1158/1078-0432.ccr-21-4020,see source bibliography and intake manifest,not_classified_by_header,included,Clinical Trials: Immunotherapy,official_section,clinical trial,,no secondary topic verification recorded,indexed,,not_reviewed,not_recorded,no,ccr-corpus-bibliography.csv,ccr-deep-reading-ledger.md,ccr-deep-reading-ledger.md
2022,Clinical Cancer Research,First-in-Human Phase I/II ICONIC Trial of the ICOS Agonist Vopratelimab Alone and with Nivolumab: ICOS-High CD4 T-Cell Populations and Predictors of Response,35511938,10.1158/1078-0432.ccr-21-4256,see source bibliography and intake manifest,not_classified_by_header,included,Clinical Trials: Immunotherapy,official_section,clinical trial,,no secondary topic verification recorded,indexed,,not_reviewed,not_recorded,no,ccr-corpus-bibliography.csv,ccr-deep-reading-ledger.md,ccr-deep-reading-ledger.md
2022,Clinical Cancer Research,Health-Related Quality of Life Outcomes in Patients with Resected Epidermal Growth Factor Receptor-Mutated Non-Small Cell Lung Cancer Who Received Adjuvant Osimertinib in the Phase III ADAURA Trial,35012927,10.1158/1078-0432.ccr-21-3530,see source bibliography and intake manifest,not_classified_by_header,included,Clinical Trials: Targeted Therapy,official_section,clinical trial,,no secondary topic verification recorded,indexed,,not_reviewed,not_recorded,no,ccr-corpus-bibliography.csv,ccr-deep-reading-ledger.md,ccr-deep-reading-ledger.md
2022,Clinical Cancer Research,"Identification and Management of Pathogenic Variants in BRCA1, BRCA2, and PALB2 in a Tumor-Only Genomic Testing Program",35363308,10.1158/1078-0432.ccr-21-2861,see source bibliography and intake manifest,not_classified_by_header,included,Precision Medicine and Imaging,official_section,translational / mixed,,no secondary topic verification recorded,indexed,,not_reviewed,not_recorded,no,ccr-corpus-bibliography.csv,ccr-deep-reading-ledger.md,ccr-deep-reading-ledger.md
2022,Clinical Cancer Research,Inhibition of LSD1 with Bomedemstat Sensitizes Small Cell Lung Cancer to Immune Checkpoint Blockade and T-Cell Killing,35920742,10.1158/1078-0432.ccr-22-1128,see source bibliography and intake manifest,author_manuscript,included,Translational Cancer Mechanisms and Therapy,official_section,translational / resistance,,no secondary topic verification recorded,indexed,,not_reviewed,not_recorded,no,ccr-corpus-bibliography.csv,ccr-deep-reading-ledger.md,ccr-deep-reading-ledger.md
2022,Clinical Cancer Research,"Mass Cytometry Reveals Classical Monocytes, NK Cells, and ICOS+ CD4+ T Cells Associated with Pembrolizumab Efficacy in Patients with Lung Cancer",36166003,10.1158/1078-0432.ccr-22-1386,see source bibliography and intake manifest,author_manuscript,included,Translational Cancer Mechanisms and Therapy,official_section,translational / mixed,,no secondary topic verification recorded,indexed,,not_reviewed,not_recorded,no,ccr-corpus-bibliography.csv,ccr-deep-reading-ledger.md,ccr-deep-reading-ledger.md
2022,Clinical Cancer Research,Molecular Pathways and Mechanisms of BRAF in Cancer Therapy,35486097,10.1158/1078-0432.ccr-21-2138,see source bibliography and intake manifest,author_manuscript,included,Review,official_section,translational / resistance,,no secondary topic verification recorded,indexed,,not_reviewed,not_recorded,no,ccr-corpus-bibliography.csv,ccr-deep-reading-ledger.md,ccr-deep-reading-ledger.md
2022,Clinical Cancer Research,Monitoring Therapeutic Response to Anti-FAP CAR T Cells Using [18F]AlF-FAPI-74,35972732,10.1158/1078-0432.ccr-22-1379,see source bibliography and intake manifest,author_manuscript,included,Precision Medicine and Imaging,official_section,preclinical / translational,,no secondary topic verification recorded,indexed,,not_reviewed,not_recorded,no,ccr-corpus-bibliography.csv,ccr-deep-reading-ledger.md,ccr-deep-reading-ledger.md
2022,Clinical Cancer Research,Nivolumab Retreatment in Non-Small Cell Lung Cancer Patients Who Responded to Prior Immune Checkpoint Inhibitors and Had ICI-Free Intervals (WJOG9616L),35762926,10.1158/1078-0432.ccr-22-0602,see source bibliography and intake manifest,not_classified_by_header,included,Research Briefs: Clinical Trial Brief Reports,official_section,clinical trial,,no secondary topic verification recorded,indexed,,not_reviewed,not_recorded,no,ccr-corpus-bibliography.csv,ccr-deep-reading-ledger.md,ccr-deep-reading-ledger.md
2022,Clinical Cancer Research,Novel Radiomic Measurements of Tumor-Associated Vasculature Morphology on Clinical Imaging as a Biomarker of Treatment Response in Multiple Cancers,35727603,10.1158/1078-0432.ccr-21-4148,see source bibliography and intake manifest,not_classified_by_header,included,Precision Medicine and Imaging,official_section,diagnostic / biomarker,,no secondary topic verification recorded,indexed,,not_reviewed,not_recorded,no,ccr-corpus-bibliography.csv,ccr-deep-reading-ledger.md,ccr-deep-reading-ledger.md
2022,Clinical Cancer Research,PD-1T TILs as a Predictive Biomarker for Clinical Benefit to PD-1 Blockade in Patients with Advanced NSCLC,35852792,10.1158/1078-0432.ccr-22-0992,see source bibliography and intake manifest,not_classified_by_header,included,Precision Medicine and Imaging,official_section,clinical trial,,no secondary topic verification recorded,indexed,,not_reviewed,not_recorded,no,ccr-corpus-bibliography.csv,ccr-deep-reading-ledger.md,ccr-deep-reading-ledger.md
2022,Clinical Cancer Research,"Phase I Study of Taminadenant (PBF509/NIR178), an Adenosine 2A Receptor Antagonist, with or without Spartalizumab (PDR001), in Patients with Advanced Non-Small Cell Lung Cancer",35254415,10.1158/1078-0432.ccr-21-2742,see source bibliography and intake manifest,author_manuscript,included,Clinical Trials: Immunotherapy,official_section,preclinical / translational,,no secondary topic verification recorded,indexed,,not_reviewed,not_recorded,no,ccr-corpus-bibliography.csv,ccr-deep-reading-ledger.md,ccr-deep-reading-ledger.md
2022,Clinical Cancer Research,"Phase Ia/b, Open-Label, Multicenter Study of AZD4635 (an Adenosine A2A Receptor Antagonist) as Monotherapy or Combined with Durvalumab, in Patients with Solid Tumors",36044531,10.1158/1078-0432.ccr-22-0612,see source bibliography and intake manifest,not_classified_by_header,included,Clinical Trials: Targeted Therapy,official_section,clinical trial,,no secondary topic verification recorded,indexed,,not_reviewed,not_recorded,no,ccr-corpus-bibliography.csv,ccr-deep-reading-ledger.md,ccr-deep-reading-ledger.md
2022,Clinical Cancer Research,Quantitative Spatial Profiling of TILs as the Next Step beyond PD-L1 Testing for Immune Checkpoint Blockade,36103258,10.1158/1078-0432.ccr-22-2277,see source bibliography and intake manifest,author_manuscript,excluded,CCR Translations,official_section,commentary,,no secondary topic verification recorded,indexed,,not_reviewed,not_recorded,no,ccr-corpus-bibliography.csv,ccr-deep-reading-ledger.md,ccr-deep-reading-ledger.md
2022,Clinical Cancer Research,Radioimmunotherapy Targeting Delta-like Ligand 3 in Small Cell Lung Cancer Exhibits Antitumor Efficacy with Low Toxicity,35046060,10.1158/1078-0432.ccr-21-1533,see source bibliography and intake manifest,author_manuscript,included,Precision Medicine and Imaging,official_section,clinical trial,,no secondary topic verification recorded,indexed,,not_reviewed,not_recorded,no,ccr-corpus-bibliography.csv,ccr-deep-reading-ledger.md,ccr-deep-reading-ledger.md
2022,Clinical Cancer Research,RASGRF1 Fusions Activate Oncogenic RAS Signaling and Confer Sensitivity to MEK Inhibition,35247929,10.1158/1078-0432.ccr-21-4291,see source bibliography and intake manifest,author_manuscript,included,Translational Cancer Mechanisms and Therapy,official_section,preclinical / translational,,no secondary topic verification recorded,indexed,,not_reviewed,not_recorded,no,ccr-corpus-bibliography.csv,ccr-deep-reading-ledger.md,ccr-deep-reading-ledger.md
2022,Clinical Cancer Research,Rb Tumor Suppressor in Small Cell Lung Cancer: Combined Genomic and IHC Analysis with a Description of a Distinct Rb-Proficient Subset,35792876,10.1158/1078-0432.ccr-22-1115,see source bibliography and intake manifest,not_classified_by_header,included,Translational Cancer Mechanisms and Therapy,official_section,preclinical / translational,,no secondary topic verification recorded,indexed,,not_reviewed,not_recorded,no,ccr-corpus-bibliography.csv,ccr-deep-reading-ledger.md,ccr-deep-reading-ledger.md
2022,Clinical Cancer Research,"Replication of Overall Survival, Progression-Free Survival, and Overall Response in Chemotherapy Arms of Non-Small Cell Lung Cancer Trials Using Real-World Data",35511917,10.1158/1078-0432.ccr-22-0471,see source bibliography and intake manifest,not_classified_by_header,included,Clinical Trials: Immunotherapy,official_section,clinical trial,,no secondary topic verification recorded,indexed,,not_reviewed,not_recorded,no,ccr-corpus-bibliography.csv,ccr-deep-reading-ledger.md,ccr-deep-reading-ledger.md
2022,Clinical Cancer Research,Systemic and Oligo-Acquired Resistance to PD-(L)1 Blockade in Lung Cancer,35767426,10.1158/1078-0432.ccr-22-0657,see source bibliography and intake manifest,author_manuscript,included,Translational Cancer Mechanisms and Therapy,official_section,clinical trial,,no secondary topic verification recorded,indexed,,not_reviewed,not_recorded,no,ccr-corpus-bibliography.csv,ccr-deep-reading-ledger.md,ccr-deep-reading-ledger.md
2022,Clinical Cancer Research,Targeting Podoplanin for the Treatment of Osteosarcoma,35381070,10.1158/1078-0432.ccr-21-4509,see source bibliography and intake manifest,not_classified_by_header,included,Translational Cancer Mechanisms and Therapy,official_section,preclinical / translational,,no secondary topic verification recorded,indexed,,not_reviewed,not_recorded,no,ccr-corpus-bibliography.csv,ccr-deep-reading-ledger.md,ccr-deep-reading-ledger.md
2022,Clinical Cancer Research,Targeting the Ubiquitin-Proteasome System Using the UBA1 Inhibitor TAK-243 is a Potential Therapeutic Strategy for Small-Cell Lung Cancer,35165102,10.1158/1078-0432.ccr-21-0344,see source bibliography and intake manifest,not_classified_by_header,included,Translational Cancer Mechanisms and Therapy,official_section,translational / resistance,,no secondary topic verification recorded,indexed,,not_reviewed,not_recorded,no,ccr-corpus-bibliography.csv,ccr-deep-reading-ledger.md,ccr-deep-reading-ledger.md
2022,Clinical Cancer Research,Tepotinib Efficacy and Safety in Patients with MET Exon 14 Skipping NSCLC: Outcomes in Patient Subgroups from the VISION Study with Relevance for Clinical Practice,34789481,10.1158/1078-0432.ccr-21-2733,see source bibliography and intake manifest,not_classified_by_header,included,Clinical Trials: Targeted Therapy,official_section,clinical trial,,no secondary topic verification recorded,indexed,,not_reviewed,not_recorded,no,ccr-corpus-bibliography.csv,ccr-deep-reading-ledger.md,ccr-deep-reading-ledger.md
2022,Clinical Cancer Research,The Liver-Immunity Nexus and Cancer Immunotherapy,34285059,10.1158/1078-0432.ccr-21-1193,see source bibliography and intake manifest,not_classified_by_header,included,Review,official_section,translational / mixed,,no secondary topic verification recorded,indexed,,not_reviewed,not_recorded,no,ccr-corpus-bibliography.csv,ccr-deep-reading-ledger.md,ccr-deep-reading-ledger.md
2022,Clinical Cancer Research,The Pan-Tumor Landscape of Targetable Kinase Fusions in Circulating Tumor DNA,34753780,10.1158/1078-0432.ccr-21-2136,see source bibliography and intake manifest,not_classified_by_header,included,Precision Medicine and Imaging,official_section,biomarker / liquid biopsy,,no secondary topic verification recorded,indexed,,not_reviewed,not_recorded,no,ccr-corpus-bibliography.csv,ccr-deep-reading-ledger.md,ccr-deep-reading-ledger.md
2022,Clinical Cancer Research,Updated Integrated Analysis of the Efficacy and Safety of Entrectinib in Patients With NTRK Fusion-Positive Solid Tumors,35144967,10.1158/1078-0432.ccr-21-3597,see source bibliography and intake manifest,not_classified_by_header,included,Clinical Trials: Targeted Therapy,official_section,clinical trial,,no secondary topic verification recorded,indexed,,not_reviewed,not_recorded,no,ccr-corpus-bibliography.csv,ccr-deep-reading-ledger.md,ccr-deep-reading-ledger.md
2023,Clinical Cancer Research,A Phase I/II Trial of Oral SRA737 (a Chk1 Inhibitor) Given in Combination with Low-Dose Gemcitabine in Patients with Advanced Cancer,36378548,10.1158/1078-0432.ccr-22-2074,see source bibliography and intake manifest,not_classified_by_header,included,Clinical Trials: Targeted Therapy,official_section,clinical trial,,no secondary topic verification recorded,indexed,,not_reviewed,not_recorded,no,ccr-corpus-bibliography.csv,ccr-deep-reading-ledger.md,ccr-deep-reading-ledger.md
2023,Clinical Cancer Research,A Phase II Clinical Trial of Nivolumab and Temozolomide for Neuroendocrine Neoplasms,36255391,10.1158/1078-0432.ccr-22-1552,see source bibliography and intake manifest,not_classified_by_header,included,Clinical Trials: Immunotherapy,official_section,clinical trial,,no secondary topic verification recorded,indexed,,not_reviewed,not_recorded,no,ccr-corpus-bibliography.csv,ccr-deep-reading-ledger.md,ccr-deep-reading-ledger.md
2023,Clinical Cancer Research,A Phase II Window of Opportunity Study of Neoadjuvant PD-L1 versus PD-L1 plus CTLA-4 Blockade for Patients with Malignant Pleural Mesothelioma,36469573,10.1158/1078-0432.ccr-22-2566,see source bibliography and intake manifest,author_manuscript,included,Clinical Trials: Immunotherapy,official_section,clinical trial,,no secondary topic verification recorded,indexed,,not_reviewed,not_recorded,no,ccr-corpus-bibliography.csv,ccr-deep-reading-ledger.md,ccr-deep-reading-ledger.md
2023,Clinical Cancer Research,Association of Antifolate Response Signature Status and Clinical Activity of Pemetrexed-Platinum Chemotherapy in Non-Small Cell Lung Cancer: The Piedmont Study,37233991,10.1158/1078-0432.ccr-22-2558,see source bibliography and intake manifest,not_classified_by_header,included,Translational Cancer Mechanisms and Therapy,official_section,clinical trial,,no secondary topic verification recorded,indexed,,not_reviewed,not_recorded,no,ccr-corpus-bibliography.csv,ccr-deep-reading-ledger.md,ccr-deep-reading-ledger.md
2023,Clinical Cancer Research,ATM Mutations Associate with Distinct Co-Mutational Patterns and Therapeutic Vulnerabilities in NSCLC,37733794,10.1158/1078-0432.ccr-23-1122,see source bibliography and intake manifest,not_classified_by_header,included,Translational Cancer Mechanisms and Therapy,official_section,translational / mixed,atm-stk11-kras-genomics-multiomics-preclinical-immunotherapy-chemotherapy-statistics,single-paper curated language domains,main_text_deep_read_complete,2026-09-14,in_progress,not_supplied,yes,ccr-corpus-bibliography.csv,ccr-deep-reading-ledger.md,ccr-deep-reading-ledger.md;ccr-2026-09-14-atm-smarca4-stk11-priority-language.md
2023,Clinical Cancer Research,"BBT-176, a Novel Fourth-Generation Tyrosine Kinase Inhibitor for Osimertinib-Resistant EGFR Mutations in Non-Small Cell Lung Cancer",37249619,10.1158/1078-0432.ccr-22-3901,see source bibliography and intake manifest,not_classified_by_header,included,Clinical Trials: Targeted Therapy,official_section,clinical trial,,no secondary topic verification recorded,indexed,,not_reviewed,not_recorded,no,ccr-corpus-bibliography.csv,ccr-deep-reading-ledger.md,ccr-deep-reading-ledger.md
2023,Clinical Cancer Research,Breakthrough Therapy Designation Criteria Identify Drugs that Improve Clinical Outcomes for Patients: A Case for More Streamlined Coverage of Promising Therapies,35616593,10.1158/1078-0432.ccr-22-0983,see source bibliography and intake manifest,not_classified_by_header,included,Perspectives,official_section,clinical trial,,no secondary topic verification recorded,indexed,,not_reviewed,not_recorded,no,ccr-corpus-bibliography.csv,ccr-deep-reading-ledger.md,ccr-deep-reading-ledger.md
2023,Clinical Cancer Research,Brief Report: Combination of Osimertinib and Dacomitinib to Mitigate Primary and Acquired Resistance in EGFR-Mutant Lung Adenocarcinomas,36729110,10.1158/1078-0432.ccr-22-3484,see source bibliography and intake manifest,author_manuscript,included,Research Briefs: Clinical Trial Brief Reports,official_section,clinical trial,,no secondary topic verification recorded,indexed,,not_reviewed,not_recorded,no,ccr-corpus-bibliography.csv,ccr-deep-reading-ledger.md,ccr-deep-reading-ledger.md
2023,Clinical Cancer Research,Circulating Tumor DNA Monitoring on Chemo-immunotherapy for Risk Stratification in Advanced Non-Small Cell Lung Cancer,37702716,10.1158/1078-0432.ccr-23-1578,see source bibliography and intake manifest,not_classified_by_header,included,Precision Medicine and Imaging,official_section,clinical trial,,no secondary topic verification recorded,indexed,,not_reviewed,not_recorded,no,ccr-corpus-bibliography.csv,ccr-deep-reading-ledger.md,ccr-deep-reading-ledger.md
2023,Clinical Cancer Research,Clinical and Molecular Features of Long-term Response to Immune Checkpoint Inhibitors in Patients with Advanced Non-Small Cell Lung Cancer,37432985,10.1158/1078-0432.ccr-23-1207,see source bibliography and intake manifest,not_classified_by_header,included,Precision Medicine and Imaging,official_section,translational / resistance,,no secondary topic verification recorded,indexed,,not_reviewed,not_recorded,no,ccr-corpus-bibliography.csv,ccr-deep-reading-ledger.md,ccr-deep-reading-ledger.md
2023,Clinical Cancer Research,"Clinicopathologic, Genomic, and Immunophenotypic Landscape of ATM Mutations in Non-Small Cell Lung Cancer",37097610,10.1158/1078-0432.ccr-22-3413,see source bibliography and intake manifest,author_manuscript,included,Translational Cancer Mechanisms and Therapy,official_section,translational / mixed,atm-stk11-genomics-ihc-loh-immunophenotyping-bulk-rna-immunotherapy-statistics,single-paper curated language domains,main_text_deep_read_complete,2026-09-14,in_progress,not_supplied,yes,ccr-corpus-bibliography.csv,ccr-deep-reading-ledger.md,ccr-deep-reading-ledger.md;ccr-2026-09-14-atm-smarca4-stk11-priority-language.md
2023,Clinical Cancer Research,Combination Therapies Targeting ALK-aberrant Neuroblastoma in Preclinical Models,36602782,10.1158/1078-0432.ccr-22-2274,see source bibliography and intake manifest,not_classified_by_header,included,Translational Cancer Mechanisms and Therapy,official_section,clinical trial,,no secondary topic verification recorded,indexed,,not_reviewed,not_recorded,no,ccr-corpus-bibliography.csv,ccr-deep-reading-ledger.md,ccr-deep-reading-ledger.md
2023,Clinical Cancer Research,Crizotinib Has Preclinical Efficacy in Philadelphia-Negative Myeloproliferative Neoplasms,36537918,10.1158/1078-0432.ccr-22-1763,see source bibliography and intake manifest,author_manuscript,included,Translational Cancer Mechanisms and Therapy,official_section,translational / resistance,,no secondary topic verification recorded,indexed,,not_reviewed,not_recorded,no,ccr-corpus-bibliography.csv,ccr-deep-reading-ledger.md,ccr-deep-reading-ledger.md
2023,Clinical Cancer Research,ctDNA Monitoring for Small Cell Lung Cancer: Ready for Prime Time?,37097069,10.1158/1078-0432.ccr-23-0420,see source bibliography and intake manifest,author_manuscript,excluded,CCR Translations,official_section,commentary,,no secondary topic verification recorded,indexed,,not_reviewed,not_recorded,no,ccr-corpus-bibliography.csv,ccr-deep-reading-ledger.md,ccr-deep-reading-ledger.md
2023,Clinical Cancer Research,De Novo and Histologically Transformed Small-Cell Lung Cancer Is Sensitive to Lurbinectedin Treatment Through the Modulation of EMT and NOTCH Signaling Pathways,37382635,10.1158/1078-0432.ccr-23-0471,see source bibliography and intake manifest,author_manuscript,included,Translational Cancer Mechanisms and Therapy,official_section,clinical trial,,no secondary topic verification recorded,indexed,,not_reviewed,not_recorded,no,ccr-corpus-bibliography.csv,ccr-deep-reading-ledger.md,ccr-deep-reading-ledger.md
2023,Clinical Cancer Research,Dynamic Mutational Landscape of Cerebrospinal Fluid Circulating Tumor DNA and Predictors of Survival after Proton Craniospinal Irradiation for Leptomeningeal Metastases,36449664,10.1158/1078-0432.ccr-22-2434,see source bibliography and intake manifest,author_manuscript,included,Precision Medicine and Imaging,official_section,biomarker / liquid biopsy,,no secondary topic verification recorded,indexed,,not_reviewed,not_recorded,no,ccr-corpus-bibliography.csv,ccr-deep-reading-ledger.md,ccr-deep-reading-ledger.md
2023,Clinical Cancer Research,Dynamics of Sequence and Structural Cell-Free DNA Landscapes in Small-Cell Lung Cancer,37071497,10.1158/1078-0432.ccr-22-2242,see source bibliography and intake manifest,not_classified_by_header,included,Translational Cancer Mechanisms and Therapy,official_section,biomarker / liquid biopsy,,no secondary topic verification recorded,indexed,,not_reviewed,not_recorded,no,ccr-corpus-bibliography.csv,ccr-deep-reading-ledger.md,ccr-deep-reading-ledger.md
2023,Clinical Cancer Research,Early Changes in Circulating Cell-Free KRAS G12C Predict Response to Adagrasib in KRAS Mutant Non-Small Cell Lung Cancer Patients,37279096,10.1158/1078-0432.ccr-23-0795,see source bibliography and intake manifest,author_manuscript,included,Precision Medicine and Imaging,official_section,clinical trial,,no secondary topic verification recorded,indexed,,not_reviewed,not_recorded,no,ccr-corpus-bibliography.csv,ccr-deep-reading-ledger.md,ccr-deep-reading-ledger.md
2023,Clinical Cancer Research,Efficacy of Osimertinib in Patients with Lung Cancer Positive for Uncommon EGFR Exon 19 Deletion Mutations,36913537,10.1158/1078-0432.ccr-22-3497,see source bibliography and intake manifest,author_manuscript,included,Translational Cancer Mechanisms and Therapy,official_section,clinical trial,,no secondary topic verification recorded,indexed,,not_reviewed,not_recorded,no,ccr-corpus-bibliography.csv,ccr-deep-reading-ledger.md,ccr-deep-reading-ledger.md
2023,Clinical Cancer Research,Entinostat Enhances the Efficacy of Chemotherapy in Small Cell Lung Cancer Through S-phase Arrest and Decreased Base Excision Repair,37725585,10.1158/1078-0432.ccr-23-1795,see source bibliography and intake manifest,not_classified_by_header,included,Translational Cancer Mechanisms and Therapy,official_section,translational / resistance,,no secondary topic verification recorded,indexed,,not_reviewed,not_recorded,no,ccr-corpus-bibliography.csv,ccr-deep-reading-ledger.md,ccr-deep-reading-ledger.md
2023,Clinical Cancer Research,Facts and Hopes on RAS Inhibitors and Cancer Immunotherapy,37581538,10.1158/1078-0432.ccr-22-3655,see source bibliography and intake manifest,not_classified_by_header,included,Review,official_section,clinical trial,,no secondary topic verification recorded,indexed,,not_reviewed,not_recorded,no,ccr-corpus-bibliography.csv,ccr-deep-reading-ledger.md,ccr-deep-reading-ledger.md
2023,Clinical Cancer Research,FDA Approval Summary: Amivantamab for the Treatment of Patients with Non-Small Cell Lung Cancer with EGFR Exon 20 Insertion Mutations,37022784,10.1158/1078-0432.ccr-22-3713,see source bibliography and intake manifest,author_manuscript,included,CCR Drug Updates,official_section,clinical trial,,no secondary topic verification recorded,indexed,,not_reviewed,not_recorded,no,ccr-corpus-bibliography.csv,ccr-deep-reading-ledger.md,ccr-deep-reading-ledger.md
2023,Clinical Cancer Research,FDA Approval Summary: Atezolizumab as Adjuvant Treatment following Surgical Resection and Platinum-Based Chemotherapy for Stage II to IIIA NSCLC,36951523,10.1158/1078-0432.ccr-22-3699,see source bibliography and intake manifest,author_manuscript,included,CCR Drug Updates,official_section,clinical trial,,no secondary topic verification recorded,indexed,,not_reviewed,not_recorded,no,ccr-corpus-bibliography.csv,ccr-deep-reading-ledger.md,ccr-deep-reading-ledger.md
2023,Clinical Cancer Research,FDA Approval Summary: Mobocertinib for Metastatic Non-Small Cell Lung Cancer with EGFR Exon 20 Insertion Mutations,36112541,10.1158/1078-0432.ccr-22-2072,see source bibliography and intake manifest,author_manuscript,included,CCR Drug Updates,official_section,clinical trial,,no secondary topic verification recorded,indexed,,not_reviewed,not_recorded,no,ccr-corpus-bibliography.csv,ccr-deep-reading-ledger.md,ccr-deep-reading-ledger.md
2023,Clinical Cancer Research,FDA Approval Summary: Selpercatinib for the Treatment of Advanced RET Fusion-Positive Solid Tumors,37219515,10.1158/1078-0432.ccr-23-0459,see source bibliography and intake manifest,author_manuscript,included,CCR Drug Updates,official_section,clinical trial,,no secondary topic verification recorded,indexed,,not_reviewed,not_recorded,no,ccr-corpus-bibliography.csv,ccr-deep-reading-ledger.md,ccr-deep-reading-ledger.md
2023,Clinical Cancer Research,Five-Year Clinical Outcomes after Neoadjuvant Nivolumab in Resectable Non-Small Cell Lung Cancer,36794455,10.1158/1078-0432.ccr-22-2994,see source bibliography and intake manifest,not_classified_by_header,included,Research Briefs: Clinical Trial Brief Reports,official_section,clinical trial,,no secondary topic verification recorded,indexed,,not_reviewed,not_recorded,no,ccr-corpus-bibliography.csv,ccr-deep-reading-ledger.md,ccr-deep-reading-ledger.md
2023,Clinical Cancer Research,IL6 Mediates Suppression of T- and NK-cell Function in EMT-associated TKI-resistant EGFR-mutant NSCLC,36595561,10.1158/1078-0432.ccr-22-3379,see source bibliography and intake manifest,author_manuscript,included,Translational Cancer Mechanisms and Therapy,official_section,clinical trial,,no secondary topic verification recorded,indexed,,not_reviewed,not_recorded,no,ccr-corpus-bibliography.csv,ccr-deep-reading-ledger.md,ccr-deep-reading-ledger.md
2023,Clinical Cancer Research,Immunogenomic Landscape of Neuroendocrine Prostate Cancer,37223924,10.1158/1078-0432.ccr-22-3743,see source bibliography and intake manifest,author_manuscript,included,Translational Cancer Mechanisms and Therapy,official_section,translational / mixed,,no secondary topic verification recorded,indexed,,not_reviewed,not_recorded,no,ccr-corpus-bibliography.csv,ccr-deep-reading-ledger.md,ccr-deep-reading-ledger.md
2023,Clinical Cancer Research,Novel Lymphocyte-Independent Antitumor Activity by PD-1 Blocking Antibody against PD-1+ Chemoresistant Lung Cancer Cells,36165915,10.1158/1078-0432.ccr-22-0761,see source bibliography and intake manifest,not_classified_by_header,included,Translational Cancer Mechanisms and Therapy,official_section,translational / resistance,,no secondary topic verification recorded,indexed,,not_reviewed,not_recorded,no,ccr-corpus-bibliography.csv,ccr-deep-reading-ledger.md,ccr-deep-reading-ledger.md
2023,Clinical Cancer Research,"Old Dog, New Trick: A Tumor-Intrinsic Role for PD-1 in Chemoresistant Tumor Subclones",36383142,10.1158/1078-0432.ccr-22-3022,see source bibliography and intake manifest,author_manuscript,excluded,CCR Translations,official_section,commentary,,no secondary topic verification recorded,indexed,,not_reviewed,not_recorded,no,ccr-corpus-bibliography.csv,ccr-deep-reading-ledger.md,ccr-deep-reading-ledger.md
2023,Clinical Cancer Research,"Osimertinib and Selpercatinib Efficacy, Safety, and Resistance in a Multicenter, Prospectively Treated Cohort of EGFR-Mutant and RET Fusion-Positive Lung Cancers",36996322,10.1158/1078-0432.ccr-22-2189,see source bibliography and intake manifest,author_manuscript,included,Clinical Trials: Targeted Therapy,official_section,translational / resistance,,no secondary topic verification recorded,indexed,,not_reviewed,not_recorded,no,ccr-corpus-bibliography.csv,ccr-deep-reading-ledger.md,ccr-deep-reading-ledger.md
2023,Clinical Cancer Research,Patient-Reported Outcomes as Interradiographic Predictors of Response in Non-Small Cell Lung Cancer,37233986,10.1158/1078-0432.ccr-23-0396,see source bibliography and intake manifest,not_classified_by_header,included,Translational Cancer Mechanisms and Therapy,official_section,clinical trial / PRO,,no secondary topic verification recorded,indexed,,not_reviewed,not_recorded,no,ccr-corpus-bibliography.csv,ccr-deep-reading-ledger.md,ccr-deep-reading-ledger.md
2023,Clinical Cancer Research,"Phase II Study of Docetaxel and Trametinib in Patients with KRAS Mutation Positive Recurrent Non-Small Cell Lung Cancer (NSCLC; SWOG S1507, NCT-02642042)",37233987,10.1158/1078-0432.ccr-22-3947,see source bibliography and intake manifest,author_manuscript,included,Clinical Trials: Targeted Therapy,official_section,clinical trial,,no secondary topic verification recorded,indexed,,not_reviewed,not_recorded,no,ccr-corpus-bibliography.csv,ccr-deep-reading-ledger.md,ccr-deep-reading-ledger.md
2023,Clinical Cancer Research,Randomized Trial of Tepotinib Plus Gefitinib versus Chemotherapy in EGFR-Mutant NSCLC with EGFR Inhibitor Resistance Due to MET Amplification: INSIGHT Final Analysis,36971777,10.1158/1078-0432.ccr-22-3318,see source bibliography and intake manifest,not_classified_by_header,included,Clinical Trials: Targeted Therapy,official_section,clinical trial,,no secondary topic verification recorded,indexed,,not_reviewed,not_recorded,no,ccr-corpus-bibliography.csv,ccr-deep-reading-ledger.md,ccr-deep-reading-ledger.md
2023,Clinical Cancer Research,Targeting BCL2 Overcomes Resistance and Augments Response to Aurora Kinase B Inhibition by AZD2811 in Small Cell Lung Cancer,37289191,10.1158/1078-0432.ccr-23-0375,see source bibliography and intake manifest,author_manuscript,included,Translational Cancer Mechanisms and Therapy,official_section,clinical trial,,no secondary topic verification recorded,indexed,,not_reviewed,not_recorded,no,ccr-corpus-bibliography.csv,ccr-deep-reading-ledger.md,ccr-deep-reading-ledger.md
2023,Clinical Cancer Research,Targeting KRAS-Mutated NSCLC: Novel TKIs and Beyond,37466928,10.1158/1078-0432.ccr-23-1658,see source bibliography and intake manifest,author_manuscript,excluded,CCR Translations,official_section,commentary,,no secondary topic verification recorded,indexed,,not_reviewed,not_recorded,no,ccr-corpus-bibliography.csv,ccr-deep-reading-ledger.md,ccr-deep-reading-ledger.md
2023,Clinical Cancer Research,Targeting Replication Stress and Chemotherapy Resistance with a Combination of Sacituzumab Govitecan and Berzosertib: A Phase I Clinical Trial,37154821,10.1158/1078-0432.ccr-23-0536,see source bibliography and intake manifest,author_manuscript,included,Clinical Trials: Targeted Therapy,official_section,translational / resistance,,no secondary topic verification recorded,indexed,,not_reviewed,not_recorded,no,ccr-corpus-bibliography.csv,ccr-deep-reading-ledger.md,ccr-deep-reading-ledger.md
2023,Clinical Cancer Research,"The GENIE BPC NSCLC Cohort: A Real-World Repository Integrating Standardized Clinical and Genomic Data for 1,846 Patients with Non-Small Cell Lung Cancer",37223888,10.1158/1078-0432.ccr-23-0580,see source bibliography and intake manifest,not_classified_by_header,included,Translational Cancer Mechanisms and Therapy,official_section,clinical trial,,no secondary topic verification recorded,indexed,,not_reviewed,not_recorded,no,ccr-corpus-bibliography.csv,ccr-deep-reading-ledger.md,ccr-deep-reading-ledger.md
2023,Clinical Cancer Research,Tumor Dynamic Model-Based Decision Support for Phase Ib/II Combination Studies: A Retrospective Assessment Based on Resampling of the Phase III Study IMpower150,36595566,10.1158/1078-0432.ccr-22-2323,see source bibliography and intake manifest,author_manuscript,included,Clinical Trials: Immunotherapy,official_section,clinical trial,,no secondary topic verification recorded,indexed,,not_reviewed,not_recorded,no,ccr-corpus-bibliography.csv,ccr-deep-reading-ledger.md,ccr-deep-reading-ledger.md
2023,Clinical Cancer Research,Tumor Mutational Burden as a Predictor of Survival with Durvalumab and/or Tremelimumab Treatment in Recurrent or Metastatic Head and Neck Squamous Cell Carcinoma,36806911,10.1158/1078-0432.ccr-22-2765,see source bibliography and intake manifest,not_classified_by_header,included,Clinical Trials: Immunotherapy,official_section,clinical trial,,no secondary topic verification recorded,indexed,,not_reviewed,not_recorded,no,ccr-corpus-bibliography.csv,ccr-deep-reading-ledger.md,ccr-deep-reading-ledger.md
2023,Clinical Cancer Research,Type 2 Diabetes Mellitus and Efficacy Outcomes from Immune Checkpoint Blockade in Patients with Cancer,37125965,10.1158/1078-0432.ccr-22-3116,see source bibliography and intake manifest,not_classified_by_header,included,Translational Cancer Mechanisms and Therapy,official_section,translational / mixed,,no secondary topic verification recorded,indexed,,not_reviewed,not_recorded,no,ccr-corpus-bibliography.csv,ccr-deep-reading-ledger.md,ccr-deep-reading-ledger.md
2023,Clinical Cancer Research,"Upregulation of Indoleamine 2,3-Dioxygenase 1 in Tumor Cells and Tertiary Lymphoid Structures is a Hallmark of Inflamed Non-Small Cell Lung Cancer",37756581,10.1158/1078-0432.ccr-23-1928,see source bibliography and intake manifest,not_classified_by_header,included,Translational Cancer Mechanisms and Therapy,official_section,clinical trial,,no secondary topic verification recorded,indexed,,not_reviewed,not_recorded,no,ccr-corpus-bibliography.csv,ccr-deep-reading-ledger.md,ccr-deep-reading-ledger.md
2024,Clinical Cancer Research,A Dysfunctional T-cell Gene Signature for Predicting Nonresponse to PD-1 Blockade in Non-small Cell Lung Cancer That Is Suitable for Routine Clinical Diagnostics,38088895,10.1158/1078-0432.ccr-23-1061,see source bibliography and intake manifest,not_classified_by_header,included,Precision Medicine and Imaging,official_section,translational / mixed,,no secondary topic verification recorded,indexed,,not_reviewed,not_recorded,no,ccr-corpus-bibliography.csv,ccr-deep-reading-ledger.md,ccr-deep-reading-ledger.md
2024,Clinical Cancer Research,"A Phase I First-in-Human Study of ABBV-011, a Seizure-Related Homolog Protein 6-Targeting Antibody-Drug Conjugate, in Patients with Small Cell Lung Cancer",39287821,10.1158/1078-0432.ccr-24-1547,see source bibliography and intake manifest,not_classified_by_header,included,Clinical Trials: Targeted Therapy,official_section,clinical trial,,no secondary topic verification recorded,indexed,,not_reviewed,not_recorded,no,ccr-corpus-bibliography.csv,ccr-deep-reading-ledger.md,ccr-deep-reading-ledger.md
2024,Clinical Cancer Research,"A Phase I/II Study of Valemetostat (DS-3201b), an EZH1/2 Inhibitor, in Combination with Irinotecan in Patients with Recurrent Small-Cell Lung Cancer",38940666,10.1158/1078-0432.ccr-23-3383,see source bibliography and intake manifest,author_manuscript,included,Research Briefs: Clinical Trial Brief Reports,official_section,clinical trial,,no secondary topic verification recorded,indexed,,not_reviewed,not_recorded,no,ccr-corpus-bibliography.csv,ccr-deep-reading-ledger.md,ccr-deep-reading-ledger.md
2024,Clinical Cancer Research,A Small Molecule with Big Impact: MRTX1133 Targets the KRASG12D Mutation in Pancreatic Cancer,37831007,10.1158/1078-0432.ccr-23-2098,see source bibliography and intake manifest,author_manuscript,included,Review,official_section,clinical trial,,no secondary topic verification recorded,indexed,,not_reviewed,not_recorded,no,ccr-corpus-bibliography.csv,ccr-deep-reading-ledger.md,ccr-deep-reading-ledger.md
2024,Clinical Cancer Research,Biomarker Identification and Risk Prediction Model Development for Differentiated Thyroid Carcinoma Lung Metastasis Based on Primary Lesion Proteomics,38723277,10.1158/1078-0432.ccr-23-3806,see source bibliography and intake manifest,not_classified_by_header,included,Translational Cancer Mechanisms and Therapy,official_section,translational / mixed,,no secondary topic verification recorded,indexed,,not_reviewed,not_recorded,no,ccr-corpus-bibliography.csv,ccr-deep-reading-ledger.md,ccr-deep-reading-ledger.md
2024,Clinical Cancer Research,Circulating Tumor DNA Dynamics Reveal KRAS G12C Mutation Heterogeneity and Response to Treatment with the KRAS G12C Inhibitor Divarasib in Solid Tumors,38995268,10.1158/1078-0432.ccr-24-0255,see source bibliography and intake manifest,not_classified_by_header,included,Precision Medicine and Imaging,official_section,biomarker / liquid biopsy,,no secondary topic verification recorded,indexed,,not_reviewed,not_recorded,no,ccr-corpus-bibliography.csv,ccr-deep-reading-ledger.md,ccr-deep-reading-ledger.md
2024,Clinical Cancer Research,Circulating Tumor DNA Enables Sensitive Detection of Actionable Gene Fusions and Rearrangements Across Cancer Types,38060240,10.1158/1078-0432.ccr-23-2693,see source bibliography and intake manifest,not_classified_by_header,included,Precision Medicine and Imaging,official_section,biomarker / liquid biopsy,,no secondary topic verification recorded,indexed,,not_reviewed,not_recorded,no,ccr-corpus-bibliography.csv,ccr-deep-reading-ledger.md,ccr-deep-reading-ledger.md
2024,Clinical Cancer Research,Combining Genomic Biomarkers to Guide Immunotherapy in Non-Small Cell Lung Cancer,38300729,10.1158/1078-0432.ccr-23-4027,see source bibliography and intake manifest,not_classified_by_header,included,Precision Medicine and Imaging,official_section,translational / resistance,,no secondary topic verification recorded,indexed,,not_reviewed,not_recorded,no,ccr-corpus-bibliography.csv,ccr-deep-reading-ledger.md,ccr-deep-reading-ledger.md
2024,Clinical Cancer Research,Detecting Small Cell Transformation in Patients with Advanced EGFR Mutant Lung Adenocarcinoma through Epigenomic cfDNA Profiling,38912901,10.1158/1078-0432.ccr-24-0466,see source bibliography and intake manifest,not_classified_by_header,included,Precision Medicine and Imaging,official_section,diagnostic / biomarker,,no secondary topic verification recorded,indexed,,not_reviewed,not_recorded,no,ccr-corpus-bibliography.csv,ccr-deep-reading-ledger.md,ccr-deep-reading-ledger.md
2024,Clinical Cancer Research,Development of a [89Zr]Zr-labeled Human Antibody using a Novel Phage-displayed Human scFv Library,38277241,10.1158/1078-0432.ccr-23-3647,see source bibliography and intake manifest,author_manuscript,included,Precision Medicine and Imaging,official_section,translational / resistance,,no secondary topic verification recorded,indexed,,not_reviewed,not_recorded,no,ccr-corpus-bibliography.csv,ccr-deep-reading-ledger.md,ccr-deep-reading-ledger.md
2024,Clinical Cancer Research,DICER1-Related Tumor Predisposition: Identification of At-risk Individuals and Recommended Surveillance Strategies,39400264,10.1158/1078-0432.ccr-24-1532,see source bibliography and intake manifest,author_manuscript,included,Translational Cancer Mechanisms and Therapy,official_section,translational / mixed,,no secondary topic verification recorded,indexed,,not_reviewed,not_recorded,no,ccr-corpus-bibliography.csv,ccr-deep-reading-ledger.md,ccr-deep-reading-ledger.md
2024,Clinical Cancer Research,"Diffuse Pleural Mesotheliomas with Genomic Near-Haploidization: A Newly Recognized Subset with Distinct Clinical, Histologic, and Molecular Features",38630790,10.1158/1078-0432.ccr-24-0085,see source bibliography and intake manifest,author_manuscript,included,Precision Medicine and Imaging,official_section,translational / mixed,,no secondary topic verification recorded,indexed,,not_reviewed,not_recorded,no,ccr-corpus-bibliography.csv,ccr-deep-reading-ledger.md,ccr-deep-reading-ledger.md
2024,Clinical Cancer Research,Durvalumab ± Tremelimumab + Platinum-Etoposide in Extensive-Stage Small Cell Lung Cancer (CASPIAN): Outcomes by PD-L1 Expression and Tissue Tumor Mutational Burden,37801329,10.1158/1078-0432.ccr-23-1689,see source bibliography and intake manifest,not_classified_by_header,included,Precision Medicine and Imaging,official_section,clinical trial,,no secondary topic verification recorded,indexed,,not_reviewed,not_recorded,no,ccr-corpus-bibliography.csv,ccr-deep-reading-ledger.md,ccr-deep-reading-ledger.md
2024,Clinical Cancer Research,Elucidating the Heterogeneity of Immunotherapy Response and Immune-Related Toxicities by Longitudinal ctDNA and Immune Cell Compartment Tracking in Lung Cancer,37939140,10.1158/1078-0432.ccr-23-1469,see source bibliography and intake manifest,not_classified_by_header,included,Precision Medicine and Imaging,official_section,biomarker / liquid biopsy,,no secondary topic verification recorded,indexed,,not_reviewed,not_recorded,no,ccr-corpus-bibliography.csv,ccr-deep-reading-ledger.md,ccr-deep-reading-ledger.md
2024,Clinical Cancer Research,Facts and Hopes in Neoadjuvant Immunotherapy: Current Approvals and Emerging Evidence,37955563,10.1158/1078-0432.ccr-23-0583,see source bibliography and intake manifest,author_manuscript,included,Review,official_section,clinical trial,,no secondary topic verification recorded,indexed,,not_reviewed,not_recorded,no,ccr-corpus-bibliography.csv,ccr-deep-reading-ledger.md,ccr-deep-reading-ledger.md
2024,Clinical Cancer Research,FDA Approval Summary: Repotrectinib for Locally Advanced or Metastatic ROS1-Positive Non-Small Cell Lung Cancer,38875108,10.1158/1078-0432.ccr-24-0949,see source bibliography and intake manifest,author_manuscript,included,CCR Drug Updates,official_section,clinical trial,,no secondary topic verification recorded,indexed,,not_reviewed,not_recorded,no,ccr-corpus-bibliography.csv,ccr-deep-reading-ledger.md,ccr-deep-reading-ledger.md
2024,Clinical Cancer Research,Measurement of ctDNA Tumor Fraction Identifies Informative Negative Liquid Biopsy Results and Informs Value of Tissue Confirmation,38526394,10.1158/1078-0432.ccr-23-3321,see source bibliography and intake manifest,not_classified_by_header,included,Precision Medicine and Imaging,official_section,biomarker / liquid biopsy,,no secondary topic verification recorded,indexed,,not_reviewed,not_recorded,no,ccr-corpus-bibliography.csv,ccr-deep-reading-ledger.md,ccr-deep-reading-ledger.md
2024,Clinical Cancer Research,Molecular and Pathologic Characterization of YAP1-Expressing Small Cell Lung Cancer Cell Lines Leads to Reclassification as SMARCA4-Deficient Malignancies,38180245,10.1158/1078-0432.ccr-23-2360,see source bibliography and intake manifest,not_classified_by_header,included,Translational Cancer Mechanisms and Therapy,official_section,preclinical / translational,,no secondary topic verification recorded,indexed,,not_reviewed,not_recorded,no,ccr-corpus-bibliography.csv,ccr-deep-reading-ledger.md,ccr-deep-reading-ledger.md
2024,Clinical Cancer Research,Multi-omics Analysis Reveals Immune Features Associated with Immunotherapy Benefit in Patients with Squamous Cell Lung Cancer from Phase III Lung-MAP S1400I Trial,38277235,10.1158/1078-0432.ccr-23-0251,see source bibliography and intake manifest,not_classified_by_header,included,Translational Cancer Mechanisms and Therapy,official_section,clinical trial,,no secondary topic verification recorded,indexed,,not_reviewed,not_recorded,no,ccr-corpus-bibliography.csv,ccr-deep-reading-ledger.md,ccr-deep-reading-ledger.md
2024,Clinical Cancer Research,Novel Approach to Accelerate Lung Cancer Research: Lung-MAP and the Potential of Public-Private Partnerships,37903180,10.1158/1078-0432.ccr-23-2690,see source bibliography and intake manifest,not_classified_by_header,included,Special Report,official_section,clinical trial,,no secondary topic verification recorded,indexed,,not_reviewed,not_recorded,no,ccr-corpus-bibliography.csv,ccr-deep-reading-ledger.md,ccr-deep-reading-ledger.md
2024,Clinical Cancer Research,Novel Combinations of Immunotherapies or DNA Damage Repair Inhibitors in Platinum-Refractory Extensive-Stage Small Cell Lung Cancer: The Phase II BALTIC Study,39017667,10.1158/1078-0432.ccr-24-0013,see source bibliography and intake manifest,not_classified_by_header,included,Clinical Trials: Immunotherapy,official_section,clinical trial,,no secondary topic verification recorded,indexed,,not_reviewed,not_recorded,no,ccr-corpus-bibliography.csv,ccr-deep-reading-ledger.md,ccr-deep-reading-ledger.md
2024,Clinical Cancer Research,Objective Analysis and Clinical Significance of the Spatial Tumor-Infiltrating Lymphocyte Patterns in Non-Small Cell Lung Cancer,38127300,10.1158/1078-0432.ccr-23-2457,see source bibliography and intake manifest,author_manuscript,included,Precision Medicine and Imaging,official_section,translational / resistance,,no secondary topic verification recorded,indexed,,not_reviewed,not_recorded,no,ccr-corpus-bibliography.csv,ccr-deep-reading-ledger.md,ccr-deep-reading-ledger.md
2024,Clinical Cancer Research,Pharmacologic Inhibition of EIF4A Blocks NRF2 Synthesis to Prevent Osteosarcoma Metastasis,39078310,10.1158/1078-0432.ccr-24-1317,see source bibliography and intake manifest,not_classified_by_header,included,Translational Cancer Mechanisms and Therapy,official_section,translational / resistance,,no secondary topic verification recorded,indexed,,not_reviewed,not_recorded,no,ccr-corpus-bibliography.csv,ccr-deep-reading-ledger.md,ccr-deep-reading-ledger.md
2024,Clinical Cancer Research,Phase I/II Study of Combined BCL-xL and MEK Inhibition with Navitoclax and Trametinib in KRAS or NRAS Mutant Advanced Solid Tumors,38456660,10.1158/1078-0432.ccr-23-3135,see source bibliography and intake manifest,not_classified_by_header,included,Clinical Trials: Targeted Therapy,official_section,clinical trial,,no secondary topic verification recorded,indexed,,not_reviewed,not_recorded,no,ccr-corpus-bibliography.csv,ccr-deep-reading-ledger.md,ccr-deep-reading-ledger.md
2024,Clinical Cancer Research,Phase II Study of Durvalumab Immediately after Completion of Chemoradiotherapy in Unresectable Stage III Non-small Cell Lung Cancer: TORG1937 (DATE Study),38165684,10.1158/1078-0432.ccr-23-2568,see source bibliography and intake manifest,not_classified_by_header,included,Research Briefs: Clinical Trial Brief Reports,official_section,clinical trial,,no secondary topic verification recorded,indexed,,not_reviewed,not_recorded,no,ccr-corpus-bibliography.csv,ccr-deep-reading-ledger.md,ccr-deep-reading-ledger.md
2024,Clinical Cancer Research,Platinum-Based Chemotherapy Attenuates the Effector Response of CD8 T Cells to Concomitant PD-1 Blockade,37992307,10.1158/1078-0432.ccr-23-1316,see source bibliography and intake manifest,not_classified_by_header,included,Translational Cancer Mechanisms and Therapy,official_section,preclinical / translational,,no secondary topic verification recorded,indexed,,not_reviewed,not_recorded,no,ccr-corpus-bibliography.csv,ccr-deep-reading-ledger.md,ccr-deep-reading-ledger.md
2024,Clinical Cancer Research,"Safety, Efficacy, and Biomarker Analysis of Crizotinib in MET-Mutated Non-Small Cell Lung Cancer-Results from the Drug Rediscovery Protocol",39352721,10.1158/1078-0432.ccr-24-1925,see source bibliography and intake manifest,not_classified_by_header,included,Clinical Trials: Targeted Therapy,official_section,clinical trial,,no secondary topic verification recorded,indexed,,not_reviewed,not_recorded,no,ccr-corpus-bibliography.csv,ccr-deep-reading-ledger.md,ccr-deep-reading-ledger.md
2024,Clinical Cancer Research,"Targeted Therapies, Novel Antibodies, and Immunotherapies in Advanced Non-Small Cell Lung Cancer: Clinical Evidence and Drug Approval Patterns",39177967,10.1158/1078-0432.ccr-24-0741,see source bibliography and intake manifest,not_classified_by_header,included,Review,official_section,clinical trial,,no secondary topic verification recorded,indexed,,not_reviewed,not_recorded,no,ccr-corpus-bibliography.csv,ccr-deep-reading-ledger.md,ccr-deep-reading-ledger.md
2024,Clinical Cancer Research,Targeting AKR1B10 by Drug Repurposing with Epalrestat Overcomes Chemoresistance in Non-Small Cell Lung Cancer Patient-Derived Tumor Organoids,39017606,10.1158/1078-0432.ccr-23-3980,see source bibliography and intake manifest,not_classified_by_header,included,Translational Cancer Mechanisms and Therapy,official_section,clinical trial,,no secondary topic verification recorded,indexed,,not_reviewed,not_recorded,no,ccr-corpus-bibliography.csv,ccr-deep-reading-ledger.md,ccr-deep-reading-ledger.md
2024,Clinical Cancer Research,TROP2 Is Associated with Primary Resistance to Immune Checkpoint Inhibition in Patients with Advanced Non-Small Cell Lung Cancer,38048058,10.1158/1078-0432.ccr-23-2566,see source bibliography and intake manifest,not_classified_by_header,included,Research Briefs: Precision Medicine and Therapeutics,official_section,clinical trial,,no secondary topic verification recorded,indexed,,not_reviewed,not_recorded,no,ccr-corpus-bibliography.csv,ccr-deep-reading-ledger.md,ccr-deep-reading-ledger.md
2024,Clinical Cancer Research,Tumor-Specific Activity of Precision Medicines in the NCI-MATCH Trial,38109210,10.1158/1078-0432.ccr-23-0983,see source bibliography and intake manifest,author_manuscript,included,Precision Medicine and Imaging,official_section,clinical trial,,no secondary topic verification recorded,indexed,,not_reviewed,not_recorded,no,ccr-corpus-bibliography.csv,ccr-deep-reading-ledger.md,ccr-deep-reading-ledger.md
2024,Clinical Cancer Research,Urinary Metabolite Diagnostic and Prognostic Liquid Biopsy Biomarkers of Lung Cancer in Nonsmokers and Tobacco Smokers,38837903,10.1158/1078-0432.ccr-24-0637,see source bibliography and intake manifest,not_classified_by_header,included,Translational Cancer Mechanisms and Therapy,official_section,observational / epidemiology,,no secondary topic verification recorded,indexed,,not_reviewed,not_recorded,no,ccr-corpus-bibliography.csv,ccr-deep-reading-ledger.md,ccr-deep-reading-ledger.md
2024,Clinical Cancer Research,YAP1 Status Defines Two Intrinsic Subtypes of LCNEC with Distinct Molecular Features and Therapeutic Vulnerabilities,39150543,10.1158/1078-0432.ccr-24-0361,see source bibliography and intake manifest,author_manuscript,included,Translational Cancer Mechanisms and Therapy,official_section,clinical trial,,no secondary topic verification recorded,indexed,,not_reviewed,not_recorded,no,ccr-corpus-bibliography.csv,ccr-deep-reading-ledger.md,ccr-deep-reading-ledger.md
2024,Nature,CTLA4 blockade abrogates KEAP1/STK11-related resistance to PD-(L)1 inhibitors,39385035,10.1038/s41586-024-07943-7,2024 article; online 2024-10-09; supplied corrected 2025 version; correction 10.1038/s41586-025-08767-9,not_classified_by_header,included,,not_recorded_for_this_journal,clinical-to-mechanistic dual-checkpoint immunotherapy,STK11/KEAP1; co-mutations; PFS/OS/ORR; bulk immune deconvolution; mouse single-cell RNA; mIF; flow cytometry; myeloid/CD4/CD8 depletion; iNOS,bibliography content classification,main_text_deep_read_complete,2026-09-19,in_progress,partially_reviewed,yes,nature-stk11-priority-bibliography.csv,nature-stk11-deep-reading-ledger.md,nature-stk11-deep-reading-ledger.md;nature-2026-09-19-stk11-language.md
2025,Clinical Cancer Research,68Ga-NK224 PET/CT for Noninvasive Evaluation of PD-L1 Expression and Intertumor Heterogeneity: A Translational Exploratory Study,40343815,10.1158/1078-0432.ccr-25-0160,see source bibliography and intake manifest,not_classified_by_header,included,Precision Medicine and Imaging,official_section,preclinical / translational,,no secondary topic verification recorded,main_text_deep_read_complete,2026-09-08,not_reviewed,not_recorded,no,ccr-corpus-bibliography.csv,ccr-deep-reading-ledger.md,ccr-deep-reading-ledger.md;ccr-2025-immunotherapy-fulltext-language.md;ccr-phrase-patterns.md
2025,Clinical Cancer Research,Aberrant Activation of Wound-Healing Programs within the Metastatic Niche Facilitates Lung Colonization by Osteosarcoma Cells,39540841,10.1158/1078-0432.ccr-24-0049,see source bibliography and intake manifest,not_classified_by_header,included,Translational Cancer Mechanisms and Therapy,official_section,clinical trial,,no secondary topic verification recorded,indexed,,not_reviewed,not_recorded,no,ccr-corpus-bibliography.csv,ccr-deep-reading-ledger.md,ccr-deep-reading-ledger.md
2025,Clinical Cancer Research,Ad-SGE-DKK3 Gene Therapy Overcomes Resistance to Immune Checkpoint Blockade in Pleural Mesothelioma,40208070,10.1158/1078-0432.ccr-24-4024,see source bibliography and intake manifest,author_manuscript,included,Clinical Trials: Immunotherapy,official_section,clinical trial,proteomics-immunopeptidomics,single-paper curated language domains,main_text_deep_read_complete,2026-09-08,not_reviewed,not_recorded,no,ccr-corpus-bibliography.csv,ccr-deep-reading-ledger.md,ccr-deep-reading-ledger.md;ccr-2025-immunotherapy-fulltext-language.md;ccr-phrase-patterns.md
2025,Clinical Cancer Research,Amplification of Extrachromosomal MYC Paralogs Shapes Immunosuppressive Tumor Microenvironment in Small Cell Lung Cancer,40299768,10.1158/1078-0432.ccr-24-3399,see source bibliography and intake manifest,not_classified_by_header,included,Translational Mechanisms and Therapy,official_section,original research,ecdna-myc-copy-number-bulk-rna-spatial-proteomics,single-paper curated language domains,main_text_deep_read_complete,2026-09-19,not_reviewed,not_supplied,no,ccr-corpus-bibliography.csv,ccr-deep-reading-ledger.md,ccr-2025-2026-09-19-intake-language.md#pmid-40299768;ccr-2025-2026-09-19-intake-manifest.csv
2025,Clinical Cancer Research,Analysis of Shared Variants between Cancer Biospecimens,39561276,10.1158/1078-0432.ccr-24-1583,see source bibliography and intake manifest,author_manuscript,included,Precision Medicine and Imaging,official_section,original research,shared-variant-computational-genomics-diagnostic-relatedness,single-paper curated language domains,main_text_deep_read_complete,2026-09-19,not_reviewed,not_supplied,no,ccr-corpus-bibliography.csv,ccr-deep-reading-ledger.md,ccr-2025-2026-09-19-intake-language.md#pmid-39561276;ccr-2025-2026-09-19-intake-manifest.csv
2025,Clinical Cancer Research,"Characterization of Plasma Cell-Free DNA Variants as of Tumor or Clonal Hematopoiesis Origin in 16,812 Advanced Cancer Patients",39932457,10.1158/1078-0432.ccr-24-3335,see source bibliography and intake manifest,publisher_main_pdf,included,Precision Medicine and Imaging,official_section,retrospective molecular profiling,genomics;liquid-biopsy;clonal-hematopoiesis;matched-normal;variant-attribution,single-paper curated language domains,main_text_deep_read_complete,2026-09-20,not_reviewed,not_supplied,no,ccr-corpus-bibliography.csv,ccr-deep-reading-ledger.md,ccr-2025-genomics-2026-09-20-language.md#pmid-39932457;ccr-2025-genomics-2026-09-20-manifest.csv
2025,Clinical Cancer Research,Combined Targeting of PD-1 and TIM-3 in Patients with Locally Advanced or Metastatic Non-Small Cell Lung Cancer: AMBER Part 2B,40552922,10.1158/1078-0432.ccr-25-0806,see source bibliography and intake manifest,not_classified_by_header,included,Clinical Trials: Immunotherapy,official_section,clinical trial,,no secondary topic verification recorded,main_text_deep_read_complete,2026-09-08,not_reviewed,not_recorded,no,ccr-corpus-bibliography.csv,ccr-deep-reading-ledger.md,ccr-deep-reading-ledger.md;ccr-2025-immunotherapy-fulltext-language.md;ccr-phrase-patterns.md
2025,Clinical Cancer Research,Concordance between Tumor Tissue and Plasma DNA Genotyping in the NCI-MATCH Trial (EAY131),40388547,10.1158/1078-0432.ccr-24-3531,see source bibliography and intake manifest,author_manuscript,included,Precision Medicine and Imaging,official_section,paired tissue-plasma genotyping study,genomics;liquid-biopsy;tissue-plasma-concordance;actionable-alterations;trial-selection,single-paper curated language domains,main_text_deep_read_complete,2026-09-20,not_reviewed,not_supplied,no,ccr-corpus-bibliography.csv,ccr-deep-reading-ledger.md,ccr-2025-genomics-2026-09-20-language.md#pmid-40388547;ccr-2025-genomics-2026-09-20-manifest.csv
2025,Clinical Cancer Research,ctDNA Clearance as an Early Indicator of Improved Clinical Outcomes in Advanced NSCLC Treated with TKI: Findings from an Aggregate Analysis of Eight Clinical Trials,40261185,10.1158/1078-0432.ccr-24-3612,see source bibliography and intake manifest,publisher_main_pdf,included,Precision Medicine and Imaging,official_section,pooled patient-level biomarker analysis,liquid-biopsy;ctDNA-clearance;TKI;landmark-analysis;internal-validation;survival,single-paper curated language domains,main_text_deep_read_complete,2026-09-20,not_reviewed,not_supplied,no,ccr-corpus-bibliography.csv,ccr-deep-reading-ledger.md,ccr-2025-genomics-2026-09-20-language.md#pmid-40261185;ccr-2025-genomics-2026-09-20-manifest.csv
2025,Clinical Cancer Research,D3-GPC2-Directed CAR T Cells Are Safe and Efficacious in Preclinical Models of Neuroblastoma and Small Cell Lung Cancer,41026583,10.1158/1078-0432.ccr-25-0089,see source bibliography and intake manifest,author_manuscript,included,Translational Mechanisms and Therapy,official_section,clinical trial,,no secondary topic verification recorded,main_text_deep_read_complete,2026-09-08,not_reviewed,not_recorded,no,ccr-corpus-bibliography.csv,ccr-deep-reading-ledger.md,ccr-deep-reading-ledger.md;ccr-2025-immunotherapy-fulltext-language.md;ccr-phrase-patterns.md
2025,Clinical Cancer Research,Divergent Clinical and Immunologic Outcomes Based on STK11 Co-mutation Status in Resectable KRAS-Mutant Lung Cancers Following Neoadjuvant Immune Checkpoint Blockade,39545922,10.1158/1078-0432.ccr-24-2983,see source bibliography and intake manifest,not_classified_by_header,included,Precision Medicine and Imaging,official_section,translational / resistance,,no secondary topic verification recorded,main_text_deep_read_complete,2026-09-08,not_reviewed,not_recorded,no,ccr-corpus-bibliography.csv,ccr-deep-reading-ledger.md,ccr-deep-reading-ledger.md;ccr-2025-immunotherapy-fulltext-language.md;ccr-phrase-patterns.md
2025,Clinical Cancer Research,Early ctDNA Dynamics Inform First-Line Therapy in Patients with Extensive-Stage Small Cell Lung Cancer,40788282,10.1158/1078-0432.ccr-25-2011,see source bibliography and intake manifest,author_manuscript,included,Research Briefs: Precision Medicine and Therapeutics,official_section,biomarker / liquid biopsy,,no secondary topic verification recorded,main_text_deep_read_complete,2026-09-08,not_reviewed,not_recorded,no,ccr-corpus-bibliography.csv,ccr-deep-reading-ledger.md,ccr-deep-reading-ledger.md;ccr-2025-immunotherapy-fulltext-language.md;ccr-phrase-patterns.md
2025,Clinical Cancer Research,"Effects of CVA21, an Oncolytic Virus, in Combination with Pembrolizumab on Immunogenicity and the Tumor Microenvironment in Advanced NSCLC: A Phase I/II Trial",40932352,10.1158/1078-0432.ccr-25-1449,see source bibliography and intake manifest,not_classified_by_header,included,Clinical Trials: Immunotherapy,official_section,original research,oncolytic-virus-immunotherapy-wgs-spatial-proteomics,single-paper curated language domains,main_text_deep_read_complete,2026-09-19,not_reviewed,not_supplied,no,ccr-corpus-bibliography.csv,ccr-deep-reading-ledger.md,ccr-2025-2026-09-19-intake-language.md#pmid-40932352;ccr-2025-2026-09-19-intake-manifest.csv
2025,Clinical Cancer Research,Elevated ctDNA Tumor Fraction Is Associated with Improved Mutation Detection but Worse Overall Survival in Advanced Non-Small Cell Lung Cancer: A Lung-MAP Study,40465842,10.1158/1078-0432.ccr-24-3658,see source bibliography and intake manifest,author_manuscript,included,Translational Cancer Mechanisms and Therapy,official_section,paired liquid-biopsy biomarker analysis,genomics;STK11;liquid-biopsy;tumor-fraction;copy-number;concordance;survival,single-paper curated language domains,main_text_deep_read_complete,2026-09-20,not_reviewed,not_supplied,no,ccr-corpus-bibliography.csv,ccr-deep-reading-ledger.md,ccr-2025-genomics-2026-09-20-language.md#pmid-40465842;ccr-2025-genomics-2026-09-20-manifest.csv
2025,Clinical Cancer Research,Factors Associated with Disease Progression after Discontinuation of Immune Checkpoint Inhibitors for Immune-Related Toxicity in Patients with Advanced Non-Small Cell Lung Cancer,40247431,10.1158/1078-0432.ccr-24-2990,see source bibliography and intake manifest,author_manuscript,included,Precision Medicine and Imaging,official_section,translational / mixed,,no secondary topic verification recorded,main_text_deep_read_complete,2026-09-08,not_reviewed,not_recorded,no,ccr-corpus-bibliography.csv,ccr-deep-reading-ledger.md,ccr-deep-reading-ledger.md;ccr-2025-immunotherapy-fulltext-language.md;ccr-phrase-patterns.md
2025,Clinical Cancer Research,First-Line MET Tyrosine Kinase Inhibitors versus Immunotherapy ± Chemotherapy for Patients with MET Exon 14 Skipping Mutant Metastatic NSCLC,40864503,10.1158/1078-0432.ccr-25-1735,see source bibliography and intake manifest,not_classified_by_header,included,Translational Mechanisms and Therapy,official_section,clinical trial,,no secondary topic verification recorded,main_text_deep_read_complete,2026-09-08,not_reviewed,not_recorded,no,ccr-corpus-bibliography.csv,ccr-deep-reading-ledger.md,ccr-deep-reading-ledger.md;ccr-2025-immunotherapy-fulltext-language.md;ccr-phrase-patterns.md
2025,Clinical Cancer Research,Follow-up Analysis Enhances Understanding of Molecular Residual Disease in Localized Non-Small Cell Lung Cancer,39853318,10.1158/1078-0432.ccr-24-2909,see source bibliography and intake manifest,publisher_main_pdf,included,Precision Medicine and Imaging,official_section,longitudinal MRD cohort update,liquid-biopsy;MRD;postoperative-NSCLC;landmark-analysis;propensity-matching;survival,single-paper curated language domains,main_text_deep_read_complete,2026-09-20,not_reviewed,not_supplied,no,ccr-corpus-bibliography.csv,ccr-deep-reading-ledger.md,ccr-2025-genomics-2026-09-20-language.md#pmid-39853318;ccr-2025-genomics-2026-09-20-manifest.csv
2025,Clinical Cancer Research,Impact of Co-mutations and Transcriptional Signatures in Non-Small Cell Lung Cancer Patients Treated with Adagrasib in the KRYSTAL-1 Trial,39804166,10.1158/1078-0432.ccr-24-2310,see source bibliography and intake manifest,publisher_main_pdf,included,Precision Medicine and Imaging,official_section,exploratory clinical biomarker and preclinical study,genomics;co-mutation;STK11;KEAP1;NRF2;targeted-transcriptomics;CRISPR;targeted-therapy;survival,single-paper curated language domains,main_text_deep_read_complete,2026-09-20,not_reviewed,not_supplied,no,ccr-corpus-bibliography.csv,ccr-deep-reading-ledger.md,ccr-2025-genomics-2026-09-20-language.md#pmid-39804166;ccr-2025-genomics-2026-09-20-manifest.csv
2025,Clinical Cancer Research,In Situ RAS:RAF Binding Correlates with Response to KRASG12C Inhibitors in KRASG12C-Mutant Non-Small Cell Lung Cancer,39836411,10.1158/1078-0432.ccr-24-3714,see source bibliography and intake manifest,author_manuscript,included,Translational Cancer Mechanisms and Therapy,official_section,functional biomarker and preclinical study,KRAS-G12C;functional-biomarker;protein-proximity;preclinical;PDX;targeted-therapy,single-paper curated language domains,main_text_deep_read_complete,2026-09-20,not_reviewed,not_supplied,no,ccr-corpus-bibliography.csv,ccr-deep-reading-ledger.md,ccr-2025-genomics-2026-09-20-language.md#pmid-39836411;ccr-2025-genomics-2026-09-20-manifest.csv
2025,Clinical Cancer Research,"Izalontamab (SI-B001), a Novel EGFRxHER3 Bispecific Antibody in Patients with Locally Advanced or Metastatic Epithelial Tumor: Results from First-in-Human Phase I/Ib Study",40260627,10.1158/1078-0432.ccr-25-0206,see source bibliography and intake manifest,not_classified_by_header,included,Clinical Trials: Molecularly Targeted Therapy,official_section,clinical trial,,no secondary topic verification recorded,indexed,,not_reviewed,not_recorded,no,ccr-corpus-bibliography.csv,ccr-deep-reading-ledger.md,ccr-deep-reading-ledger.md
2025,Clinical Cancer Research,Liquid and Tissue Biopsies for Identifying MET Exon 14 Skipping NSCLC: Analyses from the Phase II VISION Study of Tepotinib,40310449,10.1158/1078-0432.ccr-24-4097,see source bibliography and intake manifest,publisher_main_pdf,included,Precision Medicine and Imaging,official_section,single-arm clinical trial biomarker analysis,genomics;liquid-biopsy;MET-exon14;co-alterations;tumor-shedding;targeted-therapy,single-paper curated language domains,main_text_deep_read_complete,2026-09-20,not_reviewed,not_supplied,no,ccr-corpus-bibliography.csv,ccr-deep-reading-ledger.md,ccr-2025-genomics-2026-09-20-language.md#pmid-40310449;ccr-2025-genomics-2026-09-20-manifest.csv
2025,Clinical Cancer Research,Longitudinal Blood Immune-Inflammatory and Radiomic Profiling to Decode Different Patterns of Acquired Resistance to Immunotherapy in Patients with NSCLC,39670974,10.1158/1078-0432.ccr-24-1926,see source bibliography and intake manifest,not_classified_by_header,included,Precision Medicine and Imaging,official_section,original research,longitudinal-immune-radiomics-acquired-resistance,single-paper curated language domains,main_text_deep_read_complete,2026-09-19,not_reviewed,not_supplied,no,ccr-corpus-bibliography.csv,ccr-deep-reading-ledger.md,ccr-2025-2026-09-19-intake-language.md#pmid-39670974;ccr-2025-2026-09-19-intake-manifest.csv
2025,Clinical Cancer Research,LRP1b Loss Predicts Sensitivity to Immunotherapy in Patients with NSCLC: An Analysis of the Phase III CheckMate-026 Randomized Trial,41065506,10.1158/1078-0432.ccr-25-0952,see source bibliography and intake manifest,author_manuscript,included,Novel Biomarkers and Precision Medicine,official_section,clinical trial,,no secondary topic verification recorded,main_text_deep_read_complete,2026-09-08,not_reviewed,not_recorded,no,ccr-corpus-bibliography.csv,ccr-deep-reading-ledger.md,ccr-deep-reading-ledger.md;ccr-2025-immunotherapy-fulltext-language.md;ccr-phrase-patterns.md
2025,Clinical Cancer Research,"MAPK Pathway-Activating Alteration and Immunotherapy Efficacy in Squamous Cell Lung Carcinoma: Results from the Randomized, Prospective SQUINT Trial",39836372,10.1158/1078-0432.ccr-24-2077,see source bibliography and intake manifest,not_classified_by_header,included,Clinical Trials: Immunotherapy,official_section,original research,mapk-genomics-immunotherapy-multiplex-if-survival,single-paper curated language domains,main_text_deep_read_complete,2026-09-19,not_reviewed,not_supplied,no,ccr-corpus-bibliography.csv,ccr-deep-reading-ledger.md,ccr-2025-2026-09-19-intake-language.md#pmid-39836372;ccr-2025-2026-09-19-intake-manifest.csv
2025,Clinical Cancer Research,Metabolic Tumor Volume Assessed by 18F FDG-PET CT Scan as a Predictive Biomarker for Immune Checkpoint Blockers in Advanced NSCLC and Its Biological Correlates,39437011,10.1158/1078-0432.ccr-24-1993,see source bibliography and intake manifest,publisher_main_pdf,included,Precision Medicine and Imaging,official_section,observational imaging biomarker with multiomic correlates,imaging;immunotherapy;genomics;bulk-transcriptomics;targeted-proteomics;metagenomics;interaction-analysis,single-paper curated language domains,main_text_deep_read_complete,2026-09-20,not_reviewed,not_supplied,no,ccr-corpus-bibliography.csv,ccr-deep-reading-ledger.md,ccr-2025-genomics-2026-09-20-language.md#pmid-39437011;ccr-2025-genomics-2026-09-20-manifest.csv
2025,Clinical Cancer Research,Molecular Characterization of NUT Carcinoma: A Report from the NUT Carcinoma Registry,40704901,10.1158/1078-0432.ccr-25-1071,see source bibliography and intake manifest,author_manuscript,included,Precision Medicine and Imaging,official_section,registry molecular characterization,genomics;NUTM1-fusion;rare-thoracic-cancer;co-alterations;diagnostic-sensitivity,single-paper curated language domains,main_text_deep_read_complete,2026-09-20,not_reviewed,not_supplied,no,ccr-corpus-bibliography.csv,ccr-deep-reading-ledger.md,ccr-2025-genomics-2026-09-20-language.md#pmid-40704901;ccr-2025-genomics-2026-09-20-manifest.csv
2025,Clinical Cancer Research,Multidimensional Analysis of B7 Homolog 3 RNA Expression in Small Cell Lung Cancer Molecular Subtypes,40553459,10.1158/1078-0432.ccr-24-3981,see source bibliography and intake manifest,not_classified_by_header,included,Research Briefs: Precision Medicine and Therapeutics,official_section,clinical trial,,no secondary topic verification recorded,main_text_deep_read_complete,2026-09-08,not_reviewed,not_recorded,no,ccr-corpus-bibliography.csv,ccr-deep-reading-ledger.md,ccr-deep-reading-ledger.md;ccr-2025-immunotherapy-fulltext-language.md;ccr-phrase-patterns.md
2025,Clinical Cancer Research,Multiomics and Single-Cell Insights Reveal a Lysophosphatidic Acid-Mediated Resistant Mechanism to Third-generation EGFR-TKI in Non-Small Cell Lung Cancer,40853904,10.1158/1078-0432.ccr-25-0993,see source bibliography and intake manifest,not_classified_by_header,included,Translational Mechanisms and Therapy,official_section,original research,metabolomics-bulk-rna-proteomics-single-cell-egfr-resistance,single-paper curated language domains,main_text_deep_read_complete,2026-09-19,not_reviewed,not_supplied,no,ccr-corpus-bibliography.csv,ccr-deep-reading-ledger.md,ccr-2025-2026-09-19-intake-language.md#pmid-40853904;ccr-2025-2026-09-19-intake-manifest.csv
2025,Clinical Cancer Research,Noninvasive Multicancer Detection Using DNA Hypomethylation of LINE-1 Retrotransposons,39620930,10.1158/1078-0432.ccr-24-2669,see source bibliography and intake manifest,publisher_main_pdf,included,Precision Medicine and Imaging,official_section,diagnostic classifier development and validation,epigenomics;liquid-biopsy;LINE1;hypomethylation;machine-learning;copy-number;multicancer-detection,single-paper curated language domains,main_text_deep_read_complete,2026-09-20,not_reviewed,not_supplied,no,ccr-corpus-bibliography.csv,ccr-deep-reading-ledger.md,ccr-2025-genomics-2026-09-20-language.md#pmid-39620930;ccr-2025-genomics-2026-09-20-manifest.csv
2025,Clinical Cancer Research,Phase I Dose-Escalation Trial Combining Olaparib and Thoracic Radiotherapy in Extensive-Stage Small Cell Lung Cancer,40880183,10.1158/1078-0432.ccr-24-4342,see source bibliography and intake manifest,author_manuscript,included,Clinical Trials: Novel Mechanisms,official_section,clinical trial,,no secondary topic verification recorded,indexed,,not_reviewed,not_recorded,no,ccr-corpus-bibliography.csv,ccr-deep-reading-ledger.md,ccr-deep-reading-ledger.md
2025,Clinical Cancer Research,Phase I Study of ROR1-Specific CAR-T Cells in Advanced Hematopoietic and Epithelial Malignancies,39466024,10.1158/1078-0432.ccr-24-2172,see source bibliography and intake manifest,not_classified_by_header,included,Clinical Trials: Immunotherapy,official_section,preclinical / translational,,no secondary topic verification recorded,main_text_deep_read_complete,2026-09-08,not_reviewed,not_recorded,no,ccr-corpus-bibliography.csv,ccr-deep-reading-ledger.md,ccr-deep-reading-ledger.md;ccr-2025-immunotherapy-fulltext-language.md;ccr-phrase-patterns.md
2025,Clinical Cancer Research,Phase I/II Investigator-Initiated Study of Olaparib and Temozolomide in SCLC: Final Analysis and CNS Outcomes,39470668,10.1158/1078-0432.ccr-24-2350,see source bibliography and intake manifest,not_classified_by_header,included,Clinical Trials: Targeted Therapy,official_section,original research,sclc-parp-temozolomide-cns-efficacy-safety,single-paper curated language domains,main_text_deep_read_complete,2026-09-19,not_reviewed,not_supplied,no,ccr-corpus-bibliography.csv,ccr-deep-reading-ledger.md,ccr-2025-2026-09-19-intake-language.md#pmid-39470668;ccr-2025-2026-09-19-intake-manifest.csv
2025,Clinical Cancer Research,"Phase I/II Trial of Exportin 1 Inhibitor Selinexor plus Docetaxel in Previously Treated, Advanced KRAS-Mutant Non-Small Cell Lung Cancer",39651955,10.1158/1078-0432.ccr-24-1722,see source bibliography and intake manifest,author_manuscript,included,Clinical Trials: Targeted Therapy,official_section,translational / mixed,,no secondary topic verification recorded,indexed,,not_reviewed,not_recorded,no,ccr-corpus-bibliography.csv,ccr-deep-reading-ledger.md,ccr-deep-reading-ledger.md
2025,Clinical Cancer Research,Phase II Open-Label Trial of Brentuximab Vedotin with Pembrolizumab in PD-1-Pretreated Metastatic Non-Small Cell Lung Cancer and Metastatic Cutaneous Melanoma,39786430,10.1158/1078-0432.ccr-24-1478,see source bibliography and intake manifest,not_classified_by_header,included,Clinical Trials: Immunotherapy,official_section,translational / resistance,,no secondary topic verification recorded,main_text_deep_read_complete,2026-09-08,not_reviewed,not_recorded,no,ccr-corpus-bibliography.csv,ccr-deep-reading-ledger.md,ccr-deep-reading-ledger.md;ccr-2025-immunotherapy-fulltext-language.md;ccr-phrase-patterns.md
2025,Clinical Cancer Research,"Preclinical Evaluation of DB-1419, a Novel Bifunctional and Bispecific Anti-B7-H3 × PD-L1 Antibody-Drug Conjugate",40499141,10.1158/1078-0432.ccr-25-0634,see source bibliography and intake manifest,not_classified_by_header,included,Translational Cancer Mechanisms and Therapy,official_section,translational / resistance,adc-pharmacology,single-paper curated language domains,main_text_deep_read_complete,2026-09-08,not_reviewed,not_recorded,no,ccr-corpus-bibliography.csv,ccr-deep-reading-ledger.md,ccr-deep-reading-ledger.md;ccr-2025-immunotherapy-fulltext-language.md;ccr-phrase-patterns.md
2025,Clinical Cancer Research,"Pretargeted Trop-2 ImmunoPET for Rapid, Selective Detection of Pancreatic Tumors",39841860,10.1158/1078-0432.ccr-24-3098,see source bibliography and intake manifest,author_manuscript,included,Precision Medicine and Imaging,official_section,preclinical / translational,,no secondary topic verification recorded,indexed,,not_reviewed,not_recorded,no,ccr-corpus-bibliography.csv,ccr-deep-reading-ledger.md,ccr-deep-reading-ledger.md
2025,Clinical Cancer Research,Quantitative Protein Expression of Antibody-Drug Conjugate Targets in EGFR Mutated and Wild-type Non-Small Cell Lung Cancer,40047548,10.1158/1078-0432.ccr-24-3347,see source bibliography and intake manifest,author_manuscript,included,Translational Cancer Mechanisms and Therapy,official_section,quantitative protein biomarker study,genotype-stratification;targeted-protein-quantification;QIF;mass-spectrometry-calibration;ADC-targets;EGFR,single-paper curated language domains,main_text_deep_read_complete,2026-09-20,not_reviewed,not_supplied,no,ccr-corpus-bibliography.csv,ccr-deep-reading-ledger.md,ccr-2025-genomics-2026-09-20-language.md#pmid-40047548;ccr-2025-genomics-2026-09-20-manifest.csv
2025,Clinical Cancer Research,Randomized Phase III Study of EGFR Tyrosine Kinase Inhibitor and Intercalated Platinum-Doublet Chemotherapy for Non-Small Cell Lung Cancer Harboring EGFR Mutation,40162917,10.1158/1078-0432.ccr-24-3532,see source bibliography and intake manifest,not_classified_by_header,included,Clinical Trials: Targeted Therapy,official_section,clinical trial,,no secondary topic verification recorded,indexed,,not_reviewed,not_recorded,no,ccr-corpus-bibliography.csv,ccr-deep-reading-ledger.md,ccr-deep-reading-ledger.md
2025,Clinical Cancer Research,RORing CAR T Cells in Solid and Hematologic Cancers: Same but Different,39625823,10.1158/1078-0432.ccr-24-3688,see source bibliography and intake manifest,author_manuscript,excluded,CCR Translations,official_section,commentary,,no secondary topic verification recorded,indexed,,not_reviewed,not_recorded,no,ccr-corpus-bibliography.csv,ccr-deep-reading-ledger.md,ccr-deep-reading-ledger.md
2025,Clinical Cancer Research,Round-Robin Comparison of RET Rearrangement Detection in ctDNA: A Novel Method for Limited Clinical Samples,39887260,10.1158/1078-0432.ccr-24-3747,see source bibliography and intake manifest,publisher_main_pdf,included,Precision Medicine and Imaging,official_section,comparative analytical assay study,genomics;liquid-biopsy;RET-fusion;assay-concordance;analytical-sensitivity,single-paper curated language domains,main_text_deep_read_complete,2026-09-20,not_reviewed,not_supplied,no,ccr-corpus-bibliography.csv,ccr-deep-reading-ledger.md,ccr-2025-genomics-2026-09-20-language.md#pmid-39887260;ccr-2025-genomics-2026-09-20-manifest.csv
2025,Clinical Cancer Research,Safety and Tolerability of Letetresgene Autoleucel (GSK3377794): Pilot Studies in Patients with Advanced Non-Small Cell Lung Cancer,39576208,10.1158/1078-0432.ccr-24-1591,see source bibliography and intake manifest,not_classified_by_header,included,Clinical Trials: Immunotherapy,official_section,translational / resistance,,no secondary topic verification recorded,main_text_deep_read_complete,2026-09-08,not_reviewed,not_recorded,no,ccr-corpus-bibliography.csv,ccr-deep-reading-ledger.md,ccr-deep-reading-ledger.md;ccr-2025-immunotherapy-fulltext-language.md;ccr-phrase-patterns.md
2025,Clinical Cancer Research,Seizure-Related Homolog Protein 6 (SEZ6): Biology and Therapeutic Target in Neuroendocrine Carcinomas,40911432,10.1158/1078-0432.ccr-25-2090,see source bibliography and intake manifest,author_manuscript,included,Review,official_section,diagnostic / biomarker,,no secondary topic verification recorded,indexed,,not_reviewed,not_recorded,no,ccr-corpus-bibliography.csv,ccr-deep-reading-ledger.md,ccr-deep-reading-ledger.md
2025,Clinical Cancer Research,Smoking-Associated Carcinogen-Induced Inflammation Promotes Lung Carcinogenesis via IRAK4 Activation,39704655,10.1158/1078-0432.ccr-24-2182,see source bibliography and intake manifest,author_manuscript,included,Translational Cancer Mechanisms and Therapy,official_section,clinical trial,,no secondary topic verification recorded,indexed,,not_reviewed,not_recorded,no,ccr-corpus-bibliography.csv,ccr-deep-reading-ledger.md,ccr-deep-reading-ledger.md
2025,Clinical Cancer Research,"STX-721, a Covalent EGFR/HER2 Exon 20 Inhibitor, Utilizes Exon 20-Mutant Dynamic Protein States and Achieves Unique Mutant Selectivity Across Human Cancer Models",40465424,10.1158/1078-0432.ccr-24-3833,see source bibliography and intake manifest,not_classified_by_header,included,Translational Cancer Mechanisms and Therapy,official_section,preclinical / translational,,no secondary topic verification recorded,indexed,,not_reviewed,not_recorded,no,ccr-corpus-bibliography.csv,ccr-deep-reading-ledger.md,ccr-deep-reading-ledger.md
2025,Clinical Cancer Research,Targeting AXL Inhibits the Growth and Metastasis of Prostate Cancer in Bone,39879384,10.1158/1078-0432.ccr-24-3028,see source bibliography and intake manifest,author_manuscript,included,Translational Cancer Mechanisms and Therapy,official_section,clinical trial,,no secondary topic verification recorded,indexed,,not_reviewed,not_recorded,no,ccr-corpus-bibliography.csv,ccr-deep-reading-ledger.md,ccr-deep-reading-ledger.md
2025,Clinical Cancer Research,Tarlatamab Exposure-Efficacy and Exposure-Safety Relationships to Inform Dose Selection in Patients with Small Cell Lung Cancer,40928991,10.1158/1078-0432.ccr-25-2134,see source bibliography and intake manifest,not_classified_by_header,included,Clinical Trials: Immunotherapy,official_section,clinical trial,pharmacokinetics-statistics,single-paper curated language domains,main_text_deep_read_complete,2026-09-08,not_reviewed,not_recorded,no,ccr-corpus-bibliography.csv,ccr-deep-reading-ledger.md,ccr-deep-reading-ledger.md;ccr-2025-immunotherapy-fulltext-language.md;ccr-phrase-patterns.md
2025,Clinical Cancer Research,The Activity of EGFR CAR NK and CAR T Cells against EGFR Inhibitor-Resistant NSCLC and Drug-Tolerant Persister Cells,40828417,10.1158/1078-0432.ccr-25-1693,see source bibliography and intake manifest,author_manuscript,included,Translational Mechanisms and Therapy,official_section,translational / resistance,,no secondary topic verification recorded,main_text_deep_read_complete,2026-09-08,not_reviewed,not_recorded,no,ccr-corpus-bibliography.csv,ccr-deep-reading-ledger.md,ccr-deep-reading-ledger.md;ccr-2025-immunotherapy-fulltext-language.md;ccr-phrase-patterns.md
2025,Clinical Cancer Research,"Tremelimumab plus Durvalumab prior to Chemoradiotherapy in Unresectable, Locally Advanced Non-Small Cell Lung Cancer: The Induction Trial",39821070,10.1158/1078-0432.ccr-24-3476,see source bibliography and intake manifest,not_classified_by_header,included,Clinical Trials: Immunotherapy,official_section,translational / mixed,,no secondary topic verification recorded,main_text_deep_read_complete,2026-09-08,not_reviewed,not_recorded,no,ccr-corpus-bibliography.csv,ccr-deep-reading-ledger.md,ccr-deep-reading-ledger.md;ccr-2025-immunotherapy-fulltext-language.md;ccr-phrase-patterns.md
2025,Clinical Cancer Research,YAP Regulates HER3 Signaling-Driven Adaptive Resistance to RET Inhibitors in RET-Aberrant Cancers,39495173,10.1158/1078-0432.ccr-24-1762,see source bibliography and intake manifest,not_classified_by_header,included,Translational Cancer Mechanisms and Therapy,official_section,original research,ret-her3-yap-bulk-rna-perturbation-xenograft,single-paper curated language domains,main_text_deep_read_complete,2026-09-19,not_reviewed,not_supplied,no,ccr-corpus-bibliography.csv,ccr-deep-reading-ledger.md,ccr-2025-2026-09-19-intake-language.md#pmid-39495173;ccr-2025-2026-09-19-intake-manifest.csv
2025,Journal of Thoracic Oncology,"Gene Copy Deletion of STK11, KEAP1, and SMARCA4: Clinicopathologic Features and Association With the Outcomes of Immunotherapy With or Without Chemotherapy in Nonsquamous NSCLC",39864548,10.1016/j.jtho.2025.01.016,version of record,not_classified_by_header,included,,not_recorded_for_this_journal,copy-number genomic and treatment-outcome analysis,clinicopathologic correlates; mono-allelic and bi-allelic deletion; 19p13.2-13.3 co-deletion; TCGA transcript/protein correlation; PD-L1/TMB/aneuploidy; chemoimmunotherapy and ICI outcomes; multiplex immunofluorescence,bibliography content classification,main_text_deep_read_complete,2026-09-14,in_progress,not_supplied,yes,jto-stk11-priority-bibliography.csv,jto-stk11-deep-reading-ledger.md,jto-stk11-deep-reading-ledger.md;jto-2026-09-14-stk11-priority-language.md
2026,Clinical Cancer Research,"A First-in-Human Phase I Clinical Trial Evaluating Clinical Activity and Proof of Mechanism of Tobemstomig, a PD-1-LAG-3 Bispecific Antibody, in Patients with CPI-Experienced Melanoma",41945490,10.1158/1078-0432.ccr-25-4478,see source bibliography and intake manifest,not_classified_by_header,included,Clinical Trials: Immunotherapy,official_section,clinical trial,pd1-lag3-bispecific-resistance-bulk-single-nucleus-pseudobulk-immunotherapy,single-paper curated language domains,main_text_deep_read_complete,2026-09-19,not_reviewed,not_supplied,no,ccr-corpus-bibliography.csv,ccr-deep-reading-ledger.md,ccr-deep-reading-ledger.md;ccr-2026-09-19-batch2-language.md
2026,Clinical Cancer Research,A Noninvasive Circulating Tumor DNA Methylation Classifier to Identify Benign Pulmonary Nodules,42113010,10.1158/1078-0432.ccr-25-4520,see source bibliography and intake manifest,not_classified_by_header,included,Novel Biomarkers and Precision Medicine,official_section,diagnostic / biomarker,ctdna-methylation-pulmonary-nodule-classifier-machine-learning-diagnostic-statistics,single-paper curated language domains,main_text_deep_read_complete,2026-09-19,not_reviewed,not_supplied,no,ccr-corpus-bibliography.csv,ccr-deep-reading-ledger.md,ccr-deep-reading-ledger.md;ccr-2026-09-19-pending15-language.md#pmid-42113010;ccr-2026-09-19-pending15-manifest.csv
2026,Clinical Cancer Research,A Phase 2 Basket Trial of Ado-Trastuzumab Emtansine for Patients with HER2 Amplified Cancers: A Non-Randomized Clinical Trial,42658187,10.1158/1078-0432.ccr-26-1566,see source bibliography and intake manifest,not_classified_by_header,included,Research Article,official_generic_online_first,clinical trial,her2-amplification-tdm1-basket-trial-adc-efficacy-safety,single-paper curated language domains,main_text_deep_read_complete,2026-09-19,not_reviewed,not_supplied,no,ccr-corpus-bibliography.csv,ccr-deep-reading-ledger.md,ccr-deep-reading-ledger.md;ccr-2026-09-19-pending15-language.md#pmid-42658187;ccr-2026-09-19-pending15-manifest.csv
2026,Clinical Cancer Research,A Phase II Study of Stereotactic Ablative Radiotherapy plus Atezolizumab plus Tiragolumab in Treatment-Naïve Patients with Advanced Non-Small Cell Lung Cancer,42008740,10.1158/1078-0432.ccr-25-4990,see source bibliography and intake manifest,not_classified_by_header,included,Clinical Trials: Immunotherapy,official_section,clinical trial,,no secondary topic verification recorded,main_text_deep_read_complete,2026-09-08,not_reviewed,not_recorded,no,ccr-corpus-bibliography.csv,ccr-deep-reading-ledger.md,ccr-deep-reading-ledger.md;ccr-2026-immunotherapy-fulltext-language.md;ccr-phrase-patterns.md
2026,Clinical Cancer Research,ADC Target Profiling in NSCLC: Generalizable AI Separates TROP-2 and cMET Phenotypes,41945491,10.1158/1078-0432.ccr-25-4513,see source bibliography and intake manifest,not_classified_by_header,included,Artificial Intelligence and Computational Oncology,official_section,observational / epidemiology,computational-pathology-adc-ihc-spatial-immunophenotyping-ici-survival-agreement,single-paper curated language domains,main_text_deep_read_complete,2026-09-19,not_reviewed,not_supplied,no,ccr-corpus-bibliography.csv,ccr-deep-reading-ledger.md,ccr-deep-reading-ledger.md;ccr-2026-09-19-pending15-language.md#pmid-41945491;ccr-2026-09-19-pending15-manifest.csv
2026,Clinical Cancer Research,"Association of Blood Levels of Forever Plastics with Lung Cancer Mortality among Ever Smokers in the Prostate, Lung, Colorectal, and Ovarian (PLCO) Cohort Study",41779007,10.1158/1078-0432.ccr-25-3846,see source bibliography and intake manifest,author_manuscript,included,Novel Biomarkers and Precision Medicine,official_section,clinical trial,pfas-exposure-lung-cancer-mortality-metabolomics-epidemiology,single-paper curated language domains,main_text_deep_read_complete,2026-09-19,not_reviewed,not_supplied,no,ccr-corpus-bibliography.csv,ccr-deep-reading-ledger.md,ccr-deep-reading-ledger.md;ccr-2026-09-19-pending15-language.md#pmid-41779007;ccr-2026-09-19-pending15-manifest.csv
2026,Clinical Cancer Research,"Associations of Baseline Neutrophil-to-Lymphocyte Ratio with Efficacy and Toxicity of the B7H3 ADC YL201, Linked to Interleukin-6: Analysis of the Phase 1/1b Trial",42714875,10.1158/1078-0432.ccr-26-1896,see source bibliography and intake manifest,not_classified_by_header,included,,pending_official_verification,diagnostic / biomarker,targeted-plasma-proteomics-adc-biomarker-statistics,single-paper curated language domains,main_text_deep_read_complete,2026-09-12,not_reviewed,not_supplied,no,ccr-corpus-bibliography.csv,ccr-deep-reading-ledger.md,ccr-deep-reading-ledger.md;ccr-2026-09-12-supplement-language.md
2026,Clinical Cancer Research,Broad Utility of Ultrasensitive Analysis of ctDNA Dynamics across Solid Tumors Treated with Immunotherapy,41400436,10.1158/1078-0432.ccr-25-2312,see source bibliography and intake manifest,not_classified_by_header,included,Novel Biomarkers and Precision Medicine,official_section,translational / mixed,longitudinal-ctdna-wgs-immunotherapy-time-varying-survival-pseudoprogression,single-paper curated language domains,main_text_deep_read_complete,2026-09-19,not_reviewed,not_supplied,no,ccr-corpus-bibliography.csv,ccr-deep-reading-ledger.md,ccr-deep-reading-ledger.md;ccr-2026-09-19-batch2-language.md
2026,Clinical Cancer Research,Ceralasertib plus durvalumab in Ras mutant and Ras wild type advanced non-small cell lung cancer: Two cohorts of the phase II platform National Lung Matrix Trial,42714874,10.1158/1078-0432.ccr-26-1365,see source bibliography and intake manifest,not_classified_by_header,included,,pending_official_verification,translational / mixed,immunotherapy-bulk-transcriptomics-bioinformatics-preclinical-statistics,single-paper curated language domains,main_text_deep_read_complete,2026-09-12,not_reviewed,not_supplied,no,ccr-corpus-bibliography.csv,ccr-deep-reading-ledger.md,ccr-deep-reading-ledger.md;ccr-2026-09-12-supplement-language.md
2026,Clinical Cancer Research,Cergutuzumab Amunaleukin in Combination with Atezolizumab in Patients with Carcinoembryonic Antigen-Positive Advanced/Metastatic Solid Tumors,41252574,10.1158/1078-0432.ccr-25-2440,see source bibliography and intake manifest,not_classified_by_header,included,Clinical Trials: Immunotherapy,official_section,clinical trial,cea-il2-pdl1-phase1-immunogenicity-pharmacodynamics-efficacy-safety,single-paper curated language domains,main_text_deep_read_complete,2026-09-19,not_reviewed,not_supplied,no,ccr-corpus-bibliography.csv,ccr-deep-reading-ledger.md,ccr-deep-reading-ledger.md;ccr-2026-09-19-batch2-language.md
2026,Clinical Cancer Research,Clinical Outcomes and Predictors of Response to PD-(L)1 Blockade in Patients with NSCLC without Actionable Genomic Alterations Who Never Used Tobacco,42149140,10.1158/1078-0432.ccr-25-4793,see source bibliography and intake manifest,not_classified_by_header,included,Translational Mechanisms and Therapy,official_section,observational / epidemiology,,no secondary topic verification recorded,main_text_deep_read_complete,2026-09-08,not_reviewed,not_recorded,no,ccr-corpus-bibliography.csv,ccr-deep-reading-ledger.md,ccr-deep-reading-ledger.md;ccr-2026-immunotherapy-fulltext-language.md;ccr-phrase-patterns.md
2026,Clinical Cancer Research,Clinical significance of EGFR amplification in patients with EGFR-mutated metastatic non-small cell lung cancer receiving first-line osimertinib,42446521,10.1158/1078-0432.ccr-26-0924,see source bibliography and intake manifest,not_classified_by_header,included,Research Briefs: Precision Medicine and Therapeutics,official_section,translational / resistance,egfr-amplification-allele-specific-copy-number-osimertinib-resistance-survival,single-paper curated language domains,main_text_deep_read_complete,2026-09-19,not_reviewed,not_supplied,no,ccr-corpus-bibliography.csv,ccr-deep-reading-ledger.md,ccr-deep-reading-ledger.md;ccr-2026-09-19-pending15-language.md#pmid-42446521;ccr-2026-09-19-pending15-manifest.csv
2026,Clinical Cancer Research,Crizotinib in Patients with Tumors with MET Amplification or Exon 14 Deletion: Results from the NCI-MATCH ECOG-ACRIN Trial Subprotocols C1 and C2,41556942,10.1158/1078-0432.ccr-25-1247,see source bibliography and intake manifest,author_manuscript,included,Clinical Trials: Molecularly Targeted Therapy,official_section,clinical trial,met-basket-trial-targeted-therapy-molecular-classification,single-paper curated language domains,main_text_deep_read_complete,2026-09-19,not_reviewed,not_supplied,no,ccr-corpus-bibliography.csv,ccr-deep-reading-ledger.md,ccr-deep-reading-ledger.md;ccr-2026-09-19-supplement-language.md
2026,Clinical Cancer Research,Decoding B-cell Signatures of Complete Pathologic Response to Perioperative Chemoimmunotherapy in Non-Small Cell Lung Cancer,41805895,10.1158/1078-0432.ccr-25-3315,see source bibliography and intake manifest,not_classified_by_header,included,Novel Biomarkers and Precision Medicine,official_section,clinical trial,,no secondary topic verification recorded,main_text_deep_read_complete,2026-09-08,not_reviewed,not_recorded,no,ccr-corpus-bibliography.csv,ccr-deep-reading-ledger.md,ccr-deep-reading-ledger.md;ccr-2026-immunotherapy-fulltext-language.md;ccr-phrase-patterns.md
2026,Clinical Cancer Research,Divergent Tumor Immune Microenvironment and Response to Neoadjuvant Chemoimmunotherapy in Resectable Non-Small Cell Lung Cancer: A Single-Arm Phase II Trial,42440361,10.1158/1078-0432.ccr-25-4222,see source bibliography and intake manifest,not_classified_by_header,included,Clinical Trials: Immunotherapy,official_section,clinical trial,neoadjuvant-immunotherapy-spatial-transcriptomics-tme-statistics,single-paper curated language domains,main_text_deep_read_complete,2026-09-19,not_reviewed,not_supplied,no,ccr-corpus-bibliography.csv,ccr-deep-reading-ledger.md,ccr-deep-reading-ledger.md;ccr-2026-09-19-supplement-language.md
2026,Clinical Cancer Research,Dual Inhibition of TRIP13 and Aurora A Induces Mitotic DNA Damage and Concurrent Pyroptotic-Apoptotic Cell Death in Rb-Deficient Cancer Cells,42013305,10.1158/1078-0432.ccr-25-4712,see source bibliography and intake manifest,author_manuscript,included,Translational Mechanisms and Therapy,official_section,preclinical,rb-trip13-aurora-preclinical-cell-death-translational,single-paper curated language domains,main_text_deep_read_complete,2026-09-19,not_reviewed,not_supplied,no,ccr-corpus-bibliography.csv,ccr-deep-reading-ledger.md,ccr-deep-reading-ledger.md;ccr-2026-09-19-supplement-language.md
2026,Clinical Cancer Research,Early ctDNA Stratifies Survival in Locally Advanced and Oligometastatic Lung Cancer Treated with Radiotherapy,42059900,10.1158/1078-0432.ccr-25-4983,see source bibliography and intake manifest,not_classified_by_header,included,Novel Biomarkers and Precision Medicine,official_section,diagnostic / biomarker,ctdna-machine-learning-radiotherapy-survival-validation,single-paper curated language domains,main_text_deep_read_complete,2026-09-19,not_reviewed,not_supplied,no,ccr-corpus-bibliography.csv,ccr-deep-reading-ledger.md,ccr-deep-reading-ledger.md;ccr-2026-09-19-supplement-language.md
2026,Clinical Cancer Research,Early Detriment Analysis of First-Line Nivolumab plus Ipilimumab-Based Therapy in Patients with Metastatic Non-Small Cell Lung Cancer,42360104,10.1158/1078-0432.ccr-25-0942,see source bibliography and intake manifest,not_classified_by_header,included,Clinical Trials: Immunotherapy,official_section,clinical trial,,no secondary topic verification recorded,main_text_deep_read_complete,2026-09-08,not_reviewed,not_recorded,no,ccr-corpus-bibliography.csv,ccr-deep-reading-ledger.md,ccr-deep-reading-ledger.md;ccr-2026-immunotherapy-fulltext-language.md;ccr-phrase-patterns.md
2026,Clinical Cancer Research,Efficacy and CNS Toxicity of Nivolumab and Ipilimumab in Rare Cancer Brain Metastases: A Multicenter Basket Trial Analysis (NCI/SWOG S1609),41378983,10.1158/1078-0432.ccr-25-2900,see source bibliography and intake manifest,not_classified_by_header,included,Research Briefs: Clinical Trial Brief Reports,official_section,clinical trial,brain-metastases-immunotherapy-basket-trial-intracranial-response-statistics,single-paper curated language domains,main_text_deep_read_complete,2026-09-19,not_reviewed,not_supplied,no,ccr-corpus-bibliography.csv,ccr-deep-reading-ledger.md,ccr-deep-reading-ledger.md;ccr-2026-09-19-batch2-language.md
2026,Clinical Cancer Research,Efficacy and Safety of Necitumumab and Pembrolizumab Combination Therapy in Advanced Non-Small-Cell Lung Cancer with at Least 50 Percent PD-L1 Expression: A Nonrandomized Phase II Trial,42507540,10.1158/1078-0432.ccr-25-2751,see source bibliography and intake manifest,not_classified_by_header,included,Clinical Trials: Immunotherapy,official_section,clinical trial,pd1-egfr-combination-phase2-efficacy-safety,single-paper curated language domains,main_text_deep_read_complete,2026-09-19,not_reviewed,not_supplied,no,ccr-corpus-bibliography.csv,ccr-deep-reading-ledger.md,ccr-deep-reading-ledger.md;ccr-2026-09-19-supplement-language.md
2026,Clinical Cancer Research,Epigenetic Instability-Based Metrics in Cell-Free DNA for Early Cancer Detection,41591979,10.1158/1078-0432.ccr-25-3384,see source bibliography and intake manifest,not_classified_by_header,included,Novel Biomarkers and Precision Medicine,official_section,diagnostic / biomarker,cfdna-methylation-epigenetic-instability-early-detection-machine-learning,single-paper curated language domains,main_text_deep_read_complete,2026-09-19,not_reviewed,not_supplied,no,ccr-corpus-bibliography.csv,ccr-deep-reading-ledger.md,ccr-deep-reading-ledger.md;ccr-2026-09-19-pending15-language.md#pmid-41591979;ccr-2026-09-19-pending15-manifest.csv
2026,Clinical Cancer Research,ERK1/2 Inhibitor Ulixertinib in Pan-cancer Patients with BRAF Fusions or Non-V600E/K Mutations: Results from the NCI-MATCH ECOG-ACRIN Trial (EAY131) Subprotocol Z1L,42578969,10.1158/1078-0432.ccr-24-0951,see source bibliography and intake manifest,not_classified_by_header,included,Research Article,official_generic_online_first,clinical trial,erk-inhibitor-braf-basket-trial-null-efficacy-safety,single-paper curated language domains,main_text_deep_read_complete,2026-09-19,not_reviewed,not_supplied,no,ccr-corpus-bibliography.csv,ccr-deep-reading-ledger.md,ccr-deep-reading-ledger.md;ccr-2026-09-19-pending15-language.md#pmid-42578969;ccr-2026-09-19-pending15-manifest.csv
2026,Clinical Cancer Research,Evaluation of MET Detection Methods and Cutoffs in EGFR-Mutated Non-small Cell Lung Cancer Following Disease Progression on Osimertinib in the Phase II SAVANNAH Study,42752799,10.1158/1078-0432.ccr-26-0604,see source bibliography and intake manifest,not_classified_by_header,included,Novel Biomarkers and Precision Medicine,official_section,diagnostic / biomarker,egfr-met-resistance-biomarker-ihc-fish-cutoff-statistics,single-paper curated language domains,main_text_deep_read_complete,2026-09-19,not_reviewed,not_supplied,no,ccr-corpus-bibliography.csv,ccr-deep-reading-ledger.md,ccr-deep-reading-ledger.md;ccr-2026-09-19-supplement-language.md
2026,Clinical Cancer Research,FDA Approval Summary: Tarlatamab for the Treatment of Extensive-Stage Small Cell Lung Cancer,41587109,10.1158/1078-0432.ccr-25-2287,see source bibliography and intake manifest,author_manuscript,included,CCR Drug Updates,official_section,clinical trial,regulatory,single-paper curated language domains,main_text_deep_read_complete,2026-09-08,not_reviewed,not_recorded,no,ccr-corpus-bibliography.csv,ccr-deep-reading-ledger.md,ccr-deep-reading-ledger.md;ccr-2026-immunotherapy-fulltext-language.md;ccr-phrase-patterns.md
2026,Clinical Cancer Research,Genomic Profiling of Epidermal Growth Factor Receptor Mutation-Positive Non-Small Cell Lung Cancer after Progression on First-line Osimertinib: Phase II ORCHARD Study,41790029,10.1158/1078-0432.ccr-25-4540,see source bibliography and intake manifest,not_classified_by_header,included,Clinical Trials: Molecularly Targeted Therapy,official_section,translational / resistance,osimertinib-resistance-tissue-plasma-genomics-clonality-concordance,single-paper curated language domains,main_text_deep_read_complete,2026-09-19,not_reviewed,not_supplied,no,ccr-corpus-bibliography.csv,ccr-deep-reading-ledger.md,ccr-deep-reading-ledger.md;ccr-2026-09-19-pending15-language.md#pmid-41790029;ccr-2026-09-19-pending15-manifest.csv
2026,Clinical Cancer Research,Improving Anti-CTLA-4 Therapies through Peptide Masking and Fragment Crystallizable Non-fucosylation: Preclinical Characterization of Three Novel Antibodies,41837748,10.1158/1078-0432.ccr-25-1230,see source bibliography and intake manifest,not_classified_by_header,included,Translational Mechanisms and Therapy,official_section,preclinical / translational,engineered-immunotherapy,single-paper curated language domains,main_text_deep_read_complete,2026-09-07,not_reviewed,not_recorded,no,ccr-corpus-bibliography.csv,ccr-deep-reading-ledger.md,ccr-deep-reading-ledger.md;ccr-2026-translational-mechanisms-fulltext-language.md;ccr-phrase-patterns.md
2026,Clinical Cancer Research,Incidence of B-cell Malignancies in Patients with Lung Cancer Receiving PD-1 Blockade Therapy,42148884,10.1158/1078-0432.ccr-25-3406,see source bibliography and intake manifest,not_classified_by_header,included,Translational Mechanisms and Therapy,official_section,preclinical / translational,immunotherapy-safety,single-paper curated language domains,main_text_deep_read_complete,2026-09-07,not_reviewed,not_recorded,no,ccr-corpus-bibliography.csv,ccr-deep-reading-ledger.md,ccr-deep-reading-ledger.md;ccr-2026-translational-mechanisms-fulltext-language.md;ccr-phrase-patterns.md
2026,Clinical Cancer Research,Intrathecal Allogeneic B7-H3-Targeted CAR Gamma Delta T Cells for Leptomeningeal Metastasis from Solid Tumors: Safety Efficacy and Immunologic Dynamics in a Phase I Trial,42207176,10.1158/1078-0432.ccr-26-0738,see source bibliography and intake manifest,not_classified_by_header,included,Clinical Trials: Cellular and Gene Therapy,official_section,clinical trial,car-gamma-delta-t-cell-leptomeningeal-single-cell-immunology,single-paper curated language domains,main_text_deep_read_complete,2026-09-19,not_reviewed,not_supplied,no,ccr-corpus-bibliography.csv,ccr-deep-reading-ledger.md,ccr-deep-reading-ledger.md;ccr-2026-09-19-supplement-language.md
2026,Clinical Cancer Research,Intratumoral Immune Heterogeneity Drives Divergent Outcomes to PD-(L)1 Blockade in Lung Cancer,42456046,10.1158/1078-0432.ccr-26-1466,see source bibliography and intake manifest,not_classified_by_header,included,Novel Biomarkers and Precision Medicine,official_section,translational / mixed,,no secondary topic verification recorded,main_text_deep_read_complete,2026-09-08,not_reviewed,not_recorded,no,ccr-corpus-bibliography.csv,ccr-deep-reading-ledger.md,ccr-deep-reading-ledger.md;ccr-2026-immunotherapy-fulltext-language.md;ccr-phrase-patterns.md
2026,Clinical Cancer Research,Ionizing Radiation Enhances Prognostically Significant Cellular Immunity Programs in the Brain Metastasis Microenvironment,41817317,10.1158/1078-0432.ccr-25-3525,see source bibliography and intake manifest,not_classified_by_header,included,Translational Mechanisms and Therapy,official_section,clinical trial,immune-repertoire-statistics,single-paper curated language domains,main_text_deep_read_complete,2026-09-07,not_reviewed,not_recorded,no,ccr-corpus-bibliography.csv,ccr-deep-reading-ledger.md,ccr-deep-reading-ledger.md;ccr-2026-translational-mechanisms-fulltext-language.md;ccr-phrase-patterns.md
2026,Clinical Cancer Research,Irreversible Electroporation Enhances Solid Tumor Infiltration and Selective Cancer Cell Lysis by CAR T Cells,41920765,10.1158/1078-0432.ccr-25-4159,see source bibliography and intake manifest,author_manuscript,included,Translational Mechanisms and Therapy,official_section,clinical trial,preclinical-cellular-therapy,single-paper curated language domains,main_text_deep_read_complete,2026-09-08,not_reviewed,not_recorded,no,ccr-corpus-bibliography.csv,ccr-deep-reading-ledger.md,ccr-deep-reading-ledger.md;ccr-2026-immunotherapy-fulltext-language.md;ccr-phrase-patterns.md
2026,Clinical Cancer Research,"JIN-A02, a Mutant-Selective Fourth-Generation EGFR Inhibitor, Overcomes C797S-Mediated Resistance and Demonstrates Intracranial Activity in NSCLC",41649868,10.1158/1078-0432.ccr-25-3720,see source bibliography and intake manifest,not_classified_by_header,included,Translational Mechanisms and Therapy,official_section,clinical trial,targeted-therapy,single-paper curated language domains,main_text_deep_read_complete,2026-09-07,not_reviewed,not_recorded,no,ccr-corpus-bibliography.csv,ccr-deep-reading-ledger.md,ccr-deep-reading-ledger.md;ccr-2026-translational-mechanisms-fulltext-language.md;ccr-phrase-patterns.md
2026,Clinical Cancer Research,Landmark ctDNA molecular response represents an early predictor of immunotherapy outcomes in lung cancer: A clinical validity study,42489696,10.1158/1078-0432.ccr-26-0656,see source bibliography and intake manifest,not_classified_by_header,included,Novel Biomarkers and Precision Medicine,official_section,biomarker / liquid biopsy,,no secondary topic verification recorded,main_text_deep_read_complete,2026-09-08,not_reviewed,not_recorded,no,ccr-corpus-bibliography.csv,ccr-deep-reading-ledger.md,ccr-deep-reading-ledger.md;ccr-2026-immunotherapy-fulltext-language.md;ccr-phrase-patterns.md
2026,Clinical Cancer Research,Landscape of Genomic Mechanisms of Resistance to Selective RET Inhibitors in RET-Altered Solid Tumors: Analysis of the RETgistry Global Consortium,41537704,10.1158/1078-0432.ccr-25-4382,see source bibliography and intake manifest,author_manuscript,included,Translational Mechanisms and Therapy,official_section,translational / resistance,ret-inhibitor-resistance-paired-biopsy-genomics-survival,single-paper curated language domains,main_text_deep_read_complete,2026-09-19,not_reviewed,not_supplied,no,ccr-corpus-bibliography.csv,ccr-deep-reading-ledger.md,ccr-deep-reading-ledger.md;ccr-2026-09-19-pending15-language.md#pmid-41537704;ccr-2026-09-19-pending15-manifest.csv
2026,Clinical Cancer Research,Locus-Specific Human Endogenous Retrovirus ERVK18 Expression Indicates an Inflamed Microenvironment and Favorable Immunotherapy Outcome in Small Cell Lung Cancer,41784525,10.1158/1078-0432.ccr-25-3302,see source bibliography and intake manifest,not_classified_by_header,included,Novel Biomarkers and Precision Medicine,official_section,diagnostic / biomarker,herv-transcriptomics-single-cell-spatial-immunotherapy-biomarker,single-paper curated language domains,main_text_deep_read_complete,2026-09-19,not_reviewed,not_supplied,no,ccr-corpus-bibliography.csv,ccr-deep-reading-ledger.md,ccr-deep-reading-ledger.md;ccr-2026-09-19-supplement-language.md
2026,Clinical Cancer Research,Low-Dose Intestinal Irradiation Enhances the Efficacy and Prognosis of PD-1 Blockade in Metastatic Non-Small Cell Lung Cancer,41849236,10.1158/1078-0432.ccr-25-4153,see source bibliography and intake manifest,not_classified_by_header,included,Novel Biomarkers and Precision Medicine,official_section,clinical trial,microbiome-metabolomics,single-paper curated language domains,main_text_deep_read_complete,2026-09-08,not_reviewed,not_recorded,no,ccr-corpus-bibliography.csv,ccr-deep-reading-ledger.md,ccr-deep-reading-ledger.md;ccr-2026-immunotherapy-fulltext-language.md;ccr-phrase-patterns.md
2026,Clinical Cancer Research,Mature Outcomes and Patterns of Failure in the Phase II FLARE-RT Trial of Biological Image-Guided and Risk-Adaptive Chemoradiation for Unresectable NSCLC,42207168,10.1158/1078-0432.ccr-25-2626,see source bibliography and intake manifest,author_manuscript,included,Clinical Trials: Molecularly Targeted Therapy,official_section,clinical trial,adaptive-radiotherapy-imaging-immunotherapy-competing-risk-statistics,single-paper curated language domains,main_text_deep_read_complete,2026-09-19,not_reviewed,not_supplied,no,ccr-corpus-bibliography.csv,ccr-deep-reading-ledger.md,ccr-deep-reading-ledger.md;ccr-2026-09-19-pending15-language.md#pmid-42207168;ccr-2026-09-19-pending15-manifest.csv
2026,Clinical Cancer Research,Minimal Residual Disease Enhances Prognostic Stratification beyond Pathologic Response in Resectable Non-Small Cell Lung Cancer,41537692,10.1158/1078-0432.ccr-25-2958,see source bibliography and intake manifest,not_classified_by_header,included,Novel Biomarkers and Precision Medicine,official_section,clinical trial,,no secondary topic verification recorded,main_text_deep_read_complete,2026-09-08,not_reviewed,not_recorded,no,ccr-corpus-bibliography.csv,ccr-deep-reading-ledger.md,ccr-deep-reading-ledger.md;ccr-2026-immunotherapy-fulltext-language.md;ccr-phrase-patterns.md
2026,Clinical Cancer Research,Mitochondrial Imaging Detects Early Cardiac Changes Following Cancer Immunotherapy,42126592,10.1158/1078-0432.ccr-26-0277,see source bibliography and intake manifest,author_manuscript,included,Research Briefs: Precision Medicine and Therapeutics,official_section,observational / epidemiology,,no secondary topic verification recorded,main_text_deep_read_complete,2026-09-08,not_reviewed,not_recorded,no,ccr-corpus-bibliography.csv,ccr-deep-reading-ledger.md,ccr-deep-reading-ledger.md;ccr-2026-immunotherapy-fulltext-language.md;ccr-phrase-patterns.md
2026,Clinical Cancer Research,Molecular and Clinical Characteristics of Patients with Non-Small Cell Lung Cancer Harboring KRAS G12V Mutations,41417462,10.1158/1078-0432.ccr-25-2581,see source bibliography and intake manifest,not_classified_by_header,included,Translational Mechanisms and Therapy,official_section,translational / mixed,kras-g12v-stk11-clinicogenomics-immunotherapy-statistics,single-paper curated language domains,main_text_deep_read_complete,2026-09-19,in_progress,not_supplied,yes,ccr-corpus-bibliography.csv,ccr-deep-reading-ledger.md,ccr-deep-reading-ledger.md;ccr-2026-09-19-supplement-language.md
2026,Clinical Cancer Research,Molecular and Clinical Characteristics of Patients with Non-Small Cell Lung Cancer Harboring KRAS Q61 Mutations to Assess Therapeutic Responses,42268349,10.1158/1078-0432.ccr-26-0133,see source bibliography and intake manifest,not_classified_by_header,included,Translational Mechanisms and Therapy,official_section,translational / mixed,kras-q61-stk11-clinicogenomics-immunotherapy-statistics,single-paper curated language domains,main_text_deep_read_complete,2026-09-19,in_progress,not_supplied,yes,ccr-corpus-bibliography.csv,ccr-deep-reading-ledger.md,ccr-deep-reading-ledger.md;ccr-2026-09-19-supplement-language.md
2026,Clinical Cancer Research,Osimertinib After Definitive Chemoradiotherapy in Unresectable Stage III EGFR-Mutated NSCLC: Subsequent Treatments and PPO From the Phase III LAURA Study,42714840,10.1158/1078-0432.ccr-25-4523,see source bibliography and intake manifest,not_classified_by_header,included,,pending_official_verification,clinical trial,clinical-trial-targeted-therapy-endpoints,single-paper curated language domains,main_text_deep_read_complete,2026-09-12,not_reviewed,not_supplied,no,ccr-corpus-bibliography.csv,ccr-deep-reading-ledger.md,ccr-deep-reading-ledger.md;ccr-2026-09-12-supplement-language.md
2026,Clinical Cancer Research,Osimertinib Plus Gefitinib in Patients with EGFR-Mutated Advanced Non-Small Cell Lung Cancer and EGFR (C797X) Mutation Following First-Line Osimertinib: ORCHARD,42440354,10.1158/1078-0432.ccr-26-0704,see source bibliography and intake manifest,not_classified_by_header,included,Clinical Trials: Molecularly Targeted Therapy,official_section,clinical trial,egfr-c797x-osimertinib-gefitinib-targeted-therapy-efficacy-safety,single-paper curated language domains,main_text_deep_read_complete,2026-09-19,not_reviewed,not_supplied,no,ccr-corpus-bibliography.csv,ccr-deep-reading-ledger.md,ccr-deep-reading-ledger.md;ccr-2026-09-19-pending15-language.md#pmid-42440354;ccr-2026-09-19-pending15-manifest.csv
2026,Clinical Cancer Research,Patient-Reported Outcomes in FLAURA2: Osimertinib with or without Chemotherapy in Patients with Previously Untreated EGFR-Mutated Advanced Non-Small Cell Lung Cancer,41801128,10.1158/1078-0432.ccr-25-3431,see source bibliography and intake manifest,not_classified_by_header,included,Clinical Trials: Molecularly Targeted Therapy,official_section,clinical trial / PRO,patient-reported-outcomes-osimertinib-chemotherapy-longitudinal-statistics,single-paper curated language domains,main_text_deep_read_complete,2026-09-19,not_reviewed,not_supplied,no,ccr-corpus-bibliography.csv,ccr-deep-reading-ledger.md,ccr-deep-reading-ledger.md;ccr-2026-09-19-pending15-language.md#pmid-41801128;ccr-2026-09-19-pending15-manifest.csv
2026,Clinical Cancer Research,plasmaCHORD: A Machine Learning Approach to Distinguish Clonal Hematopoiesis-Derived Variants in Liquid Biopsies from Patients with Solid Tumors,42001480,10.1158/1078-0432.ccr-25-0976,see source bibliography and intake manifest,not_classified_by_header,included,Novel Biomarkers and Precision Medicine,official_section,translational / mixed,ctdna-fragmentomics-clonal-hematopoiesis-machine-learning-external-validation,single-paper curated language domains,main_text_deep_read_complete,2026-09-19,not_reviewed,not_supplied,no,ccr-corpus-bibliography.csv,ccr-deep-reading-ledger.md,ccr-deep-reading-ledger.md;ccr-2026-09-19-batch2-language.md
2026,Clinical Cancer Research,Presenting features and outcomes to standard systemic therapies in patients with MTAP-deleted advanced non-small cell lung cancer,42405849,10.1158/1078-0432.ccr-26-0188,see source bibliography and intake manifest,author_manuscript,included,Novel Biomarkers and Precision Medicine,official_section,translational / mixed,,no secondary topic verification recorded,main_text_deep_read_complete,2026-09-08,not_reviewed,not_recorded,no,ccr-corpus-bibliography.csv,ccr-deep-reading-ledger.md,ccr-deep-reading-ledger.md;ccr-2026-immunotherapy-fulltext-language.md;ccr-phrase-patterns.md
2026,Clinical Cancer Research,Pulsed Electric Field Ablation Reprograms Tumor Immunity and Stimulates Germinal Center Formation in Tertiary Lymphoid Structures in Patients with Non-Small Cell Lung Cancer,42307634,10.1158/1078-0432.ccr-25-3847,see source bibliography and intake manifest,not_classified_by_header,included,Clinical Trials: Novel Mechanisms,official_section,translational / mixed,pef-ablation-tls-germinal-centers-single-cell-rna-abseq-spatial-pathology,single-paper curated language domains,main_text_deep_read_complete,2026-09-19,not_reviewed,not_supplied,no,ccr-corpus-bibliography.csv,ccr-deep-reading-ledger.md,ccr-deep-reading-ledger.md;ccr-2026-09-19-pending15-language.md#pmid-42307634;ccr-2026-09-19-pending15-manifest.csv
2026,Clinical Cancer Research,Retreatment with First-Generation Selective RET Inhibitors in RET-Rearranged NSCLC Pretreated with Selpercatinib or Pralsetinib: Results from the RET-MAP Registry,41945500,10.1158/1078-0432.ccr-25-4814,see source bibliography and intake manifest,not_classified_by_header,included,Research Briefs: Precision Medicine and Therapeutics,official_section,translational / mixed,ret-retreatment-real-world-targeted-therapy-outcomes,single-paper curated language domains,main_text_deep_read_complete,2026-09-19,not_reviewed,not_supplied,no,ccr-corpus-bibliography.csv,ccr-deep-reading-ledger.md,ccr-deep-reading-ledger.md;ccr-2026-09-19-supplement-language.md
2026,Clinical Cancer Research,Rilvegostomig for Metastatic Non-Small-Cell Lung Cancer: A First-In-Human Phase I/II Clinical Study,42574065,10.1158/1078-0432.ccr-26-0333,see source bibliography and intake manifest,not_classified_by_header,included,Research Article,official_generic_online_first,clinical trial,,no secondary topic verification recorded,main_text_deep_read_complete,2026-09-08,not_reviewed,not_recorded,no,ccr-corpus-bibliography.csv,ccr-deep-reading-ledger.md,ccr-deep-reading-ledger.md;ccr-2026-immunotherapy-fulltext-language.md;ccr-phrase-patterns.md
2026,Clinical Cancer Research,Role of ctDNA Tumor Fraction in Selecting Immunotherapy Based Regimens in Advanced Non-small Cell Lung Cancer,42440365,10.1158/1078-0432.ccr-25-3917,see source bibliography and intake manifest,not_classified_by_header,included,Novel Biomarkers and Precision Medicine,official_section,biomarker / liquid biopsy,,no secondary topic verification recorded,main_text_deep_read_complete,2026-09-08,not_reviewed,not_recorded,no,ccr-corpus-bibliography.csv,ccr-deep-reading-ledger.md,ccr-deep-reading-ledger.md;ccr-2026-immunotherapy-fulltext-language.md;ccr-phrase-patterns.md
2026,Clinical Cancer Research,RRAS and RRAS2 Mutations Are Recurrent Oncogenic Drivers in Lung Cancer and Are Sensitive to the Pan-RAS Inhibitor RMC-6236,41543339,10.1158/1078-0432.ccr-25-2734,see source bibliography and intake manifest,author_manuscript,included,Translational Mechanisms and Therapy,official_section,preclinical / translational,rras-rras2-functional-genomics-clonality-signaling-xenograft-pharmacology,single-paper curated language domains,main_text_deep_read_complete,2026-09-19,not_reviewed,not_supplied,no,ccr-corpus-bibliography.csv,ccr-deep-reading-ledger.md,ccr-deep-reading-ledger.md;ccr-2026-09-19-pending15-language.md#pmid-41543339;ccr-2026-09-19-pending15-manifest.csv
2026,Clinical Cancer Research,"Safety, Pharmacokinetics, Pharmacodynamics, and Preliminary Efficacy from a First-in-Human Study of Volrustomig, a Novel PD-1/CTLA-4 Bispecific Antibody",41701940,10.1158/1078-0432.ccr-25-3447,see source bibliography and intake manifest,not_classified_by_header,included,Clinical Trials: Immunotherapy,official_section,clinical trial,pd1-ctla4-bispecific-phase1-rna-tcr-imaging-pharmacodynamics-safety,single-paper curated language domains,main_text_deep_read_complete,2026-09-19,not_reviewed,not_supplied,no,ccr-corpus-bibliography.csv,ccr-deep-reading-ledger.md,ccr-deep-reading-ledger.md;ccr-2026-09-19-batch2-language.md
2026,Clinical Cancer Research,Sequential Immune Activation of Effector T Cells as Biomarkers of Response to Durvalumab in Patients with Locally Advanced NSCLC,42189883,10.1158/1078-0432.ccr-25-3991,see source bibliography and intake manifest,not_classified_by_header,included,Novel Biomarkers and Precision Medicine,official_section,observational / epidemiology,,no secondary topic verification recorded,main_text_deep_read_complete,2026-09-08,not_reviewed,not_recorded,no,ccr-corpus-bibliography.csv,ccr-deep-reading-ledger.md,ccr-deep-reading-ledger.md;ccr-2026-immunotherapy-fulltext-language.md;ccr-phrase-patterns.md
2026,Clinical Cancer Research,Subcutaneously Administered Tislelizumab in Locally Advanced or Metastatic Non-Small Cell Lung Cancer: Pharmacokinetics and Safety Results from the BGB-A317-103 Phase I Study,41671081,10.1158/1078-0432.ccr-25-2173,see source bibliography and intake manifest,not_classified_by_header,included,Clinical Trials: Immunotherapy,official_section,translational / mixed,,no secondary topic verification recorded,main_text_deep_read_complete,2026-09-08,not_reviewed,not_recorded,no,ccr-corpus-bibliography.csv,ccr-deep-reading-ledger.md,ccr-deep-reading-ledger.md;ccr-2026-immunotherapy-fulltext-language.md;ccr-phrase-patterns.md
2026,Clinical Cancer Research,Targeting CD24 Activates Macrophages to Reduce Tumor Burden in Preclinical Models of Solid Tumors,42478960,10.1158/1078-0432.ccr-26-0481,see source bibliography and intake manifest,not_classified_by_header,included,New Drugs on the Horizon,official_section,preclinical,cd24-macrophage-phagocytosis-preclinical-scrna-adc-combination-toxicology,single-paper curated language domains,main_text_deep_read_complete,2026-09-19,not_reviewed,not_supplied,no,ccr-corpus-bibliography.csv,ccr-deep-reading-ledger.md,ccr-deep-reading-ledger.md;ccr-2026-09-19-batch2-language.md
2026,Clinical Cancer Research,The Efficacy and Safety of Tislelizumab plus Anlotinib as First-Line Treatment in Advanced Pulmonary Sarcomatoid Carcinoma: A Single-Arm Phase II Trial,41894181,10.1158/1078-0432.ccr-25-4770,see source bibliography and intake manifest,not_classified_by_header,included,Clinical Trials: Immunotherapy,official_section,clinical trial,pulmonary-sarcomatoid-immunotherapy-antiangiogenic-phase2,single-paper curated language domains,main_text_deep_read_complete,2026-09-19,not_reviewed,not_supplied,no,ccr-corpus-bibliography.csv,ccr-deep-reading-ledger.md,ccr-deep-reading-ledger.md;ccr-2026-09-19-supplement-language.md
2026,Clinical Cancer Research,The genomic landscape and treatment outcomes associated with CDKN2A/MTAP loss in patients with non-small cell lung cancer,42507545,10.1158/1078-0432.ccr-26-0771,see source bibliography and intake manifest,not_classified_by_header,included,Translational Mechanisms and Therapy,official_section,translational / mixed,multi-omics-biomarker,single-paper curated language domains,main_text_deep_read_complete,2026-09-07,not_reviewed,not_recorded,no,ccr-corpus-bibliography.csv,ccr-deep-reading-ledger.md,ccr-deep-reading-ledger.md;ccr-2026-translational-mechanisms-fulltext-language.md;ccr-phrase-patterns.md
2026,Clinical Cancer Research,The Pan-Tumor Landscape of Gene Amplifications and Copy Number Amplification Ratio for Established and Emerging Clinical Targets,41870274,10.1158/1078-0432.ccr-25-4018,see source bibliography and intake manifest,not_classified_by_header,included,Novel Biomarkers and Precision Medicine,official_section,translational / mixed,copy-number-amplification-ampratio-stk11-genomics-concordance-real-world-survival,single-paper curated language domains,main_text_deep_read_complete,2026-09-19,in_progress,not_supplied,yes,ccr-corpus-bibliography.csv,ccr-deep-reading-ledger.md,ccr-deep-reading-ledger.md;ccr-2026-09-19-batch2-language.md
2026,Clinical Cancer Research,"The pan-tumor landscape, allelic status, and genomic complexity of SMARCA4 alterations",42599160,10.1158/1078-0432.ccr-26-1069,see source bibliography and intake manifest,not_classified_by_header,included,Research Briefs: Precision Medicine and Therapeutics,official_section,translational / mixed,smarca4-allelic-status-copy-number-stk11-coalteration-treatment-cases,single-paper curated language domains,main_text_deep_read_complete,2026-09-19,not_reviewed,not_supplied,no,ccr-corpus-bibliography.csv,ccr-deep-reading-ledger.md,ccr-deep-reading-ledger.md;ccr-2026-09-19-pending15-language.md#pmid-42599160;ccr-2026-09-19-pending15-manifest.csv
2026,Clinical Cancer Research,The SOS1 Inhibitor BI 1701963 as Monotherapy or in Combination with Trametinib in Patients with KRAS Mutation-Positive Solid Tumors,42048384,10.1158/1078-0432.ccr-25-3725,see source bibliography and intake manifest,not_classified_by_header,included,Clinical Trials: Molecularly Targeted Therapy,official_section,clinical trial,kras-sos1-targeted-therapy-phase1-safety-efficacy,single-paper curated language domains,main_text_deep_read_complete,2026-09-19,not_reviewed,not_supplied,no,ccr-corpus-bibliography.csv,ccr-deep-reading-ledger.md,ccr-deep-reading-ledger.md;ccr-2026-09-19-supplement-language.md
2026,Clinical Cancer Research,Utilizing machine learning to identify multimodal signatures for patients who would benefit from the addition of tremelimumab to durvalumab and chemotherapy (TRIDENT),42485106,10.1158/1078-0432.ccr-25-3729,see source bibliography and intake manifest,not_classified_by_header,included,Novel Biomarkers and Precision Medicine,official_section,diagnostic / biomarker,,no secondary topic verification recorded,main_text_deep_read_complete,2026-09-08,not_reviewed,not_recorded,no,ccr-corpus-bibliography.csv,ccr-deep-reading-ledger.md,ccr-deep-reading-ledger.md;ccr-2026-immunotherapy-fulltext-language.md;ccr-phrase-patterns.md
2026,Clinical Cancer Research,ZW191 an FRalpha-Targeted Topoisomerase 1 Inhibitor ADC with a Differentiated Antitumor Efficacy and Tolerability Profile,42007996,10.1158/1078-0432.ccr-25-4691,see source bibliography and intake manifest,not_classified_by_header,included,New Drugs on the Horizon,official_section,preclinical,fralpha-adc-preclinical-pharmacology-toxicology,single-paper curated language domains,main_text_deep_read_complete,2026-09-19,not_reviewed,not_supplied,no,ccr-corpus-bibliography.csv,ccr-deep-reading-ledger.md,ccr-deep-reading-ledger.md;ccr-2026-09-19-supplement-language.md
2026,Journal of Thoracic Oncology,ERBB2-Activating Mutations and Co-Occurring Genomic Alterations Contribute to Disease Heterogeneity in Patients With ERBB2-Mutant Lung Cancer,41932614,10.1016/j.jtho.2026.103708,published issue metadata; supplied PDF is a journal pre-proof,journal_preproof,included,,not_recorded_for_this_journal,genomic and clinicogenomic landscape,driver-domain subclassification; co-mutation analysis; TMB/FGA; real-world treatment outcomes; immunotherapy and targeted-therapy context,bibliography content classification,main_text_deep_read_complete,2026-09-14,in_progress,not_supplied,yes,jto-stk11-priority-bibliography.csv,jto-stk11-deep-reading-ledger.md,jto-stk11-deep-reading-ledger.md;jto-2026-09-14-stk11-priority-language.md
2026,Journal of Thoracic Oncology,Genomic Landscape and Clinical Impact of MTAP Loss in Driver-Positive NSCLC: Insights From a Large-Scale Real-World Chinese Cohort,42409117,10.1016/j.jtho.2026.104077,corrected proof; PubMed had no final volume or issue on 2026-09-14,not_classified_by_header,included,,not_recorded_for_this_journal,genomic landscape and targeted-therapy outcome analysis,MTAP/CDKN2A/CDKN2B co-deletion; exon-level loss structure; NGS-IHC concordance; driver-positive NSCLC; EGFR/ALK TKI outcomes; acquired loss; synthetic-lethal context,bibliography content classification,main_text_deep_read_complete,2026-09-14,in_progress,not_supplied,yes,jto-stk11-priority-bibliography.csv,jto-stk11-deep-reading-ledger.md,jto-stk11-deep-reading-ledger.md;jto-2026-09-14-stk11-priority-language.md
2026,Journal of Thoracic Oncology,Impact of KRAS Mutations and Co-Alterations on Outcomes in Stage III Nonsquamous NSCLC Treated With Chemoradiation and Immunotherapy,41619904,10.1016/j.jtho.2026.103565,published issue metadata; supplied PDF is a journal pre-proof,journal_preproof,included,,not_recorded_for_this_journal,clinical outcome and co-alteration analysis,stage III NSCLC; cCRT; consolidative durvalumab; PFS/OS; competing risks; metastatic patterns; NGS subgroup analysis,bibliography content classification,main_text_deep_read_complete,2026-09-14,in_progress,not_supplied,yes,jto-stk11-priority-bibliography.csv,jto-stk11-deep-reading-ledger.md,jto-stk11-deep-reading-ledger.md;jto-2026-09-14-stk11-priority-language.md
