stable_id,expression,source_article_ids,source_asset,source_line,state
cancer-discovery-lang-0141d77145353f674a36,jointly characterize [genomic and expression features]; resolve heterogeneity within [driver-defined disease],26069186,cancer-discovery-2026-09-19-stk11-language.md,141,no-literal-match-needs-context-review
cancer-discovery-lang-08356536ed650553754b,biologically distinct subset 生物学不同亚群; subtype-informed hypothesis 亚型导向假设; therapeutic vulnerability 治疗脆弱性,26069186,cancer-discovery-2026-09-19-stk11-language.md,217,no-literal-match-needs-context-review
cancer-discovery-lang-11b3618a9a2252cb5730,prognostic association 预后关联; treatment-effect modification 治疗效应修饰; limited subgroup power 亚组效能有限,29773717,cancer-discovery-2026-09-19-stk11-language.md,294,no-literal-match-needs-context-review
cancer-discovery-lang-1694e527ca0a428ae859,isogenic rescue 同源背景回补; knockdown 敲低; concentration–response curve 浓度反应曲线; half-maximal inhibitory concentration 半数抑制浓度,26069186,cancer-discovery-2026-09-19-stk11-language.md,173,no-literal-match-needs-context-review
cancer-discovery-lang-18467ef102d89ef97a56,select the number of clusters using [criterion]; apply a fixed classifier to [independent cohort]; harmonize expression within [platform],26069186,cancer-discovery-2026-09-19-stk11-language.md,163,no-literal-match-needs-context-review
cancer-discovery-lang-37a24b7fbb932ec7171b,endpoint-specific censoring 终点特异删失; Cox proportional hazards model Cox比例风险模型; interaction test 交互作用检验; multiplicity correction 多重性校正,29773717,cancer-discovery-2026-09-19-stk11-language.md,261,no-literal-match-needs-context-review
cancer-discovery-lang-3a9c1ca6ece7d2721899,resistance-associated phenotype 耐药相关表型; context-specific biomarker 背景特异标志物; validation cohort 验证队列,29773717,cancer-discovery-2026-09-19-stk11-language.md,305,no-literal-match-needs-context-review
cancer-discovery-lang-3b2f4e86e5288849eb53,account for variation within [driver-defined group]; complement existing biomarkers; motivate functional testing,29773717,cancer-discovery-2026-09-19-stk11-language.md,240,no-literal-match-needs-context-review
cancer-discovery-lang-462efdc34fbc4f0d96f1,response heterogeneity 反应异质性; co-mutational context 共突变背景; immune escape 免疫逃逸,29773717,cancer-discovery-2026-09-19-stk11-language.md,239,no-literal-match-needs-context-review
cancer-discovery-lang-54974c63e5e9e7669e02,associate with diminished response to [regimen]; evaluate across [clinical cohorts]; test in isogenic models,29773717,cancer-discovery-2026-09-19-stk11-language.md,229,no-literal-match-needs-context-review
cancer-discovery-lang-59262b6cd26f2088fa28,objective response rate 客观缓解率; disease control rate 疾病控制率; functional loss 功能缺失; confidence interval 置信区间,29773717,cancer-discovery-2026-09-19-stk11-language.md,272,no-literal-match-needs-context-review
cancer-discovery-lang-6229f60021f79c76a18c,identify a candidate contributor to [resistance]; support further evaluation in [defined setting],29773717,cancer-discovery-2026-09-19-stk11-language.md,306,no-literal-match-needs-context-review
cancer-discovery-lang-63b8ab0c4c7dd3d8eafd,isogenic knockout 同源背景敲除; syngeneic tumor model 同系肿瘤模型; intratumoral CD8 cells 肿瘤内CD8细胞,29773717,cancer-discovery-2026-09-19-stk11-language.md,283,no-literal-match-needs-context-review
cancer-discovery-lang-73b63fcbbc01fdb9150c,does not distinguish prognosis from prediction; supports a mechanistic contribution in [model]; requires a treatment interaction,29773717,cancer-discovery-2026-09-19-stk11-language.md,295,no-literal-match-needs-context-review
cancer-discovery-lang-7637712a1c4040802c29,genotype–phenotype relationship 基因型表型关系; regional co-deletion 区域共缺失; translational hypothesis 转化假设,26069186,cancer-discovery-2026-09-19-stk11-language.md,206,no-literal-match-needs-context-review
cancer-discovery-lang-82e45b514988145c2cb3,consensus clustering 一致性聚类; non-negative matrix factorization 非负矩阵分解; cophenetic correlation 共表型相关系数; external validation 外部验证,26069186,cancer-discovery-2026-09-19-stk11-language.md,162,no-literal-match-needs-context-review
cancer-discovery-lang-8356a712f02b3774b02c,beyond the initiating driver; within a genetically defined disease subset; an unresolved source of variation,26069186,cancer-discovery-2026-09-19-stk11-language.md,152,no-literal-match-needs-context-review
cancer-discovery-lang-8fe49f41fb08f0288831,response-evaluable population 反应可评价人群; nonsynonymous variant 非同义变异; H-score 组织化学评分; assay-specific cutoff 检测特异阈值,29773717,cancer-discovery-2026-09-19-stk11-language.md,250,no-literal-match-needs-context-review
cancer-discovery-lang-9801744df885ecdc6203,among [n] response-evaluable patients; compared with [reference genotype]; directionally consistent but imprecise,29773717,cancer-discovery-2026-09-19-stk11-language.md,273,no-literal-match-needs-context-review
cancer-discovery-lang-9b29249e978fdf11a3a2,estimate survival using [method]; censor at [endpoint-specific date]; adjust for multiple comparisons using [method],29773717,cancer-discovery-2026-09-19-stk11-language.md,262,no-literal-match-needs-context-review
cancer-discovery-lang-9dd87f941a6037b432db,enriched in [subtype]; associated with reduced [pathway readout]; concordant at the [RNA/protein] level,26069186,cancer-discovery-2026-09-19-stk11-language.md,185,no-literal-match-needs-context-review
cancer-discovery-lang-a075668ee28f47a126e5,assign overlapping genotypes using [hierarchy]; retain assay-specific thresholds; distinguish mutation from protein loss,29773717,cancer-discovery-2026-09-19-stk11-language.md,251,no-literal-match-needs-context-review
cancer-discovery-lang-a5af5c0d8d9edb1b22d0,restore [protein] expression; compare matched perturbation and control; quantify viability after [duration],26069186,cancer-discovery-2026-09-19-stk11-language.md,174,no-literal-match-needs-context-review
cancer-discovery-lang-b7b09a70c6991ed6d652,primary resistance 原发耐药; genomic correlate 基因组相关因素; tumor-intrinsic mechanism 肿瘤内在机制,29773717,cancer-discovery-2026-09-19-stk11-language.md,228,no-literal-match-needs-context-review
cancer-discovery-lang-c9fd13a184ee32a94685,co-occurring alteration 共发生改变; lineage differentiation 谱系分化; context dependence 背景依赖,26069186,cancer-discovery-2026-09-19-stk11-language.md,151,no-literal-match-needs-context-review
cancer-discovery-lang-ce52bf8a107ecd60ecc9,attenuate response under [treatment]; compare edited and control tumors; accompany a change in [immune compartment],29773717,cancer-discovery-2026-09-19-stk11-language.md,284,no-literal-match-needs-context-review
cancer-discovery-lang-d5db11c165c4308388c5,provide a framework for [stratification]; nominate [dependency] for further study; within [defined population],26069186,cancer-discovery-2026-09-19-stk11-language.md,218,no-literal-match-needs-context-review
cancer-discovery-lang-d7cfa20c144947827671,recurrence-free survival 无复发生存; adjusted association 调整后关联; nonsignificant difference 未达显著差异; compound-specific response 化合物特异反应,26069186,cancer-discovery-2026-09-19-stk11-language.md,195,no-literal-match-needs-context-review
cancer-discovery-lang-e34e3aa282e29cfec177,consistent with a context-dependent dependency; not fully captured by mutation status; warrant prospective evaluation,26069186,cancer-discovery-2026-09-19-stk11-language.md,207,no-literal-match-needs-context-review
cancer-discovery-lang-ee1890d3adca6d138959,molecular heterogeneity 分子异质性; integrative profiling 整合分子谱分析; subtype-associated vulnerability 亚型相关脆弱性,26069186,cancer-discovery-2026-09-19-stk11-language.md,140,no-literal-match-needs-context-review
cancer-discovery-lang-fbcaae91c2f34293f329,persist after adjustment for [covariates]; fail to meet the prespecified threshold; differ across compounds,26069186,cancer-discovery-2026-09-19-stk11-language.md,196,no-literal-match-needs-context-review
cancer-discovery-lang-fe616a1d959b11b5218f,co-mutation enrichment 共突变富集; functional deficiency 功能缺失; protein abundance 蛋白丰度; inflammatory signature 炎症表达特征,26069186,cancer-discovery-2026-09-19-stk11-language.md,184,no-literal-match-needs-context-review
ccr-lang-000ff6853169e63a0c3a,serial plasma sampling,38995268,ccr-2024-38995268-language.md,39,no-literal-match-needs-context-review
ccr-lang-002b77e15473a340b55c,noncompartmental pharmacokinetics,41252574,ccr-2026-09-19-batch2-language.md,191,no-literal-match-needs-context-review
ccr-lang-002bed468a8e1ce662a2,matched leukocyte sequencing,37071497,ccr-2023-37071497-language.md,65,no-literal-match-needs-context-review
ccr-lang-0030ecf5d092d8d9a8f0,treatment-refractory microenvironment,35727603,ccr-2022-35727603-language.md,67,no-literal-match-needs-context-review
ccr-lang-00332cc90fb157478154,nonlinear clearance,40260627,ccr-2025-clinical-2026-09-23-language.md,33,no-literal-match-needs-context-review
ccr-lang-0040a53ceffea4e886f4,mutagenesis-based resistance screen,37249619,ccr-2023-37249619-language.md,67,no-literal-match-needs-context-review
ccr-lang-008e1c4d3c7885675331,directionally concordant,34244291,ccr-2021-34244291-language.md,87,no-literal-match-needs-context-review
ccr-lang-0090005b93bea5adf7f4,epithelial–mesenchymal crosstalk,39540841,ccr-2025-omics-methods-2026-09-23-language.md,40,no-literal-match-needs-context-review
ccr-lang-009e89d18afe477007b2,median was not reached,39466024;39545922;39576208;39786430;39821070;40208070;40247431;40343815;40499141;40552922;40553459;40788282;40828417;40864503;40928991;41026583;41065506,ccr-2025-immunotherapy-fulltext-language.md,302,no-literal-match-needs-context-review
ccr-lang-00a07e1d96aa63790710,external validation cohort,39836372,ccr-2025-2026-09-19-intake-language.md,112,no-literal-match-needs-context-review
ccr-lang-00a983354376ce606231,exploratory biomarker analysis,39466024;39545922;39576208;39786430;39821070;40208070;40247431;40343815;40499141;40552922;40553459;40788282;40828417;40864503;40928991;41026583;41065506;41537692;41587109;41649868;41671081;41805895;41817317;41837748;41849236;41920765;42008740;42126592;42148884;42149140;42189883;42360104;42405849;42440365;42456046;42485106;42489696;42507545;42574065,ccr-phrase-patterns.md,85,no-literal-match-needs-context-review
ccr-lang-0104cb9bc06ec4473e37,undetectable molecular signal,41400436,ccr-2026-09-19-batch2-language.md,337,no-literal-match-needs-context-review
ccr-lang-0121e690105273cb52e7,proximity extension assay,40208070,ccr-2025-immunotherapy-fulltext-language.md,224,no-literal-match-needs-context-review
ccr-lang-01317897429b73e616ee,false-positive prediction,37233986,ccr-2023-37233986-language.md,83,no-literal-match-needs-context-review
ccr-lang-01352fdc71ceb4ca0d32,tissue availability,41400436,ccr-2026-09-19-batch2-language.md,345,no-literal-match-needs-context-review
ccr-lang-0147c7e2463b5147284e,referral-to-enrollment gap,42484497,ccr-2026-42484497-language.md,31,no-literal-match-needs-context-review
ccr-lang-0158606849b2a4424523,baseline-by-visit interaction,35012927,ccr-2022-35012927-language.md,79,no-literal-match-needs-context-review
ccr-lang-016e72f9746a16475116,normalized enrichment score,42126592;42149140;42360104;42440365;42456046;42485106;42489696,ccr-2026-immunotherapy-fulltext-language.md,218,no-literal-match-needs-context-review
ccr-lang-0180c4fdb0b2c5a4c463,benefit-risk profile,41537692;41587109;41671081;41805895;41849236;41920765;42008740;42126592;42149140;42189883;42360104;42405849;42440365;42456046;42485106;42489696;42574065,ccr-2026-immunotherapy-fulltext-language.md,310,no-literal-match-needs-context-review
ccr-lang-018396cb41f3e7705153,case-selection bias,38723277,ccr-2024-38723277-language.md,64,no-literal-match-needs-context-review
ccr-lang-018c7f10f7a7a42608b2,checkpoint-inhibitor-pretreated disease,40378060,ccr-2026-09-23-intake-language.md,87,no-literal-match-needs-context-review
ccr-lang-01cc02d8f64314a87cc7,investigator-assessed response,42507540,ccr-2026-09-19-supplement-language.md,465,no-literal-match-needs-context-review
ccr-lang-01d1862e4f2752090456,batch-aware data integration,41805895;42008740;42456046,ccr-2026-immunotherapy-fulltext-language.md,139,no-literal-match-needs-context-review
ccr-lang-01d9c829cf2215ec75a4,delayed growth,39466024;40208070;40343815;40499141;40828417;41026583,ccr-2025-immunotherapy-fulltext-language.md,274,no-literal-match-needs-context-review
ccr-lang-0209c5cc9a032481a45d,class-dependent co-alteration,42599160,ccr-2026-09-19-pending15-language.md,1290,no-literal-match-needs-context-review
ccr-lang-021782d8278d66fbbc7f,compartment-specific profiling,36449664,ccr-2023-36449664-language.md,51,no-literal-match-needs-context-review
ccr-lang-0231de4e79e7426f9b1a,exposure attenuation,41252574,ccr-2026-09-19-batch2-language.md,206,no-literal-match-needs-context-review
ccr-lang-02415eff21a00e71326c,paired on-treatment biopsy,41252574,ccr-2026-09-19-batch2-language.md,191,no-literal-match-needs-context-review
ccr-lang-024d425ccfa8eeaee629,centrally confirmed genomic alteration,41790029,ccr-2026-09-19-pending15-language.md,442,no-literal-match-needs-context-review
ccr-lang-024ef513b79d4eeb96b5,blinded morphometry,39540841,ccr-2025-omics-methods-2026-09-23-language.md,53,no-literal-match-needs-context-review
ccr-lang-0256b6328dc5357c284b,exposure-safety relationship,40343815;40499141;40928991,ccr-2025-immunotherapy-fulltext-language.md,285,no-literal-match-needs-context-review
ccr-lang-025879fb47bda4143581,likelihood-ratio comparison of nested models,33077574,ccr-2026-09-12-supplement-language.md,40,no-literal-match-needs-context-review
ccr-lang-0260a37bcd017657bdd3,referral-related selection bias,41790029,ccr-2026-09-19-pending15-language.md,467,no-literal-match-needs-context-review
ccr-lang-028d38c0a4ce728fd9cd,cancer-cell fraction,33593884,ccr-2021-33593884-language.md,60,no-literal-match-needs-context-review
ccr-lang-02cfb03e1da97ec9f631,additive survival association,32709715,ccr-2026-09-14-atm-smarca4-stk11-priority-language.md,88,no-literal-match-needs-context-review
ccr-lang-02e3f25811d5b56661e9,bead-based signal normalization,35993913,ccr-2022-35993913-language.md,69,no-literal-match-needs-context-review
ccr-lang-030053cbd66409a3aea7,patient-derived tumor culture,36602782,ccr-2023-36602782-language.md,65,no-literal-match-needs-context-review
ccr-lang-03185977617122f95a8e,single-arm benchmark comparison,41511400,ccr-2026-41511400-language.md,85,no-literal-match-needs-context-review
ccr-lang-0328db955131575d42fa,oncogenic driver subset,37022784,ccr-2023-37022784-language.md,49,no-literal-match-needs-context-review
ccr-lang-03358d339779f2a1e857,biochemical inhibition assay,37249619,ccr-2023-37249619-language.md,65,no-literal-match-needs-context-review
ccr-lang-034557000117bd0b6a7d,antigen-dependent activation,39466024;39576208;40828417;41026583,ccr-2025-immunotherapy-fulltext-language.md,152,no-literal-match-needs-context-review
ccr-lang-03478a237122414ff721,absence of a control arm,36166003,ccr-2022-36166003-language.md,117,no-literal-match-needs-context-review
ccr-lang-034ad5378c8792c3afc6,molecularly unselected population,35511938,ccr-2022-35511938-language.md,105,no-literal-match-needs-context-review
ccr-lang-037c3fb4a2ccaec4c473,secondary resistance mutation,41790029,ccr-2026-09-19-pending15-language.md,436,no-literal-match-needs-context-review
ccr-lang-03986a04992e2d133f0c,state-specific immunosuppressive program,33622705,ccr-2021-33622705-language.md,69,no-literal-match-needs-context-review
ccr-lang-03d0c556d3a75a751080,variable importance in projection,41849236,ccr-2026-immunotherapy-fulltext-language.md,210,no-literal-match-needs-context-review
ccr-lang-03f3960f43e7234fcbf4,first-line immunotherapy association,42268349,ccr-2026-09-19-supplement-language.md,640,no-literal-match-needs-context-review
ccr-lang-044e5681e0b58e2aff9c,cross-cohort outcome association,33622705,ccr-2021-33622705-language.md,71,no-literal-match-needs-context-review
ccr-lang-0478b38e0457af9935e9,measurable untreated brain metastases,39470668,ccr-2025-2026-09-19-intake-language.md,41,no-literal-match-needs-context-review
ccr-lang-0483ee873534d41c5f7c,complementary prognostic information,35727603,ccr-2022-35727603-language.md,105,no-literal-match-needs-context-review
ccr-lang-0485662364ebbad936ba,genotype-specific natural history,33685865,ccr-2021-33685865-language.md,83,no-literal-match-needs-context-review
ccr-lang-049a171d14de54d7f5a1,cumulative incidence curve,41779007,ccr-2026-09-19-pending15-language.md,355,no-literal-match-needs-context-review
ccr-lang-04a09f18bf6d8d4932c2,deterministic matching,35511917,ccr-2022-35511917-language.md,73,no-literal-match-needs-context-review
ccr-lang-04a42c2ae3778beedbe0,histologic heterogeneity,36255391,ccr-2023-36255391-language.md,51,no-literal-match-needs-context-review
ccr-lang-04d89b83ec2f3d9bdea1,standardization between platforms,34376534,ccr-2021-34376534-language.md,109,no-literal-match-needs-context-review
ccr-lang-04e8cd05f440e0ec6616,cross-assay harmonization,41511400,ccr-2026-41511400-language.md,50,no-literal-match-needs-context-review
ccr-lang-053a7fe94067fa383424,complementary mechanistic evidence,42478960,ccr-2026-09-19-batch2-language.md,556,no-literal-match-needs-context-review
ccr-lang-053ce376fd6f6cd34f48,incomplete adverse-event capture,36996322,ccr-2023-36996322-language.md,97,no-literal-match-needs-context-review
ccr-lang-058443e23b3cb94e94ee,independent biological replicate,33323404,ccr-2021-33323404-language.md,86,no-literal-match-needs-context-review
ccr-lang-059623bca709d74d2137,consensus subtype assignment,39545922;39786430;40208070;40247431;40553459;40788282;40828417;40864503;41065506,ccr-2025-immunotherapy-fulltext-language.md,189,no-literal-match-needs-context-review
ccr-lang-05ef628a6e4f609a0977,tumor-debulking effect,41920765,ccr-2026-immunotherapy-fulltext-language.md,257,no-literal-match-needs-context-review
ccr-lang-05f0c7f6911ef7b2210d,limited durability of clinical benefit,42440354,ccr-2026-09-19-pending15-language.md,1031,no-literal-match-needs-context-review
ccr-lang-05f45024672028432315,ubiquitin conjugation,35165102,ccr-2022-35165102-language.md,63,no-literal-match-needs-context-review
ccr-lang-05f9640f846c36c1da94,adjusted survival association,42446521,ccr-2026-09-19-pending15-language.md,1104,no-literal-match-needs-context-review
ccr-lang-060f8e8e4f7866b49d2e,underpowered biomarker discovery,39352721,ccr-2024-39352721-language.md,65,no-literal-match-needs-context-review
ccr-lang-064ff38780e0b60e9e8e,prevalence-dependent performance,38088895,ccr-2024-38088895-language.md,63,no-literal-match-needs-context-review
ccr-lang-0658242b1e3db1b2e64f,rare-histology trial,41894181,ccr-2026-09-19-supplement-language.md,1037,no-literal-match-needs-context-review
ccr-lang-066cf4ef8e06e08260a7,molecularly defined image compartment,40047548,ccr-2025-genomics-2026-09-20-language.md,504,no-literal-match-needs-context-review
ccr-lang-067331ced1dcddd583ed,informative attrition,41801128,ccr-2026-09-19-pending15-language.md,572,no-literal-match-needs-context-review
ccr-lang-06ce985661b446b7079c,on-treatment clearance,37279096,ccr-2023-37279096-language.md,81,no-literal-match-needs-context-review
ccr-lang-06d4b411ca2cdba7fd72,combination rationale,36378548,ccr-2023-36378548-language.md,53,no-literal-match-needs-context-review
ccr-lang-06db9dfd6033c15a6b95,MET/CEP7 ratio,42752799,ccr-2026-09-19-supplement-language.md,216,no-literal-match-needs-context-review
ccr-lang-06f626a4b6b74ef4402e,treatment-predictive evidence gap,35838647,ccr-2022-35838647-language.md,83,no-literal-match-needs-context-review
ccr-lang-06f83de23c8d976d9d2c,competing-risk cumulative incidence,40880183,ccr-2025-clinical-2026-09-23-language.md,129,no-literal-match-needs-context-review
ccr-lang-06fa5bf8765116f790e5,primary-endpoint threshold,41556942,ccr-2026-09-19-supplement-language.md,806,no-literal-match-needs-context-review
ccr-lang-0704f304f3a3e96e8a77,platform generalizability,42001480,ccr-2026-09-19-batch2-language.md,274,no-literal-match-needs-context-review
ccr-lang-07065316639c75efcac4,screening attrition,39466024;39545922;39576208;39786430;39821070;40208070;40247431;40343815;40499141;40552922;40553459;40788282;40828417;40864503;40928991;41026583;41065506,ccr-2025-immunotherapy-fulltext-language.md,114,no-literal-match-needs-context-review
ccr-lang-073ca405343b4a36b774,myeloid immune checkpoint,42478960,ccr-2026-09-19-batch2-language.md,534,no-literal-match-needs-context-review
ccr-lang-0741cf195b519a85c5b8,no detected reporter signal,35381070,ccr-2022-35381070-language.md,103,no-literal-match-needs-context-review
ccr-lang-07437f771c9ade6c5ff6,numerical but nonsignificant improvement,41591979,ccr-2026-09-19-pending15-language.md,262,no-literal-match-needs-context-review
ccr-lang-074636509fc1d1e1926b,rare-subgroup imprecision,33947695,ccr-2021-33947695-language.md,83,no-literal-match-needs-context-review
ccr-lang-074d59f66bbe9f2bd44c,paired baseline and on-treatment samples,42714875,ccr-2026-09-12-supplement-language.md,247,no-literal-match-needs-context-review
ccr-lang-07581c407eb1801ef3e7,targeted metabolite quantification,38837903,ccr-2024-38837903-language.md,39,no-literal-match-needs-context-review
ccr-lang-0806b6d98e85996f302c,overlapping biomarker subsets,36971777,ccr-2023-36971777-language.md,103,no-literal-match-needs-context-review
ccr-lang-0809e599757d251a51ab,likelihood-ratio test,41649868;41817317;41837748;42148884;42507545,ccr-2026-translational-mechanisms-fulltext-language.md,231,no-literal-match-needs-context-review
ccr-lang-089c40e4ea8bb454c340,tumor mutational burden category,39545922;39786430;40208070;40247431;40553459;40788282;40828417;40864503;41065506,ccr-2025-immunotherapy-fulltext-language.md,205,no-literal-match-needs-context-review
ccr-lang-08ac8435e9213d4f531d,early neoplastic remodeling,39704655,ccr-2025-omics-methods-2026-09-23-language.md,219,no-literal-match-needs-context-review
ccr-lang-08b253fca71200dcbf10,immunosuppressive immune contexture,39466024;39545922;39576208;39786430;39821070;40208070;40247431;40343815;40499141;40552922;40553459;40788282;40828417;40864503;40928991;41026583;41065506,ccr-2025-immunotherapy-fulltext-language.md,134,no-literal-match-needs-context-review
ccr-lang-08c02a506c2d32ab2d8a,Bayesian logistic regression model,36044531,ccr-2022-36044531-language.md,79,no-literal-match-needs-context-review
ccr-lang-08cbba1fb3e2ba20c8fc,treatment-sequence comparison,37992307,ccr-2024-37992307-language.md,40,no-literal-match-needs-context-review
ccr-lang-08ce9fcc31837741ede2,antigen-density threshold,36692420,ccr-2023-36692420-language.md,49,no-literal-match-needs-context-review
ccr-lang-08da1f716378155b2671,leptomeningeal dissemination,42207176,ccr-2026-09-19-supplement-language.md,290,no-literal-match-needs-context-review
ccr-lang-091098a1135bce94b584,orthogonal protein-level support,40208070,ccr-2025-immunotherapy-fulltext-language.md,227,no-literal-match-needs-context-review
ccr-lang-091a02b36342ab52abf0,treatment-by-biomarker interaction,39836372,ccr-2025-2026-09-19-intake-language.md,120,no-literal-match-needs-context-review
ccr-lang-0943d221d0b1ecebf30e,targeted DNA and RNA sequencing,33947695,ccr-2021-33947695-language.md,58,no-literal-match-needs-context-review
ccr-lang-0944193a42fdf1316dc1,Fc-reduced format,41537692;41805895;41849236;41920765;42008740;42126592;42149140;42189883;42360104;42405849;42440365;42456046;42485106;42489696,ccr-2026-immunotherapy-fulltext-language.md,110,no-literal-match-needs-context-review
ccr-lang-09560f0d63a6aa02ff61,wide confidence interval in a small subgroup,33323404,ccr-2021-33323404-language.md,103,no-literal-match-needs-context-review
ccr-lang-097e6b8a2787567c73df,locus-specific biomarker resolution,41784525,ccr-2026-09-19-supplement-language.md,567,no-literal-match-needs-context-review
ccr-lang-0982b8bd32bf9286a0bb,limited statistical power,41378983,ccr-2026-09-19-batch2-language.md,137,no-literal-match-needs-context-review
ccr-lang-09878af7253775cafc87,compound EGFR mutation,37249619,ccr-2023-37249619-language.md,49,no-literal-match-needs-context-review
ccr-lang-0996d5509a7f592dbff2,"truncating mutation, gene fusion, or homozygous deletion",32709715,ccr-2026-09-14-atm-smarca4-stk11-priority-language.md,49,no-literal-match-needs-context-review
ccr-lang-099e52105967f65c87c1,platform-qualified analytic population,42148883,ccr-2026-42148883-language.md,40,no-literal-match-needs-context-review
ccr-lang-09b591c2988b60b9529e,potential germline variant from tumor-only sequencing,37097610,ccr-2026-09-14-atm-smarca4-stk11-priority-language.md,153,no-literal-match-needs-context-review
ccr-lang-09c43f0479c5bd333d91,therapeutic balance between exposure and marrow recovery,41563386,ccr-2026-41563386-language.md,86,no-literal-match-needs-context-review
ccr-lang-09dc1418f8d00d68c7a6,untargeted plasma metabolomics,40853904,ccr-2025-2026-09-19-intake-language.md,496,no-literal-match-needs-context-review
ccr-lang-09de92ecc94703c77a44,SWI/SNF chromatin-remodeling complex,32709715,ccr-2026-09-14-atm-smarca4-stk11-priority-language.md,31,no-literal-match-needs-context-review
ccr-lang-0a5e39873786052e1b29,immune-mediated toxicity,39466024;39545922;39576208;39786430;39821070;40208070;40247431;40343815;40499141;40552922;40553459;40788282;40828417;40864503;40928991;41026583;41065506,ccr-2025-immunotherapy-fulltext-language.md,124,no-literal-match-needs-context-review
ccr-lang-0a97cea7f5f8daee5365,residual treatment-selection bias,33558425,ccr-2021-33558425-language.md,82,no-literal-match-needs-context-review
ccr-lang-0aa5fd2e1c2bba1b6077,profile-likelihood confidence interval,42765908,ccr-2026-42765908-language.md,47,no-literal-match-needs-context-review
ccr-lang-0ab0e620262cc9ab4691,exact binomial confidence interval,42440354,ccr-2026-09-19-pending15-language.md,1005,no-literal-match-needs-context-review
ccr-lang-0aebd9ff126facfc6691,purity-adjusted copy-number estimate,42360806,ccr-2026-42360806-language.md,48,no-literal-match-needs-context-review
ccr-lang-0aed59316a73d5a4e8ab,predictive-specificity limitation,38630755,ccr-2024-38630755-language.md,89,no-literal-match-needs-context-review
ccr-lang-0afce36333a8b74b1e7f,clinician-anchored progression,35511917,ccr-2022-35511917-language.md,81,no-literal-match-needs-context-review
ccr-lang-0b057ac57d4884fad7ed,tumor-growth inhibition,36595566,ccr-2023-36595566-language.md,53,no-literal-match-needs-context-review
ccr-lang-0b2eb6441f1f0b3aa09c,orthogonal protein-level confirmation,35394499,ccr-2022-35394499-language.md,85,no-literal-match-needs-context-review
ccr-lang-0b3be8c350b95368c1e2,maximally selected log-rank statistic,36166003,ccr-2022-36166003-language.md,79,no-literal-match-needs-context-review
ccr-lang-0b3e0be948f1e482b423,protocol amendment,34921023,ccr-2022-34921023-language.md,71,no-literal-match-needs-context-review
ccr-lang-0b43440b9a8a8a375eda,central nervous system activity,41649868;42507545,ccr-2026-translational-mechanisms-fulltext-language.md,138,no-literal-match-needs-context-review
ccr-lang-0b489d9bfdea677723f9,longitudinal molecular monitoring,37939140,ccr-2024-37939140-language.md,32,no-literal-match-needs-context-review
ccr-lang-0b4fedf13827db9f192f,immune co-inhibitory receptor,40378060,ccr-2026-09-23-intake-language.md,85,no-literal-match-needs-context-review
ccr-lang-0b50ab3479b612c9842a,species-specific pharmacology,36602782,ccr-2023-36602782-language.md,97,no-literal-match-needs-context-review
ccr-lang-0b691afd921bc990305a,hydrolysis-impaired active state,42268349,ccr-2026-09-19-supplement-language.md,622,no-literal-match-needs-context-review
ccr-lang-0b96896d3d37a5e7efcc,bispecific antibody scaffold,40260627,ccr-2025-clinical-2026-09-23-language.md,23,no-literal-match-needs-context-review
ccr-lang-0b9a0647bb244a429b63,hypoxia and glycolytic reprogramming,38630755,ccr-2024-38630755-language.md,77,no-literal-match-needs-context-review
ccr-lang-0bcec3f6a40f0d43e553,spatial heterogeneity,38127300,ccr-2024-38127300-language.md,52,no-literal-match-needs-context-review
ccr-lang-0bee657a9087576b8baf,transient induction-phase worsening,41801128,ccr-2026-09-19-pending15-language.md,561,no-literal-match-needs-context-review
ccr-lang-0bf311e9cacbebb539cb,smoking-conditioned molecular phenotype,41417462,ccr-2026-09-19-supplement-language.md,733,no-literal-match-needs-context-review
ccr-lang-0bf58f20b40ec314af4f,human target knock-in mouse,41649868;41837748;42148884,ccr-2026-translational-mechanisms-fulltext-language.md,178,no-literal-match-needs-context-review
ccr-lang-0c326340cc7dd793bcee,gene subcluster,34921023,ccr-2022-34921023-language.md,85,no-literal-match-needs-context-review
ccr-lang-0c42d4010f8d49e90086,6-month progression-free survival,41945500,ccr-2026-09-19-supplement-language.md,963,no-literal-match-needs-context-review
ccr-lang-0c7df1b394fd3f4a02f9,Kruskal-Wallis H test,41649868;41817317;41837748;42148884;42507545,ccr-2026-translational-mechanisms-fulltext-language.md,222,no-literal-match-needs-context-review
ccr-lang-0c90cc0646334e5ab07c,independent-review response assessment,40310449,ccr-2025-genomics-2026-09-20-language.md,327,no-literal-match-needs-context-review
ccr-lang-0ccde5638941c4c20cbc,cleavable linker,42007996,ccr-2026-09-19-supplement-language.md,1120,no-literal-match-needs-context-review
ccr-lang-0cdbb4a5267c1dfdb03c,prespecified null response rate,42507540,ccr-2026-09-19-supplement-language.md,465,no-literal-match-needs-context-review
ccr-lang-0ceea4d45162ac879bd2,early tumor regrowth despite continued treatment,39804166,ccr-2025-genomics-2026-09-20-language.md,40,no-literal-match-needs-context-review
ccr-lang-0d12665de1d7f66fca43,confirmed objective response,37022784,ccr-2023-37022784-language.md,81,no-literal-match-needs-context-review
ccr-lang-0d14f41c55b6f963b81a,functional molecular stratification,38980931,ccr-2024-38980931-language.md,64,no-literal-match-needs-context-review
ccr-lang-0d4e0d399d9b9a5ba100,archival control specimens,34702773,ccr-2022-34702773-language.md,103,no-literal-match-needs-context-review
ccr-lang-0d515911d21ecb1118b5,dose-escalation schedule,38456660,ccr-2024-38456660-language.md,41,no-literal-match-needs-context-review
ccr-lang-0d635d526d99b03fa5bc,dose-limiting toxicity,41587109;41671081;42574065,ccr-2026-immunotherapy-fulltext-language.md,281,no-literal-match-needs-context-review
ccr-lang-0d90ce649d62329b4ef6,bulk RNA sequencing,37382635,ccr-2023-37382635-language.md,67,no-literal-match-needs-context-review
ccr-lang-0df2a6b1234fd5a7257f,immune activation versus causation,41784525,ccr-2026-09-19-supplement-language.md,567,no-literal-match-needs-context-review
ccr-lang-0e0535c01739f799a512,peritumoral-to-intratumoral density ratio,35394499,ccr-2022-35394499-language.md,69,no-literal-match-needs-context-review
ccr-lang-0e05f401169fb9bfb009,patient-reported versus clinician-reported toxicity,41801128,ccr-2026-09-19-pending15-language.md,573,no-literal-match-needs-context-review
ccr-lang-0e06b359b405a3e6adad,tumor-localized activation,41817317;41837748;42148884;42507545,ccr-2026-translational-mechanisms-fulltext-language.md,107,no-literal-match-needs-context-review
ccr-lang-0e1d0adeb304e3748089,compassionate-use cohort,36996322,ccr-2023-36996322-language.md,65,no-literal-match-needs-context-review
ccr-lang-0e1ed24758f11ebf936c,time to first response,35144967,ccr-2022-35144967-language.md,97,no-literal-match-needs-context-review
ccr-lang-0e3311ddffb9f20221f4,neurologic adverse event,41378983,ccr-2026-09-19-batch2-language.md,123,no-literal-match-needs-context-review
ccr-lang-0e4866e6440196f15113,molecular clearance,42440354,ccr-2026-09-19-pending15-language.md,1018,no-literal-match-needs-context-review
ccr-lang-0e4cb8e8a44698d40238,germinal-center maturation,42307634,ccr-2026-09-19-pending15-language.md,898,no-literal-match-needs-context-review
ccr-lang-0e7cd2fbe943f9ac6833,reference-normalized transcript abundance,39879384,ccr-2025-omics-methods-2026-09-23-language.md,407,no-literal-match-needs-context-review
ccr-lang-0e890f7363d93996e903,absolute clinical activity,38109210,ccr-2024-38109210-language.md,62,no-literal-match-needs-context-review
ccr-lang-0e93c7636feec136f354,payload-specific susceptibility,42658187,ccr-2026-09-19-pending15-language.md,1400,no-literal-match-needs-context-review
ccr-lang-0e9f32b94e2ee2267b86,future-informed grouping,37071497,ccr-2023-37071497-language.md,97,no-literal-match-needs-context-review
ccr-lang-0eb98405a210bb4e351b,membranous staining intensity,35247924,ccr-2022-35247924-language.md,75,no-literal-match-needs-context-review
ccr-lang-0ee8ac083211a9ad61a8,loss-of-function perturbation,39466024;40208070;40343815;40499141;40828417;41026583,ccr-2025-immunotherapy-fulltext-language.md,270,no-literal-match-needs-context-review
ccr-lang-0efd60156c81df4fad73,mitochondrial and ribosomal read filtering,39545922;39786430;40208070;40247431;40553459;40788282;40828417;40864503;41065506,ccr-2025-immunotherapy-fulltext-language.md,198,no-literal-match-needs-context-review
ccr-lang-0f10cfde4a4f3f742a81,adaptive immune resistance,41252574,ccr-2026-09-19-batch2-language.md,185,no-literal-match-needs-context-review
ccr-lang-0f2633d72f26fc30cf8e,clonal heterogeneity,42440354,ccr-2026-09-19-pending15-language.md,1028,no-literal-match-needs-context-review
ccr-lang-0f313a78da9f181481c6,inconsistent tissue cross-reactivity,36692420,ccr-2023-36692420-language.md,76,no-literal-match-needs-context-review
ccr-lang-0f6a25518ab36ee64a15,single-region inference,42126592;42149140;42360104;42440365;42456046;42485106;42489696,ccr-2026-immunotherapy-fulltext-language.md,221,no-literal-match-needs-context-review
ccr-lang-0f7c69bb67fe1f27be82,intratumoral target heterogeneity,41945491,ccr-2026-09-19-pending15-language.md,629,no-literal-match-needs-context-review
ccr-lang-0f80b753fee2887a17cc,acquired chemoresistance,39017606,ccr-2024-39017606-language.md,30,no-literal-match-needs-context-review
ccr-lang-0ffed53e22d98af13408,cross-platform discrimination,41591979,ccr-2026-09-19-pending15-language.md,259,no-literal-match-needs-context-review
ccr-lang-100419427b76db3b3fa2,deleterious ATM alteration prevalence,37097610,ccr-2026-09-14-atm-smarca4-stk11-priority-language.md,170,no-literal-match-needs-context-review
ccr-lang-10378ef4c073fe308b47,subtype-stratified screen,37382635,ccr-2023-37382635-language.md,65,no-literal-match-needs-context-review
ccr-lang-103a2397bf773a294534,metabolic tumor burden,39437011,ccr-2025-genomics-2026-09-20-language.md,225,no-literal-match-needs-context-review
ccr-lang-104deeacf272b89daa11,adaptive suppression of pyroptosis,42013305,ccr-2026-09-19-supplement-language.md,899,no-literal-match-needs-context-review
ccr-lang-105b3fede71318475351,pseudobulk differential expression,39545922;39786430;40208070;40247431;40553459;40788282;40828417;40864503;41065506,ccr-2025-immunotherapy-fulltext-language.md,196,no-literal-match-needs-context-review
ccr-lang-108e93f3289b43933f3b,apoptotic priming,38456660,ccr-2024-38456660-language.md,31,no-literal-match-needs-context-review
ccr-lang-1091d30996d0c16f1491,empirical Bayes estimate,36595566,ccr-2023-36595566-language.md,67,no-literal-match-needs-context-review
ccr-lang-10b4369afaa4ae8d76b5,intratumoral transcriptional subtype diversity,38630755,ccr-2024-38630755-language.md,49,no-literal-match-needs-context-review
ccr-lang-10c6e962ead7643e8c63,finite-element model,41920765,ccr-2026-immunotherapy-fulltext-language.md,250,no-literal-match-needs-context-review
ccr-lang-10eee4798410d93e456d,de novo metagenomic assembly,41849236,ccr-2026-immunotherapy-fulltext-language.md,195,no-literal-match-needs-context-review
ccr-lang-1105461dd895d8e5f690,site-selective bioconjugation,39841860,ccr-2025-omics-methods-2026-09-23-language.md,139,no-literal-match-needs-context-review
ccr-lang-112e0ab2fb6f70aa5cd7,electrocardiogram-evaluable subset,36112541,ccr-2023-36112541-language.md,67,no-literal-match-needs-context-review
ccr-lang-1138dc17280e6fab0e93,bulk-cohort projection,33622705,ccr-2021-33622705-language.md,61,no-literal-match-needs-context-review
ccr-lang-11421c52203733f5dac0,designated survival endpoint,41920765,ccr-2026-immunotherapy-fulltext-language.md,264,no-literal-match-needs-context-review
ccr-lang-11519e3d747c9fc30f24,rare structural alteration,33947695,ccr-2021-33947695-language.md,71,no-literal-match-needs-context-review
ccr-lang-115919e0fad82ea31057,molecular-to-radiographic lead time,39853318,ccr-2025-genomics-2026-09-20-language.md,367,no-literal-match-needs-context-review
ccr-lang-116c1ae460953e471c0e,aggregate response threshold,38109210,ccr-2024-38109210-language.md,51,no-literal-match-needs-context-review
ccr-lang-118ac2a723363c5e101c,abdominopelvic palliative radiotherapy,41537692;41587109;41671081;41805895;41849236;41920765;42008740;42126592;42149140;42189883;42360104;42405849;42440365;42456046;42485106;42489696;42574065,ccr-2026-immunotherapy-fulltext-language.md,98,no-literal-match-needs-context-review
ccr-lang-11993997be8c94b40ddf,circulating immune subset,36255391,ccr-2023-36255391-language.md,83,no-literal-match-needs-context-review
ccr-lang-119a7fdc8f0ab9d2e521,underpowered exploratory subgroup,42578969,ccr-2026-09-19-pending15-language.md,1211,no-literal-match-needs-context-review
ccr-lang-11a8dd0e6eba1021d607,patient-derived xenograft,37249619,ccr-2023-37249619-language.md,69,no-literal-match-needs-context-review
ccr-lang-11bc786e8bddfc8f9dcc,translational exposure margin,42007996,ccr-2026-09-19-supplement-language.md,1148,no-literal-match-needs-context-review
ccr-lang-11c407dffc4f1914134c,cell-line–derived organoid,39150541,ccr-2024-39150541-language.md,69,no-literal-match-needs-context-review
ccr-lang-11d9d8560893d603170f,hypothesis-generating resistance pattern,42360806,ccr-2026-42360806-language.md,76,no-literal-match-needs-context-review
ccr-lang-125245b4b51b53c9ee95,comparator dependence,37432985,ccr-2023-37432985-language.md,99,no-literal-match-needs-context-review
ccr-lang-1260f6dca1bb27bee5fe,post hoc hypothesis-generating analysis,42714875,ccr-2026-09-12-supplement-language.md,271,no-literal-match-needs-context-review
ccr-lang-12665b16b62502259702,actionable genomic alteration-negative population,41537692;41587109;41671081;41805895;41849236;41920765;42008740;42126592;42149140;42189883;42360104;42405849;42440365;42456046;42485106;42489696;42574065,ccr-2026-immunotherapy-fulltext-language.md,86,no-literal-match-needs-context-review
ccr-lang-1273611c5048fdcdcec0,exploratory mutational correlate,40880183,ccr-2025-clinical-2026-09-23-language.md,136,no-literal-match-needs-context-review
ccr-lang-12786550f8b3f3645d9a,segmented copy-number profile,41870274,ccr-2026-09-19-batch2-language.md,51,no-literal-match-needs-context-review
ccr-lang-128b3c64c19950cbc97b,assay harmonization,42752799,ccr-2026-09-19-supplement-language.md,235,no-literal-match-needs-context-review
ccr-lang-1297f710b2b51c4520ba,PD-1/TIGIT bispecific antibody,41537692;41805895;41849236;41920765;42008740;42126592;42149140;42189883;42360104;42405849;42440365;42456046;42485106;42489696,ccr-2026-immunotherapy-fulltext-language.md,109,no-literal-match-needs-context-review
ccr-lang-12a9eb8f835b4d364e8c,multiplex immunofluorescence,37097610,ccr-2026-09-14-atm-smarca4-stk11-priority-language.md,158,no-literal-match-needs-context-review
ccr-lang-12ab921a8a4bde9515fe,prognostic association,41779007,ccr-2026-09-19-pending15-language.md,364,no-literal-match-needs-context-review
ccr-lang-12b750f4d9aecbf6e967,event-limited precision,33593884,ccr-2021-33593884-language.md,84,no-literal-match-needs-context-review
ccr-lang-12c2069c183fd2c2b473,disease enrichment,41870274,ccr-2026-09-19-batch2-language.md,60,no-literal-match-needs-context-review
ccr-lang-12c50219f2ed622fe36f,platinum-pretreated disease,37022784,ccr-2023-37022784-language.md,53,no-literal-match-needs-context-review
ccr-lang-12ca84bb44d0455b8bf2,signature-defined subset,37223924,ccr-2023-37223924-language.md,81,no-literal-match-needs-context-review
ccr-lang-12d2ccaae39486b911af,proximal signaling events,35699599,ccr-2022-35699599-language.md,103,no-literal-match-needs-context-review
ccr-lang-12ddfe33e35e2ce35a81,lipid-peroxidation readouts,33077574,ccr-2026-09-12-supplement-language.md,42,no-literal-match-needs-context-review
ccr-lang-12e47bf0017d01158ecd,historical regulatory context,36112541,ccr-2023-36112541-language.md,101,no-literal-match-needs-context-review
ccr-lang-131e2fd9b4d87a4e5802,epigenetic cell identity,38912901,ccr-2024-38912901-language.md,32,no-literal-match-needs-context-review
ccr-lang-134585c6a679c5f600ef,residual confounding,37125965,ccr-2023-37125965-language.md,99,no-literal-match-needs-context-review
ccr-lang-134e1c9657f4dc286976,clonal frequency,41805895;42008740;42189883,ccr-2026-immunotherapy-fulltext-language.md,160,no-literal-match-needs-context-review
ccr-lang-13c2a1b56e5c89298a1f,radiation-induced oxidative stress,33323404,ccr-2021-33323404-language.md,107,no-literal-match-needs-context-review
ccr-lang-13d1d3a14912687160dc,oncolytic virotherapy,40932352,ccr-2025-2026-09-19-intake-language.md,290,no-literal-match-needs-context-review
ccr-lang-13d339c336dfc6a59a55,externally prespecified cutoff,41537692;41587109;41671081;41805895;41849236;41920765;42008740;42126592;42149140;42189883;42360104;42405849;42440365;42456046;42485106;42489696;42574065,ccr-2026-immunotherapy-fulltext-language.md,331,no-literal-match-needs-context-review
ccr-lang-13e1da4986803a3c0e21,shared genomic coverage,40388547,ccr-2025-genomics-2026-09-20-language.md,181,no-literal-match-needs-context-review
ccr-lang-13e1e4b98f9a3a4c2ce4,differential expression within a cell subtype,41805895;42008740;42456046,ccr-2026-immunotherapy-fulltext-language.md,142,no-literal-match-needs-context-review
ccr-lang-143e60d4f1aeed3eb309,noncompartmental pharmacokinetic analysis,40260627,ccr-2025-clinical-2026-09-23-language.md,28,no-literal-match-needs-context-review
ccr-lang-144f0c748f9ec1dedd29,second-line or subsequent treatment,35980349,ccr-2022-35980349-language.md,55,no-literal-match-needs-context-review
ccr-lang-14631b240a0ba871b9ff,fragment-length feature,41537692;42440365;42489696,ccr-2026-immunotherapy-fulltext-language.md,178,no-literal-match-needs-context-review
ccr-lang-147918e5a91904603622,histologic lineage transformation,38912901,ccr-2024-38912901-language.md,31,no-literal-match-needs-context-review
ccr-lang-1482d65fdecedf1f4fdf,whole-body target-expression assessment,39545922;39821070;40208070;40343815,ccr-2025-immunotherapy-fulltext-language.md,238,no-literal-match-needs-context-review
ccr-lang-14e8179bdb5ef611b8b3,gene-panel coverage,37223888,ccr-2023-37223888-language.md,65,no-literal-match-needs-context-review
ccr-lang-14e83317bcae664e4682,flow-cytometric phenotyping,39466024;40208070;40343815;40499141;40828417;41026583,ccr-2025-immunotherapy-fulltext-language.md,262,no-literal-match-needs-context-review
ccr-lang-14f1c2aa6cec8133f499,assay-dependent threshold,41870274,ccr-2026-09-19-batch2-language.md,70,no-literal-match-needs-context-review
ccr-lang-14fcee8b4641587a16fa,in silico pathogenicity prediction,37097610,ccr-2026-09-14-atm-smarca4-stk11-priority-language.md,152,no-literal-match-needs-context-review
ccr-lang-14ff4853f426d6e58c84,inverse amplitude-size correlation,42340371,ccr-2026-42340371-language.md,69,no-literal-match-needs-context-review
ccr-lang-1502f5dea6aa7bd28186,retained binding after conjugation,39841860,ccr-2025-omics-methods-2026-09-23-language.md,156,no-literal-match-needs-context-review
ccr-lang-150e699bb8cd1b335698,stem-like phenotype,36165915,ccr-2023-36165915-language.md,51,no-literal-match-needs-context-review
ccr-lang-1511c19d9b32685a7d01,comparable co-mutation prevalence,33558425,ccr-2021-33558425-language.md,68,no-literal-match-needs-context-review
ccr-lang-152174a110c2a1153a1c,response-evaluable population,40378060,ccr-2026-09-23-intake-language.md,93,no-literal-match-needs-context-review
ccr-lang-1536a5b990c980805b1f,proliferative burst,41537692;41805895;41849236;41920765;42008740;42126592;42149140;42189883;42360104;42405849;42440365;42456046;42485106;42489696,ccr-2026-immunotherapy-fulltext-language.md,120,no-literal-match-needs-context-review
ccr-lang-1553375e8a2367ae1332,effector-memory T cell,41817317;41837748;42148884;42507545,ccr-2026-translational-mechanisms-fulltext-language.md,110,no-literal-match-needs-context-review
ccr-lang-156487ab56edd85bccda,prognostic versus predictive association,37233991,ccr-2023-37233991-language.md,99,no-literal-match-needs-context-review
ccr-lang-1579267ebba72732d878,non-class-switched clone,41805895;42008740;42189883,ccr-2026-immunotherapy-fulltext-language.md,163,no-literal-match-needs-context-review
ccr-lang-157a5304f735f75f3722,compartment-specific expression,37756581,ccr-2023-37756581-language.md,81,no-literal-match-needs-context-review
ccr-lang-15b1bc252ba27859814a,experimental lung burden,39078310,ccr-2024-39078310-language.md,52,no-literal-match-needs-context-review
ccr-lang-15c999fb05ba6078f0d1,subgroup response denominator,37233987,ccr-2023-37233987-language.md,81,no-literal-match-needs-context-review
ccr-lang-15fd56dd86251c587114,growth advantage under nutrient restriction,35091439,ccr-2022-35091439-language.md,85,no-literal-match-needs-context-review
ccr-lang-160ada4a391234aa0adb,treatment beyond progression,35144967,ccr-2022-35144967-language.md,77,no-literal-match-needs-context-review
ccr-lang-160ee9d31b4d6988f2c1,not-estimable median duration of response,41511400,ccr-2026-41511400-language.md,71,no-literal-match-needs-context-review
ccr-lang-16150172a4adfab26ab6,cohort-dependent classifier,37223924,ccr-2023-37223924-language.md,97,no-literal-match-needs-context-review
ccr-lang-1643986bd826a1a5982c,bypass-pathway activation,33685866,ccr-2021-33685866-language.md,51,no-literal-match-needs-context-review
ccr-lang-164d81b20837cbb824c4,bystander cytotoxicity,42658187,ccr-2026-09-19-pending15-language.md,1401,no-literal-match-needs-context-review
ccr-lang-1653aaf9fd0779216f81,tumor cell-autonomous effects,35920742,ccr-2022-35920742-language.md,119,no-literal-match-needs-context-review
ccr-lang-167a766bbba48a092e02,tumor-associated clones,34551906,ccr-2021-34551906-language.md,93,no-literal-match-needs-context-review
ccr-lang-16bd2663eb457ddeff48,DNA damage response vulnerability,39470668,ccr-2025-2026-09-19-intake-language.md,36,no-literal-match-needs-context-review
ccr-lang-16cdb6c00b07cc1349d1,variant allele fraction,42377115,ccr-2026-42377115-language.md,48,no-literal-match-needs-context-review
ccr-lang-16e2ea12ff11c963073d,low-shedding recurrence,39853318,ccr-2025-genomics-2026-09-20-language.md,368,no-literal-match-needs-context-review
ccr-lang-16f8a74fe9c201cda499,schedule-dependent regression,37289191,ccr-2023-37289191-language.md,85,no-literal-match-needs-context-review
ccr-lang-1725c075256eefe28f74,region of interest,38630755,ccr-2024-38630755-language.md,59,no-literal-match-needs-context-review
ccr-lang-17338373e0a716b2448a,nested sampling unit,37756581,ccr-2023-37756581-language.md,99,no-literal-match-needs-context-review
ccr-lang-1797a33ae594bd9039c5,haploid genome equivalents per milliliter,39853318,ccr-2025-genomics-2026-09-20-language.md,374,no-literal-match-needs-context-review
ccr-lang-17a8d0ce1fed072846ae,blocking assay,38277241,ccr-2024-38277241-language.md,52,no-literal-match-needs-context-review
ccr-lang-17dfcfa2899256a487e4,patient-derived xenograft panel,37382635,ccr-2023-37382635-language.md,69,no-literal-match-needs-context-review
ccr-lang-1810a890da5719209498,log2-transformed TPM,41649868;41817317;42507545,ccr-2026-translational-mechanisms-fulltext-language.md,158,no-literal-match-needs-context-review
ccr-lang-18162594e2cb526a4c77,selection through sample viability,36166003,ccr-2022-36166003-language.md,119,no-literal-match-needs-context-review
ccr-lang-1827008b1136ecf4e6d3,dose-escalation rule,38940666,ccr-2024-38940666-language.md,41,no-literal-match-needs-context-review
ccr-lang-182b4aa9f2cc608f9506,on-target escape,36996322,ccr-2023-36996322-language.md,83,no-literal-match-needs-context-review
ccr-lang-1854366f2a3175741ed2,post-progression survival,39670974,ccr-2025-2026-09-19-intake-language.md,234,no-literal-match-needs-context-review
ccr-lang-18ae97ada176b98c220a,inflammation-linked transformation,39704655,ccr-2025-omics-methods-2026-09-23-language.md,217,no-literal-match-needs-context-review
ccr-lang-18be3fcb77912592e6dd,variant-level functional heterogeneity,37097610,ccr-2026-09-14-atm-smarca4-stk11-priority-language.md,137,no-literal-match-needs-context-review
ccr-lang-18c9e890befbf0965ba2,malignant pleural effusion-derived cells,41649868;41817317;41837748;42148884;42507545,ccr-2026-translational-mechanisms-fulltext-language.md,89,no-literal-match-needs-context-review
ccr-lang-18ef547ae88bd9277113,nonspecific tissue binding,34702773,ccr-2022-34702773-language.md,101,no-literal-match-needs-context-review
ccr-lang-18f12a6ec0e08f3c700a,Bayesian adaptive design,42714874,ccr-2026-09-12-supplement-language.md,174,no-literal-match-needs-context-review
ccr-lang-190b2c76bcf31d67dd33,dose-limiting toxicity window,37227187,ccr-2023-37227187-language.md,44,no-literal-match-needs-context-review
ccr-lang-1921429e1e622630416e,mass cytometry by time of flight,39466024;40208070;40343815;40499141;40828417;41026583,ccr-2025-immunotherapy-fulltext-language.md,263,no-literal-match-needs-context-review
ccr-lang-193509a5d1a25be4be04,antibody noninterchangeability,36165915,ccr-2023-36165915-language.md,99,no-literal-match-needs-context-review
ccr-lang-1949742971dc857cf2e0,unresolved assay-description discrepancy,40853904,ccr-2025-2026-09-19-intake-language.md,513,no-literal-match-needs-context-review
ccr-lang-1973aaa6fd32d78bce65,cycle-specific nondetection,37702716,ccr-2023-37702716-language.md,81,no-literal-match-needs-context-review
ccr-lang-197aaaf36885c22af5fd,cumulative incidence with competing events,33323404,ccr-2021-33323404-language.md,80,no-literal-match-needs-context-review
ccr-lang-19c6e33e7ccfbeb9ca31,clonal pathogenic alteration,38300729,ccr-2024-38300729-language.md,36,no-literal-match-needs-context-review
ccr-lang-19cd01118b8185e1b2b7,immune-context heterogeneity,42440361,ccr-2026-09-19-supplement-language.md,152,no-literal-match-needs-context-review
ccr-lang-1a20590ac9a64dfadab9,single-cell-level spatial resolution,41805895;42008740;42456046,ccr-2026-immunotherapy-fulltext-language.md,151,no-literal-match-needs-context-review
ccr-lang-1ad0b09e8ae0ee1baa09,cytotoxic T-cell attack,35980349,ccr-2022-35980349-language.md,53,no-literal-match-needs-context-review
ccr-lang-1afa938a955c2e06b6d4,small paired cohort,36449664,ccr-2023-36449664-language.md,97,no-literal-match-needs-context-review
ccr-lang-1b02c5e5ceac815e82ef,pre-existing mixed histology,39150541,ccr-2024-39150541-language.md,56,no-literal-match-needs-context-review
ccr-lang-1b1e3204eda473d08a20,retreatment with immune checkpoint inhibitors,35762926,ccr-2022-35762926-language.md,53,no-literal-match-needs-context-review
ccr-lang-1b23f4523507712d7374,early molecular response,37279096,ccr-2023-37279096-language.md,49,no-literal-match-needs-context-review
ccr-lang-1b412ad5a9b4dcb94437,adjuvant-treatment selection gap,35838647,ccr-2022-35838647-language.md,49,no-literal-match-needs-context-review
ccr-lang-1b4c1b43f035f59511b0,indication-specific activity,41945490,ccr-2026-09-19-batch2-language.md,485,no-literal-match-needs-context-review
ccr-lang-1b69d5a9626b58fad74f,surveillance-associated stage difference,39400264,ccr-2024-39400264-language.md,55,no-literal-match-needs-context-review
ccr-lang-1b710e90c8121ff91556,single-cell integration,33622705,ccr-2021-33622705-language.md,56,no-literal-match-needs-context-review
ccr-lang-1b81a2b6e0b2354b86f6,plasma-cell infiltration,42440361,ccr-2026-09-19-supplement-language.md,142,no-literal-match-needs-context-review
ccr-lang-1ba1c966712a8b1b4853,T-follicular-helper-cell program,42440361,ccr-2026-09-19-supplement-language.md,142,no-literal-match-needs-context-review
ccr-lang-1bd23e2e625623916808,systemic immune activation,41252574,ccr-2026-09-19-batch2-language.md,198,no-literal-match-needs-context-review
ccr-lang-1be0653869ab09e3a3fc,copy-number–expression association,42340371,ccr-2026-42340371-language.md,72,no-literal-match-needs-context-review
ccr-lang-1becd4e0e45d680cf13f,fit-for-purpose cutoff,42752799,ccr-2026-09-19-supplement-language.md,235,no-literal-match-needs-context-review
ccr-lang-1bf9509efcb61d6754f5,postresection recurrence risk,35838647,ccr-2022-35838647-language.md,46,no-literal-match-needs-context-review
ccr-lang-1c0515625df99c69680b,referral bias,37223888,ccr-2023-37223888-language.md,101,no-literal-match-needs-context-review
ccr-lang-1c060b472712b7174258,permutation importance,42126592;42149140;42360104;42440365;42456046;42485106;42489696,ccr-2026-immunotherapy-fulltext-language.md,229,no-literal-match-needs-context-review
ccr-lang-1c115bef38c5294204b8,bypass receptor activation,39495173,ccr-2025-2026-09-19-intake-language.md,356,no-literal-match-needs-context-review
ccr-lang-1c29b0e5706e21dd1393,inhibitor-competition control,35792882,ccr-2022-35792882-language.md,67,no-literal-match-needs-context-review
ccr-lang-1ca266720c6f353a0b89,metabolic immune regulation,37756581,ccr-2023-37756581-language.md,51,no-literal-match-needs-context-review
ccr-lang-1cf55271e7774438ee30,nascent protein labeling,39078310,ccr-2024-39078310-language.md,40,no-literal-match-needs-context-review
ccr-lang-1cfc9379990c25b643ff,panel-harmonized TMB z-score,37223888,ccr-2023-37223888-language.md,69,no-literal-match-needs-context-review
ccr-lang-1d1ae6acfc0f018098cb,subcellular fraction enrichment,39704655,ccr-2025-omics-methods-2026-09-23-language.md,227,no-literal-match-needs-context-review
ccr-lang-1d1cc5081ed85ed3fe87,T-cell recirculation,34551906,ccr-2021-34551906-language.md,109,no-literal-match-needs-context-review
ccr-lang-1d38bd8e62d1f05a353f,Bayesian optimal interval design,41563386,ccr-2026-41563386-language.md,60,no-literal-match-needs-context-review
ccr-lang-1d51e088cb48bc3ddede,chi-square test,41649868;41817317;41837748;42148884;42507545,ccr-2026-translational-mechanisms-fulltext-language.md,223,no-literal-match-needs-context-review
ccr-lang-1d560d29cda9d743c6e3,cohort-specific methylation signal,41591979,ccr-2026-09-19-pending15-language.md,271,no-literal-match-needs-context-review
ccr-lang-1d6e692d749181e0f931,PD-(L)1 blockade,39466024;39545922;39576208;39786430;39821070;40208070;40247431;40343815;40499141;40552922;40553459;40788282;40828417;40864503;40928991;41026583;41065506,ccr-2025-immunotherapy-fulltext-language.md,120,no-literal-match-needs-context-review
ccr-lang-1d8bea207e93f5a5744e,modeled intratumoral target saturation,41587109;41671081;42574065,ccr-2026-immunotherapy-fulltext-language.md,286,no-literal-match-needs-context-review
ccr-lang-1d92e3c7cf9ac1c1aa0d,IFN-gamma-related signature,39545922;39786430;40208070;40247431;40553459;40788282;40828417;40864503;41065506,ccr-2025-immunotherapy-fulltext-language.md,194,no-literal-match-needs-context-review
ccr-lang-1d9368639271cfca577c,threshold exploration,36806911,ccr-2023-36806911-language.md,67,no-literal-match-needs-context-review
ccr-lang-1dd2487ca5b092f6b262,single-cell integration,39150543,ccr-2024-39150543-language.md,39,no-literal-match-needs-context-review
ccr-lang-1dd300e86d351aa6fe2c,wide and overlapping confidence intervals,34903582,ccr-2022-34903582-language.md,93,no-literal-match-needs-context-review
ccr-lang-1dd6e4098be8e1c1b3b7,patient-grouped cross-validation,41403154,ccr-2026-41403154-language.md,40,no-literal-match-needs-context-review
ccr-lang-1dda3e20f4231a242a4d,preclinical selectivity,39150543,ccr-2024-39150543-language.md,66,no-literal-match-needs-context-review
ccr-lang-1dec49a312531be1f750,immunocompetent syngeneic model,42478960,ccr-2026-09-19-batch2-language.md,540,no-literal-match-needs-context-review
ccr-lang-1e68031a9feda8a93b6a,subcutaneous xenograft,41649868;41837748;42148884,ccr-2026-translational-mechanisms-fulltext-language.md,179,no-literal-match-needs-context-review
ccr-lang-1e6f577b89d36316351a,multicancer detection signal,39620930,ccr-2025-genomics-2026-09-20-language.md,602,no-literal-match-needs-context-review
ccr-lang-1e807674d81fcb7f9894,beta diversity,41849236,ccr-2026-immunotherapy-fulltext-language.md,199,no-literal-match-needs-context-review
ccr-lang-1e84744ff8651c071c20,paired assessment,37233986,ccr-2023-37233986-language.md,71,no-literal-match-needs-context-review
ccr-lang-1e890902af296c160ef4,model-dependent uptake kinetics,39841860,ccr-2025-omics-methods-2026-09-23-language.md,157,no-literal-match-needs-context-review
ccr-lang-1e934ab162b03b5f0040,gene-symbol disambiguation,36537918,ccr-2023-36537918-language.md,101,no-literal-match-needs-context-review
ccr-lang-1ea08ad3292c1e4b83fb,mature tertiary lymphoid structure,41537692;41805895;41849236;41920765;42008740;42126592;42149140;42189883;42360104;42405849;42440365;42456046;42485106;42489696,ccr-2026-immunotherapy-fulltext-language.md,124,no-literal-match-needs-context-review
ccr-lang-1ea1ab3a0e4a8b7681aa,model-specific resensitization,39150541,ccr-2024-39150541-language.md,82,no-literal-match-needs-context-review
ccr-lang-1ee21ece93d01d0da081,prospective parallel biomarker cohorts,42714874,ccr-2026-09-12-supplement-language.md,173,no-literal-match-needs-context-review
ccr-lang-1ef3a2274c35d51ff2fd,mitotic vulnerability,37289191,ccr-2023-37289191-language.md,51,no-literal-match-needs-context-review
ccr-lang-1f0c27056ceccfc2e2d5,treatment-selection bias,41417462,ccr-2026-09-19-supplement-language.md,733,no-literal-match-needs-context-review
ccr-lang-1f47c7dae6a6f882a0fa,whole-exome sequencing with matched germline,39545922;39786430;40208070;40247431;40553459;40788282;40828417;40864503;41065506,ccr-2025-immunotherapy-fulltext-language.md,201,no-literal-match-needs-context-review
ccr-lang-1f4e982334db2a21aaed,dual-checkpoint rationale,41417462,ccr-2026-09-19-supplement-language.md,733,no-literal-match-needs-context-review
ccr-lang-1f52935dd18d8e8d1729,molecular nonresponder,42059900,ccr-2026-09-19-supplement-language.md,391,no-literal-match-needs-context-review
ccr-lang-1f8012298c1ad3e31967,measurable-disease subset,36996322,ccr-2023-36996322-language.md,67,no-literal-match-needs-context-review
ccr-lang-1f81354e26a1cea1f5ab,perioperative evidence gap,33593884,ccr-2021-33593884-language.md,86,no-literal-match-needs-context-review
ccr-lang-1f83809b5d8c4e919e23,multivariable Cox model,41378983,ccr-2026-09-19-batch2-language.md,123,no-literal-match-needs-context-review
ccr-lang-1fb41e2fe431c080ef47,bulk-sample clonality,36996322,ccr-2023-36996322-language.md,99,no-literal-match-needs-context-review
ccr-lang-1fb54b6e73ab345066c4,prospective selection of patients,36044531,ccr-2022-36044531-language.md,117,no-literal-match-needs-context-review
ccr-lang-1fda3c0c967a9bbbd86b,cross-validated penalty selection,42340371,ccr-2026-42340371-language.md,58,no-literal-match-needs-context-review
ccr-lang-1fdaf420ea4137bab573,exposure–safety assessment,39287821,ccr-2024-39287821-language.md,40,no-literal-match-needs-context-review
ccr-lang-1fddc4c58fe61315fb25,central-memory,39466024;39545922;39576208;39786430;39821070;40208070;40247431;40343815;40499141;40552922;40553459;40788282;40828417;40864503;40928991;41026583;41065506,ccr-2025-immunotherapy-fulltext-language.md,128,no-literal-match-needs-context-review
ccr-lang-1fe14ed4d61b5088625f,least-squares mean change,41801128,ccr-2026-09-19-pending15-language.md,560,no-literal-match-needs-context-review
ccr-lang-1ffe637f2a735e52e566,proportional-hazards assumption,41537692;41587109;41671081;41805895;41849236;41920765;42008740;42126592;42149140;42189883;42360104;42405849;42440365;42456046;42485106;42489696;42574065,ccr-2026-immunotherapy-fulltext-language.md,320,no-literal-match-needs-context-review
ccr-lang-200d050e792da6b4c800,tumor growth inhibition,41543339,ccr-2026-09-19-pending15-language.md,162,no-literal-match-needs-context-review
ccr-lang-2032656f2ca328f46280,TP53/EGFR mutual depletion,37097610,ccr-2026-09-14-atm-smarca4-stk11-priority-language.md,172,no-literal-match-needs-context-review
ccr-lang-2032a0678f5a8c6287a9,postmarketing requirement,41537692;41587109;41671081;41805895;41849236;41920765;42008740;42126592;42149140;42189883;42360104;42405849;42440365;42456046;42485106;42489696;42574065,ccr-2026-immunotherapy-fulltext-language.md,313,no-literal-match-needs-context-review
ccr-lang-203c51797b8e576a365d,subgroup imprecision,41779007,ccr-2026-09-19-pending15-language.md,355,no-literal-match-needs-context-review
ccr-lang-204a1998de90528f74e6,prognostic versus predictive value,38127300,ccr-2024-38127300-language.md,64,no-literal-match-needs-context-review
ccr-lang-20840019b9d33f86f9c4,right censoring,41870274,ccr-2026-09-19-batch2-language.md,51,no-literal-match-needs-context-review
ccr-lang-208c9c10912813ccde3a,single-sample gene set enrichment analysis,42340371,ccr-2026-42340371-language.md,56,no-literal-match-needs-context-review
ccr-lang-209cd629ee4fdf033087,ctDNA molecular response,41563386,ccr-2026-41563386-language.md,76,no-literal-match-needs-context-review
ccr-lang-20a35f02ca9715c6aa67,attenuation of STAT1 downregulation,42714874,ccr-2026-09-12-supplement-language.md,190,no-literal-match-needs-context-review
ccr-lang-20c9334c40232afe8ade,reference-label uncertainty,42001480,ccr-2026-09-19-batch2-language.md,274,no-literal-match-needs-context-review
ccr-lang-20ef3106b0727dee34d7,sparse risk sets at the curve tail,42714840,ccr-2026-09-12-supplement-language.md,132,no-literal-match-needs-context-review
ccr-lang-20f0ad5a4006cff1b8fe,housekeeping-gene normalization,35511938,ccr-2022-35511938-language.md,69,no-literal-match-needs-context-review
ccr-lang-21422f725ee15ed2fc46,single-chain variable fragment panel,36692420,ccr-2023-36692420-language.md,59,no-literal-match-needs-context-review
ccr-lang-21487556509fcda60f8a,expression in overlapping pixels,34686497,ccr-2022-34686497-language.md,55,no-literal-match-needs-context-review
ccr-lang-2154f483dd4fc9e3126b,tumor-restricted surface antigen,36692420,ccr-2023-36692420-language.md,48,no-literal-match-needs-context-review
ccr-lang-215cc160ff86f0b26a01,reduced PD-L1 positivity,33685865,ccr-2021-33685865-language.md,69,no-literal-match-needs-context-review
ccr-lang-2193de1d38137cf5865d,directionally concordant external evidence,33593884,ccr-2021-33593884-language.md,74,no-literal-match-needs-context-review
ccr-lang-21967f990b96f86c58dd,Clopper–Pearson confidence interval,40310449,ccr-2025-genomics-2026-09-20-language.md,326,no-literal-match-needs-context-review
ccr-lang-21a5535ee2fb1d6290ae,somatic short variant,41649868;41817317;42507545,ccr-2026-translational-mechanisms-fulltext-language.md,152,no-literal-match-needs-context-review
ccr-lang-21add6befb605b7d62ef,paired tissue sampling,36469573,ccr-2023-36469573-language.md,65,no-literal-match-needs-context-review
ccr-lang-21d3582b6c4b3a413340,independent prognostic contribution,32709715,ccr-2026-09-14-atm-smarca4-stk11-priority-language.md,87,no-literal-match-needs-context-review
ccr-lang-220556099ee839ff4729,sum of longest diameters,35767426,ccr-2022-35767426-language.md,79,no-literal-match-needs-context-review
ccr-lang-220e87e7f17e13c0b88a,noncompartmental analysis,35404402,ccr-2022-35404402-language.md,75,no-literal-match-needs-context-review
ccr-lang-223e032ed62ee4a3c985,signature-high wild-type subgroup,38980931,ccr-2024-38980931-language.md,94,no-literal-match-needs-context-review
ccr-lang-2258d7b950070bbf477a,treatment-emergent adverse event,41537692;41587109;41671081;41805895;41849236;41920765;42008740;42126592;42149140;42189883;42360104;42405849;42440365;42456046;42485106;42489696;42574065,ccr-2026-immunotherapy-fulltext-language.md,298,no-literal-match-needs-context-review
ccr-lang-226553ccc636898fdde6,post-progression treatment crossover,42714840,ccr-2026-09-12-supplement-language.md,131,no-literal-match-needs-context-review
ccr-lang-2294169d4258a57d1712,baseline-positive clearance set,37702716,ccr-2023-37702716-language.md,69,no-literal-match-needs-context-review
ccr-lang-22948e959b3345c6d79c,retrospective clinicogenomic cohort,33323404,ccr-2021-33323404-language.md,78,no-literal-match-needs-context-review
ccr-lang-22a267b8bc45cf1bac93,cross-cohort comparability,35394499,ccr-2022-35394499-language.md,103,no-literal-match-needs-context-review
ccr-lang-22b4b46f8b4cf652be41,paired cytokine change,36595561,ccr-2023-36595561-language.md,81,no-literal-match-needs-context-review
ccr-lang-230185daa33e982df75b,completer-sensitive response estimate,39352721,ccr-2024-39352721-language.md,51,no-literal-match-needs-context-review
ccr-lang-2303bbabb37ac0c1e87a,prospective assay validation,38980931,ccr-2024-38980931-language.md,115,no-literal-match-needs-context-review
ccr-lang-230cc63313e46ec3d9b9,exposure-to-phenotype connection,39704655,ccr-2025-omics-methods-2026-09-23-language.md,218,no-literal-match-needs-context-review
ccr-lang-2347febaaaa348a2b212,light-versus-heavy smoking stratum,41417462,ccr-2026-09-19-supplement-language.md,714,no-literal-match-needs-context-review
ccr-lang-235911832718482c3cbe,targeted mass-spectrometric protein quantification,42440358,ccr-2026-42440358-language.md,44,no-literal-match-needs-context-review
ccr-lang-2362c181bd81618e67c1,amenable to stereotactic body radiotherapy,41537692;41587109;41671081;41805895;41849236;41920765;42008740;42126592;42149140;42189883;42360104;42405849;42440365;42456046;42485106;42489696;42574065,ccr-2026-immunotherapy-fulltext-language.md,96,no-literal-match-needs-context-review
ccr-lang-23a514a1784bf0f69d9a,mutant-selective inhibitor,41649868;42507545,ccr-2026-translational-mechanisms-fulltext-language.md,125,no-literal-match-needs-context-review
ccr-lang-23a559637d10ea96d939,tumor-cell clearance,42478960,ccr-2026-09-19-batch2-language.md,548,no-literal-match-needs-context-review
ccr-lang-23abf7070d590c9ede17,non-negative least squares regression,34261696,ccr-2021-34261696-language.md,69,no-literal-match-needs-context-review
ccr-lang-23bace946650346ce458,therapeutic index,42007996,ccr-2026-09-19-supplement-language.md,1148,no-literal-match-needs-context-review
ccr-lang-23c24f00ddde2cf9ddf1,sensitivity-specificity trade-off,35852792,ccr-2022-35852792-language.md,91,no-literal-match-needs-context-review
ccr-lang-23e07455642749b0a784,multiregion phylogenetic reconstruction,38980931,ccr-2024-38980931-language.md,80,no-literal-match-needs-context-review
ccr-lang-23fba5e16c96eddfe7fa,serial rechallenge assay,36692420,ccr-2023-36692420-language.md,60,no-literal-match-needs-context-review
ccr-lang-244617f6e3f102ad63fa,arm-level copy-number alteration,37071497,ccr-2023-37071497-language.md,67,no-literal-match-needs-context-review
ccr-lang-244f2948946c4c294b9b,in vitro–in vivo discordance,37382635,ccr-2023-37382635-language.md,97,no-literal-match-needs-context-review
ccr-lang-245d7bb0198992351482,receptor-blocking experiment,39466024;40208070;40343815;40499141;40828417;41026583,ccr-2025-immunotherapy-fulltext-language.md,256,no-literal-match-needs-context-review
ccr-lang-245e5597871a1b358fa8,biological versus technical replication,39540841,ccr-2025-omics-methods-2026-09-23-language.md,54,no-literal-match-needs-context-review
ccr-lang-246becdf164dbb56facf,preexisting versus acquired alteration,41790029,ccr-2026-09-19-pending15-language.md,468,no-literal-match-needs-context-review
ccr-lang-247595d49f2dd0dae4c3,time to maximum concentration,41587109;41671081;42574065,ccr-2026-immunotherapy-fulltext-language.md,275,no-literal-match-needs-context-review
ccr-lang-24768a8a64847563213f,lower amplification ratio,41870274,ccr-2026-09-19-batch2-language.md,60,no-literal-match-needs-context-review
ccr-lang-24a6fe4b244fbaf83ccf,biallelic loss,41649868;41817317;41837748;42148884;42507545,ccr-2026-translational-mechanisms-fulltext-language.md,80,no-literal-match-needs-context-review
ccr-lang-24a8ea31ac28a717cc65,acquired MET-mediated resistance,42752799,ccr-2026-09-19-supplement-language.md,207,no-literal-match-needs-context-review
ccr-lang-24b20230b695a33df786,cancer-stem-cell inference,36165915,ccr-2023-36165915-language.md,97,no-literal-match-needs-context-review
ccr-lang-24b467bf107401c9c42f,ambient RNA removal,41945490,ccr-2026-09-19-batch2-language.md,469,no-literal-match-needs-context-review
ccr-lang-24d6833bb3b6edd7cbd3,scarce and fragmented circulating DNA,42113010,ccr-2026-09-19-pending15-language.md,726,no-literal-match-needs-context-review
ccr-lang-24db7856eb400b4a25f7,treatment-era limitation,33685865,ccr-2021-33685865-language.md,81,no-literal-match-needs-context-review
ccr-lang-24dcd3f4a6c00780e6b5,external training data,36595566,ccr-2023-36595566-language.md,101,no-literal-match-needs-context-review
ccr-lang-24fcba83e09a733a2f1a,dose-escalation window,39287821,ccr-2024-39287821-language.md,39,no-literal-match-needs-context-review
ccr-lang-250e28e85d3893d884dc,low circulating tumor DNA fraction,41790029,ccr-2026-09-19-pending15-language.md,455,no-literal-match-needs-context-review
ccr-lang-2525f822ebb4e13f3523,retrospective treatment association,41870274,ccr-2026-09-19-batch2-language.md,70,no-literal-match-needs-context-review
ccr-lang-2535e697b6df7737c75e,flow-cytometric internalization assay,42007996,ccr-2026-09-19-supplement-language.md,1129,no-literal-match-needs-context-review
ccr-lang-253b8d69102ce668eea4,independent response review,38875108,ccr-2024-38875108-language.md,39,no-literal-match-needs-context-review
ccr-lang-253d0f38f1dc5407f70f,lineage-specific recurrence,39561276,ccr-2025-2026-09-19-intake-language.md,183,no-literal-match-needs-context-review
ccr-lang-255e927b60d3058a192f,loss of measurable exposure,41252574,ccr-2026-09-19-batch2-language.md,198,no-literal-match-needs-context-review
ccr-lang-25a2815405c30eacc466,MYC paralog dosage,40299768,ccr-2025-2026-09-19-intake-language.md,423,no-literal-match-needs-context-review
ccr-lang-25b06682d60f360e44d0,bypass signaling,42752799,ccr-2026-09-19-supplement-language.md,207,no-literal-match-needs-context-review
ccr-lang-25c6e3e4d56702c31dad,ploidy-subtracted total copy number,42340371,ccr-2026-42340371-language.md,52,no-literal-match-needs-context-review
ccr-lang-25d687ea0f179a44003e,postmarketing obligation,38875108,ccr-2024-38875108-language.md,63,no-literal-match-needs-context-review
ccr-lang-25de92553ffee17a9dc3,mutational-signature context,33593884,ccr-2021-33593884-language.md,51,no-literal-match-needs-context-review
ccr-lang-25ec5cb25b9a3c3f7aeb,lung-cancer-specific mortality,41779007,ccr-2026-09-19-pending15-language.md,339,no-literal-match-needs-context-review
ccr-lang-25f44011c9dc5fc36568,treatment-specific predictive utility,42446521,ccr-2026-09-19-pending15-language.md,1114,no-literal-match-needs-context-review
ccr-lang-25fe629108d1176086f7,grade 3 or higher neutropenia,41563386,ccr-2026-41563386-language.md,73,no-literal-match-needs-context-review
ccr-lang-2617443d5a01d223c5f7,RNA read-count threshold,41556942,ccr-2026-09-19-supplement-language.md,797,no-literal-match-needs-context-review
ccr-lang-262765f358823d55ed38,one-sided significance level,35980349,ccr-2022-35980349-language.md,69,no-literal-match-needs-context-review
ccr-lang-2630c09176c261804a25,treatment-sequencing interval,38165684,ccr-2024-38165684-language.md,32,no-literal-match-needs-context-review
ccr-lang-264fd8a3db2196e37aae,time-dependent exposure bias,42207168,ccr-2026-09-19-pending15-language.md,847,no-literal-match-needs-context-review
ccr-lang-2663c7b07b6c612c0286,subdistribution hazard,41779007,ccr-2026-09-19-pending15-language.md,346,no-literal-match-needs-context-review
ccr-lang-2668a529d2bf67f579b1,ploidy-normalized copy number,41870274,ccr-2026-09-19-batch2-language.md,51,no-literal-match-needs-context-review
ccr-lang-2679078f53c2acee92c2,proportion-matched downsampling,39540841,ccr-2025-omics-methods-2026-09-23-language.md,50,no-literal-match-needs-context-review
ccr-lang-268eeebf186f2c0cf4a6,field-of-view-level segmentation,40932352,ccr-2025-2026-09-19-intake-language.md,298,no-literal-match-needs-context-review
ccr-lang-26bbca5edc325dc115d3,plasma-derived cell-free DNA,36201167,ccr-2023-36201167-language.md,49,no-literal-match-needs-context-review
ccr-lang-26e1ef16ce9ed0a221a8,confirmed-response analysis,36112541,ccr-2023-36112541-language.md,69,no-literal-match-needs-context-review
ccr-lang-26e2a21a931d81f91cca,subcellular localization of a therapeutic target,38048058,ccr-2024-38048058-language.md,31,no-literal-match-needs-context-review
ccr-lang-26f1c1ecbd575d52a36b,cell-line-derived xenograft,39466024;40208070;40343815;40499141;40828417;41026583,ccr-2025-immunotherapy-fulltext-language.md,265,no-literal-match-needs-context-review
ccr-lang-27350710c3f2c0b703b7,source-associated principal component,38180245,ccr-2024-38180245-language.md,39,no-literal-match-needs-context-review
ccr-lang-275bd46dc9ff6bdf9d2a,context-dependent genomic association,38300729,ccr-2024-38300729-language.md,31,no-literal-match-needs-context-review
ccr-lang-2768abceba04d0e5abca,historical benchmark,41701940,ccr-2026-09-19-batch2-language.md,414,no-literal-match-needs-context-review
ccr-lang-2795cd0dbaa831fb48c7,genomic-context confounding,42599160,ccr-2026-09-19-pending15-language.md,1299,no-literal-match-needs-context-review
ccr-lang-279986f3d33a1f177e7d,clonal-hematopoiesis contamination,41537692;42440365;42489696,ccr-2026-immunotherapy-fulltext-language.md,174,no-literal-match-needs-context-review
ccr-lang-27a7ca92f7e02e13416e,higher cumulative locoregional recurrence,33323404,ccr-2021-33323404-language.md,102,no-literal-match-needs-context-review
ccr-lang-27b6c3656527185bab2b,inferred subtype abundance,33622705,ccr-2021-33622705-language.md,70,no-literal-match-needs-context-review
ccr-lang-27cc046c57ae3ebde0cc,absolute and relative measures,34301751,ccr-2021-34301751-language.md,53,no-literal-match-needs-context-review
ccr-lang-27cf3668a6c42fa5658f,escape mechanism,34407972,ccr-2021-34407972-language.md,105,no-literal-match-needs-context-review
ccr-lang-27f185e8ce075a7d7d6b,molecular clearance,41400436,ccr-2026-09-19-batch2-language.md,330,no-literal-match-needs-context-review
ccr-lang-2827fba62a874fbf7efe,co-occurring pathway alteration,42360806,ccr-2026-42360806-language.md,60,no-literal-match-needs-context-review
ccr-lang-282a909f90a47e6a6be2,centrally confirmed alteration,41556942,ccr-2026-09-19-supplement-language.md,806,no-literal-match-needs-context-review
ccr-lang-2832db37faafec46badf,investigator-assessed progression,36971777,ccr-2023-36971777-language.md,83,no-literal-match-needs-context-review
ccr-lang-283cd97977a0afac7bf2,combination-attribution problem,33023953,ccr-2021-33023953-language.md,87,no-literal-match-needs-context-review
ccr-lang-28463a551bedfeaea375,durable disease stabilization,41378983,ccr-2026-09-19-batch2-language.md,130,no-literal-match-needs-context-review
ccr-lang-284856418272c6dfa4bc,isogenic murine KRAS-mutant cell model,37733794,ccr-2026-09-14-atm-smarca4-stk11-priority-language.md,266,no-literal-match-needs-context-review
ccr-lang-284d34fa7b49c31244ea,matched white-blood-cell sequencing,41537692;42440365;42489696,ccr-2026-immunotherapy-fulltext-language.md,172,no-literal-match-needs-context-review
ccr-lang-284f9d67f50feffdcff9,worst-case imputation,38109210,ccr-2024-38109210-language.md,40,no-literal-match-needs-context-review
ccr-lang-285f93536dc4b56e0f5c,endpoint noninterchangeability,33558425,ccr-2021-33558425-language.md,83,no-literal-match-needs-context-review
ccr-lang-28829cb7ea1026bdd2b1,T follicular helper cell activation,41817317;41837748;42148884;42507545,ccr-2026-translational-mechanisms-fulltext-language.md,115,no-literal-match-needs-context-review
ccr-lang-28f4056d01df7972bdcd,exposure-time normalization,34686497,ccr-2022-34686497-language.md,71,no-literal-match-needs-context-review
ccr-lang-28fb50d42bcab0719029,matched tissue confirmation,38526394,ccr-2024-38526394-language.md,40,no-literal-match-needs-context-review
ccr-lang-2932c182819f143bb598,erythroid differentiation defect,36537918,ccr-2023-36537918-language.md,83,no-literal-match-needs-context-review
ccr-lang-2939b227d3e12bc93fe7,longitudinal circulating-tumor-fraction tracking,41563386,ccr-2026-41563386-language.md,77,no-literal-match-needs-context-review
ccr-lang-294d9c9bf86627981986,clonal reinvigoration,41805895;42008740;42189883,ccr-2026-immunotherapy-fulltext-language.md,166,no-literal-match-needs-context-review
ccr-lang-299b8020fbc8647a5454,discordance between genotype and protein phenotype,32709715,ccr-2026-09-14-atm-smarca4-stk11-priority-language.md,90,no-literal-match-needs-context-review
ccr-lang-299dec916f422cfcf57e,multivariable Cox proportional-hazards model,32709715,ccr-2026-09-14-atm-smarca4-stk11-priority-language.md,56,no-literal-match-needs-context-review
ccr-lang-2a15466f687833088d5f,benchmark-exceeding response estimate,41511400,ccr-2026-41511400-language.md,70,no-literal-match-needs-context-review
ccr-lang-2a2e6a819982ce1164f3,nonsignificant clinical trend,36595561,ccr-2023-36595561-language.md,85,no-literal-match-needs-context-review
ccr-lang-2a368c5b67754cd56019,research-antibody exposure,36165915,ccr-2023-36165915-language.md,65,no-literal-match-needs-context-review
ccr-lang-2a533bfd15d5152e5209,KRAS/STK11 co-enrichment,37097610,ccr-2026-09-14-atm-smarca4-stk11-priority-language.md,171,no-literal-match-needs-context-review
ccr-lang-2a6070b987065d7305e0,fusion-calling threshold,39887260,ccr-2025-genomics-2026-09-20-language.md,274,no-literal-match-needs-context-review
ccr-lang-2ab7f60456aa741841b5,maladaptive wound response,39540841,ccr-2025-omics-methods-2026-09-23-language.md,39,no-literal-match-needs-context-review
ccr-lang-2ac5c399d8f8e1dbe426,immune-enriched region,41537692;41805895;41849236;41920765;42008740;42126592;42149140;42189883;42360104;42405849;42440365;42456046;42485106;42489696,ccr-2026-immunotherapy-fulltext-language.md,127,no-literal-match-needs-context-review
ccr-lang-2afa2b2b1f04a1d24d4e,Monte Carlo resampling,38109210,ccr-2024-38109210-language.md,39,no-literal-match-needs-context-review
ccr-lang-2b19d1103dc2956341ce,standardized mean difference,37125965,ccr-2023-37125965-language.md,83,no-literal-match-needs-context-review
ccr-lang-2b2233743414f290deeb,paired tissue and plasma profiling,33685866,ccr-2021-33685866-language.md,60,no-literal-match-needs-context-review
ccr-lang-2b8152cfd031576c1d50,functional homologous-recombination status,41563386,ccr-2026-41563386-language.md,87,no-literal-match-needs-context-review
ccr-lang-2ba9c50b18eafc254e2c,absolute-agreement intraclass correlation,41945491,ccr-2026-09-19-pending15-language.md,640,no-literal-match-needs-context-review
ccr-lang-2bc35a104b6de231e335,extracellular receptor targeting,37022784,ccr-2023-37022784-language.md,51,no-literal-match-needs-context-review
ccr-lang-2be0bbb268a96b13820d,treatment-naive,41649868;41817317;41837748;42148884;42507545,ccr-2026-translational-mechanisms-fulltext-language.md,91,no-literal-match-needs-context-review
ccr-lang-2be5add10aaade1369be,orthogonal assay concordance,41870274,ccr-2026-09-19-batch2-language.md,51,no-literal-match-needs-context-review
ccr-lang-2be6a4ef7319581d5efd,prognostic allele effect,33593884,ccr-2021-33593884-language.md,83,no-literal-match-needs-context-review
ccr-lang-2bff34ef3c00ab9ede1d,quality-controlled cell atlas,41805895;42008740;42456046,ccr-2026-immunotherapy-fulltext-language.md,137,no-literal-match-needs-context-review
ccr-lang-2c0f2c576ce0ed65c291,contraction of M2-like tumor-associated macrophages,39466024;39545922;39576208;39786430;39821070;40208070;40247431;40343815;40499141;40552922;40553459;40788282;40828417;40864503;40928991;41026583;41065506,ccr-2025-immunotherapy-fulltext-language.md,132,no-literal-match-needs-context-review
ccr-lang-2c1788e2f6bf123035bd,molecularly heterogeneous ATM-mutant NSCLC,37097610,ccr-2026-09-14-atm-smarca4-stk11-priority-language.md,193,no-literal-match-needs-context-review
ccr-lang-2c2206030a3c7d7ceaff,primary-specimen sensitivity analysis,42148883,ccr-2026-42148883-language.md,43,no-literal-match-needs-context-review
ccr-lang-2c31475b4b8ebfa08370,isogenic target-positive and target-negative cells,39466024;40208070;40343815;40499141;40828417;41026583,ccr-2025-immunotherapy-fulltext-language.md,254,no-literal-match-needs-context-review
ccr-lang-2c595b469a0e00d799bc,historically reported response rate,34551906,ccr-2021-34551906-language.md,105,no-literal-match-needs-context-review
ccr-lang-2c633ffbcb1acfa6bf31,metabolic response without RECIST response,37227187,ccr-2023-37227187-language.md,53,no-literal-match-needs-context-review
ccr-lang-2c9b2f2e269e859f3661,cross-trial contextualization,42507540,ccr-2026-09-19-supplement-language.md,484,no-literal-match-needs-context-review
ccr-lang-2ca8b9c8948c9eb37d2c,multivariable Cox model,35838647,ccr-2022-35838647-language.md,60,no-literal-match-needs-context-review
ccr-lang-2cc13cfe429280b9e49f,cross-cohort integration,40853904,ccr-2025-2026-09-19-intake-language.md,512,no-literal-match-needs-context-review
ccr-lang-2d0aa8672ae1addf48fd,RNA-enabled diagnostic yield,33947695,ccr-2021-33947695-language.md,81,no-literal-match-needs-context-review
ccr-lang-2d1162622d20f0384954,numerically longer median PFS,36044531,ccr-2022-36044531-language.md,101,no-literal-match-needs-context-review
ccr-lang-2d17055ee16bc397df3d,sgRNA enrichment screen,39804166,ccr-2025-genomics-2026-09-20-language.md,33,no-literal-match-needs-context-review
ccr-lang-2d27b75ff747892bb9dd,spatial and temporal heterogeneity,40833744,ccr-2026-40833744-language.md,32,no-literal-match-needs-context-review
ccr-lang-2d2aa17d2bf7f5f9cfe3,persistent target positivity,42658187,ccr-2026-09-19-pending15-language.md,1390,no-literal-match-needs-context-review
ccr-lang-2d32a157d555a5279b67,time-point–distinct biopsy,33685866,ccr-2021-33685866-language.md,59,no-literal-match-needs-context-review
ccr-lang-2d38aba092f609cf6209,outcome-linked validation,41945491,ccr-2026-09-19-pending15-language.md,661,no-literal-match-needs-context-review
ccr-lang-2d39f9a695e5717a99ce,time to second subsequent treatment or death,42714840,ccr-2026-09-12-supplement-language.md,107,no-literal-match-needs-context-review
ccr-lang-2d4e5a4727c269158881,nominal uncorrected clinical P values,42714875,ccr-2026-09-12-supplement-language.md,273,no-literal-match-needs-context-review
ccr-lang-2d6d688a4811a75ebc86,MET IHC overexpression,42752799,ccr-2026-09-19-supplement-language.md,207,no-literal-match-needs-context-review
ccr-lang-2d7582cf7a5c705b3392,guarantee-time bias,37279096,ccr-2023-37279096-language.md,99,no-literal-match-needs-context-review
ccr-lang-2d7a7503c954f796a6c5,functional pathway activation beyond mutation status,33077574,ccr-2026-09-12-supplement-language.md,53,no-literal-match-needs-context-review
ccr-lang-2d8a8e12e60e090ab60d,host stromal target expression,35972732,ccr-2022-35972732-language.md,99,no-literal-match-needs-context-review
ccr-lang-2d9481b6783fc6ebbf47,inactive GDP-bound state,35404402,ccr-2022-35404402-language.md,55,no-literal-match-needs-context-review
ccr-lang-2d990276d427ca838d6a,benefit–risk assessment,37265412,ccr-2023-37265412-language.md,97,no-literal-match-needs-context-review
ccr-lang-2d99e0d205230175b5a0,underpowered negative finding,37233987,ccr-2023-37233987-language.md,97,no-literal-match-needs-context-review
ccr-lang-2d9ca5188b30f59f99a0,registry frequency cohort,36913537,ccr-2023-36913537-language.md,65,no-literal-match-needs-context-review
ccr-lang-2db7623211716e764705,rare benefit-positive exception,38300729,ccr-2024-38300729-language.md,44,no-literal-match-needs-context-review
ccr-lang-2dbae147059ca2b21721,mutation-independent signal,37071497,ccr-2023-37071497-language.md,51,no-literal-match-needs-context-review
ccr-lang-2dc85d2e9ccf73b7630d,molecular recrudescence,37071497,ccr-2023-37071497-language.md,83,no-literal-match-needs-context-review
ccr-lang-2dd3b30d20cab5a20d51,integrated multi-omic profiling,39466024;39545922;39576208;39786430;39821070;40208070;40247431;40343815;40499141;40552922;40553459;40788282;40828417;40864503;40928991;41026583;41065506;41537692;41587109;41649868;41671081;41805895;41817317;41837748;41849236;41920765;42008740;42126592;42148884;42149140;42189883;42360104;42405849;42440365;42456046;42485106;42489696;42507545;42574065,ccr-phrase-patterns.md,85,no-literal-match-needs-context-review
ccr-lang-2dd404e93edc2f23b513,pathway-inferred LPA-high malignant cluster,40853904,ccr-2025-2026-09-19-intake-language.md,506,no-literal-match-needs-context-review
ccr-lang-2ddeb3809541c3e128c4,tumor-targeted payload delivery,37227187,ccr-2023-37227187-language.md,38,no-literal-match-needs-context-review
ccr-lang-2df732939fb4d38470fe,common tumor origin,39561276,ccr-2025-2026-09-19-intake-language.md,162,no-literal-match-needs-context-review
ccr-lang-2dfe699a1f8c0bc14d26,conditional odds ratio,35091439,ccr-2022-35091439-language.md,69,no-literal-match-needs-context-review
ccr-lang-2ea963dea7310edee569,co-occurring epigenetic regulator alterations,40704901,ccr-2025-genomics-2026-09-20-language.md,139,no-literal-match-needs-context-review
ccr-lang-2eb3a2a4c85facc0d138,actionable mutation of interest,40388547,ccr-2025-genomics-2026-09-20-language.md,176,no-literal-match-needs-context-review
ccr-lang-2eec9d8f4e242270ada3,registration-based time origin,38165684,ccr-2024-38165684-language.md,36,no-literal-match-needs-context-review
ccr-lang-2eef56e81c68e4faed4b,epigenetic sensitization,37725585,ccr-2023-37725585-language.md,49,no-literal-match-needs-context-review
ccr-lang-2f0a4882f9b0b2329ccf,verification bias,38526394,ccr-2024-38526394-language.md,63,no-literal-match-needs-context-review
ccr-lang-2f2a0d8adf287ff13329,no statistically significant difference in PFS,33558425,ccr-2021-33558425-language.md,70,no-literal-match-needs-context-review
ccr-lang-2f43cbbfbe093fc0646f,dose and injection-site exploration,41587109;41671081;42574065,ccr-2026-immunotherapy-fulltext-language.md,271,no-literal-match-needs-context-review
ccr-lang-2f499c4a5215f781aa6c,non-evaluable samples,36166003,ccr-2022-36166003-language.md,105,no-literal-match-needs-context-review
ccr-lang-2f62f7bce6a8520310fd,continuous treatment-interaction term,37801329,ccr-2024-37801329-language.md,37,no-literal-match-needs-context-review
ccr-lang-2f6697fd981347eee0bc,dual-checkpoint blockade,39466024;39545922;39576208;39786430;39821070;40208070;40247431;40343815;40499141;40552922;40553459;40788282;40828417;40864503;40928991;41026583;41065506,ccr-2025-immunotherapy-fulltext-language.md,120,no-literal-match-needs-context-review
ccr-lang-2f6a59a5471a87c628a2,phenocopied by genetic suppression,35920742,ccr-2022-35920742-language.md,99,no-literal-match-needs-context-review
ccr-lang-2f715a930e396c63e8e9,mutual-exclusivity analysis,35091439,ccr-2022-35091439-language.md,71,no-literal-match-needs-context-review
ccr-lang-2f8cadd00030b9cde6d2,Annexin V positivity,42013305,ccr-2026-09-19-supplement-language.md,880,no-literal-match-needs-context-review
ccr-lang-2f999f82b77624347e11,exploratory cutoff analysis,37801329,ccr-2024-37801329-language.md,38,no-literal-match-needs-context-review
ccr-lang-2f9ae8eb17aecb4a21f5,MHC class I immunopeptidomics,40208070,ccr-2025-immunotherapy-fulltext-language.md,219,no-literal-match-needs-context-review
ccr-lang-2ff21aeda25c00cb187d,granular immune phenotyping,36166003,ccr-2022-36166003-language.md,63,no-literal-match-needs-context-review
ccr-lang-2ffcda884013824f92e5,log2-transformed variable,35275991,ccr-2022-35275991-language.md,71,no-literal-match-needs-context-review
ccr-lang-30021ab71ca5e9b38963,deconvolved,41805895;42008740;42456046,ccr-2026-immunotherapy-fulltext-language.md,153,no-literal-match-needs-context-review
ccr-lang-30176790995acc60a6c4,contemporaneous specimen collection,40388547,ccr-2025-genomics-2026-09-20-language.md,182,no-literal-match-needs-context-review
ccr-lang-30224ee32cfa2f28f3e0,inferred ligand–target links,39540841,ccr-2025-omics-methods-2026-09-23-language.md,52,no-literal-match-needs-context-review
ccr-lang-30238a0f085fae3c1e86,somatic versus germline alteration,37733794,ccr-2026-09-14-atm-smarca4-stk11-priority-language.md,244,no-literal-match-needs-context-review
ccr-lang-303eae89cac5f07ebf6b,actionable genomic alteration,41649868;41817317;41837748;42148884;42507545,ccr-2026-translational-mechanisms-fulltext-language.md,78,no-literal-match-needs-context-review
ccr-lang-305d76f99be1b714924b,stage-adjusted recurrence association,33593884,ccr-2021-33593884-language.md,70,no-literal-match-needs-context-review
ccr-lang-3070d6156a4ba235399e,Ba/F3 transformation assay,33685866,ccr-2021-33685866-language.md,62,no-literal-match-needs-context-review
ccr-lang-30809c04a1d6cb6f49c7,persistent gene amplification,42360806,ccr-2026-42360806-language.md,64,no-literal-match-needs-context-review
ccr-lang-3090f99cdbff108ae0aa,elastic-net Cox regression,35727603,ccr-2022-35727603-language.md,87,no-literal-match-needs-context-review
ccr-lang-30be6bd25c95c8fd8ca6,pathogenic-variant eligibility,39400264,ccr-2024-39400264-language.md,43,no-literal-match-needs-context-review
ccr-lang-30c3029aa5fe3bfd1ac9,biopsy-level dependence,37223924,ccr-2023-37223924-language.md,99,no-literal-match-needs-context-review
ccr-lang-30c4a7be9687f9854313,induced regression,39466024;40208070;40343815;40499141;40828417;41026583,ccr-2025-immunotherapy-fulltext-language.md,274,no-literal-match-needs-context-review
ccr-lang-30ec66861d1075e87a55,analytic coverage,38060240,ccr-2024-38060240-language.md,63,no-literal-match-needs-context-review
ccr-lang-30f2676b1d9347d830b5,drug-to-antibody ratio,40208070;40499141;40928991,ccr-2025-immunotherapy-fulltext-language.md,170,no-literal-match-needs-context-review
ccr-lang-3113c04f238ce23d924e,immune-checkpoint-blockade responsiveness,32709715,ccr-2026-09-14-atm-smarca4-stk11-priority-language.md,37,no-literal-match-needs-context-review
ccr-lang-313269fd28de8f62b6e8,objective response rate,32709715,ccr-2026-09-14-atm-smarca4-stk11-priority-language.md,73,no-literal-match-needs-context-review
ccr-lang-3146abb05b4de9ed686c,gene-covered denominator,40704901,ccr-2025-genomics-2026-09-20-language.md,132,no-literal-match-needs-context-review
ccr-lang-315bb570509a9904fd85,pooled safety population,37265412,ccr-2023-37265412-language.md,69,no-literal-match-needs-context-review
ccr-lang-319f054bdd50a97a91fc,deleterious-variant curation,37097610,ccr-2026-09-14-atm-smarca4-stk11-priority-language.md,151,no-literal-match-needs-context-review
ccr-lang-31ac9c11de38260a08f3,recommended phase II dose,42048384,ccr-2026-09-19-supplement-language.md,50,no-literal-match-needs-context-review
ccr-lang-31b740c0b44144cb1796,adjusted least-squares mean change,35012927,ccr-2022-35012927-language.md,95,no-literal-match-needs-context-review
ccr-lang-31b8e13dd20c4286132b,loading-control-normalized immunoblot quantification,42714874,ccr-2026-09-12-supplement-language.md,180,no-literal-match-needs-context-review
ccr-lang-31c47e17277c701e6caa,assay-discordant detection,42377115,ccr-2026-42377115-language.md,60,no-literal-match-needs-context-review
ccr-lang-31d1992c85c23eb4448c,differential gene-expression analysis,39150541,ccr-2024-39150541-language.md,65,no-literal-match-needs-context-review
ccr-lang-31d8f237b24cacddbc95,positive percent agreement,34753780,ccr-2022-34753780-language.md,71,no-literal-match-needs-context-review
ccr-lang-31f5428ab0b134274bfd,checkpoint-expressing dysfunctional state,39466024;39545922;39576208;39786430;39821070;40208070;40247431;40343815;40499141;40552922;40553459;40788282;40828417;40864503;40928991;41026583;41065506,ccr-2025-immunotherapy-fulltext-language.md,126,no-literal-match-needs-context-review
ccr-lang-32006d3f5725119bf331,outcome-informed feature screening,42456051,ccr-2026-42456051-language.md,55,no-literal-match-needs-context-review
ccr-lang-32085764c4f67aee5fbc,ranked values,34140403,ccr-2021-34140403-language.md,73,no-literal-match-needs-context-review
ccr-lang-320b21b70267ca156e8c,genomic–transcriptomic integration,38980931,ccr-2024-38980931-language.md,72,no-literal-match-needs-context-review
ccr-lang-321f2770caf401f991ca,dominant mutational signature,42599160,ccr-2026-09-19-pending15-language.md,1282,no-literal-match-needs-context-review
ccr-lang-324001a4e7e640425dd6,stepwise multivariable model selection,37733794,ccr-2026-09-14-atm-smarca4-stk11-priority-language.md,264,no-literal-match-needs-context-review
ccr-lang-326e3915d9a3a87037ca,paired pharmacodynamic biopsy,38940666,ccr-2024-38940666-language.md,42,no-literal-match-needs-context-review
ccr-lang-3283d4140cd9711cd2d9,preserved progenitor compartment,37992307,ccr-2024-37992307-language.md,52,no-literal-match-needs-context-review
ccr-lang-32b68e029fb21933fc1d,dose-dependent micronucleus formation,42714874,ccr-2026-09-12-supplement-language.md,189,no-literal-match-needs-context-review
ccr-lang-32c85f54d1d2b5dcec3a,prospective clinical-utility evaluation,42377115,ccr-2026-42377115-language.md,77,no-literal-match-needs-context-review
ccr-lang-32d5d82e24a97e710484,four-parameter logistic fit,42478960,ccr-2026-09-19-batch2-language.md,540,no-literal-match-needs-context-review
ccr-lang-32eb71e09aefd5b6a2f8,integrated safety population,38875108,ccr-2024-38875108-language.md,40,no-literal-match-needs-context-review
ccr-lang-32f0806c94b2525282cd,comorbidity burden,37125965,ccr-2023-37125965-language.md,51,no-literal-match-needs-context-review
ccr-lang-32f45f731d0ddc30b779,unmeasured treatment response,37223924,ccr-2023-37223924-language.md,101,no-literal-match-needs-context-review
ccr-lang-32f48c0779eb580cc957,residual confounding,41378983,ccr-2026-09-19-batch2-language.md,137,no-literal-match-needs-context-review
ccr-lang-330bd0226be7be126cc7,treatment-emergent adverse event,42765908,ccr-2026-42765908-language.md,49,no-literal-match-needs-context-review
ccr-lang-332c761f5f361b67fb47,cohort-stratified Cox model,40261185,ccr-2025-genomics-2026-09-20-language.md,418,no-literal-match-needs-context-review
ccr-lang-334e4550f9333dce67dd,histology-specific association,41649868;41817317;41837748;42148884;42507545,ccr-2026-translational-mechanisms-fulltext-language.md,95,no-literal-match-needs-context-review
ccr-lang-334fafcc41c435cb5fbf,orthotopic xenograft,42478960,ccr-2026-09-19-batch2-language.md,540,no-literal-match-needs-context-review
ccr-lang-336b147e5e8ed3163748,compartment-restricted pharmacodynamics,42207176,ccr-2026-09-19-supplement-language.md,318,no-literal-match-needs-context-review
ccr-lang-336c744f3df863e5b297,precision-weighted expression analysis,39352721,ccr-2024-39352721-language.md,40,no-literal-match-needs-context-review
ccr-lang-337b1dee336b544cb3dc,baseline CXCL10 secretion,37733794,ccr-2026-09-14-atm-smarca4-stk11-priority-language.md,286,no-literal-match-needs-context-review
ccr-lang-337da3a178356e5f132b,pathway reactivation,42048384,ccr-2026-09-19-supplement-language.md,69,no-literal-match-needs-context-review
ccr-lang-338073751d872bf56bfd,epigenetic resensitization hypothesis,39150541,ccr-2024-39150541-language.md,93,no-literal-match-needs-context-review
ccr-lang-338401b5e9b796751756,best percentage change in target-lesion diameter,41961582,ccr-2026-09-23-intake-language.md,44,no-literal-match-needs-context-review
ccr-lang-3386c66d30901df9596a,calibration across predicted-risk strata,41403154,ccr-2026-41403154-language.md,48,no-literal-match-needs-context-review
ccr-lang-33972aee21b6e2ff6250,clinicopathologic discordance,39561276,ccr-2025-2026-09-19-intake-language.md,176,no-literal-match-needs-context-review
ccr-lang-33b0ba6d4209b4dfe19f,unmet treatment need,38875108,ccr-2024-38875108-language.md,30,no-literal-match-needs-context-review
ccr-lang-33befe188fa9903fcf89,downregulation of receptor-tyrosine-kinase signaling,39150541,ccr-2024-39150541-language.md,79,no-literal-match-needs-context-review
ccr-lang-33c88caa0b36d4e8f53e,spatial point process,38127300,ccr-2024-38127300-language.md,40,no-literal-match-needs-context-review
ccr-lang-33cf53ef1915fc481dcf,adjuvant treatment landscape,36951523,ccr-2023-36951523-language.md,49,no-literal-match-needs-context-review
ccr-lang-34110f9d1082d66bc3d9,assay-dependent biomarker classification,41511400,ccr-2026-41511400-language.md,83,no-literal-match-needs-context-review
ccr-lang-342530aeb0ea389f4806,90% confidence interval,41556942,ccr-2026-09-19-supplement-language.md,797,no-literal-match-needs-context-review
ccr-lang-342a27da26425926076f,nonnegative matrix factorization,33023953,ccr-2021-33023953-language.md,58,no-literal-match-needs-context-review
ccr-lang-343e0faa5e9c80d0bf56,cellular proteome,40208070,ccr-2025-immunotherapy-fulltext-language.md,229,no-literal-match-needs-context-review
ccr-lang-3446d23375b0d8a2d07d,integrated molecular risk group,35838647,ccr-2022-35838647-language.md,70,no-literal-match-needs-context-review
ccr-lang-3448e6a81f2ee67a520d,local immune escape,35767426,ccr-2022-35767426-language.md,57,no-literal-match-needs-context-review
ccr-lang-34505c9cb1a8e4f2aac1,prognostic-versus-predictive distinction,39836372,ccr-2025-2026-09-19-intake-language.md,118,no-literal-match-needs-context-review
ccr-lang-347b51e7bd31453b280d,localized single-fraction irradiation,33323404,ccr-2021-33323404-language.md,87,no-literal-match-needs-context-review
ccr-lang-3486158f55edf0147893,time from sample receipt to report,36201167,ccr-2023-36201167-language.md,61,no-literal-match-needs-context-review
ccr-lang-34bdccf1ac203168ae45,noninvasive risk assessment,38837903,ccr-2024-38837903-language.md,30,no-literal-match-needs-context-review
ccr-lang-34c0ae9def91edcb62a6,diagnostic discrimination,38837903,ccr-2024-38837903-language.md,51,no-literal-match-needs-context-review
ccr-lang-34cb0cf3494d0bc66d9f,overlapping biomarker-positive subgroups,40310449,ccr-2025-genomics-2026-09-20-language.md,325,no-literal-match-needs-context-review
ccr-lang-34ddf61b19e9652709c0,weak mRNA–protein correlation,37733794,ccr-2026-09-14-atm-smarca4-stk11-priority-language.md,282,no-literal-match-needs-context-review
ccr-lang-34e2f311dbeb13ffa963,sub-saturating receptor occupancy,35699599,ccr-2022-35699599-language.md,107,no-literal-match-needs-context-review
ccr-lang-354d95a3078b6a639eed,intratumoral cytotoxic activity,41701940,ccr-2026-09-19-batch2-language.md,407,no-literal-match-needs-context-review
ccr-lang-35662cb07f3bcebf3dc6,CAR T-cell tissue infiltration,36692420,ccr-2023-36692420-language.md,74,no-literal-match-needs-context-review
ccr-lang-357719a1cb522d6c905c,functional phenocopy of pathway loss,33023953,ccr-2021-33023953-language.md,72,no-literal-match-needs-context-review
ccr-lang-357b10dc3a983cec3767,class-specific progression-free survival,32709715,ccr-2026-09-14-atm-smarca4-stk11-priority-language.md,74,no-literal-match-needs-context-review
ccr-lang-35870628a0eb42fdb132,prognostic enrichment,35838647,ccr-2022-35838647-language.md,80,no-literal-match-needs-context-review
ccr-lang-358cd976b7e9c45124c8,basket-level efficacy,41511400,ccr-2026-41511400-language.md,73,no-literal-match-needs-context-review
ccr-lang-35a7f451a3d1060469dd,bypass resistance,36996322,ccr-2023-36996322-language.md,49,no-literal-match-needs-context-review
ccr-lang-35c4289942a770a83947,immune-depletion-associated expression state,38980931,ccr-2024-38980931-language.md,99,no-literal-match-needs-context-review
ccr-lang-35e3d0a2facd270c9744,oncogenic sufficiency,41543339,ccr-2026-09-19-pending15-language.md,161,no-literal-match-needs-context-review
ccr-lang-3623b4a1653539750903,pan-cancer fibroblast program,33622705,ccr-2021-33622705-language.md,47,no-literal-match-needs-context-review
ccr-lang-364014210cbcba63b845,treatment-driven cell-state transition,41537692;41805895;41849236;41920765;42008740;42126592;42149140;42189883;42360104;42405849;42440365;42456046;42485106;42489696,ccr-2026-immunotherapy-fulltext-language.md,114,no-literal-match-needs-context-review
ccr-lang-364f59e1e281cba12433,dose-expansion cohort,37022784,ccr-2023-37022784-language.md,67,no-literal-match-needs-context-review
ccr-lang-368312322c073ddf15da,CSF cytology conversion,42207176,ccr-2026-09-19-supplement-language.md,299,no-literal-match-needs-context-review
ccr-lang-36883a305de9b1101ac7,purity- and ploidy-adjusted copy number,42658187,ccr-2026-09-19-pending15-language.md,1380,no-literal-match-needs-context-review
ccr-lang-368efc3484f257df5b43,test-dependent statistical significance,41537692;41587109;41671081;41805895;41849236;41920765;42008740;42126592;42149140;42189883;42360104;42405849;42440365;42456046;42485106;42489696;42574065,ccr-2026-immunotherapy-fulltext-language.md,336,no-literal-match-needs-context-review
ccr-lang-36a6a154b06df264cc95,spot-level differential expression,41805895;42008740;42456046,ccr-2026-immunotherapy-fulltext-language.md,147,no-literal-match-needs-context-review
ccr-lang-36ce5eb5f3822921f89c,biallelic inactivation,42599160,ccr-2026-09-19-pending15-language.md,1290,no-literal-match-needs-context-review
ccr-lang-36f64d026f53acfc837f,left-truncated risk interval,41870274,ccr-2026-09-19-batch2-language.md,51,no-literal-match-needs-context-review
ccr-lang-371458298dba00606a01,sampling-related heterogeneity,35852792,ccr-2022-35852792-language.md,89,no-literal-match-needs-context-review
ccr-lang-371dd1ae9879a14b7b69,putative acquired resistance alteration,42658187,ccr-2026-09-19-pending15-language.md,1391,no-literal-match-needs-context-review
ccr-lang-3727a70b3966db4ce41d,ongoing treatment at data lock,35101883,ccr-2022-35101883-language.md,89,no-literal-match-needs-context-review
ccr-lang-375faf1025e085fb13c7,CNS-active tyrosine kinase inhibitor,42714840,ccr-2026-09-12-supplement-language.md,97,no-literal-match-needs-context-review
ccr-lang-37696d445d58632f5eca,negative selective pressure,34518312,ccr-2021-34518312-language.md,103,no-literal-match-needs-context-review
ccr-lang-3778f9a1968d8192fa98,tumor-to-tissue uptake ratios,35046060,ccr-2022-35046060-language.md,95,no-literal-match-needs-context-review
ccr-lang-378a5b8a5b996403c567,time-point-specific denominator,42377115,ccr-2026-42377115-language.md,52,no-literal-match-needs-context-review
ccr-lang-37910614d093de226f54,immune spatial organization,38127300,ccr-2024-38127300-language.md,29,no-literal-match-needs-context-review
ccr-lang-37d0ad6ffb49e0d27846,tissue-positive/plasma-negative subgroup,40388547,ccr-2025-genomics-2026-09-20-language.md,187,no-literal-match-needs-context-review
ccr-lang-37e09c112db135308157,genotype–phenotype correlation,37097610,ccr-2026-09-14-atm-smarca4-stk11-priority-language.md,142,no-literal-match-needs-context-review
ccr-lang-37e9fd2719a462175b36,clinical-cutoff uncertainty,37289191,ccr-2023-37289191-language.md,97,no-literal-match-needs-context-review
ccr-lang-380440a30411bed4bc5a,allele-versus-context distinction,33558425,ccr-2021-33558425-language.md,81,no-literal-match-needs-context-review
ccr-lang-384734175893997b229f,noninvasive monitoring,36166003,ccr-2022-36166003-language.md,67,no-literal-match-needs-context-review
ccr-lang-3852bbc07444d42c05d6,classic 3+3 design,34740922,ccr-2022-34740922-language.md,73,no-literal-match-needs-context-review
ccr-lang-385a10cbb778dd2bc4db,partially overlapping diagnostic signals,39620930,ccr-2025-genomics-2026-09-20-language.md,616,no-literal-match-needs-context-review
ccr-lang-3881ce990f574c675cf2,punctate cytoplasmic distribution,35247929,ccr-2022-35247929-language.md,99,no-literal-match-needs-context-review
ccr-lang-388460a32dde625e1de4,evaluable staining measurements,34686497,ccr-2022-34686497-language.md,87,no-literal-match-needs-context-review
ccr-lang-38a4aa0a563c852fb710,dose-limiting toxicity window,41252574,ccr-2026-09-19-batch2-language.md,191,no-literal-match-needs-context-review
ccr-lang-38bf5fd8492d34f9678b,gradient-boosted decision-tree classifier,42126592;42149140;42360104;42440365;42456046;42485106;42489696,ccr-2026-immunotherapy-fulltext-language.md,222,no-literal-match-needs-context-review
ccr-lang-38c49eb6f370c4a1b848,nominal subgroup association,39836372,ccr-2025-2026-09-19-intake-language.md,119,no-literal-match-needs-context-review
ccr-lang-38c6e6c7efc19b56e919,no-observed-adverse-effect level,41587109;41671081;42574065,ccr-2026-immunotherapy-fulltext-language.md,287,no-literal-match-needs-context-review
ccr-lang-38cbd72539e0f89b63d2,long-term treatment burden,35012927,ccr-2022-35012927-language.md,61,no-literal-match-needs-context-review
ccr-lang-38e40b22595075b8317e,HLA and tumor-antigen screening,39466024;39576208;40828417;41026583,ccr-2025-immunotherapy-fulltext-language.md,142,no-literal-match-needs-context-review
ccr-lang-38f75efd125b0303f80e,genotype-specific vulnerability,40465424,ccr-2025-omics-methods-2026-09-23-language.md,304,no-literal-match-needs-context-review
ccr-lang-3906334553a5ce759d77,one-sided DeLong comparison,41591979,ccr-2026-09-19-pending15-language.md,252,no-literal-match-needs-context-review
ccr-lang-390eba37f99b2bb7eaca,M1-like macrophage polarization,39466024;39545922;39576208;39786430;39821070;40208070;40247431;40343815;40499141;40552922;40553459;40788282;40828417;40864503;40928991;41026583;41065506,ccr-2025-immunotherapy-fulltext-language.md,131,no-literal-match-needs-context-review
ccr-lang-391d4f63567a22b5e458,DLL3-directed CD3 T-cell engager,41537692;41805895;41849236;41920765;42008740;42126592;42149140;42189883;42360104;42405849;42440365;42456046;42485106;42489696,ccr-2026-immunotherapy-fulltext-language.md,111,no-literal-match-needs-context-review
ccr-lang-391ed1e4713886916dfc,require prospective validation,39466024;39545922;39576208;39786430;39821070;40208070;40247431;40343815;40499141;40552922;40553459;40788282;40828417;40864503;40928991;41026583;41065506;41537692;41587109;41649868;41671081;41805895;41817317;41837748;41849236;41920765;42008740;42126592;42148884;42149140;42189883;42360104;42405849;42440365;42456046;42485106;42489696;42507545;42574065,ccr-phrase-patterns.md,87,no-literal-match-needs-context-review
ccr-lang-396fbce8177f69ec37b0,ATP-dependent chromatin remodeling,42599160,ccr-2026-09-19-pending15-language.md,1275,no-literal-match-needs-context-review
ccr-lang-39bbce971aef119bdb1c,out-of-specification product,39466024;39576208;40828417;41026583,ccr-2025-immunotherapy-fulltext-language.md,144,no-literal-match-needs-context-review
ccr-lang-39cc01c0b72f77bfe816,underrepresented population,41378983,ccr-2026-09-19-batch2-language.md,117,no-literal-match-needs-context-review
ccr-lang-39d40d775e833e4ea631,biomarker-defined molecular subset,41649868;41817317;41837748;42148884;42507545,ccr-2026-translational-mechanisms-fulltext-language.md,76,no-literal-match-needs-context-review
ccr-lang-39ea091d7470e2087183,biomarker-defined population,36951523,ccr-2023-36951523-language.md,53,no-literal-match-needs-context-review
ccr-lang-39f4b7418ab857a017ae,cross-context validation,36166003,ccr-2022-36166003-language.md,121,no-literal-match-needs-context-review
ccr-lang-39f77caac60e0a7c1d66,treatment-era limitation,33323404,ccr-2021-33323404-language.md,123,no-literal-match-needs-context-review
ccr-lang-3a17ac483969555d47db,tissue-resident macrophage,42478960,ccr-2026-09-19-batch2-language.md,548,no-literal-match-needs-context-review
ccr-lang-3a5b26cdc356fedd23be,treatment-selection bias,42360806,ccr-2026-42360806-language.md,73,no-literal-match-needs-context-review
ccr-lang-3a6e5af0ee74e430c443,spectrum of genomic alterations,32709715,ccr-2026-09-14-atm-smarca4-stk11-priority-language.md,66,no-literal-match-needs-context-review
ccr-lang-3a832e4a1a8b0cedb003,confidence interval was not estimable,39466024;39545922;39576208;39786430;39821070;40208070;40247431;40343815;40499141;40552922;40553459;40788282;40828417;40864503;40928991;41026583;41065506,ccr-2025-immunotherapy-fulltext-language.md,302,no-literal-match-needs-context-review
ccr-lang-3afb22c06cbcde4a2734,do not establish clinical utility,39466024;39545922;39576208;39786430;39821070;40208070;40247431;40343815;40499141;40552922;40553459;40788282;40828417;40864503;40928991;41026583;41065506;41537692;41587109;41649868;41671081;41805895;41817317;41837748;41849236;41920765;42008740;42126592;42148884;42149140;42189883;42360104;42405849;42440365;42456046;42485106;42489696;42507545;42574065,ccr-phrase-patterns.md,87,no-literal-match-needs-context-review
ccr-lang-3b04b4b365b13f3d1882,spherical projection maps,35727603,ccr-2022-35727603-language.md,83,no-literal-match-needs-context-review
ccr-lang-3b2cad1a5e00478964b8,incremental prognostic information,41400436,ccr-2026-09-19-batch2-language.md,337,no-literal-match-needs-context-review
ccr-lang-3b6915736a76ab52413c,grade 3 or higher event,41537692;41587109;41671081;41805895;41849236;41920765;42008740;42126592;42149140;42189883;42360104;42405849;42440365;42456046;42485106;42489696;42574065,ccr-2026-immunotherapy-fulltext-language.md,299,no-literal-match-needs-context-review
ccr-lang-3b7475e7906906f9f97f,free-fraction adjusted exposure,35404402,ccr-2022-35404402-language.md,91,no-literal-match-needs-context-review
ccr-lang-3b8b9e37b086315f2885,clinicopathologic–genomic correlation,33947695,ccr-2021-33947695-language.md,61,no-literal-match-needs-context-review
ccr-lang-3b9aba0386fc47712c3b,kinase-domain-retaining fusion,42578969,ccr-2026-09-19-pending15-language.md,1181,no-literal-match-needs-context-review
ccr-lang-3bb6a6b1b69eb8090907,caspase-3/7 apoptosis assay,39466024;40208070;40343815;40499141;40828417;41026583,ccr-2025-immunotherapy-fulltext-language.md,259,no-literal-match-needs-context-review
ccr-lang-3bf0b2eee159c1e8f739,fully drug-resistant cell,39466024;40208070;40343815;40499141;40828417;41026583,ccr-2025-immunotherapy-fulltext-language.md,268,no-literal-match-needs-context-review
ccr-lang-3bf54228ee34b2f861fc,analytical versus clinical sensitivity,42377115,ccr-2026-42377115-language.md,74,no-literal-match-needs-context-review
ccr-lang-3bfba81384f5912a076d,held-out validation cohort,41945491,ccr-2026-09-19-pending15-language.md,638,no-literal-match-needs-context-review
ccr-lang-3c18ae58dfe562c2b92f,treatment-associated state shift,41805895;42008740;42456046,ccr-2026-immunotherapy-fulltext-language.md,144,no-literal-match-needs-context-review
ccr-lang-3c204130e32066c0f4fb,tissue-limited diagnostic pathway,36201167,ccr-2023-36201167-language.md,47,no-literal-match-needs-context-review
ccr-lang-3c556804f32934873c99,near-maximal response,40343815;40499141;40928991,ccr-2025-immunotherapy-fulltext-language.md,286,no-literal-match-needs-context-review
ccr-lang-3c5577e30d70664a6d11,fold enrichment,34551906,ccr-2021-34551906-language.md,91,no-literal-match-needs-context-review
ccr-lang-3c7a7a04fbfffe6f4a5e,early treatment discontinuation,42578969,ccr-2026-09-19-pending15-language.md,1200,no-literal-match-needs-context-review
ccr-lang-3c846dfb9f4347aaaf05,generic health survey,35012927,ccr-2022-35012927-language.md,115,no-literal-match-needs-context-review
ccr-lang-3c90a2fcfd8ac2a90301,partial least-squares discriminant analysis,41849236,ccr-2026-immunotherapy-fulltext-language.md,209,no-literal-match-needs-context-review
ccr-lang-3c97df746517a36fdacf,stage imbalance,37233991,ccr-2023-37233991-language.md,83,no-literal-match-needs-context-review
ccr-lang-3c9ab6ca8af0e3b64a1f,noncanonical splice-site mutations,35792876,ccr-2022-35792876-language.md,83,no-literal-match-needs-context-review
ccr-lang-3c9c5497c57ad0624cdb,wild-type sparing,41649868;42507545,ccr-2026-translational-mechanisms-fulltext-language.md,128,no-literal-match-needs-context-review
ccr-lang-3cb7684e7625c68ea067,interstitial lung disease-like events,34789481,ccr-2022-34789481-language.md,93,no-literal-match-needs-context-review
ccr-lang-3cc2543ab619a9cdd105,extended mitotic duration,42013305,ccr-2026-09-19-supplement-language.md,889,no-literal-match-needs-context-review
ccr-lang-3cf41b761e7febbef6ce,prospective biomarker validation,33077574,ccr-2026-09-12-supplement-language.md,64,no-literal-match-needs-context-review
ccr-lang-3d124743af7896af09f4,concomitant checkpoint blockade,37992307,ccr-2024-37992307-language.md,30,no-literal-match-needs-context-review
ccr-lang-3d28217770d710798981,radiographic assessment,37279096,ccr-2023-37279096-language.md,53,no-literal-match-needs-context-review
ccr-lang-3d4abd9bcc837caa7fcb,dose-expansion cohort,41587109;41671081;42574065,ccr-2026-immunotherapy-fulltext-language.md,270,no-literal-match-needs-context-review
ccr-lang-3d4e02c97613b6187e1a,concomitant versus sequential treatment,35980349,ccr-2022-35980349-language.md,103,no-literal-match-needs-context-review
ccr-lang-3d521f4d0042cc32a902,molecularly heterogeneous resistance,42440354,ccr-2026-09-19-pending15-language.md,997,no-literal-match-needs-context-review
ccr-lang-3d57466abdd674460d50,oncogenic driver retention,42360806,ccr-2026-42360806-language.md,39,no-literal-match-needs-context-review
ccr-lang-3d703194775cb46b90da,immune-signature enrichment,38277235,ccr-2024-38277235-language.md,40,no-literal-match-needs-context-review
ccr-lang-3d7b1bebbb8028252ea0,capacity to mount an antitumor response,35852792,ccr-2022-35852792-language.md,55,no-literal-match-needs-context-review
ccr-lang-3d8dcd3db6eafb44ce45,SEB-stimulated peripheral blood mononuclear cell assay,41649868;41837748;42148884,ccr-2026-translational-mechanisms-fulltext-language.md,190,no-literal-match-needs-context-review
ccr-lang-3dc66720216e9dbc201d,mechanistic synergy hypothesis,42507540,ccr-2026-09-19-supplement-language.md,484,no-literal-match-needs-context-review
ccr-lang-3ddf38501be437307129,reference-free methylation profiling,39620930,ccr-2025-genomics-2026-09-20-language.md,608,no-literal-match-needs-context-review
ccr-lang-3df453e24adec6d93905,definitive radiotherapy,33323404,ccr-2021-33323404-language.md,66,no-literal-match-needs-context-review
ccr-lang-3df7623518b664cf7ca3,half-maximal inhibitory concentration (IC50),41649868;41817317;41837748;42148884;42507545,ccr-2026-translational-mechanisms-fulltext-language.md,198,no-literal-match-needs-context-review
ccr-lang-3e02eb45b8c970f57138,MS1 feature,41849236,ccr-2026-immunotherapy-fulltext-language.md,207,no-literal-match-needs-context-review
ccr-lang-3e189ba3974c5d6099d8,evaluable for response,34740922,ccr-2022-34740922-language.md,97,no-literal-match-needs-context-review
ccr-lang-3e18e8948904dd27b001,component-level differentiation,42007996,ccr-2026-09-19-supplement-language.md,1148,no-literal-match-needs-context-review
ccr-lang-3e2214fa06037e643258,pulmonary invasive mucinous adenocarcinoma,33947695,ccr-2021-33947695-language.md,47,no-literal-match-needs-context-review
ccr-lang-3e2a2f7b7517f5d6bc37,alteration-specific protein expression,32709715,ccr-2026-09-14-atm-smarca4-stk11-priority-language.md,34,no-literal-match-needs-context-review
ccr-lang-3e2efa2c4d8b4995e91e,estimated immune-cell fraction,41649868;41817317;42507545,ccr-2026-translational-mechanisms-fulltext-language.md,164,no-literal-match-needs-context-review
ccr-lang-3e33b2ba31853906034a,immunohistochemical H-score,41649868;41837748;42148884,ccr-2026-translational-mechanisms-fulltext-language.md,185,no-literal-match-needs-context-review
ccr-lang-3e40af13eaa401efe322,complementary diagnostic strategy,36201167,ccr-2023-36201167-language.md,83,no-literal-match-needs-context-review
ccr-lang-3e56d6ebda6600306d0f,mechanistic consistency,41945490,ccr-2026-09-19-batch2-language.md,485,no-literal-match-needs-context-review
ccr-lang-3e59086f66eeb61d16ef,heterogeneous histologies,41378983,ccr-2026-09-19-batch2-language.md,137,no-literal-match-needs-context-review
ccr-lang-3e7423d22702133c290f,early development decision,36595566,ccr-2023-36595566-language.md,49,no-literal-match-needs-context-review
ccr-lang-3e985437d117e492a367,pathologist-defined region of interest,42126592;42149140;42360104;42440365;42456046;42485106;42489696,ccr-2026-immunotherapy-fulltext-language.md,240,no-literal-match-needs-context-review
ccr-lang-3eb9ca4f034f48aaa27c,metabolic bypass mechanism,40853904,ccr-2025-2026-09-19-intake-language.md,490,no-literal-match-needs-context-review
ccr-lang-3ebaf4379e647bd42a8b,selected access population,36996322,ccr-2023-36996322-language.md,101,no-literal-match-needs-context-review
ccr-lang-3ebd6518b2d22c47a56c,synthetic-lethal vulnerability,41649868;42507545,ccr-2026-translational-mechanisms-fulltext-language.md,139,no-literal-match-needs-context-review
ccr-lang-3ebdf70e80eae5684150,nominal survival association,42340371,ccr-2026-42340371-language.md,73,no-literal-match-needs-context-review
ccr-lang-3ec795a65432f929affa,pharmacodynamic target inhibition,35247924,ccr-2022-35247924-language.md,91,no-literal-match-needs-context-review
ccr-lang-3edbc3d2f04ad1248788,discordant assay classification,42440358,ccr-2026-42440358-language.md,50,no-literal-match-needs-context-review
ccr-lang-3ef7d07e5028df99acdd,regimen-dependent biomarker performance,37801329,ccr-2024-37801329-language.md,31,no-literal-match-needs-context-review
ccr-lang-3f0c03f2f032bde89af5,immune-metabolic regulation,34407972,ccr-2021-34407972-language.md,107,no-literal-match-needs-context-review
ccr-lang-3f3474a1e8d2303ade51,histology-dependent activity,42578969,ccr-2026-09-19-pending15-language.md,1182,no-literal-match-needs-context-review
ccr-lang-3f816cfe6e3d1054094f,mixed-effects model,39466024;39545922;39576208;39786430;39821070;40208070;40247431;40343815;40499141;40552922;40553459;40788282;40828417;40864503;40928991;41026583;41065506,ccr-2025-immunotherapy-fulltext-language.md,311,no-literal-match-needs-context-review
ccr-lang-3f8d3dfa7224d993b8f9,treatment interaction,41784525,ccr-2026-09-19-supplement-language.md,548,no-literal-match-needs-context-review
ccr-lang-3fa316d1933a1a263fbe,symptom-triggered imaging,35144967,ccr-2022-35144967-language.md,79,no-literal-match-needs-context-review
ccr-lang-3fb3c921b2a1d65c744e,transcriptionally silent mutation,38980931,ccr-2024-38980931-language.md,93,no-literal-match-needs-context-review
ccr-lang-3fce2ca01abb3dba722c,whole-exome and whole-transcriptome sequencing,35838647,ccr-2022-35838647-language.md,58,no-literal-match-needs-context-review
ccr-lang-3fceb1d773906794b6f2,longitudinal clone tracking,41805895;42008740;42189883,ccr-2026-immunotherapy-fulltext-language.md,164,no-literal-match-needs-context-review
ccr-lang-3fd49dbacd654f3088b1,absence of standardized assessment criteria,34789481,ccr-2022-34789481-language.md,107,no-literal-match-needs-context-review
ccr-lang-3ff08847273dc0a49d7d,MET-driven bypass resistance,36971777,ccr-2023-36971777-language.md,49,no-literal-match-needs-context-review
ccr-lang-3ff77b768e7d341f4fb7,fold-contained preprocessing,42001480,ccr-2026-09-19-batch2-language.md,260,no-literal-match-needs-context-review
ccr-lang-3ffb644b37ea9aff0ed7,Q61L–STK11 mutual exclusivity,42268349,ccr-2026-09-19-supplement-language.md,640,no-literal-match-needs-context-review
ccr-lang-400579442ce29eb080f0,batch-effect correction,39545922;39786430;40208070;40247431;40553459;40788282;40828417;40864503;41065506,ccr-2025-immunotherapy-fulltext-language.md,199,no-literal-match-needs-context-review
ccr-lang-403091d73659b676f9cb,false-discovery-rate threshold,42126592;42149140;42360104;42440365;42456046;42485106;42489696,ccr-2026-immunotherapy-fulltext-language.md,219,no-literal-match-needs-context-review
ccr-lang-4038626c54e3d1b2feb8,co-occurring short variants,41870274,ccr-2026-09-19-batch2-language.md,60,no-literal-match-needs-context-review
ccr-lang-40836b202711295806b8,ligand-receptor communication inference,40853904,ccr-2025-2026-09-19-intake-language.md,499,no-literal-match-needs-context-review
ccr-lang-408c9cc055563c64e31e,low plasma–CSF agreement,36449664,ccr-2023-36449664-language.md,85,no-literal-match-needs-context-review
ccr-lang-409ea97752390204e561,genomic-context dependence,37733794,ccr-2026-09-14-atm-smarca4-stk11-priority-language.md,301,no-literal-match-needs-context-review
ccr-lang-40a24445e669ce91f881,two-to-one matched comparator,33685865,ccr-2021-33685865-language.md,58,no-literal-match-needs-context-review
ccr-lang-40afd03e7e8770e92a89,spatial cellular neighborhood,40299768,ccr-2025-2026-09-19-intake-language.md,431,no-literal-match-needs-context-review
ccr-lang-40c5e974788546728ad5,matched-pairs signed-rank test,35394499,ccr-2022-35394499-language.md,73,no-literal-match-needs-context-review
ccr-lang-40f0ca3a38c2d59ec7ee,matched profiling subset,38980931,ccr-2024-38980931-language.md,74,no-literal-match-needs-context-review
ccr-lang-41392ae7cd8a4a8514e1,unconfirmed partial response,40378060,ccr-2026-09-23-intake-language.md,99,no-literal-match-needs-context-review
ccr-lang-4147199014c87a14cad8,nonhomologous end joining,35165102,ccr-2022-35165102-language.md,65,no-literal-match-needs-context-review
ccr-lang-415521c4afc1ac28e71a,interpatch spatial heterogeneity,42456051,ccr-2026-42456051-language.md,66,no-literal-match-needs-context-review
ccr-lang-41852e33cda1b8cc0556,growth-promoting activity,35381070,ccr-2022-35381070-language.md,97,no-literal-match-needs-context-review
ccr-lang-4191b93324751ac813eb,cell-cycle-checkpoint activation,37733794,ccr-2026-09-14-atm-smarca4-stk11-priority-language.md,243,no-literal-match-needs-context-review
ccr-lang-41a48bf854ed6d9a6d1e,tumor-normal paired sequencing,42599160,ccr-2026-09-19-pending15-language.md,1282,no-literal-match-needs-context-review
ccr-lang-41a9d684d8a6a5d0d7f1,plasma protein panel,40208070,ccr-2025-immunotherapy-fulltext-language.md,229,no-literal-match-needs-context-review
ccr-lang-41b5c59553aa067ff8a8,basket trial,41556942,ccr-2026-09-19-supplement-language.md,788,no-literal-match-needs-context-review
ccr-lang-41fafc7b46a27a6fd313,immune-enriched phenotype,41894181,ccr-2026-09-19-supplement-language.md,1037,no-literal-match-needs-context-review
ccr-lang-4204209295a39f898c7c,hierarchical testing sequence,36951523,ccr-2023-36951523-language.md,65,no-literal-match-needs-context-review
ccr-lang-421986f13e93f06a7870,contralateral rechallenge,42478960,ccr-2026-09-19-batch2-language.md,548,no-literal-match-needs-context-review
ccr-lang-4224fab9a4b521ae4a83,mutation-burden biomarker,36806911,ccr-2023-36806911-language.md,49,no-literal-match-needs-context-review
ccr-lang-4233f1fe0e80c3bb88e9,antioxidant defense pathway,33323404,ccr-2021-33323404-language.md,69,no-literal-match-needs-context-review
ccr-lang-4235ab7c0b86a5c8d696,metabolic inference,37233991,ccr-2023-37233991-language.md,101,no-literal-match-needs-context-review
ccr-lang-42361d9e3f3e25e43e2c,MET exon 14-skipping metastatic NSCLC,39466024;39545922;39576208;39786430;39821070;40208070;40247431;40343815;40499141;40552922;40553459;40788282;40828417;40864503;40928991;41026583;41065506,ccr-2025-immunotherapy-fulltext-language.md,110,no-literal-match-needs-context-review
ccr-lang-426c71a091ccdb1baf24,mutually exclusive alteration,41649868;41817317;41837748;42148884;42507545,ccr-2026-translational-mechanisms-fulltext-language.md,79,no-literal-match-needs-context-review
ccr-lang-42798e6970d054882402,tumor-fraction-dependent detection,41870274,ccr-2026-09-19-batch2-language.md,60,no-literal-match-needs-context-review
ccr-lang-42886019e75fee8c388f,optical-density threshold,35852792,ccr-2022-35852792-language.md,69,no-literal-match-needs-context-review
ccr-lang-42fd359ac46cd96cd70d,blood-brain barrier penetration,41649868;42507545,ccr-2026-translational-mechanisms-fulltext-language.md,135,no-literal-match-needs-context-review
ccr-lang-4310bc65a453a8a0268c,version-specific actionability annotation,42360806,ccr-2026-42360806-language.md,50,no-literal-match-needs-context-review
ccr-lang-43265fddb9ecc487815d,dominant-negative hypothesis,42599160,ccr-2026-09-19-pending15-language.md,1299,no-literal-match-needs-context-review
ccr-lang-43418cdc5c583976169e,host-read depletion,41849236,ccr-2026-immunotherapy-fulltext-language.md,194,no-literal-match-needs-context-review
ccr-lang-435bbdf79c39daa2b347,cancer-cell fraction,42360806,ccr-2026-42360806-language.md,49,no-literal-match-needs-context-review
ccr-lang-43697313afb6f1d8df82,pretreatment assay coverage,41537704,ccr-2026-09-19-pending15-language.md,71,no-literal-match-needs-context-review
ccr-lang-4372588ef969436acf82,histology-specific signature thresholds,33077574,ccr-2026-09-12-supplement-language.md,39,no-literal-match-needs-context-review
ccr-lang-43c2c7040b1cb21ee14d,report-based retrospective abstraction,40704901,ccr-2025-genomics-2026-09-20-language.md,134,no-literal-match-needs-context-review
ccr-lang-441bdce67ce826d642c6,functional-state biomarker,33023953,ccr-2021-33023953-language.md,84,no-literal-match-needs-context-review
ccr-lang-4434a365643f5e46de3c,co-mutational landscape,37097610,ccr-2026-09-14-atm-smarca4-stk11-priority-language.md,138,no-literal-match-needs-context-review
ccr-lang-443a859b4a1f35b894c7,predictive rather than prognostic utility,34686497,ccr-2022-34686497-language.md,99,no-literal-match-needs-context-review
ccr-lang-4440ec9cd1ce118bb057,median duration of response,42507540,ccr-2026-09-19-supplement-language.md,474,no-literal-match-needs-context-review
ccr-lang-444fc9fcd05116396868,sample attrition,42440358,ccr-2026-42440358-language.md,52,no-literal-match-needs-context-review
ccr-lang-44558c87b2e5a1f20460,combination-dependent suppression,36537918,ccr-2023-36537918-language.md,81,no-literal-match-needs-context-review
ccr-lang-4465c52d55acc3d90585,context-dependent signaling,41543339,ccr-2026-09-19-pending15-language.md,142,no-literal-match-needs-context-review
ccr-lang-447181071c694a365f15,single-patient disease stabilization,33685866,ccr-2021-33685866-language.md,76,no-literal-match-needs-context-review
ccr-lang-4488c3055528aa59033b,historical standard-therapy context,33558425,ccr-2021-33558425-language.md,84,no-literal-match-needs-context-review
ccr-lang-44a84f128238e7e42169,adequate ctDNA shedding,34753780,ccr-2022-34753780-language.md,59,no-literal-match-needs-context-review
ccr-lang-44eafab428fb995183d5,matched-normal sequencing,41400436,ccr-2026-09-19-batch2-language.md,330,no-literal-match-needs-context-review
ccr-lang-45072bc524536d82da92,rituximab-responsive elimination marker,36692420,ccr-2023-36692420-language.md,64,no-literal-match-needs-context-review
ccr-lang-45260a80417bb0c96f10,assay failure or tissue unavailability,36201167,ccr-2023-36201167-language.md,71,no-literal-match-needs-context-review
ccr-lang-4533638638bd86d42992,genotype–drug structural compatibility,33685866,ccr-2021-33685866-language.md,87,no-literal-match-needs-context-review
ccr-lang-455cad81c83dfaeed8b9,network hub based on connectivity,42714875,ccr-2026-09-12-supplement-language.md,262,no-literal-match-needs-context-review
ccr-lang-456e5c263bfd2c8da58c,single-arm efficacy signal,42507540,ccr-2026-09-19-supplement-language.md,484,no-literal-match-needs-context-review
ccr-lang-45e73ca2a6fd97f130d3,tumor-to-background uptake,38277241,ccr-2024-38277241-language.md,51,no-literal-match-needs-context-review
ccr-lang-45ed8df66efb9674d31b,platform-dependent detection,42377115,ccr-2026-42377115-language.md,76,no-literal-match-needs-context-review
ccr-lang-4609b61d1209fa2de85b,rolling-circle amplification,39836411,ccr-2025-genomics-2026-09-20-language.md,552,no-literal-match-needs-context-review
ccr-lang-465dad0310b56e1c55ba,causal mediation uncertainty,39078310,ccr-2024-39078310-language.md,65,no-literal-match-needs-context-review
ccr-lang-465fb00b41126733589a,target–decoy identification control,39704655,ccr-2025-omics-methods-2026-09-23-language.md,229,no-literal-match-needs-context-review
ccr-lang-467da97e9d6c33513971,multiregion concordance,33023953,ccr-2021-33023953-language.md,60,no-literal-match-needs-context-review
ccr-lang-46841178c44aaa912237,antibody–drug conjugate target expression,41945491,ccr-2026-09-19-pending15-language.md,630,no-literal-match-needs-context-review
ccr-lang-46a2d48b91d796a5d95e,assay harmonization,36806911,ccr-2023-36806911-language.md,51,no-literal-match-needs-context-review
ccr-lang-46c2aa861206ab5f9708,unconfirmed partial response,36255391,ccr-2023-36255391-language.md,81,no-literal-match-needs-context-review
ccr-lang-46e0007ae8243d36bc5e,targetable-driver comparator,33685865,ccr-2021-33685865-language.md,49,no-literal-match-needs-context-review
ccr-lang-46e5c4b687dfee366f00,isogenic restoration experiment,33323404,ccr-2021-33323404-language.md,82,no-literal-match-needs-context-review
ccr-lang-46efd3fadfe69a2102cd,mutation-independent pathway phenotype,33023953,ccr-2021-33023953-language.md,49,no-literal-match-needs-context-review
ccr-lang-470ba2260d3faf69f6da,target-antigen density,39466024;39576208;40828417;41026583,ccr-2025-immunotherapy-fulltext-language.md,154,no-literal-match-needs-context-review
ccr-lang-471b1439a93f70e10ca5,technical sequencing replicates,34376534,ccr-2021-34376534-language.md,73,no-literal-match-needs-context-review
ccr-lang-473e47d747596069d1db,biomarker-driven development,42478960,ccr-2026-09-19-batch2-language.md,556,no-literal-match-needs-context-review
ccr-lang-47659542a00825017052,STK11/KEAP1 co-alteration,41417462,ccr-2026-09-19-supplement-language.md,723,no-literal-match-needs-context-review
ccr-lang-476be4619a9c479918a7,cellular checkpoint expression,36165915,ccr-2023-36165915-language.md,53,no-literal-match-needs-context-review
ccr-lang-47c2299647019aaca749,residual actionable alteration,38526394,ccr-2024-38526394-language.md,51,no-literal-match-needs-context-review
ccr-lang-47d722c9e2cb63bb179a,nonhuman-primate toxicology study,41649868;41837748;42148884,ccr-2026-translational-mechanisms-fulltext-language.md,191,no-literal-match-needs-context-review
ccr-lang-48076b56432ff75521e0,systemic acquired resistance,39670974,ccr-2025-2026-09-19-intake-language.md,226,no-literal-match-needs-context-review
ccr-lang-4812052bd3e66dccb006,model-dependent combination activity,37382635,ccr-2023-37382635-language.md,83,no-literal-match-needs-context-review
ccr-lang-481442212ed16ee5210c,histologic transformation,36729110,ccr-2023-36729110-language.md,83,no-literal-match-needs-context-review
ccr-lang-482ca7e06133d29e1353,immune-depleted region,41537692;41805895;41849236;41920765;42008740;42126592;42149140;42189883;42360104;42405849;42440365;42456046;42485106;42489696,ccr-2026-immunotherapy-fulltext-language.md,127,no-literal-match-needs-context-review
ccr-lang-482fc4ce03860293d0f8,allogeneic cellular product,36692420,ccr-2023-36692420-language.md,51,no-literal-match-needs-context-review
ccr-lang-4839ae63956f63cab190,median was not reached,41537692;41587109;41671081;41805895;41849236;41920765;42008740;42126592;42149140;42189883;42360104;42405849;42440365;42456046;42485106;42489696;42574065,ccr-2026-immunotherapy-fulltext-language.md,296,no-literal-match-needs-context-review
ccr-lang-483d61fe1b6b55047380,tumor-suppressor inactivation,35247924,ccr-2022-35247924-language.md,57,no-literal-match-needs-context-review
ccr-lang-487e225d078f54545c16,morphology-guided region of interest,39150541,ccr-2024-39150541-language.md,64,no-literal-match-needs-context-review
ccr-lang-48a7a8808bc49bef600f,long-term nonprogressor,39670974,ccr-2025-2026-09-19-intake-language.md,227,no-literal-match-needs-context-review
ccr-lang-48cccf5b9d4b27e869fe,component contribution,37227187,ccr-2023-37227187-language.md,60,no-literal-match-needs-context-review
ccr-lang-48e5591582612a7e2381,descriptive analysis without formal between-group testing,41537692;41587109;41671081;41805895;41849236;41920765;42008740;42126592;42149140;42189883;42360104;42405849;42440365;42456046;42485106;42489696;42574065,ccr-2026-immunotherapy-fulltext-language.md,335,no-literal-match-needs-context-review
ccr-lang-48eda818bf35c731ac20,model-system transferability,33023953,ccr-2021-33023953-language.md,51,no-literal-match-needs-context-review
ccr-lang-48f124c9868291c92df4,reversible cellular-product depletion,36692420,ccr-2023-36692420-language.md,75,no-literal-match-needs-context-review
ccr-lang-490fc9b00c7a3d1a9a95,class-dependent ATM protein loss,37097610,ccr-2026-09-14-atm-smarca4-stk11-priority-language.md,173,no-literal-match-needs-context-review
ccr-lang-491029eba769ceb107c0,sequential TKI pressure,33685866,ccr-2021-33685866-language.md,52,no-literal-match-needs-context-review
ccr-lang-4912060b912283e8b211,multiplex immunofluorescence,41417462,ccr-2026-09-19-supplement-language.md,714,no-literal-match-needs-context-review
ccr-lang-491aed5f6228244b2340,contribution could not be ruled out,34903582,ccr-2022-34903582-language.md,115,no-literal-match-needs-context-review
ccr-lang-491ea4df19d142de1ea2,antibody-derived surface-protein readout,42307634,ccr-2026-09-19-pending15-language.md,905,no-literal-match-needs-context-review
ccr-lang-4922df39d9952769ad55,classification accuracy,42001480,ccr-2026-09-19-batch2-language.md,267,no-literal-match-needs-context-review
ccr-lang-49249f5800322c0bdb4b,prespecified null response rate,37233987,ccr-2023-37233987-language.md,67,no-literal-match-needs-context-review
ccr-lang-4928d9fea4cc273b89a2,amplicon segment size,42340371,ccr-2026-42340371-language.md,53,no-literal-match-needs-context-review
ccr-lang-498ad7341eb57261beb2,variant-level tracking,38995268,ccr-2024-38995268-language.md,40,no-literal-match-needs-context-review
ccr-lang-498f66f7a74e6575eb91,trimmed mean of M values normalization,41649868;41817317;42507545,ccr-2026-translational-mechanisms-fulltext-language.md,159,no-literal-match-needs-context-review
ccr-lang-49bd7191437ff2193d08,false-negative classification,42113010,ccr-2026-09-19-pending15-language.md,747,no-literal-match-needs-context-review
ccr-lang-49ede9be94158b401d93,genetic blockade,39466024;40208070;40343815;40499141;40828417;41026583,ccr-2025-immunotherapy-fulltext-language.md,269,no-literal-match-needs-context-review
ccr-lang-49eec7858313102cc9ca,preferential state sampling,40465424,ccr-2025-omics-methods-2026-09-23-language.md,328,no-literal-match-needs-context-review
ccr-lang-49fa8bb0bff223e09cc5,independent adverse prognostic factor,32709715,ccr-2026-09-14-atm-smarca4-stk11-priority-language.md,70,no-literal-match-needs-context-review
ccr-lang-4a0ef3a47d623ac75059,nonsignificant marker association,37382635,ccr-2023-37382635-language.md,85,no-literal-match-needs-context-review
ccr-lang-4a169b1f5dc9491fb543,gene-set enrichment analysis,33622705,ccr-2021-33622705-language.md,60,no-literal-match-needs-context-review
ccr-lang-4a18cee34fc323bec084,Fc receptor-mediated crosslinking,35699599,ccr-2022-35699599-language.md,105,no-literal-match-needs-context-review
ccr-lang-4a35d3439f2854b41e4a,AI-assisted tissue segmentation,42456051,ccr-2026-42456051-language.md,50,no-literal-match-needs-context-review
ccr-lang-4a427e10c9d7b24dc650,spindle-assembly checkpoint,42013305,ccr-2026-09-19-supplement-language.md,871,no-literal-match-needs-context-review
ccr-lang-4a4a7b06af1e319e5165,nonredundant unigene catalog,41849236,ccr-2026-immunotherapy-fulltext-language.md,196,no-literal-match-needs-context-review
ccr-lang-4a5b48d819fd4e0a0d86,phase Ib biomarker-evaluable subset,33023953,ccr-2021-33023953-language.md,63,no-literal-match-needs-context-review
ccr-lang-4a61b26ae46979053ea4,high-throughput plasma-protein profiling,40208070,ccr-2025-immunotherapy-fulltext-language.md,225,no-literal-match-needs-context-review
ccr-lang-4a9305ebccb3030be749,uncommon insertion genotype,33685865,ccr-2021-33685865-language.md,47,no-literal-match-needs-context-review
ccr-lang-4a966db9c99dcbd7c268,exploratory treatment-response association,37097610,ccr-2026-09-14-atm-smarca4-stk11-priority-language.md,197,no-literal-match-needs-context-review
ccr-lang-4ae0cb99262a734aeac2,intratumoral and peritumoral localization,39545922;39821070;40208070;40343815,ccr-2025-immunotherapy-fulltext-language.md,247,no-literal-match-needs-context-review
ccr-lang-4ae53152a0e9792c7deb,expected questionnaire forms,35012927,ccr-2022-35012927-language.md,83,no-literal-match-needs-context-review
ccr-lang-4afd963f7e9350133a5b,discordant deletion,41649868;41817317;41837748;42148884;42507545,ccr-2026-translational-mechanisms-fulltext-language.md,81,no-literal-match-needs-context-review
ccr-lang-4b0f7cc85a5577b26ddd,hypomorphic effect,42599160,ccr-2026-09-19-pending15-language.md,1299,no-literal-match-needs-context-review
ccr-lang-4b1b0d7319f62ee96777,compensatory regulatory circuitry,41537692;41805895;41849236;41920765;42008740;42126592;42149140;42189883;42360104;42405849;42440365;42456046;42485106;42489696,ccr-2026-immunotherapy-fulltext-language.md,117,no-literal-match-needs-context-review
ccr-lang-4b368027f5ca166023f9,whole-exome sequencing,41649868;41817317;42507545,ccr-2026-translational-mechanisms-fulltext-language.md,147,no-literal-match-needs-context-review
ccr-lang-4b3699fbd40158bd9fa8,endpoint hierarchy,42765908,ccr-2026-42765908-language.md,62,no-literal-match-needs-context-review
ccr-lang-4b4dfa70d52f2e5a4996,Bliss delta-area analysis,37289191,ccr-2023-37289191-language.md,69,no-literal-match-needs-context-review
ccr-lang-4b57750c780be50018eb,target-expression selection,39287821,ccr-2024-39287821-language.md,30,no-literal-match-needs-context-review
ccr-lang-4b7aac9362995c93eaf1,GDP-to-GTP exchange,42048384,ccr-2026-09-19-supplement-language.md,41,no-literal-match-needs-context-review
ccr-lang-4b81718aad5258ba7657,nominal significance without multiplicity control,41649868;41817317;41837748;42148884;42507545,ccr-2026-translational-mechanisms-fulltext-language.md,238,no-literal-match-needs-context-review
ccr-lang-4b85bad6d47e98eebb31,significant co-occurrence,35792876,ccr-2022-35792876-language.md,103,no-literal-match-needs-context-review
ccr-lang-4b86b79d6e5d965acfe9,actionable oncogenic driver,36201167,ccr-2023-36201167-language.md,48,no-literal-match-needs-context-review
ccr-lang-4ba562d302a0262c56ae,RNA-quality eligibility,37233991,ccr-2023-37233991-language.md,65,no-literal-match-needs-context-review
ccr-lang-4be3d943c5d926b34fad,pro-inflammatory phenotype,34140403,ccr-2021-34140403-language.md,55,no-literal-match-needs-context-review
ccr-lang-4bed3661b719eb988d3d,patient-derived tumor organoid,39017606,ccr-2024-39017606-language.md,29,no-literal-match-needs-context-review
ccr-lang-4bf58f67aade86220f86,focal amplification,41870274,ccr-2026-09-19-batch2-language.md,44,no-literal-match-needs-context-review
ccr-lang-4c0acb96cd348956cd20,proof of mechanism,35247924,ccr-2022-35247924-language.md,103,no-literal-match-needs-context-review
ccr-lang-4c15ddec3a75ecbf63ec,sampling-dependent spatial feature,42456051,ccr-2026-42456051-language.md,79,no-literal-match-needs-context-review
ccr-lang-4c164248278e5443d620,multiple coexisting resistance mechanisms,41790029,ccr-2026-09-19-pending15-language.md,453,no-literal-match-needs-context-review
ccr-lang-4c24619de63046077d45,immune-cell density per tissue area,37097610,ccr-2026-09-14-atm-smarca4-stk11-priority-language.md,159,no-literal-match-needs-context-review
ccr-lang-4c283cb68b3ee5676c98,data-derived discrimination threshold,39836411,ccr-2025-genomics-2026-09-20-language.md,560,no-literal-match-needs-context-review
ccr-lang-4c49dd5bea79072bc141,paired tumor biopsy,41701940,ccr-2026-09-19-batch2-language.md,400,no-literal-match-needs-context-review
ccr-lang-4c5f8cc4265a402ab42a,limited tissue representation,34686497,ccr-2022-34686497-language.md,101,no-literal-match-needs-context-review
ccr-lang-4c64d456fc2d40321fa0,clonal persistence,41805895;42008740;42189883,ccr-2026-immunotherapy-fulltext-language.md,166,no-literal-match-needs-context-review
ccr-lang-4c7a9a6e328ebf099766,histology-specific activity,38109210,ccr-2024-38109210-language.md,30,no-literal-match-needs-context-review
ccr-lang-4ca3c5ce00a4e2c5acc2,Benjamini-Hochberg adjustment,41945490,ccr-2026-09-19-batch2-language.md,469,no-literal-match-needs-context-review
ccr-lang-4cd1cf206181a387b4a0,half-maximal inhibitory concentration,37733794,ccr-2026-09-14-atm-smarca4-stk11-priority-language.md,267,no-literal-match-needs-context-review
ccr-lang-4cd2763e0a7d0b5b469f,model-restricted mechanistic evidence,33323404,ccr-2021-33323404-language.md,125,no-literal-match-needs-context-review
ccr-lang-4ceea0500aa946a099b9,conditional average treatment effect,42126592;42149140;42360104;42440365;42456046;42485106;42489696,ccr-2026-immunotherapy-fulltext-language.md,234,no-literal-match-needs-context-review
ccr-lang-4cfbb9264891e91c988b,replication-incompetent adenoviral vector,40208070;40499141;40928991,ccr-2025-immunotherapy-fulltext-language.md,166,no-literal-match-needs-context-review
ccr-lang-4d2b80008c7d50da9934,variant-specific sensitivity,36913537,ccr-2023-36913537-language.md,53,no-literal-match-needs-context-review
ccr-lang-4d67a85bd3ddf150f4a2,intercurrent-event handling,42658187,ccr-2026-09-19-pending15-language.md,1382,no-literal-match-needs-context-review
ccr-lang-4d6a0e20fafc492c39f4,T-cell receptor tracking,37939140,ccr-2024-37939140-language.md,42,no-literal-match-needs-context-review
ccr-lang-4da876cc69a2e74de1ec,linear mixed-effects model,41945490,ccr-2026-09-19-batch2-language.md,469,no-literal-match-needs-context-review
ccr-lang-4db657053f84e9b07d53,metastatic propensity,38723277,ccr-2024-38723277-language.md,29,no-literal-match-needs-context-review
ccr-lang-4dbbd4b8ca64808b78d6,hypothetical protective effect,35144967,ccr-2022-35144967-language.md,113,no-literal-match-needs-context-review
ccr-lang-4dbd7d3dfa321edef56b,patient-specific symptom dynamics,37233986,ccr-2023-37233986-language.md,51,no-literal-match-needs-context-review
ccr-lang-4dd7644f63e0cbf8ab84,TIM-3 co-inhibitory pathway,39466024;39545922;39576208;39786430;39821070;40208070;40247431;40343815;40499141;40552922;40553459;40788282;40828417;40864503;40928991;41026583;41065506,ccr-2025-immunotherapy-fulltext-language.md,121,no-literal-match-needs-context-review
ccr-lang-4dd8cbb3e6279261cdd5,treatment-access confounding,35091439,ccr-2022-35091439-language.md,103,no-literal-match-needs-context-review
ccr-lang-4ddcc148f1415f59e6fd,exposure–response analysis,36112541,ccr-2023-36112541-language.md,65,no-literal-match-needs-context-review
ccr-lang-4e06d7f88bdb0e9454d2,low objective response,39017667,ccr-2024-39017667-language.md,51,no-literal-match-needs-context-review
ccr-lang-4e59cf44ef33175e5721,borderline confidence interval,33593884,ccr-2021-33593884-language.md,71,no-literal-match-needs-context-review
ccr-lang-4e5d4a71e270d585b6b8,histology-specific applicability,36255391,ccr-2023-36255391-language.md,99,no-literal-match-needs-context-review
ccr-lang-4e7ea295f00c1a2a93ae,orthotopic brain-metastasis model,41649868;42507545,ccr-2026-translational-mechanisms-fulltext-language.md,137,no-literal-match-needs-context-review
ccr-lang-4ea1f8af0cb89c91be38,transcriptome-proteome pathway concordance,40853904,ccr-2025-2026-09-19-intake-language.md,498,no-literal-match-needs-context-review
ccr-lang-4eba7c9a52dc48dccb25,patient-level versus trial-level association,40261185,ccr-2025-genomics-2026-09-20-language.md,412,no-literal-match-needs-context-review
ccr-lang-4ebe7e3314f110957554,dose-escalation cohort,41587109;41671081;42574065,ccr-2026-immunotherapy-fulltext-language.md,270,no-literal-match-needs-context-review
ccr-lang-4ee24704ae883675d712,sustained nondetection,37279096,ccr-2023-37279096-language.md,83,no-literal-match-needs-context-review
ccr-lang-4eecdff734f6be13c505,DNA-unresolved resistance,33685866,ccr-2021-33685866-language.md,88,no-literal-match-needs-context-review
ccr-lang-4f2cbcbbda24fd7805ba,post-baseline confounding,35511917,ccr-2022-35511917-language.md,117,no-literal-match-needs-context-review
ccr-lang-4f350e80103684faca74,treatment-duration question,37702716,ccr-2023-37702716-language.md,51,no-literal-match-needs-context-review
ccr-lang-4f3c728cfad799f44ca7,molecularly targeted treatment,35144967,ccr-2022-35144967-language.md,61,no-literal-match-needs-context-review
ccr-lang-4f5867a65c7587641a65,host metabolic factor,37125965,ccr-2023-37125965-language.md,49,no-literal-match-needs-context-review
ccr-lang-4f64c82a8ed83f59d446,cellular potency,37249619,ccr-2023-37249619-language.md,81,no-literal-match-needs-context-review
ccr-lang-4f7b7dfe1e83a77a48ad,lymphoid aggregate composition,42714874,ccr-2026-09-12-supplement-language.md,192,no-literal-match-needs-context-review
ccr-lang-4f7c2da89fd7292b9ddf,histology-specific treatment context,41961582,ccr-2026-09-23-intake-language.md,28,no-literal-match-needs-context-review
ccr-lang-4f9411c665c120dac536,intracranial and extracranial compartments,35404402,ccr-2022-35404402-language.md,113,no-literal-match-needs-context-review
ccr-lang-4fa05eacc4baaa9cec01,lineage-specific biological context,42658187,ccr-2026-09-19-pending15-language.md,1402,no-literal-match-needs-context-review
ccr-lang-4fa9eb0551eb46e4b292,screening-stage association,42456051,ccr-2026-42456051-language.md,70,no-literal-match-needs-context-review
ccr-lang-4fd9ea31e28d7fc3d0b6,tertiary lymphoid structure,42440361,ccr-2026-09-19-supplement-language.md,124,no-literal-match-needs-context-review
ccr-lang-4fe2d3b5f12bcbf3b8c9,follicular dendritic-cell network,42307634,ccr-2026-09-19-pending15-language.md,921,no-literal-match-needs-context-review
ccr-lang-4fe31ac4f517411c55ae,post-landmark PFS,37702716,ccr-2023-37702716-language.md,83,no-literal-match-needs-context-review
ccr-lang-4ff241835d0e080fb756,pretreatment tissue sequencing,42446521,ccr-2026-09-19-pending15-language.md,1093,no-literal-match-needs-context-review
ccr-lang-5041640ad19a6cfc82b1,single-cell RNA and TCR sequencing,39545922;39786430;40208070;40247431;40553459;40788282;40828417;40864503;41065506,ccr-2025-immunotherapy-fulltext-language.md,195,no-literal-match-needs-context-review
ccr-lang-5054d058e8e6d189f37a,co-expressing T cells,41945490,ccr-2026-09-19-batch2-language.md,463,no-literal-match-needs-context-review
ccr-lang-505c7d4f0d17f243edbf,unique molecular identifier deduplication,39620930,ccr-2025-genomics-2026-09-20-language.md,607,no-literal-match-needs-context-review
ccr-lang-5069945a3a288a7569db,tumor-type heterogeneity,41511400,ccr-2026-41511400-language.md,84,no-literal-match-needs-context-review
ccr-lang-506bf7b0e70294588d91,disease-control-associated pathway enrichment,39651955,ccr-2025-clinical-2026-09-23-language.md,188,no-literal-match-needs-context-review
ccr-lang-5071e04a17d08e9e4890,limited sample size,34740922,ccr-2022-34740922-language.md,111,no-literal-match-needs-context-review
ccr-lang-508a21bbe63d22adbf69,monoallelic hotspot mutation,42599160,ccr-2026-09-19-pending15-language.md,1290,no-literal-match-needs-context-review
ccr-lang-50931bf92212b60f2171,prespecified sensitivity analysis,41649868;41817317;41837748;42148884;42507545,ccr-2026-translational-mechanisms-fulltext-language.md,236,no-literal-match-needs-context-review
ccr-lang-5095ddb9287a6b08d7bd,histology confounding,38109210,ccr-2024-38109210-language.md,63,no-literal-match-needs-context-review
ccr-lang-50a4682765c25acd37d5,genotype-incomplete surrogate,33023953,ccr-2021-33023953-language.md,85,no-literal-match-needs-context-review
ccr-lang-50bcb276e1869a4c1b29,grade 3–4 toxicity,41894181,ccr-2026-09-19-supplement-language.md,1055,no-literal-match-needs-context-review
ccr-lang-50d3d48053eee2995a9f,immune-related versus treatment-related adverse event,40378060,ccr-2026-09-23-intake-language.md,102,no-literal-match-needs-context-review
ccr-lang-5110ee55319fe70590b1,non-isogenic cell-line confounding,37733794,ccr-2026-09-14-atm-smarca4-stk11-priority-language.md,304,no-literal-match-needs-context-review
ccr-lang-5124e57a4c6017166800,multi-omics validation gap,39150541,ccr-2024-39150541-language.md,95,no-literal-match-needs-context-review
ccr-lang-512dfe2e5c11c18c0580,co-mutational genomic context,32709715,ccr-2026-09-14-atm-smarca4-stk11-priority-language.md,35,no-literal-match-needs-context-review
ccr-lang-513b3f15fdf1e9daeca1,tumor-supporting stroma,35972732,ccr-2022-35972732-language.md,65,no-literal-match-needs-context-review
ccr-lang-5149f9604279240706be,manufacturing feasibility,39466024;39545922;39576208;39786430;39821070;40208070;40247431;40343815;40499141;40552922;40553459;40788282;40828417;40864503;40928991;41026583;41065506,ccr-2025-immunotherapy-fulltext-language.md,115,no-literal-match-needs-context-review
ccr-lang-518307ec91ef5e843951,risk-set entry time,37223888,ccr-2023-37223888-language.md,71,no-literal-match-needs-context-review
ccr-lang-51891a04ee62b79374aa,clinicogenomic landscape of [population],39466024;39545922;39576208;39786430;39821070;40208070;40247431;40343815;40499141;40552922;40553459;40788282;40828417;40864503;40928991;41026583;41065506;41537692;41587109;41649868;41671081;41805895;41817317;41837748;41849236;41920765;42008740;42126592;42148884;42149140;42189883;42360104;42405849;42440365;42456046;42485106;42489696;42507545;42574065,ccr-phrase-patterns.md,60,no-literal-match-needs-context-review
ccr-lang-51ab5be27d08667002b8,metachronous oligometastatic disease,36794455,ccr-2023-36794455-language.md,83,no-literal-match-needs-context-review
ccr-lang-51af7ee7a90ac66f3baa,pharmacodynamic backfill cohort,41701940,ccr-2026-09-19-batch2-language.md,400,no-literal-match-needs-context-review
ccr-lang-51d21c557be72d59992c,clinically enriched cohort,36913537,ccr-2023-36913537-language.md,67,no-literal-match-needs-context-review
ccr-lang-520b194409ca089d452c,post-progression benefit,41945500,ccr-2026-09-19-supplement-language.md,972,no-literal-match-needs-context-review
ccr-lang-5220dbda1a1357137e48,solvent-front mutation,41537704,ccr-2026-09-19-pending15-language.md,62,no-literal-match-needs-context-review
ccr-lang-522959c63b69cb0c6bb9,modified toxicity probability interval-2 design,41587109;41671081;42574065,ccr-2026-immunotherapy-fulltext-language.md,283,no-literal-match-needs-context-review
ccr-lang-522ed99e7d6c94de4bed,spatial deconvolution,39540841,ccr-2025-omics-methods-2026-09-23-language.md,51,no-literal-match-needs-context-review
ccr-lang-52631b595c34ffdc9ee1,reversibility of toxic changes,40208070;40499141;40928991,ccr-2025-immunotherapy-fulltext-language.md,182,no-literal-match-needs-context-review
ccr-lang-527b63b5b1de90e9f443,established and emerging targets,41870274,ccr-2026-09-19-batch2-language.md,44,no-literal-match-needs-context-review
ccr-lang-529eb9e721d828cff298,concomitant medication,37125965,ccr-2023-37125965-language.md,53,no-literal-match-needs-context-review
ccr-lang-52a1326f45c1bab66909,bypass signaling pathway activation,34261696,ccr-2021-34261696-language.md,53,no-literal-match-needs-context-review
ccr-lang-52d0f1a562457a35dc9b,shorter progression-free survival,42714875,ccr-2026-09-12-supplement-language.md,259,no-literal-match-needs-context-review
ccr-lang-52db0a12465833e3ce43,single-layer biomarker,42440358,ccr-2026-42440358-language.md,38,no-literal-match-needs-context-review
ccr-lang-52de5a8b2399b33b92fe,low tumor shedding,38526394,ccr-2024-38526394-language.md,30,no-literal-match-needs-context-review
ccr-lang-52f07d27d082f6bcbc66,ROI-sampling constraint,38630755,ccr-2024-38630755-language.md,90,no-literal-match-needs-context-review
ccr-lang-530d0a26344150fb663f,co-mutational context,33558425,ccr-2021-33558425-language.md,49,no-literal-match-needs-context-review
ccr-lang-534b81da3f89e9e1dcc9,cancer-type-matched background,39561276,ccr-2025-2026-09-19-intake-language.md,169,no-literal-match-needs-context-review
ccr-lang-535674c15335e11e0586,adrenergic–mesenchymal state,36602782,ccr-2023-36602782-language.md,53,no-literal-match-needs-context-review
ccr-lang-536e39ffccc47277ccbd,hypothesis-generating therapeutic vulnerability,33323404,ccr-2021-33323404-language.md,126,no-literal-match-needs-context-review
ccr-lang-53a1dadf3da13acb77e5,protein-domain context,42599160,ccr-2026-09-19-pending15-language.md,1275,no-literal-match-needs-context-review
ccr-lang-53b6554a4bb247c9b8ad,tolerability margin,42007996,ccr-2026-09-19-supplement-language.md,1138,no-literal-match-needs-context-review
ccr-lang-53cc851b1f670e5fc65e,concordantly amplified pairs,41870274,ccr-2026-09-19-batch2-language.md,60,no-literal-match-needs-context-review
ccr-lang-53ce6b34299cd6c1bd02,confirmed partial response,37227187,ccr-2023-37227187-language.md,52,no-literal-match-needs-context-review
ccr-lang-53ecef4cb74dc8e9d484,wide uncertainty interval,39017667,ccr-2024-39017667-language.md,52,no-literal-match-needs-context-review
ccr-lang-53f4277ec0f28a49bbdf,blood–CSF barrier,42207176,ccr-2026-09-19-supplement-language.md,290,no-literal-match-needs-context-review
ccr-lang-53ff1587e86bdd76464a,real-time impedance-based killing assay,39466024;40208070;40343815;40499141;40828417;41026583,ccr-2025-immunotherapy-fulltext-language.md,257,no-literal-match-needs-context-review
ccr-lang-5430ac470c43ffefca0f,immune-checkpoint inhibitor,41817317;41837748;42148884;42507545,ccr-2026-translational-mechanisms-fulltext-language.md,102,no-literal-match-needs-context-review
ccr-lang-5451105869b36e4477f2,insufficient activity to support further development,35254415,ccr-2022-35254415-language.md,99,no-literal-match-needs-context-review
ccr-lang-548802e3a576ba09d429,historical exposure profile,41779007,ccr-2026-09-19-pending15-language.md,364,no-literal-match-needs-context-review
ccr-lang-54a15063e11cae10cbfa,lysophospholipid remodeling,40853904,ccr-2025-2026-09-19-intake-language.md,489,no-literal-match-needs-context-review
ccr-lang-54a8b12e24ca5da98b6a,immune-checkpoint combination,39836372,ccr-2025-2026-09-19-intake-language.md,98,no-literal-match-needs-context-review
ccr-lang-54d2c4a4ce5a0d3568e8,Lin concordance correlation coefficient,40465842,ccr-2025-genomics-2026-09-20-language.md,463,no-literal-match-needs-context-review
ccr-lang-54e6994508d0fcea2575,log-linear time-to-event model,40343815;40499141;40928991,ccr-2025-immunotherapy-fulltext-language.md,283,no-literal-match-needs-context-review
ccr-lang-54eb90b711e94691a296,classification threshold,38088895,ccr-2024-38088895-language.md,52,no-literal-match-needs-context-review
ccr-lang-54f69ed575039ed15250,stem-like CD8 T-cell program,41945490,ccr-2026-09-19-batch2-language.md,477,no-literal-match-needs-context-review
ccr-lang-55269fe97d3f544b666f,myeloid-cell recruitment and polarization,42714874,ccr-2026-09-12-supplement-language.md,167,no-literal-match-needs-context-review
ccr-lang-552aff8f3377551dc922,reduced xenograft expansion,39704655,ccr-2025-omics-methods-2026-09-23-language.md,243,no-literal-match-needs-context-review
ccr-lang-5543c3f59c4c3c1aeb9f,descriptive clinical activity signal,33023953,ccr-2021-33023953-language.md,75,no-literal-match-needs-context-review
ccr-lang-555ef2e0a32f7543a013,ongoing complete response,42599160,ccr-2026-09-19-pending15-language.md,1290,no-literal-match-needs-context-review
ccr-lang-55632a99a67aadcc75e1,preplanned subgroup analysis,34789481,ccr-2022-34789481-language.md,77,no-literal-match-needs-context-review
ccr-lang-5572fa44d12bf21903c4,early lineage-state divergence,39150541,ccr-2024-39150541-language.md,91,no-literal-match-needs-context-review
ccr-lang-55b7fecb86f7615c8fb9,residual occupational confounding,41779007,ccr-2026-09-19-pending15-language.md,364,no-literal-match-needs-context-review
ccr-lang-55c4e051bb1da7220107,hematopoietic-derived variant,41537692;42440365;42489696,ccr-2026-immunotherapy-fulltext-language.md,175,no-literal-match-needs-context-review
ccr-lang-5600af29138af0d099b0,molecularly matched treatment,42360806,ccr-2026-42360806-language.md,37,no-literal-match-needs-context-review
ccr-lang-563618d7d7466c839c73,exploratory survival difference,36469573,ccr-2023-36469573-language.md,85,no-literal-match-needs-context-review
ccr-lang-5686b4957d1898321853,drug-to-antibody ratio,42007996,ccr-2026-09-19-supplement-language.md,1120,no-literal-match-needs-context-review
ccr-lang-568be8bdcc0bc70d5d84,functional mutation class,42599160,ccr-2026-09-19-pending15-language.md,1275,no-literal-match-needs-context-review
ccr-lang-56afe799758efd739ad2,gene-level positive selection,38980931,ccr-2024-38980931-language.md,81,no-literal-match-needs-context-review
ccr-lang-56b3f516d599248af4bb,complete tumor regression in xenografts,36692420,ccr-2023-36692420-language.md,73,no-literal-match-needs-context-review
ccr-lang-56bd42dd0c6b7226707c,dominant-negative TGF-beta receptor,39466024;39576208;40828417;41026583,ccr-2025-immunotherapy-fulltext-language.md,149,no-literal-match-needs-context-review
ccr-lang-56bee133fe92f0d83928,prolonged blood-pool residence,39841860,ccr-2025-omics-methods-2026-09-23-language.md,129,no-literal-match-needs-context-review
ccr-lang-56c284aa5efffe59562d,later-line treatment,41537692;41587109;41671081;41805895;41849236;41920765;42008740;42126592;42149140;42189883;42360104;42405849;42440365;42456046;42485106;42489696;42574065,ccr-2026-immunotherapy-fulltext-language.md,92,no-literal-match-needs-context-review
ccr-lang-56d1b500c107889816bf,differentially abundant inflammatory proteins,42714875,ccr-2026-09-12-supplement-language.md,261,no-literal-match-needs-context-review
ccr-lang-56e7be68e426ae135168,fragmented residual tumor pattern,42456051,ccr-2026-42456051-language.md,65,no-literal-match-needs-context-review
ccr-lang-56fe36aecd6cc53bf948,safety-signal characterization,36112541,ccr-2023-36112541-language.md,97,no-literal-match-needs-context-review
ccr-lang-57070ea7d4b58a4f7b9f,partial-volume effect,35972732,ccr-2022-35972732-language.md,117,no-literal-match-needs-context-review
ccr-lang-571c388b363dad6016b8,intermediate immune-expression state,35394499,ccr-2022-35394499-language.md,87,no-literal-match-needs-context-review
ccr-lang-578d8e6f12a38092c218,prospective response adaptation,37279096,ccr-2023-37279096-language.md,101,no-literal-match-needs-context-review
ccr-lang-57a90f35a262a1ca2dcd,residue-specific oncogenic properties,35091439,ccr-2022-35091439-language.md,53,no-literal-match-needs-context-review
ccr-lang-57b514a7045aadcd5a0d,ploidy-aware copy-number model,41649868;41817317;42507545,ccr-2026-translational-mechanisms-fulltext-language.md,155,no-literal-match-needs-context-review
ccr-lang-57ca98ac272d079542f5,best overall response by investigator assessment,32709715,ccr-2026-09-14-atm-smarca4-stk11-priority-language.md,57,no-literal-match-needs-context-review
ccr-lang-57d39860269340bb79db,variant-conditioned co-mutation pattern,42268349,ccr-2026-09-19-supplement-language.md,650,no-literal-match-needs-context-review
ccr-lang-57d9f228d5e8e1ab7d2a,population pharmacokinetic model,41587109;41671081;42574065,ccr-2026-immunotherapy-fulltext-language.md,274,no-literal-match-needs-context-review
ccr-lang-57dab2b45a91e88825dd,on-target resistance,37249619,ccr-2023-37249619-language.md,51,no-literal-match-needs-context-review
ccr-lang-57f2571865aa1652de18,clonogenic surviving fraction,33323404,ccr-2021-33323404-language.md,83,no-literal-match-needs-context-review
ccr-lang-58092b3e3648ca0e978a,complementary estimands,35012927,ccr-2022-35012927-language.md,117,no-literal-match-needs-context-review
ccr-lang-58119afc93fde1fa600b,treatment interruption,34740922,ccr-2022-34740922-language.md,93,no-literal-match-needs-context-review
ccr-lang-581384ee9b6e26900272,epithelial-mesenchymal transition phenotype,40853904,ccr-2025-2026-09-19-intake-language.md,505,no-literal-match-needs-context-review
ccr-lang-5826ae21f7f53372c992,loss of tumor-suppressor function,32709715,ccr-2026-09-14-atm-smarca4-stk11-priority-language.md,33,no-literal-match-needs-context-review
ccr-lang-586302c9e9a4634270ce,open-label crossover treatment,42714840,ccr-2026-09-12-supplement-language.md,105,no-literal-match-needs-context-review
ccr-lang-586f8835e1be5cd12f90,metabolite-mimic limitation,37756581,ccr-2023-37756581-language.md,101,no-literal-match-needs-context-review
ccr-lang-587ad821d80e85d0621c,radiographic lead time,37071497,ccr-2023-37071497-language.md,85,no-literal-match-needs-context-review
ccr-lang-588a7d02f589aa1e858c,context-dependent co-occurrence,42340371,ccr-2026-42340371-language.md,71,no-literal-match-needs-context-review
ccr-lang-58a832a678fd9597c268,ATP-competitive binding,40465424,ccr-2025-omics-methods-2026-09-23-language.md,303,no-literal-match-needs-context-review
ccr-lang-58bde1ad9322ffa0cd3b,Brookmeyer-Crowley confidence interval,39466024;39545922;39576208;39786430;39821070;40208070;40247431;40343815;40499141;40552922;40553459;40788282;40828417;40864503;40928991;41026583;41065506,ccr-2025-immunotherapy-fulltext-language.md,305,no-literal-match-needs-context-review
ccr-lang-58e881b908766f55d454,segmentation perturbation analysis,35727603,ccr-2022-35727603-language.md,119,no-literal-match-needs-context-review
ccr-lang-58eab7ba4a86efda3b9d,driver- and burden-dependent shedding,36201167,ccr-2023-36201167-language.md,86,no-literal-match-needs-context-review
ccr-lang-58f921bda654158f2f53,primary-lesion proteome,38723277,ccr-2024-38723277-language.md,30,no-literal-match-needs-context-review
ccr-lang-5907ce1a5bd60c4bc82c,inducible knockdown and gene reconstitution,33077574,ccr-2026-09-12-supplement-language.md,37,no-literal-match-needs-context-review
ccr-lang-590a56a36445fde0e075,prolonged murine survival,39466024;40208070;40343815;40499141;40828417;41026583,ccr-2025-immunotherapy-fulltext-language.md,274,no-literal-match-needs-context-review
ccr-lang-590bf5e7071ab85c1646,antibody-dependent cellular cytotoxicity,42507540,ccr-2026-09-19-supplement-language.md,456,no-literal-match-needs-context-review
ccr-lang-591087279577939d280b,cGAS/STING innate-immune signaling,37733794,ccr-2026-09-14-atm-smarca4-stk11-priority-language.md,247,no-literal-match-needs-context-review
ccr-lang-592ae9ebeeb52486e048,oncogenic cooperativity,33077574,ccr-2026-09-12-supplement-language.md,30,no-literal-match-needs-context-review
ccr-lang-592ca32447fbab941a9f,receiver operating characteristic curve,41537692;41587109;41671081;41805895;41849236;41920765;42008740;42126592;42149140;42189883;42360104;42405849;42440365;42456046;42485106;42489696;42574065,ccr-2026-immunotherapy-fulltext-language.md,327,no-literal-match-needs-context-review
ccr-lang-593e36d1a95b1e1c15fa,tumor-specific CD8-positive T cell,41817317;41837748;42148884;42507545,ccr-2026-translational-mechanisms-fulltext-language.md,111,no-literal-match-needs-context-review
ccr-lang-595a3ced2781b7488f9c,absence of objective response,42578969,ccr-2026-09-19-pending15-language.md,1198,no-literal-match-needs-context-review
ccr-lang-598327ae73859a2d4236,assay coverage overlap,39561276,ccr-2025-2026-09-19-intake-language.md,184,no-literal-match-needs-context-review
ccr-lang-59885ee372c31cf99b58,restored drug sensitivity,37289191,ccr-2023-37289191-language.md,81,no-literal-match-needs-context-review
ccr-lang-5996fa09fbb2001165d9,coexisting genetic alterations,35404402,ccr-2022-35404402-language.md,111,no-literal-match-needs-context-review
ccr-lang-59978bf5e03f6b805f15,tumor-agnostic plasma assay,42377115,ccr-2026-42377115-language.md,39,no-literal-match-needs-context-review
ccr-lang-599bc32d909ddbf7141a,confounding by PD-L1 and treatment selection,42268349,ccr-2026-09-19-supplement-language.md,650,no-literal-match-needs-context-review
ccr-lang-59b8023b56f0fe57e54d,small-intestinal mean radiation dose,41537692;41587109;41671081;41805895;41849236;41920765;42008740;42126592;42149140;42189883;42360104;42405849;42440365;42456046;42485106;42489696;42574065,ccr-2026-immunotherapy-fulltext-language.md,99,no-literal-match-needs-context-review
ccr-lang-59ea7b53c61efc7e4432,NK-tailored signaling architecture,39466024;39576208;40828417;41026583,ccr-2025-immunotherapy-fulltext-language.md,162,no-literal-match-needs-context-review
ccr-lang-5a5b5ded242a2b7a6633,best overall response,41945500,ccr-2026-09-19-supplement-language.md,963,no-literal-match-needs-context-review
ccr-lang-5a6a098c0ae9a8e62e4e,relative induction of STING signaling,37733794,ccr-2026-09-14-atm-smarca4-stk11-priority-language.md,285,no-literal-match-needs-context-review
ccr-lang-5a737d6d570997f8c24a,APOBEC mutational score,35838647,ccr-2022-35838647-language.md,61,no-literal-match-needs-context-review
ccr-lang-5a79f38384c885600ce4,heterogeneous comparator group,33558425,ccr-2021-33558425-language.md,61,no-literal-match-needs-context-review
ccr-lang-5a7f30c2d5c4179b5e8f,linear mixed-effects model,38630755,ccr-2024-38630755-language.md,61,no-literal-match-needs-context-review
ccr-lang-5aa90a1512db59bd1938,checkpoint-inhibitor–naive population,41511400,ccr-2026-41511400-language.md,51,no-literal-match-needs-context-review
ccr-lang-5ae5274ad064534d3965,paired PET and tissue IHC,39545922;39821070;40208070;40343815,ccr-2025-immunotherapy-fulltext-language.md,241,no-literal-match-needs-context-review
ccr-lang-5af36e7e79fa5daae6e3,PRMT5/MAT2A-directed strategy,41649868;42507545,ccr-2026-translational-mechanisms-fulltext-language.md,140,no-literal-match-needs-context-review
ccr-lang-5b302b9c0662eb7faf09,false-discovery-rate adjustment,35091439,ccr-2022-35091439-language.md,73,no-literal-match-needs-context-review
ccr-lang-5b5afd1ce90851a6cc35,methylation-based ctDNA quantification,41563386,ccr-2026-41563386-language.md,64,no-literal-match-needs-context-review
ccr-lang-5b9aec6f612524c15163,forward inclusion and backward elimination,40343815;40499141;40928991,ccr-2025-immunotherapy-fulltext-language.md,289,no-literal-match-needs-context-review
ccr-lang-5ba99e4ed0690d92b6fc,conditional survivor population,39670974,ccr-2025-2026-09-19-intake-language.md,248,no-literal-match-needs-context-review
ccr-lang-5bab536a16f9336231b2,below-limit-of-detection analyte,39651955,ccr-2025-clinical-2026-09-23-language.md,181,no-literal-match-needs-context-review
ccr-lang-5be51b1fbed5cc81d194,compartment-specific analysis,36469573,ccr-2023-36469573-language.md,69,no-literal-match-needs-context-review
ccr-lang-5be5318c021c3118cc1d,enhanced-sampling simulation,40465424,ccr-2025-omics-methods-2026-09-23-language.md,313,no-literal-match-needs-context-review
ccr-lang-5bf3fc3b72e78e7864d7,pairwise overlapping aliquots,39887260,ccr-2025-genomics-2026-09-20-language.md,279,no-literal-match-needs-context-review
ccr-lang-5c07c6c782f202fc5c47,within-cohort discrimination,39017606,ccr-2024-39017606-language.md,52,no-literal-match-needs-context-review
ccr-lang-5c5e6893df9d129a2138,tertiary lymphoid structure,42307634,ccr-2026-09-19-pending15-language.md,897,no-literal-match-needs-context-review
ccr-lang-5c617e79cf807d19144b,tumor trafficking and infiltration,39466024;39576208;40828417;41026583,ccr-2025-immunotherapy-fulltext-language.md,158,no-literal-match-needs-context-review
ccr-lang-5c77ae86f2ae65b73d0e,PARP-mediated radiosensitization,40880183,ccr-2025-clinical-2026-09-23-language.md,124,no-literal-match-needs-context-review
ccr-lang-5c82b3011bdd12a7fd29,dose-limiting toxicity window,36378548,ccr-2023-36378548-language.md,67,no-literal-match-needs-context-review
ccr-lang-5c85320bb9ccc693186d,dual-pathway blockade,36996322,ccr-2023-36996322-language.md,53,no-literal-match-needs-context-review
ccr-lang-5c9cabf6944139f31145,adverse event leading to discontinuation,39466024;39545922;39576208;39786430;39821070;40208070;40247431;40343815;40499141;40552922;40553459;40788282;40828417;40864503;40928991;41026583;41065506,ccr-2025-immunotherapy-fulltext-language.md,319,no-literal-match-needs-context-review
ccr-lang-5cbe387cbd51e5ee13a3,single-region misclassification risk,38630755,ccr-2024-38630755-language.md,87,no-literal-match-needs-context-review
ccr-lang-5ceba8b58f0e8da54cd2,histologic and genomic heterogeneity,33077574,ccr-2026-09-12-supplement-language.md,29,no-literal-match-needs-context-review
ccr-lang-5cf49c5f02b67f3822f8,uptake of germline testing,35363308,ccr-2022-35363308-language.md,91,no-literal-match-needs-context-review
ccr-lang-5d1c3a4730711781129f,tissue–plasma discordance,34753780,ccr-2022-34753780-language.md,93,no-literal-match-needs-context-review
ccr-lang-5d2cc3e0e427b65ac256,a total of [N] patients,39466024;39545922;39576208;39786430;39821070;40208070;40247431;40343815;40499141;40552922;40553459;40788282;40828417;40864503;40928991;41026583;41065506;41537692;41587109;41649868;41671081;41805895;41817317;41837748;41849236;41920765;42008740;42126592;42148884;42149140;42189883;42360104;42405849;42440365;42456046;42485106;42489696;42507545;42574065,ccr-phrase-patterns.md,86,no-literal-match-needs-context-review
ccr-lang-5d2dc42ee5ea29873530,tumor and stromal compartments,34686497,ccr-2022-34686497-language.md,73,no-literal-match-needs-context-review
ccr-lang-5d4087a4bec3b586c829,denominator-dependent concordance,40833744,ccr-2026-40833744-language.md,45,no-literal-match-needs-context-review
ccr-lang-5d5378115f5559c15dd5,functional STK11/KEAP1 deficiency,33023953,ccr-2021-33023953-language.md,50,no-literal-match-needs-context-review
ccr-lang-5d72da1f5149f6ba2143,equivocal subtype assignment,39545922;39786430;40208070;40247431;40553459;40788282;40828417;40864503;41065506,ccr-2025-immunotherapy-fulltext-language.md,190,no-literal-match-needs-context-review
ccr-lang-5d74708927f191e4237b,registry ascertainment,39400264,ccr-2024-39400264-language.md,44,no-literal-match-needs-context-review
ccr-lang-5d78b78656c719e6d944,specimen-dependent ascertainment,36201167,ccr-2023-36201167-language.md,85,no-literal-match-needs-context-review
ccr-lang-5db71859567cf62b09a5,cross-species limitation,42478960,ccr-2026-09-19-batch2-language.md,556,no-literal-match-needs-context-review
ccr-lang-5dc559c9913cc63cd19f,serial plasma sampling,37279096,ccr-2023-37279096-language.md,65,no-literal-match-needs-context-review
ccr-lang-5deae59950359b57dfc7,single-cell doublet removal,40853904,ccr-2025-2026-09-19-intake-language.md,497,no-literal-match-needs-context-review
ccr-lang-5df4d0a230dbe50028e9,coding territory,36806911,ccr-2023-36806911-language.md,65,no-literal-match-needs-context-review
ccr-lang-5e1f887e358c43196388,response-evaluable subset,40388547,ccr-2025-genomics-2026-09-20-language.md,183,no-literal-match-needs-context-review
ccr-lang-5e4e22859ac77a1290bd,population pharmacokinetic model-derived exposure metric,40343815;40499141;40928991,ccr-2025-immunotherapy-fulltext-language.md,278,no-literal-match-needs-context-review
ccr-lang-5e5e3c3dab20f5d63e2c,immune-related adverse event,41817317;41837748;42148884;42507545,ccr-2026-translational-mechanisms-fulltext-language.md,120,no-literal-match-needs-context-review
ccr-lang-5e649e9d02f4a7f30208,inducible oncogene withdrawal,36595561,ccr-2023-36595561-language.md,65,no-literal-match-needs-context-review
ccr-lang-5e6f8f4bf1a5048e3f7c,substantial evidence of effectiveness,38875108,ccr-2024-38875108-language.md,29,no-literal-match-needs-context-review
ccr-lang-5e7ce2d85ea517eac682,antigen-specific cell tracking,37992307,ccr-2024-37992307-language.md,39,no-literal-match-needs-context-review
ccr-lang-5e8e2c80804b47678d21,confirmed symptom deterioration,41801128,ccr-2026-09-19-pending15-language.md,552,no-literal-match-needs-context-review
ccr-lang-5e8f8fb610cc3346d1bd,conditional mutual exclusivity,37733794,ccr-2026-09-14-atm-smarca4-stk11-priority-language.md,279,no-literal-match-needs-context-review
ccr-lang-5e9ceecd60ea09cbd6e6,whole-slide image,42126592;42149140;42360104;42440365;42456046;42485106;42489696,ccr-2026-immunotherapy-fulltext-language.md,240,no-literal-match-needs-context-review
ccr-lang-5e9d835eefdba8718584,nominal association,37432985,ccr-2023-37432985-language.md,83,no-literal-match-needs-context-review
ccr-lang-5ea2cb4295edb638aff8,single-cell immune-state annotation,41784525,ccr-2026-09-19-supplement-language.md,548,no-literal-match-needs-context-review
ccr-lang-5ee3ec7c81e78e26367c,potentially resectable disease,41537692;41587109;41671081;41805895;41849236;41920765;42008740;42126592;42149140;42189883;42360104;42405849;42440365;42456046;42485106;42489696;42574065,ccr-2026-immunotherapy-fulltext-language.md,88,no-literal-match-needs-context-review
ccr-lang-5eeb9e419460c2a55aac,interaction test,41537692;41587109;41671081;41805895;41849236;41920765;42008740;42126592;42149140;42189883;42360104;42405849;42440365;42456046;42485106;42489696;42574065,ccr-2026-immunotherapy-fulltext-language.md,337,no-literal-match-needs-context-review
ccr-lang-5eee15f126c02aa033e4,tumor-fraction stratification,38060240,ccr-2024-38060240-language.md,40,no-literal-match-needs-context-review
ccr-lang-5ef1721bbc36b4ee215a,direct-binding uncertainty,36537918,ccr-2023-36537918-language.md,97,no-literal-match-needs-context-review
ccr-lang-5f1729779367c6828c44,paired baseline and progression samples,42440354,ccr-2026-09-19-pending15-language.md,1006,no-literal-match-needs-context-review
ccr-lang-5f4d9ab22c1f776448bc,Simon two-stage design,41894181,ccr-2026-09-19-supplement-language.md,1046,no-literal-match-needs-context-review
ccr-lang-5f695bab1b70ecdff53c,noncleavable linker,42658187,ccr-2026-09-19-pending15-language.md,1370,no-literal-match-needs-context-review
ccr-lang-5fe03d2c6a43ba7ca999,combined positive score,41511400,ccr-2026-41511400-language.md,63,no-literal-match-needs-context-review
ccr-lang-5ff01f8035c802230dca,concordant orthogonal characterization,38180245,ccr-2024-38180245-language.md,39,no-literal-match-needs-context-review
ccr-lang-5ff3cfe467aa0536266a,co-occurring alteration frequency,32709715,ccr-2026-09-14-atm-smarca4-stk11-priority-language.md,68,no-literal-match-needs-context-review
ccr-lang-60178b30e84fb1a7d53a,orthogonal validation,42001480,ccr-2026-09-19-batch2-language.md,267,no-literal-match-needs-context-review
ccr-lang-602d0a8d75f9148534ac,cell-line-dependent response,36165915,ccr-2023-36165915-language.md,85,no-literal-match-needs-context-review
ccr-lang-60528f332eb9d7832a00,exceptionally durable response,37432985,ccr-2023-37432985-language.md,49,no-literal-match-needs-context-review
ccr-lang-60616ba34fe05a48c6e4,confirmed RECIST partial response,41563386,ccr-2026-41563386-language.md,74,no-literal-match-needs-context-review
ccr-lang-606c66742fa261ae3b10,repeated-measures analysis of variance,41649868;41817317;41837748;42148884;42507545,ccr-2026-translational-mechanisms-fulltext-language.md,225,no-literal-match-needs-context-review
ccr-lang-60853d5e1e2adeebcba3,time-to-progression–defined benefit group,38630755,ccr-2024-38630755-language.md,64,no-literal-match-needs-context-review
ccr-lang-60916189c43283eab762,copy-number tertile,41870274,ccr-2026-09-19-batch2-language.md,60,no-literal-match-needs-context-review
ccr-lang-60a9f474f8c9ea175c1d,co-occurring genomic alterations,33077574,ccr-2026-09-12-supplement-language.md,27,no-literal-match-needs-context-review
ccr-lang-60d1e5222c75ce5110b2,compound heterozygous alterations,42599160,ccr-2026-09-19-pending15-language.md,1282,no-literal-match-needs-context-review
ccr-lang-61028eb9fc3b68bb359e,Fc non-fucosylation,41817317;41837748;42148884;42507545,ccr-2026-translational-mechanisms-fulltext-language.md,103,no-literal-match-needs-context-review
ccr-lang-610522c8baa346192d7c,KEGG Orthology abundance profile,41849236,ccr-2026-immunotherapy-fulltext-language.md,198,no-literal-match-needs-context-review
ccr-lang-61194b7c2a546838bc42,functional confirmation,36166003,ccr-2022-36166003-language.md,123,no-literal-match-needs-context-review
ccr-lang-6142cc4a84b6541d87a0,functional cure plateau,42507540,ccr-2026-09-19-supplement-language.md,456,no-literal-match-needs-context-review
ccr-lang-616ad29984bdcfecce3b,confirmed partial response,42440354,ccr-2026-09-19-pending15-language.md,1014,no-literal-match-needs-context-review
ccr-lang-6193284b18c5dcdca556,transient tumor regression,37382635,ccr-2023-37382635-language.md,81,no-literal-match-needs-context-review
ccr-lang-619bbabaf848a8d0e8a5,investigator-adjudicated response,42446521,ccr-2026-09-19-pending15-language.md,1092,no-literal-match-needs-context-review
ccr-lang-619ceb238ab4778d516a,low-density target recognition,36692420,ccr-2023-36692420-language.md,71,no-literal-match-needs-context-review
ccr-lang-619d1ce3a32cccd52267,causal attribution limit,36449664,ccr-2023-36449664-language.md,101,no-literal-match-needs-context-review
ccr-lang-61ae0a587592d78d37be,retained association after adjustment,36166003,ccr-2022-36166003-language.md,103,no-literal-match-needs-context-review
ccr-lang-61e7efaf243184b9c87e,Clopper–Pearson confidence interval,41894181,ccr-2026-09-19-supplement-language.md,1046,no-literal-match-needs-context-review
ccr-lang-61fe903bee988d0731f1,treatment access and reimbursement constraints,39466024;39545922;39576208;39786430;39821070;40208070;40247431;40343815;40499141;40552922;40553459;40788282;40828417;40864503;40928991;41026583;41065506,ccr-2025-immunotherapy-fulltext-language.md,116,no-literal-match-needs-context-review
ccr-lang-620040fc2cfa65b6f91d,peptide-masked antibody,41817317;41837748;42148884;42507545,ccr-2026-translational-mechanisms-fulltext-language.md,104,no-literal-match-needs-context-review
ccr-lang-624c0a551e8fb3cedcaa,wide confidence interval,37233987,ccr-2023-37233987-language.md,85,no-literal-match-needs-context-review
ccr-lang-624d9688eb5efd31a0ff,interlaboratory reproducibility,39887260,ccr-2025-genomics-2026-09-20-language.md,275,no-literal-match-needs-context-review
ccr-lang-6251acf25db052013b76,time to tumor-volume doubling,33323404,ccr-2021-33323404-language.md,88,no-literal-match-needs-context-review
ccr-lang-629b73c0bdbb28ec1b2b,functional pathway dependence,39836411,ccr-2025-genomics-2026-09-20-language.md,546,no-literal-match-needs-context-review
ccr-lang-629ec89a0e4b8c263068,target heterogeneity across models,35792882,ccr-2022-35792882-language.md,103,no-literal-match-needs-context-review
ccr-lang-63162392eb6b0b4c6a3d,protocol inconsistency,37382635,ccr-2023-37382635-language.md,99,no-literal-match-needs-context-review
ccr-lang-63620e2748c1cd0734ef,small-animal PET biodistribution,39545922;39821070;40208070;40343815,ccr-2025-immunotherapy-fulltext-language.md,235,no-literal-match-needs-context-review
ccr-lang-6365e5b72c42af9ea251,FDR q value,41649868;41817317;41837748;42148884;42507545,ccr-2026-translational-mechanisms-fulltext-language.md,219,no-literal-match-needs-context-review
ccr-lang-637edf1f81747632fdd1,late risk set,42207168,ccr-2026-09-19-pending15-language.md,837,no-literal-match-needs-context-review
ccr-lang-63920e2e2604e092e254,response-evaluable population,41252574,ccr-2026-09-19-batch2-language.md,191,no-literal-match-needs-context-review
ccr-lang-639b73234fb74c6e9896,highest nonseverely toxic dose (HNSTD),41649868;41817317;41837748;42148884;42507545,ccr-2026-translational-mechanisms-fulltext-language.md,209,no-literal-match-needs-context-review
ccr-lang-63b0b5abefe36c9fe204,treatment-naive metastatic disease,41537692;41587109;41671081;41805895;41849236;41920765;42008740;42126592;42149140;42189883;42360104;42405849;42440365;42456046;42485106;42489696;42574065,ccr-2026-immunotherapy-fulltext-language.md,85,no-literal-match-needs-context-review
ccr-lang-63c3c0d528d16ef26fac,spatial colocalization pattern,41805895;42008740;42456046,ccr-2026-immunotherapy-fulltext-language.md,150,no-literal-match-needs-context-review
ccr-lang-63d0ee73c6a9b7f16766,patient-derived cell model,41649868;41837748;42148884,ccr-2026-translational-mechanisms-fulltext-language.md,176,no-literal-match-needs-context-review
ccr-lang-64011e2f42bf2ea87cab,signal-seeking combination,39017667,ccr-2024-39017667-language.md,30,no-literal-match-needs-context-review
ccr-lang-641043a1ff58488cd94d,historical platinum exposure,33685865,ccr-2021-33685865-language.md,70,no-literal-match-needs-context-review
ccr-lang-6418bcd61075ba2aa220,incomplete penetrance,39400264,ccr-2024-39400264-language.md,33,no-literal-match-needs-context-review
ccr-lang-6462d452c481f34bfe09,matched tissue–plasma profiling,38060240,ccr-2024-38060240-language.md,39,no-literal-match-needs-context-review
ccr-lang-6466d48a3781f587eda0,unmeasured co-alteration confounding,33323404,ccr-2021-33323404-language.md,124,no-literal-match-needs-context-review
ccr-lang-64855bf2117e5d9919da,intracranial activity,38875108,ccr-2024-38875108-language.md,51,no-literal-match-needs-context-review
ccr-lang-64994cdc539ae2c10317,retained chromosome copies,38630790,ccr-2024-38630790-language.md,54,no-literal-match-needs-context-review
ccr-lang-64ae364755fba9bfb51f,target engagement,41649868;42507545,ccr-2026-translational-mechanisms-fulltext-language.md,129,no-literal-match-needs-context-review
ccr-lang-64b4a600c7c6043dfb09,tissue-free methylation assay,41537692;42440365;42489696,ccr-2026-immunotherapy-fulltext-language.md,183,no-literal-match-needs-context-review
ccr-lang-64ff8a528ad4bbf4a53d,gene-evaluable denominator,41537704,ccr-2026-09-19-pending15-language.md,69,no-literal-match-needs-context-review
ccr-lang-6503d5e70447586629c3,atezolizumab-associated survival benefit,41784525,ccr-2026-09-19-supplement-language.md,557,no-literal-match-needs-context-review
ccr-lang-65093734d14872bf1caa,internal model optimism,35838647,ccr-2022-35838647-language.md,81,no-literal-match-needs-context-review
ccr-lang-652586623fcf3b8060d4,large-scale compound screen,33023953,ccr-2021-33023953-language.md,61,no-literal-match-needs-context-review
ccr-lang-6532567e0f03c6ed7afc,intrathoracic recurrence,36794455,ccr-2023-36794455-language.md,81,no-literal-match-needs-context-review
ccr-lang-653f1e7decf867124e47,second-site EGFR alteration,36729110,ccr-2023-36729110-language.md,49,no-literal-match-needs-context-review
ccr-lang-6550ee8681d3d2c67666,dynamic changes in mutant allele frequency,35713632,ccr-2022-35713632-language.md,55,no-literal-match-needs-context-review
ccr-lang-655ee927c588ab2fae33,parallel signaling pathway,42578969,ccr-2026-09-19-pending15-language.md,1209,no-literal-match-needs-context-review
ccr-lang-65615b624b8ec29c29a6,lesion-level classification,35767426,ccr-2022-35767426-language.md,73,no-literal-match-needs-context-review
ccr-lang-658e34ce0b6af386332b,target-dependent uptake,38277241,ccr-2024-38277241-language.md,63,no-literal-match-needs-context-review
ccr-lang-65e347543868a3333e3b,predictive-versus-prognostic uncertainty,41511400,ccr-2026-41511400-language.md,86,no-literal-match-needs-context-review
ccr-lang-65ee698dea7884397068,inflamed neuroendocrine phenotype,37223924,ccr-2023-37223924-language.md,53,no-literal-match-needs-context-review
ccr-lang-65f2c037e92729d6b01a,Fc gamma receptor co-engagement,41817317;41837748;42148884;42507545,ccr-2026-translational-mechanisms-fulltext-language.md,108,no-literal-match-needs-context-review
ccr-lang-65f7144b81250ed85752,exposure profile,36378548,ccr-2023-36378548-language.md,83,no-literal-match-needs-context-review
ccr-lang-65f93861adb236476543,antifolate sensitivity,37233991,ccr-2023-37233991-language.md,51,no-literal-match-needs-context-review
ccr-lang-663749093c3e02406e0d,locked cutoff,42059900,ccr-2026-09-19-supplement-language.md,382,no-literal-match-needs-context-review
ccr-lang-663ef993b3bfacb8c825,Kaplan–Meier response-duration estimate,36112541,ccr-2023-36112541-language.md,81,no-literal-match-needs-context-review
ccr-lang-663f5a600f2b6f69b6c3,trophic signal,41817317;41837748;42148884;42507545,ccr-2026-translational-mechanisms-fulltext-language.md,117,no-literal-match-needs-context-review
ccr-lang-667d2a62d95f58353477,reversal of regulatory T-cell-mediated suppression,35699599,ccr-2022-35699599-language.md,57,no-literal-match-needs-context-review
ccr-lang-66a969128abf38fe6c48,serial liquid biopsy,37071497,ccr-2023-37071497-language.md,49,no-literal-match-needs-context-review
ccr-lang-66c5113957cab0dea0dc,orthogonal assay confirmation,39466024;40208070;40343815;40499141;40828417;41026583,ccr-2025-immunotherapy-fulltext-language.md,272,no-literal-match-needs-context-review
ccr-lang-66dd3fa091cb5bd9b065,cytokine-mediated signaling,36595561,ccr-2023-36595561-language.md,51,no-literal-match-needs-context-review
ccr-lang-67007d5295d99c91c5b0,outcome-conditioned sampling,37432985,ccr-2023-37432985-language.md,97,no-literal-match-needs-context-review
ccr-lang-6702c494a2627b6e8435,model-to-patient translation,39017606,ccr-2024-39017606-language.md,64,no-literal-match-needs-context-review
ccr-lang-670c05c09935b14da24b,cell-surface immunophenotype,42307634,ccr-2026-09-19-pending15-language.md,909,no-literal-match-needs-context-review
ccr-lang-670c4f9d3c3995dde34e,baseline inflammation signature,35511938,ccr-2022-35511938-language.md,85,no-literal-match-needs-context-review
ccr-lang-673bfb99f9535a986b75,Lin concordance correlation coefficient,41945491,ccr-2026-09-19-pending15-language.md,639,no-literal-match-needs-context-review
ccr-lang-675ea3d6214fe5820be0,dose-limiting toxicity observation window,35254415,ccr-2022-35254415-language.md,67,no-literal-match-needs-context-review
ccr-lang-675f45105d41bbad7e95,fragment-end motif,42001480,ccr-2026-09-19-batch2-language.md,260,no-literal-match-needs-context-review
ccr-lang-67781610a64fc90d8fb4,PBMC-humanized xenograft,39466024;40208070;40343815;40499141;40828417;41026583,ccr-2025-immunotherapy-fulltext-language.md,266,no-literal-match-needs-context-review
ccr-lang-6785a4c880b9d29cbafe,discrimination and calibration,38723277,ccr-2024-38723277-language.md,51,no-literal-match-needs-context-review
ccr-lang-678942dd440ea890f147,ROI-level pseudoreplication,40299768,ccr-2025-2026-09-19-intake-language.md,444,no-literal-match-needs-context-review
ccr-lang-67941f86aa64d18ce71d,molecular relatedness,39561276,ccr-2025-2026-09-19-intake-language.md,164,no-literal-match-needs-context-review
ccr-lang-67a798c55b00b63f13fc,highest-versus-lowest quartile,41779007,ccr-2026-09-19-pending15-language.md,355,no-literal-match-needs-context-review
ccr-lang-67b88a9b2e1e631e98b4,intrinsic sensitivity to DNA damage,35046060,ccr-2022-35046060-language.md,113,no-literal-match-needs-context-review
ccr-lang-67cb133d9788a49c0589,integrated multi-omic analysis of [process],39466024;39545922;39576208;39786430;39821070;40208070;40247431;40343815;40499141;40552922;40553459;40788282;40828417;40864503;40928991;41026583;41065506;41537692;41587109;41649868;41671081;41805895;41817317;41837748;41849236;41920765;42008740;42126592;42148884;42149140;42189883;42360104;42405849;42440365;42456046;42485106;42489696;42507545;42574065,ccr-phrase-patterns.md,61,no-literal-match-needs-context-review
ccr-lang-67f29addd06351397bbf,transient peripheral proliferation,41945490,ccr-2026-09-19-batch2-language.md,477,no-literal-match-needs-context-review
ccr-lang-681733760226b73c4222,allelic-loss-associated protein deficiency,37097610,ccr-2026-09-14-atm-smarca4-stk11-priority-language.md,174,no-literal-match-needs-context-review
ccr-lang-682dfac9c007e978c299,locus-specific quantification,41784525,ccr-2026-09-19-supplement-language.md,548,no-literal-match-needs-context-review
ccr-lang-683334b65911c07bf888,stochastic methylation gains,41591979,ccr-2026-09-19-pending15-language.md,239,no-literal-match-needs-context-review
ccr-lang-6837b2e5e797462b266f,cohort-dependent baseline risk,33593884,ccr-2021-33593884-language.md,85,no-literal-match-needs-context-review
ccr-lang-68429377c350313b5f80,prespecified covariate,41537692;41587109;41671081;41805895;41849236;41920765;42008740;42126592;42149140;42189883;42360104;42405849;42440365;42456046;42485106;42489696;42574065,ccr-2026-immunotherapy-fulltext-language.md,319,no-literal-match-needs-context-review
ccr-lang-684a5c02224224394fea,complementary molecular modalities,38277235,ccr-2024-38277235-language.md,30,no-literal-match-needs-context-review
ccr-lang-684f5b89195c56e9e07a,endpoint-specific data-derived cutoffs,42714875,ccr-2026-09-12-supplement-language.md,248,no-literal-match-needs-context-review
ccr-lang-685ceb34bdd22b2b0919,functional consequence of variant class,37097610,ccr-2026-09-14-atm-smarca4-stk11-priority-language.md,194,no-literal-match-needs-context-review
ccr-lang-6863dc06b71f69229bc9,host-read removal,39879384,ccr-2025-omics-methods-2026-09-23-language.md,405,no-literal-match-needs-context-review
ccr-lang-6874d0a9458bf836feec,co-mutational heterogeneity,37233987,ccr-2023-37233987-language.md,49,no-literal-match-needs-context-review
ccr-lang-68850d9eac4f3734b654,co-mutational context,41417462,ccr-2026-09-19-supplement-language.md,705,no-literal-match-needs-context-review
ccr-lang-68899388b12a0f3b2429,attenuation after covariate adjustment,42377115,ccr-2026-42377115-language.md,65,no-literal-match-needs-context-review
ccr-lang-68a2ddc812598e08bf87,top-10 clonal space,41805895;42008740;42189883,ccr-2026-immunotherapy-fulltext-language.md,162,no-literal-match-needs-context-review
ccr-lang-68a9ab1e611722220379,short tandem repeat authentication,38180245,ccr-2024-38180245-language.md,35,no-literal-match-needs-context-review
ccr-lang-68b3602525b1030f1e36,stratified Cox proportional hazards model,34921023,ccr-2022-34921023-language.md,69,no-literal-match-needs-context-review
ccr-lang-68e392bc58d6fc8fee8c,permutational multivariate analysis of variance,41849236,ccr-2026-immunotherapy-fulltext-language.md,202,no-literal-match-needs-context-review
ccr-lang-68f24d4c9fc2b8377a17,model predictive check,40343815;40499141;40928991,ccr-2025-immunotherapy-fulltext-language.md,288,no-literal-match-needs-context-review
ccr-lang-692e67a6f1d78f460ca8,nonrandomized treatment cohort,39017667,ccr-2024-39017667-language.md,39,no-literal-match-needs-context-review
ccr-lang-69388693dfa56d822243,pathway-related expression phenotype,37233991,ccr-2023-37233991-language.md,49,no-literal-match-needs-context-review
ccr-lang-695f17211dff1e4c9cca,institutional clinicogenomic cohort,37097610,ccr-2026-09-14-atm-smarca4-stk11-priority-language.md,150,no-literal-match-needs-context-review
ccr-lang-6979d8d5e18ba268b7c4,pharmacologic phenocopy,39078310,ccr-2024-39078310-language.md,64,no-literal-match-needs-context-review
ccr-lang-69a6d3768483c9ae7bac,treatment-cohort-specific survival association,37733794,ccr-2026-09-14-atm-smarca4-stk11-priority-language.md,284,no-literal-match-needs-context-review
ccr-lang-69b7d41e73742e001934,heterogeneous treatment exposure,37939140,ccr-2024-37939140-language.md,66,no-literal-match-needs-context-review
ccr-lang-69c0eb916c2708d53be0,durable stable disease,42599160,ccr-2026-09-19-pending15-language.md,1290,no-literal-match-needs-context-review
ccr-lang-69ce419a0ca707894b61,topoisomerase I inhibitor payload,41961582,ccr-2026-09-23-intake-language.md,30,no-literal-match-needs-context-review
ccr-lang-69d24148c126be220d2c,model-constrained safety inference,36692420,ccr-2023-36692420-language.md,87,no-literal-match-needs-context-review
ccr-lang-69daac37c846290d0add,dose-limiting-toxicity–evaluable population,41563386,ccr-2026-41563386-language.md,61,no-literal-match-needs-context-review
ccr-lang-69eccd2a1bd042351ecb,apparent model discrimination,42456051,ccr-2026-42456051-language.md,56,no-literal-match-needs-context-review
ccr-lang-69ff608e7bd7c459a0e4,negative parent trial,36806911,ccr-2023-36806911-language.md,85,no-literal-match-needs-context-review
ccr-lang-6a0d26a3926dd9b0ce7e,IL-3-independent proliferation,35247929,ccr-2022-35247929-language.md,103,no-literal-match-needs-context-review
ccr-lang-6a26c3e27c288ca4565f,signature transferability,33622705,ccr-2021-33622705-language.md,81,no-literal-match-needs-context-review
ccr-lang-6a2f6fb4fa82647fae54,public-dataset reanalysis,39545922;39786430;40208070;40247431;40553459;40788282;40828417;40864503;41065506,ccr-2025-immunotherapy-fulltext-language.md,206,no-literal-match-needs-context-review
ccr-lang-6a5bc4c58bfb966ccf95,grade 3 or higher treatment-related adverse events,42714875,ccr-2026-09-12-supplement-language.md,260,no-literal-match-needs-context-review
ccr-lang-6a637cc821d2319fe2fb,durable clinical benefit threshold,38048058,ccr-2024-38048058-language.md,43,no-literal-match-needs-context-review
ccr-lang-6a7d814f122cf18e0058,isotype-specific repertoire feature,41805895;42008740;42189883,ccr-2026-immunotherapy-fulltext-language.md,167,no-literal-match-needs-context-review
ccr-lang-6a9ab169e929089574d1,antigen-independent stimulation,36595561,ccr-2023-36595561-language.md,99,no-literal-match-needs-context-review
ccr-lang-6ad26665aa6a4425ee8d,totality of evidence,34462287,ccr-2022-34462287-language.md,105,no-literal-match-needs-context-review
ccr-lang-6ae212b5d9e2acbd1179,non-compartmental analysis,35247924,ccr-2022-35247924-language.md,73,no-literal-match-needs-context-review
ccr-lang-6b02ea3789fcbd8d7b10,combination-induced myelosuppression,41563386,ccr-2026-41563386-language.md,53,no-literal-match-needs-context-review
ccr-lang-6b0d3c91f51739c9cfb7,nonresponse classification error,38300729,ccr-2024-38300729-language.md,45,no-literal-match-needs-context-review
ccr-lang-6b77b4fe7e0486473e39,technical replicate,42478960,ccr-2026-09-19-batch2-language.md,540,no-literal-match-needs-context-review
ccr-lang-6bba63c3ee54f4bd8dc6,independently prepared lysates,41543339,ccr-2026-09-19-pending15-language.md,153,no-literal-match-needs-context-review
ccr-lang-6be4eaa96e9817842d2d,transcriptomic stratification,37233991,ccr-2023-37233991-language.md,53,no-literal-match-needs-context-review
ccr-lang-6bff95aef62940d65150,matched tumor-normal sequencing,42340371,ccr-2026-42340371-language.md,50,no-literal-match-needs-context-review
ccr-lang-6c2920d7ee82bdfa5342,injection-order drift,41779007,ccr-2026-09-19-pending15-language.md,346,no-literal-match-needs-context-review
ccr-lang-6c3a8985aeffa2535072,emergent alteration,38995268,ccr-2024-38995268-language.md,52,no-literal-match-needs-context-review
ccr-lang-6c4ec75778e5395e917f,whole-transcriptome rescue testing,33947695,ccr-2021-33947695-language.md,59,no-literal-match-needs-context-review
ccr-lang-6c500dc339600400e4ea,treatment-related symptom burden,41801128,ccr-2026-09-19-pending15-language.md,541,no-literal-match-needs-context-review
ccr-lang-6c5d72c2335245342e19,operating-point sensitivity,42001480,ccr-2026-09-19-batch2-language.md,267,no-literal-match-needs-context-review
ccr-lang-6c7ac64ed201cbe191ea,longitudinal tumor dynamics,36595566,ccr-2023-36595566-language.md,51,no-literal-match-needs-context-review
ccr-lang-6c8d9e9623984b3118f6,gasdermin E cleavage,42013305,ccr-2026-09-19-supplement-language.md,880,no-literal-match-needs-context-review
ccr-lang-6cd91fb1702b94dd49f6,mutant-selective inhibitor,34740925,ccr-2022-34740925-language.md,53,no-literal-match-needs-context-review
ccr-lang-6cdc0fc09c79f1157e4f,exposure-efficacy relationship,40343815;40499141;40928991,ccr-2025-immunotherapy-fulltext-language.md,284,no-literal-match-needs-context-review
ccr-lang-6ce047b7595ce77b5282,residual imbalance,35511917,ccr-2022-35511917-language.md,95,no-literal-match-needs-context-review
ccr-lang-6d2f6232ea513e6510dd,protease-cleavable ADC linker,42714875,ccr-2026-09-12-supplement-language.md,235,no-literal-match-needs-context-review
ccr-lang-6d5a52856f9ecc93ef53,nonsignificant adjusted association,37097610,ccr-2026-09-14-atm-smarca4-stk11-priority-language.md,179,no-literal-match-needs-context-review
ccr-lang-6d5c5997ea561a49b513,unvalidated treatment-response hypothesis,40299768,ccr-2025-2026-09-19-intake-language.md,445,no-literal-match-needs-context-review
ccr-lang-6d6fb415402f862ccc84,effector-memory phenotype,41537692;41805895;41849236;41920765;42008740;42126592;42149140;42189883;42360104;42405849;42440365;42456046;42485106;42489696,ccr-2026-immunotherapy-fulltext-language.md,119,no-literal-match-needs-context-review
ccr-lang-6d6fed649461be96e20c,serial transplantation,42440358,ccr-2026-42440358-language.md,45,no-literal-match-needs-context-review
ccr-lang-6d72c568df3db37b0a00,resistance-associated IC50 shift,40853904,ccr-2025-2026-09-19-intake-language.md,504,no-literal-match-needs-context-review
ccr-lang-6d8ef322bee04813b207,scaled Schoenfeld residuals,41400436,ccr-2026-09-19-batch2-language.md,330,no-literal-match-needs-context-review
ccr-lang-6d9420f0a0db433eaf7f,double-strand DNA-break response,37733794,ccr-2026-09-14-atm-smarca4-stk11-priority-language.md,242,no-literal-match-needs-context-review
ccr-lang-6d9c8381a43fa7bd45dd,obtained at various time points,34921023,ccr-2022-34921023-language.md,101,no-literal-match-needs-context-review
ccr-lang-6dada02de23e95f3c68b,modality-specific evaluability,38277235,ccr-2024-38277235-language.md,52,no-literal-match-needs-context-review
ccr-lang-6dbe5521659994603ca9,historical safety comparison,37227187,ccr-2023-37227187-language.md,61,no-literal-match-needs-context-review
ccr-lang-6dccab490c3e60bcc4f5,competitive cysteine engagement,40465424,ccr-2025-omics-methods-2026-09-23-language.md,316,no-literal-match-needs-context-review
ccr-lang-6df29f125f56c35bb5cd,colony-forming capacity,41649868;42507545,ccr-2026-translational-mechanisms-fulltext-language.md,134,no-literal-match-needs-context-review
ccr-lang-6e517e6930db522f7fd1,per-protocol response population,36378548,ccr-2023-36378548-language.md,69,no-literal-match-needs-context-review
ccr-lang-6e52f03329ae18cfcfb3,independent validation cohort,42059900,ccr-2026-09-19-supplement-language.md,391,no-literal-match-needs-context-review
ccr-lang-6e6b0b007b05641e193d,pathogenic splice event,41556942,ccr-2026-09-19-supplement-language.md,788,no-literal-match-needs-context-review
ccr-lang-6e73520fcd3e536f77ae,antigen-blocking control,39841860,ccr-2025-omics-methods-2026-09-23-language.md,142,no-literal-match-needs-context-review
ccr-lang-6e8ae084cf42c58e25e7,escalation with overdose control,41252574,ccr-2026-09-19-batch2-language.md,191,no-literal-match-needs-context-review
ccr-lang-6e9865d24045b57c80db,leave-cancer-type-out evaluation,39620930,ccr-2025-genomics-2026-09-20-language.md,610,no-literal-match-needs-context-review
ccr-lang-6eb594a2f77501644615,training-case exclusion analysis,35511938,ccr-2022-35511938-language.md,89,no-literal-match-needs-context-review
ccr-lang-6ed8889304e8bf511130,external cohort assessment,33593884,ccr-2021-33593884-language.md,63,no-literal-match-needs-context-review
ccr-lang-6ef04f61dc8b8b9c1bd9,peritumoral lymphocyte distribution,42456051,ccr-2026-42456051-language.md,69,no-literal-match-needs-context-review
ccr-lang-6ef095b320b0d2a1262c,topoisomerase I inhibitor payload,40208070;40499141;40928991,ccr-2025-immunotherapy-fulltext-language.md,172,no-literal-match-needs-context-review
ccr-lang-6efac995069aa0441a11,nested exploratory treatment cohort,35838647,ccr-2022-35838647-language.md,71,no-literal-match-needs-context-review
ccr-lang-6efe9e7f4132d8d9614e,MS2 fragmentation pattern,41849236,ccr-2026-immunotherapy-fulltext-language.md,207,no-literal-match-needs-context-review
ccr-lang-6f05c65a26fda6e25a75,cytokine-release assay,39466024;40208070;40343815;40499141;40828417;41026583,ccr-2025-immunotherapy-fulltext-language.md,261,no-literal-match-needs-context-review
ccr-lang-6f0a599313d040883129,replication-stress response,41563386,ccr-2026-41563386-language.md,50,no-literal-match-needs-context-review
ccr-lang-6f17afa51e8f8ee7dc5c,known or likely deleterious alteration,39545922;39786430;40208070;40247431;40553459;40788282;40828417;40864503;41065506,ccr-2025-immunotherapy-fulltext-language.md,203,no-literal-match-needs-context-review
ccr-lang-6f2fe40b9c078f6924d8,heavily pretreated population,41252574,ccr-2026-09-19-batch2-language.md,206,no-literal-match-needs-context-review
ccr-lang-6f39d9ae219317130884,species-dependent antigen distribution,36692420,ccr-2023-36692420-language.md,85,no-literal-match-needs-context-review
ccr-lang-6f56dfd3f29c6a5006d6,restoration-dependent radiosensitivity,33323404,ccr-2021-33323404-language.md,106,no-literal-match-needs-context-review
ccr-lang-6f5ab19e09e0607aca7a,nonsignificant numerical separation,33558425,ccr-2021-33558425-language.md,72,no-literal-match-needs-context-review
ccr-lang-6f6d957fb50dc3166b82,association versus mechanism,37725585,ccr-2023-37725585-language.md,97,no-literal-match-needs-context-review
ccr-lang-6f6e9b3f306c49b9b124,platinum-ineligible population,41537692;41587109;41671081;41805895;41849236;41920765;42008740;42126592;42149140;42189883;42360104;42405849;42440365;42456046;42485106;42489696;42574065,ccr-2026-immunotherapy-fulltext-language.md,94,no-literal-match-needs-context-review
ccr-lang-6f8e78856a6f289761e3,flow-cytometric measurement of intracellular ROS,33077574,ccr-2026-09-12-supplement-language.md,41,no-literal-match-needs-context-review
ccr-lang-6fbb216490d15e658893,retention-time alignment,41779007,ccr-2026-09-19-pending15-language.md,346,no-literal-match-needs-context-review
ccr-lang-6fbd496de665cd80379d,relative variant clonality,42440354,ccr-2026-09-19-pending15-language.md,1007,no-literal-match-needs-context-review
ccr-lang-6fd121c99fb2a0fb6874,adjusted hazard ratio,32709715,ccr-2026-09-14-atm-smarca4-stk11-priority-language.md,71,no-literal-match-needs-context-review
ccr-lang-6ff7e295ccd16725bb2c,dose-adjusted switching,41945500,ccr-2026-09-19-supplement-language.md,982,no-literal-match-needs-context-review
ccr-lang-700ebcf4a31cac2e38ab,exploratory co-mutation analysis,37233987,ccr-2023-37233987-language.md,99,no-literal-match-needs-context-review
ccr-lang-70191cab94b7eaab346e,unstratified Cox proportional hazards model,34301751,ccr-2021-34301751-language.md,71,no-literal-match-needs-context-review
ccr-lang-701c95862f88e1f9a313,deep-learning-derived TIL pattern,42126592;42149140;42360104;42440365;42456046;42485106;42489696,ccr-2026-immunotherapy-fulltext-language.md,239,no-literal-match-needs-context-review
ccr-lang-703cdf8eb0d204890701,adverse event leading to discontinuation,41537692;41587109;41671081;41805895;41849236;41920765;42008740;42126592;42149140;42189883;42360104;42405849;42440365;42456046;42485106;42489696;42574065,ccr-2026-immunotherapy-fulltext-language.md,300,no-literal-match-needs-context-review
ccr-lang-7058fdb5fd3280ecc644,B-cell receptor repertoire profiling,41805895;42008740;42189883,ccr-2026-immunotherapy-fulltext-language.md,157,no-literal-match-needs-context-review
ccr-lang-706babf3824252e76ae8,maximum tolerated dose was not reached,41587109;41671081;42574065,ccr-2026-immunotherapy-fulltext-language.md,282,no-literal-match-needs-context-review
ccr-lang-70a1676d18684112f2c8,pathway-directed combination,38456660,ccr-2024-38456660-language.md,32,no-literal-match-needs-context-review
ccr-lang-70ac33e202a47e889c6b,coefficient of variation,34903582,ccr-2022-34903582-language.md,81,no-literal-match-needs-context-review
ccr-lang-70b7471ad8e48e33647c,deconvolution-related uncertainty,33622705,ccr-2021-33622705-language.md,82,no-literal-match-needs-context-review
ccr-lang-70d43a053d69d6b27592,persistent transitional state,39540841,ccr-2025-omics-methods-2026-09-23-language.md,65,no-literal-match-needs-context-review
ccr-lang-70eaeed7b77f82c67118,co-deletion-associated transcriptional suppression,42148883,ccr-2026-42148883-language.md,48,no-literal-match-needs-context-review
ccr-lang-710ffe8ed83d97a234c8,immunogenic cell-death potential,42013305,ccr-2026-09-19-supplement-language.md,899,no-literal-match-needs-context-review
ccr-lang-713489c045b6aa88ae81,target-molecule quantification,36692420,ccr-2023-36692420-language.md,61,no-literal-match-needs-context-review
ccr-lang-713dae1ed9ae051fd2de,missing or unevaluable,35144967,ccr-2022-35144967-language.md,95,no-literal-match-needs-context-review
ccr-lang-7149016e522d8794753f,confirmatory study,34903582,ccr-2022-34903582-language.md,113,no-literal-match-needs-context-review
ccr-lang-714b18d485324dbe7923,negative immunohistochemical correlate,39651955,ccr-2025-clinical-2026-09-23-language.md,190,no-literal-match-needs-context-review
ccr-lang-719aff19e16a03aca1e8,mutation-level concordance,42377115,ccr-2026-42377115-language.md,62,no-literal-match-needs-context-review
ccr-lang-71a2df733b9dbe43f2b4,treatment-by-biomarker interaction,39437011,ccr-2025-genomics-2026-09-20-language.md,233,no-literal-match-needs-context-review
ccr-lang-71b04ffb11f404c15702,global proteome profiling,40208070,ccr-2025-immunotherapy-fulltext-language.md,213,no-literal-match-needs-context-review
ccr-lang-71b50c3f9afdac526099,single-cell and spatial profiling of [tissue or state],39466024;39545922;39576208;39786430;39821070;40208070;40247431;40343815;40499141;40552922;40553459;40788282;40828417;40864503;40928991;41026583;41065506;41537692;41587109;41649868;41671081;41805895;41817317;41837748;41849236;41920765;42008740;42126592;42148884;42149140;42189883;42360104;42405849;42440365;42456046;42485106;42489696;42507545;42574065,ccr-phrase-patterns.md,62,no-literal-match-needs-context-review
ccr-lang-71b990e36a260cbbb1ab,immune-related gene signature,41784525,ccr-2026-09-19-supplement-language.md,557,no-literal-match-needs-context-review
ccr-lang-71c192e8c8cd84f56bc7,held-out validation set,42126592;42149140;42360104;42440365;42456046;42485106;42489696,ccr-2026-immunotherapy-fulltext-language.md,224,no-literal-match-needs-context-review
ccr-lang-723a97980eae1b140f41,CRISPR-mediated knockout,42478960,ccr-2026-09-19-batch2-language.md,540,no-literal-match-needs-context-review
ccr-lang-723d1a95c97a79e114d8,sampling dependence,38127300,ccr-2024-38127300-language.md,63,no-literal-match-needs-context-review
ccr-lang-723ee3e88d424565433f,manufacturing failure,39466024;39576208;40828417;41026583,ccr-2025-immunotherapy-fulltext-language.md,144,no-literal-match-needs-context-review
ccr-lang-72a64b54ad332e75c989,clinico-genomic determinants of treatment efficacy,39804166,ccr-2025-genomics-2026-09-20-language.md,26,no-literal-match-needs-context-review
ccr-lang-72b3452f4cb0903524ec,blinded histopathologic assessment,39466024;40208070;40343815;40499141;40828417;41026583,ccr-2025-immunotherapy-fulltext-language.md,271,no-literal-match-needs-context-review
ccr-lang-72ce199695712c5e4972,historical comparison,34740922,ccr-2022-34740922-language.md,113,no-literal-match-needs-context-review
ccr-lang-72d1b49b060cdd502665,differentially abundant taxon,41849236,ccr-2026-immunotherapy-fulltext-language.md,204,no-literal-match-needs-context-review
ccr-lang-72eb398a90b222d0cc52,disease-free survival event,36951523,ccr-2023-36951523-language.md,83,no-literal-match-needs-context-review
ccr-lang-731f0378a1ff5c9497b0,inflamed tumor microenvironment,39466024;39545922;39576208;39786430;39821070;40208070;40247431;40343815;40499141;40552922;40553459;40788282;40828417;40864503;40928991;41026583;41065506,ccr-2025-immunotherapy-fulltext-language.md,133,no-literal-match-needs-context-review
ccr-lang-732ca92ebc7c89b9a022,stromal-state heterogeneity,33622705,ccr-2021-33622705-language.md,46,no-literal-match-needs-context-review
ccr-lang-734ac0e59216c5049e0d,spatial immune association,38277235,ccr-2024-38277235-language.md,53,no-literal-match-needs-context-review
ccr-lang-73596f088d6442bc0214,productive rearrangement,41805895;42008740;42189883,ccr-2026-immunotherapy-fulltext-language.md,159,no-literal-match-needs-context-review
ccr-lang-735ff08d8a981007c191,tumor-marker response,41563386,ccr-2026-41563386-language.md,75,no-literal-match-needs-context-review
ccr-lang-73826d87aadd6d444bca,shared pan-CAF state,33622705,ccr-2021-33622705-language.md,68,no-literal-match-needs-context-review
ccr-lang-7383acec1329f18e644a,local cellular expansion,42207176,ccr-2026-09-19-supplement-language.md,308,no-literal-match-needs-context-review
ccr-lang-7384d912d4f8950735ad,MET gene amplification,42752799,ccr-2026-09-19-supplement-language.md,207,no-literal-match-needs-context-review
ccr-lang-738a2cf3f45e2d65b9cd,did not reach significance after correction,35920742,ccr-2022-35920742-language.md,105,no-literal-match-needs-context-review
ccr-lang-73ae3a0596463990aa1c,hypothesis-generating resource,37223888,ccr-2023-37223888-language.md,107,no-literal-match-needs-context-review
ccr-lang-73c580cbe8df0e75b103,postprogression paired biopsy,42658187,ccr-2026-09-19-pending15-language.md,1381,no-literal-match-needs-context-review
ccr-lang-73d5a60fc14966167d51,treatment-emergent antidrug antibody,41587109;41671081;42574065,ccr-2026-immunotherapy-fulltext-language.md,279,no-literal-match-needs-context-review
ccr-lang-73d5aef2040b906e5f1c,lead time,37233986,ccr-2023-37233986-language.md,85,no-literal-match-needs-context-review
ccr-lang-73dc0807926f9a5c0c0a,patients remaining at risk,42714840,ccr-2026-09-12-supplement-language.md,122,no-literal-match-needs-context-review
ccr-lang-740fe15cb82c63c9de1b,feature-selected ROC analysis,39670974,ccr-2025-2026-09-19-intake-language.md,240,no-literal-match-needs-context-review
ccr-lang-7432de4174aee66f40df,treatment-limiting toxicity,38940666,ccr-2024-38940666-language.md,53,no-literal-match-needs-context-review
ccr-lang-744869b90b4e1584188f,compositional cell fraction,41945491,ccr-2026-09-19-pending15-language.md,641,no-literal-match-needs-context-review
ccr-lang-7453bdf15e3c71899e1c,external validation,37233986,ccr-2023-37233986-language.md,101,no-literal-match-needs-context-review
ccr-lang-7462e80ad0a3ef62bbcb,DNA damage-response gene,37097610,ccr-2026-09-14-atm-smarca4-stk11-priority-language.md,135,no-literal-match-needs-context-review
ccr-lang-748bb60d6b65cd88a396,locked genomic region panel,41591979,ccr-2026-09-19-pending15-language.md,250,no-literal-match-needs-context-review
ccr-lang-748c165dcc6303b05e53,tumor-informed tracking,41537692;42440365;42489696,ccr-2026-immunotherapy-fulltext-language.md,182,no-literal-match-needs-context-review
ccr-lang-74a4a0a5922ab28626ea,adjuvant-era transportability,35838647,ccr-2022-35838647-language.md,82,no-literal-match-needs-context-review
ccr-lang-74a919e28a94d447eb18,tissue-agnostic development,37265412,ccr-2023-37265412-language.md,51,no-literal-match-needs-context-review
ccr-lang-74ab0d9c5ea84ad46c19,assay portability,42059900,ccr-2026-09-19-supplement-language.md,401,no-literal-match-needs-context-review
ccr-lang-74b654d811f5d3333dde,regulatory T-cell expansion,41252574,ccr-2026-09-19-batch2-language.md,185,no-literal-match-needs-context-review
ccr-lang-74c683e5ea68862127bd,genomically unexplained resistance,33685866,ccr-2021-33685866-language.md,75,no-literal-match-needs-context-review
ccr-lang-7509aaa3dfe3eb568a10,outcomes remain heterogeneous,39466024;39545922;39576208;39786430;39821070;40208070;40247431;40343815;40499141;40552922;40553459;40788282;40828417;40864503;40928991;41026583;41065506;41537692;41587109;41649868;41671081;41805895;41817317;41837748;41849236;41920765;42008740;42126592;42148884;42149140;42189883;42360104;42405849;42440365;42456046;42485106;42489696;42507545;42574065,ccr-phrase-patterns.md,83,no-literal-match-needs-context-review
ccr-lang-7511811ae039607e2994,effector-to-target ratio,42478960,ccr-2026-09-19-batch2-language.md,540,no-literal-match-needs-context-review
ccr-lang-751a35ab84b116ddcd48,reinvigoration of the response,34376534,ccr-2021-34376534-language.md,55,no-literal-match-needs-context-review
ccr-lang-751dd1e2444b3026368b,incomplete biomarker availability,36794455,ccr-2023-36794455-language.md,97,no-literal-match-needs-context-review
ccr-lang-7547c64501a7afce6d81,spatial immune niche,41537692;41805895;41849236;41920765;42008740;42126592;42149140;42189883;42360104;42405849;42440365;42456046;42485106;42489696,ccr-2026-immunotherapy-fulltext-language.md,126,no-literal-match-needs-context-review
ccr-lang-754e92f1ef37574e1ad8,histology-dependent activity,38456660,ccr-2024-38456660-language.md,53,no-literal-match-needs-context-review
ccr-lang-75755f5aaede77f5a6d7,diagnostic feasibility,38912901,ccr-2024-38912901-language.md,66,no-literal-match-needs-context-review
ccr-lang-75baf605aeec438eb636,subtype-associated drug sensitivity,33023953,ccr-2021-33023953-language.md,73,no-literal-match-needs-context-review
ccr-lang-75be44d8d3fe005823e3,variant-aware sequence database,40465424,ccr-2025-omics-methods-2026-09-23-language.md,317,no-literal-match-needs-context-review
ccr-lang-75d63fffc6cb5d47d9dd,matched buffy-coat sequencing,42001480,ccr-2026-09-19-batch2-language.md,260,no-literal-match-needs-context-review
ccr-lang-7605f0a94cd60769c9b0,Akaike information criterion–based model selection,42714875,ccr-2026-09-12-supplement-language.md,249,no-literal-match-needs-context-review
ccr-lang-76129d88f23ce7ff06e2,Holm–Sidak-adjusted comparisons,35993913,ccr-2022-35993913-language.md,73,no-literal-match-needs-context-review
ccr-lang-76318920433e31047ead,regulon-activity inference,33622705,ccr-2021-33622705-language.md,59,no-literal-match-needs-context-review
ccr-lang-7643c86e11872e233100,locoregional treatment failure,33323404,ccr-2021-33323404-language.md,67,no-literal-match-needs-context-review
ccr-lang-7652da5a5109fc5c9020,histologic mimic,38180245,ccr-2024-38180245-language.md,31,no-literal-match-needs-context-review
ccr-lang-765676fdc44f0f7a5f0c,multiplex cytokine assay,42478960,ccr-2026-09-19-batch2-language.md,540,no-literal-match-needs-context-review
ccr-lang-766d6e74d5d0251539e7,signature-based immune deconvolution,42148883,ccr-2026-42148883-language.md,41,no-literal-match-needs-context-review
ccr-lang-766e2ee0b0a7467c1895,DNA-damage response,37382635,ccr-2023-37382635-language.md,51,no-literal-match-needs-context-review
ccr-lang-768d5638281b6a5040c8,exploratory PD-L1-high subset,33558425,ccr-2021-33558425-language.md,71,no-literal-match-needs-context-review
ccr-lang-769995d1c146afcd7d5c,epigenetic treatment rationale,38940666,ccr-2024-38940666-language.md,31,no-literal-match-needs-context-review
ccr-lang-76af87281ded36e6d6cc,small correlative subset,36255391,ccr-2023-36255391-language.md,97,no-literal-match-needs-context-review
ccr-lang-76bbd813eac6122f3387,immune-checkpoint-inhibitor outcome,37097610,ccr-2026-09-14-atm-smarca4-stk11-priority-language.md,141,no-literal-match-needs-context-review
ccr-lang-76cb441043e429f8efaf,cross-platform concordance,40208070,ccr-2025-immunotherapy-fulltext-language.md,226,no-literal-match-needs-context-review
ccr-lang-76fe684a1687537ea687,second-center validation,42113010,ccr-2026-09-19-pending15-language.md,738,no-literal-match-needs-context-review
ccr-lang-7704e0f931ab1d76aa30,prospectively maintained clinical database,42360806,ccr-2026-42360806-language.md,46,no-literal-match-needs-context-review
ccr-lang-7705a3216e661f4dc2d7,near-complete driver ascertainment,33947695,ccr-2021-33947695-language.md,68,no-literal-match-needs-context-review
ccr-lang-7739c1db13394550018b,purinergic signaling,36044531,ccr-2022-36044531-language.md,63,no-literal-match-needs-context-review
ccr-lang-77442666a5cd81d05fcb,prospective clinical validation,41870274,ccr-2026-09-19-batch2-language.md,70,no-literal-match-needs-context-review
ccr-lang-778af503ed79cc077755,endpoint non-equivalence,37223888,ccr-2023-37223888-language.md,103,no-literal-match-needs-context-review
ccr-lang-77ed64551815e7a229bc,small paired-biopsy subset,40932352,ccr-2025-2026-09-19-intake-language.md,311,no-literal-match-needs-context-review
ccr-lang-77f2069438e22bed9eb1,unblinded manual rescue review,39887260,ccr-2025-genomics-2026-09-20-language.md,281,no-literal-match-needs-context-review
ccr-lang-77fc08f72163341cdd4f,treatment-emergent antidrug antibodies,40260627,ccr-2025-clinical-2026-09-23-language.md,35,no-literal-match-needs-context-review
ccr-lang-7806d1d1fdc590634d00,immune-depleted microenvironment,40299768,ccr-2025-2026-09-19-intake-language.md,424,no-literal-match-needs-context-review
ccr-lang-782aa212fd532d4de3d1,orthogonal assay validation,39836411,ccr-2025-genomics-2026-09-20-language.md,553,no-literal-match-needs-context-review
ccr-lang-784be8398ab3a33ebb33,functional validation gap,40853904,ccr-2025-2026-09-19-intake-language.md,514,no-literal-match-needs-context-review
ccr-lang-78539c71ab7b9feba5a9,recurrent genomic alteration,32709715,ccr-2026-09-14-atm-smarca4-stk11-priority-language.md,32,no-literal-match-needs-context-review
ccr-lang-785c776bd1316d0903f6,dysfunctional T-cell state,38088895,ccr-2024-38088895-language.md,29,no-literal-match-needs-context-review
ccr-lang-786fc6197971a9e89fc5,cross-platform agreement,38277235,ccr-2024-38277235-language.md,65,no-literal-match-needs-context-review
ccr-lang-78b17fdb6aa68858fe63,SMARCA4 immunohistochemistry,32709715,ccr-2026-09-14-atm-smarca4-stk11-priority-language.md,51,no-literal-match-needs-context-review
ccr-lang-78b92ec31b88ad9e6ecf,90% inhibitory concentration (IC90),41649868;41817317;41837748;42148884;42507545,ccr-2026-translational-mechanisms-fulltext-language.md,198,no-literal-match-needs-context-review
ccr-lang-792b2818f26d5a2bb5a6,treatment-related interstitial lung disease,42507540,ccr-2026-09-19-supplement-language.md,474,no-literal-match-needs-context-review
ccr-lang-7941df0bfe227464eacd,PD-L1-high subgroup,41417462,ccr-2026-09-19-supplement-language.md,723,no-literal-match-needs-context-review
ccr-lang-79543352536f382eb4e3,nuclear retention of tumor-suppressor cargo,39651955,ccr-2025-clinical-2026-09-23-language.md,174,no-literal-match-needs-context-review
ccr-lang-79a25e946e6846dc3348,nonsynonymous-variant analysis set,37733794,ccr-2026-09-14-atm-smarca4-stk11-priority-language.md,257,no-literal-match-needs-context-review
ccr-lang-79df3066128690a979b2,dose-independent clearance plateau,40260627,ccr-2025-clinical-2026-09-23-language.md,34,no-literal-match-needs-context-review
ccr-lang-79e75f650f08cd58628c,assay-specific classification,38912901,ccr-2024-38912901-language.md,54,no-literal-match-needs-context-review
ccr-lang-7a1646c8526e910ebc45,threshold optimism,36806911,ccr-2023-36806911-language.md,97,no-literal-match-needs-context-review
ccr-lang-7a377e866b25b70fd362,hypothesis-generating biomarker association,42658187,ccr-2026-09-19-pending15-language.md,1403,no-literal-match-needs-context-review
ccr-lang-7a6929532849e6a982f3,off-the-shelf allogeneic product,42207176,ccr-2026-09-19-supplement-language.md,290,no-literal-match-needs-context-review
ccr-lang-7ac36b550c6857778d1b,cause-specific association,41779007,ccr-2026-09-19-pending15-language.md,355,no-literal-match-needs-context-review
ccr-lang-7ae7fec27660ee176a6a,genotype-specific therapeutic gap,33685865,ccr-2021-33685865-language.md,50,no-literal-match-needs-context-review
ccr-lang-7af2a72db246d14e17e5,blinded sequential pathology assessment,38180245,ccr-2024-38180245-language.md,35,no-literal-match-needs-context-review
ccr-lang-7af30d8ceca497694062,four-way co-mutation stratification,39804166,ccr-2025-genomics-2026-09-20-language.md,39,no-literal-match-needs-context-review
ccr-lang-7b5f9e6e0e53e535afd4,tumor-infiltrating lymphocyte abundance,39466024;39545922;39576208;39786430;39821070;40208070;40247431;40343815;40499141;40552922;40553459;40788282;40828417;40864503;40928991;41026583;41065506,ccr-2025-immunotherapy-fulltext-language.md,130,no-literal-match-needs-context-review
ccr-lang-7b6dc50aa06e7f27fda8,radiation dose-volume parameter,40880183,ccr-2025-clinical-2026-09-23-language.md,135,no-literal-match-needs-context-review
ccr-lang-7b72ae0e26ef3e0fae45,inferred cell-type proportion,41805895;42008740;42456046,ccr-2026-immunotherapy-fulltext-language.md,149,no-literal-match-needs-context-review
ccr-lang-7bb50f0ce1b648b2c250,conditioned-medium secretome,40208070,ccr-2025-immunotherapy-fulltext-language.md,229,no-literal-match-needs-context-review
ccr-lang-7bba13b1023abd7c233c,nonevaluable patient,41556942,ccr-2026-09-19-supplement-language.md,806,no-literal-match-needs-context-review
ccr-lang-7bba5370c0404dc4bafd,quality-control normalization,41779007,ccr-2026-09-19-pending15-language.md,346,no-literal-match-needs-context-review
ccr-lang-7bc0521d558ba24470cf,limit of quantification,41537692;42440365;42489696,ccr-2026-immunotherapy-fulltext-language.md,185,no-literal-match-needs-context-review
ccr-lang-7bc3e947b0b817fc04f7,imprecise estimate,39466024;39545922;39576208;39786430;39821070;40208070;40247431;40343815;40499141;40552922;40553459;40788282;40828417;40864503;40928991;41026583;41065506,ccr-2025-immunotherapy-fulltext-language.md,314,no-literal-match-needs-context-review
ccr-lang-7be5bab6dde2b69e252e,synthetic-lethal dependency,41563386,ccr-2026-41563386-language.md,51,no-literal-match-needs-context-review
ccr-lang-7be8c30315c27311dbd0,false discovery rate correction,41870274,ccr-2026-09-19-batch2-language.md,51,no-literal-match-needs-context-review
ccr-lang-7beaf3c06910ac279522,authentic-standard matching,41779007,ccr-2026-09-19-pending15-language.md,346,no-literal-match-needs-context-review
ccr-lang-7bf6d437626781600a0b,validation independence,38723277,ccr-2024-38723277-language.md,63,no-literal-match-needs-context-review
ccr-lang-7c1654e44e0aac76b0af,candidate biomarker refinement,42340371,ccr-2026-42340371-language.md,82,no-literal-match-needs-context-review
ccr-lang-7c32f0e031dc3a99ae64,mutation-level positive percent agreement,40465842,ccr-2025-genomics-2026-09-20-language.md,457,no-literal-match-needs-context-review
ccr-lang-7c3abebbebd9e0aeeb86,exploratory subgroup estimate,36951523,ccr-2023-36951523-language.md,85,no-literal-match-needs-context-review
ccr-lang-7c3b56a57070ca190c22,target-dependent cytotoxicity,42007996,ccr-2026-09-19-supplement-language.md,1138,no-literal-match-needs-context-review
ccr-lang-7c3b949d16c2b007ba7f,CAR transgene copies,42207176,ccr-2026-09-19-supplement-language.md,299,no-literal-match-needs-context-review
ccr-lang-7c50fe62d755dc1e0279,epigenetic-pathway upregulation,39150541,ccr-2024-39150541-language.md,80,no-literal-match-needs-context-review
ccr-lang-7c725c72c17b5e6174fe,ataxia-telangiectasia mutated kinase,37733794,ccr-2026-09-14-atm-smarca4-stk11-priority-language.md,241,no-literal-match-needs-context-review
ccr-lang-7c92de26b7ffa924ccb6,actionability-conditioned concordance,40833744,ccr-2026-40833744-language.md,36,no-literal-match-needs-context-review
ccr-lang-7cb1184456cb9823bc68,drug-repurposing rationale,36537918,ccr-2023-36537918-language.md,49,no-literal-match-needs-context-review
ccr-lang-7ccbfa991b1e6d08e7f4,cohort-specific confirmed response rate,42658187,ccr-2026-09-19-pending15-language.md,1389,no-literal-match-needs-context-review
ccr-lang-7ce62c51d0a9f18a9edb,acquired compound mutation,33685866,ccr-2021-33685866-language.md,72,no-literal-match-needs-context-review
ccr-lang-7cfa10a5d46dfced1bbf,germline and somatic call denominators,39932457,ccr-2025-genomics-2026-09-20-language.md,86,no-literal-match-needs-context-review
ccr-lang-7cfc45bca81ec54e1281,mutation-plus-loss-of-heterozygosity state,38300729,ccr-2024-38300729-language.md,37,no-literal-match-needs-context-review
ccr-lang-7d01208d37bc3a61d093,leukapheresis-to-infusion pathway,39466024;39576208;40828417;41026583,ccr-2025-immunotherapy-fulltext-language.md,141,no-literal-match-needs-context-review
ccr-lang-7d02b6f7e0ddb945d60a,cross-study confounding,41945490,ccr-2026-09-19-batch2-language.md,485,no-literal-match-needs-context-review
ccr-lang-7d2ab40749c0b3d54ef5,population-level calibration,41779007,ccr-2026-09-19-pending15-language.md,364,no-literal-match-needs-context-review
ccr-lang-7d5a0f0e0588c0261f99,single-nucleus RNA sequencing,41945490,ccr-2026-09-19-batch2-language.md,469,no-literal-match-needs-context-review
ccr-lang-7d8eebd3d7fdd14a8379,cross-model discordance,36602782,ccr-2023-36602782-language.md,101,no-literal-match-needs-context-review
ccr-lang-7d96ceb5b93895833abc,treatment-limiting toxicity,36729110,ccr-2023-36729110-language.md,85,no-literal-match-needs-context-review
ccr-lang-7daa3c768cf1ccbb8b9a,wide confidence interval,35727603,ccr-2022-35727603-language.md,107,no-literal-match-needs-context-review
ccr-lang-7dc9d66b610b163ff74a,outcome-blinded annotation,35852792,ccr-2022-35852792-language.md,71,no-literal-match-needs-context-review
ccr-lang-7e12c4aaac0971ae4a51,surveillance without systemic treatment change,35767426,ccr-2022-35767426-language.md,97,no-literal-match-needs-context-review
ccr-lang-7e6113a79a6cdfb0e35d,nonsignificant apoptosis contrast,33323404,ccr-2021-33323404-language.md,109,no-literal-match-needs-context-review
ccr-lang-7e8c06f25e3811a0043c,noncompartmental pharmacokinetic analysis,41587109;41671081;42574065,ccr-2026-immunotherapy-fulltext-language.md,273,no-literal-match-needs-context-review
ccr-lang-7ea736e86dc64f5f94fb,molecular correlates of [outcome],39466024;39545922;39576208;39786430;39821070;40208070;40247431;40343815;40499141;40552922;40553459;40788282;40828417;40864503;40928991;41026583;41065506;41537692;41587109;41649868;41671081;41805895;41817317;41837748;41849236;41920765;42008740;42126592;42148884;42149140;42189883;42360104;42405849;42440365;42456046;42485106;42489696;42507545;42574065,ccr-phrase-patterns.md,58,no-literal-match-needs-context-review
ccr-lang-7ec0ee10cae002b6ff7f,peptide-level false discovery rate,40208070,ccr-2025-immunotherapy-fulltext-language.md,222,no-literal-match-needs-context-review
ccr-lang-7eca307f2f078210ea76,twofold cross-validation,36806911,ccr-2023-36806911-language.md,69,no-literal-match-needs-context-review
ccr-lang-7efa946fb77f43ab6fb4,nominal exploratory association,39651955,ccr-2025-clinical-2026-09-23-language.md,189,no-literal-match-needs-context-review
ccr-lang-7efbae556925bffc83b0,comparator-specific significance,36165915,ccr-2023-36165915-language.md,83,no-literal-match-needs-context-review
ccr-lang-7f06e365934b6d802ddc,acquired checkpoint resistance,41945490,ccr-2026-09-19-batch2-language.md,463,no-literal-match-needs-context-review
ccr-lang-7f1d30ffa9b50ec28d3d,nonmutational pathway activation,38980931,ccr-2024-38980931-language.md,63,no-literal-match-needs-context-review
ccr-lang-7f1dc634cf594bcc4538,Clopper–Pearson confidence interval,41511400,ccr-2026-41511400-language.md,60,no-literal-match-needs-context-review
ccr-lang-7f1eb5fa6051c44018ad,assay-stratified activity,41511400,ccr-2026-41511400-language.md,72,no-literal-match-needs-context-review
ccr-lang-7f3b7ab67df3a4f9756e,immunodeficient xenograft,36165915,ccr-2023-36165915-language.md,67,no-literal-match-needs-context-review
ccr-lang-7f82268b230058ad1557,dose-proportional exposure,34740925,ccr-2022-34740925-language.md,85,no-literal-match-needs-context-review
ccr-lang-7f83ed7876f41ad092ca,real-world treatment effectiveness,39466024;39545922;39576208;39786430;39821070;40208070;40247431;40343815;40499141;40552922;40553459;40788282;40828417;40864503;40928991;41026583;41065506,ccr-2025-immunotherapy-fulltext-language.md,111,no-literal-match-needs-context-review
ccr-lang-7f865730c4ef54fb84ce,postprogression molecular profiling,41790029,ccr-2026-09-19-pending15-language.md,435,no-literal-match-needs-context-review
ccr-lang-7f86753de2ad0e92bb11,treatment-related adverse event,41894181,ccr-2026-09-19-supplement-language.md,1046,no-literal-match-needs-context-review
ccr-lang-7fa73344bbdccec63706,enrichment of genomic features,34261696,ccr-2021-34261696-language.md,91,no-literal-match-needs-context-review
ccr-lang-7faaf5f4e318373d507e,paralog dependency,42599160,ccr-2026-09-19-pending15-language.md,1299,no-literal-match-needs-context-review
ccr-lang-7fad8ad5f20927ef43ed,biomarker-evaluable population,41649868;41817317;42507545,ccr-2026-translational-mechanisms-fulltext-language.md,167,no-literal-match-needs-context-review
ccr-lang-7fbf8800730d8a91b530,limit-of-detection filtering,42714875,ccr-2026-09-12-supplement-language.md,246,no-literal-match-needs-context-review
ccr-lang-7fc1417db69800aeac76,CRISPR/Cas9-mediated ATM knockout,37733794,ccr-2026-09-14-atm-smarca4-stk11-priority-language.md,265,no-literal-match-needs-context-review
ccr-lang-7fc66eb283da83e2fbd0,sustained proliferation,41252574,ccr-2026-09-19-batch2-language.md,198,no-literal-match-needs-context-review
ccr-lang-7ffcaa60dae298ee6845,adaptive signaling rebound,39495173,ccr-2025-2026-09-19-intake-language.md,355,no-literal-match-needs-context-review
ccr-lang-80084f2327c7bc71581b,tumor-specific response denominator,36378548,ccr-2023-36378548-language.md,85,no-literal-match-needs-context-review
ccr-lang-800f84ba00f6b74dfb28,rechallenge protection,35993913,ccr-2022-35993913-language.md,87,no-literal-match-needs-context-review
ccr-lang-8013da5795b5b926ca0e,inherited tumor predisposition,39400264,ccr-2024-39400264-language.md,34,no-literal-match-needs-context-review
ccr-lang-80268e21e08c73a735af,stage-dependent shortening of RFS,35838647,ccr-2022-35838647-language.md,68,no-literal-match-needs-context-review
ccr-lang-8032c5018712cc05b5ef,coverage-related underascertainment,33685866,ccr-2021-33685866-language.md,86,no-literal-match-needs-context-review
ccr-lang-803ee0bbf2506ae22d4e,central molecular confirmation,42578969,ccr-2026-09-19-pending15-language.md,1188,no-literal-match-needs-context-review
ccr-lang-804545666ec088af1e90,pathway-level genomic classification,39836372,ccr-2025-2026-09-19-intake-language.md,97,no-literal-match-needs-context-review
ccr-lang-80747ef6992a3ffa0ef3,unresectable locally advanced disease,39466024;39545922;39576208;39786430;39821070;40208070;40247431;40343815;40499141;40552922;40553459;40788282;40828417;40864503;40928991;41026583;41065506,ccr-2025-immunotherapy-fulltext-language.md,106,no-literal-match-needs-context-review
ccr-lang-80773cdd726211148c35,retrospective treatment-selection confounding,37733794,ccr-2026-09-14-atm-smarca4-stk11-priority-language.md,302,no-literal-match-needs-context-review
ccr-lang-808ccd172a8c8a5d1fcd,fragment-length distribution,40465842,ccr-2025-genomics-2026-09-20-language.md,462,no-literal-match-needs-context-review
ccr-lang-80935e8d3b45be0930ae,treatment-by-biomarker interaction,41537692;41587109;41671081;41805895;41849236;41920765;42008740;42126592;42149140;42189883;42360104;42405849;42440365;42456046;42485106;42489696;42574065,ccr-2026-immunotherapy-fulltext-language.md,337,no-literal-match-needs-context-review
ccr-lang-8097d83493edd07888cf,bulk transcriptomic profile,41649868;41817317;42507545,ccr-2026-translational-mechanisms-fulltext-language.md,149,no-literal-match-needs-context-review
ccr-lang-809f9b893eebcacb2bef,zero-interaction-potency model,36537918,ccr-2023-36537918-language.md,69,no-literal-match-needs-context-review
ccr-lang-80e914c9e2ce8dd19b4a,incidental hereditary predisposition finding,41403154,ccr-2026-41403154-language.md,35,no-literal-match-needs-context-review
ccr-lang-80ea5d41aa5d91e175c7,suppressive activity rather than abundance,34407972,ccr-2021-34407972-language.md,91,no-literal-match-needs-context-review
ccr-lang-8133936d3ecc057563f6,secondary-refractory disease,39466024;39545922;39576208;39786430;39821070;40208070;40247431;40343815;40499141;40552922;40553459;40788282;40828417;40864503;40928991;41026583;41065506,ccr-2025-immunotherapy-fulltext-language.md,102,no-literal-match-needs-context-review
ccr-lang-813811745f475ccf6f20,replication-stress vulnerability,36378548,ccr-2023-36378548-language.md,49,no-literal-match-needs-context-review
ccr-lang-815446b0d8d4f70bdcb9,class-specific protein-expression loss,32709715,ccr-2026-09-14-atm-smarca4-stk11-priority-language.md,67,no-literal-match-needs-context-review
ccr-lang-817d272da863e61b77e0,aggressive clinicopathologic phenotype,32709715,ccr-2026-09-14-atm-smarca4-stk11-priority-language.md,36,no-literal-match-needs-context-review
ccr-lang-81cdc9535516340619d7,model-specific synergy score,36537918,ccr-2023-36537918-language.md,85,no-literal-match-needs-context-review
ccr-lang-81ea3873616baac5ef83,post-transcriptional regulation,42340371,ccr-2026-42340371-language.md,83,no-literal-match-needs-context-review
ccr-lang-81f63bfe8e98d38bbb75,PARP-inhibitor-naive disease,42765908,ccr-2026-42765908-language.md,42,no-literal-match-needs-context-review
ccr-lang-81fb79c8ef9f9bfaf302,gene rearrangement or fusion,41649868;41817317;42507545,ccr-2026-translational-mechanisms-fulltext-language.md,154,no-literal-match-needs-context-review
ccr-lang-82039352445b8ce5cc18,within-patient normalization,37233986,ccr-2023-37233986-language.md,69,no-literal-match-needs-context-review
ccr-lang-820c2286dffdf971cece,reverse-phase protein array,37289191,ccr-2023-37289191-language.md,65,no-literal-match-needs-context-review
ccr-lang-821bee4445591f35ec17,Complete tumor eradication in mice,41920765,ccr-2026-immunotherapy-fulltext-language.md,266,no-literal-match-needs-context-review
ccr-lang-821eef8aaa2d0431d5a6,accelerated titration followed by a 3+3 design,40260627,ccr-2025-clinical-2026-09-23-language.md,27,no-literal-match-needs-context-review
ccr-lang-8224003d0d37292e6acd,heterogeneous pre-existing immunity,35394499,ccr-2022-35394499-language.md,53,no-literal-match-needs-context-review
ccr-lang-822d1c4dfd0f5106bd27,biological shedding,38060240,ccr-2024-38060240-language.md,64,no-literal-match-needs-context-review
ccr-lang-82350cbb5a537f1d5f49,molecular response monitoring,37702716,ccr-2023-37702716-language.md,49,no-literal-match-needs-context-review
ccr-lang-825340b1b643e616e051,pathway-level enrichment score,41649868;41817317;42507545,ccr-2026-translational-mechanisms-fulltext-language.md,162,no-literal-match-needs-context-review
ccr-lang-828ecb8dbf58a66fb73e,radiomic feature harmonization,42126592;42149140;42360104;42440365;42456046;42485106;42489696,ccr-2026-immunotherapy-fulltext-language.md,241,no-literal-match-needs-context-review
ccr-lang-8296db4ffd848aa80b73,ongoing duration of response,35254415,ccr-2022-35254415-language.md,87,no-literal-match-needs-context-review
ccr-lang-82a113d6af2f254cd3f3,gene-set permutation,35920742,ccr-2022-35920742-language.md,81,no-literal-match-needs-context-review
ccr-lang-82abb91cf586bac1ab27,post hoc cross-institution testing,35727603,ccr-2022-35727603-language.md,125,no-literal-match-needs-context-review
ccr-lang-830235e2a49f02128b35,transportability,37233991,ccr-2023-37233991-language.md,97,no-literal-match-needs-context-review
ccr-lang-8313faaa6b0e14813cd1,ultrahigh-performance liquid chromatography-high-resolution mass spectrometry,41849236,ccr-2026-immunotherapy-fulltext-language.md,206,no-literal-match-needs-context-review
ccr-lang-8319bace5e7b2f5b76be,differentially abundant secreted protein,40208070,ccr-2025-immunotherapy-fulltext-language.md,217,no-literal-match-needs-context-review
ccr-lang-831b6f51f24308e448c7,synergy-defined subgroup,37725585,ccr-2023-37725585-language.md,81,no-literal-match-needs-context-review
ccr-lang-832eba30bf132e437fb5,serial blood collection,42377115,ccr-2026-42377115-language.md,51,no-literal-match-needs-context-review
ccr-lang-8346a27c2182a1866ee7,left-truncated survival analysis,37223888,ccr-2023-37223888-language.md,67,no-literal-match-needs-context-review
ccr-lang-8347d2284cacfa4fa6b1,biomarker-enriched trial design,42714874,ccr-2026-09-12-supplement-language.md,200,no-literal-match-needs-context-review
ccr-lang-834d0a264af9c9bc4ffc,model transportability,36595566,ccr-2023-36595566-language.md,97,no-literal-match-needs-context-review
ccr-lang-8352258435c22932a4c1,external prognostic validation,42456051,ccr-2026-42456051-language.md,81,no-literal-match-needs-context-review
ccr-lang-8355c77a79ba7a274f2d,orthogonal protein measurement,39150543,ccr-2024-39150543-language.md,40,no-literal-match-needs-context-review
ccr-lang-836df6b1c234c15934da,nonsignificant proliferation difference,36255391,ccr-2023-36255391-language.md,85,no-literal-match-needs-context-review
ccr-lang-83a1303a3902e6935cf5,co-mutation-dependent immune phenotype,37097610,ccr-2026-09-14-atm-smarca4-stk11-priority-language.md,195,no-literal-match-needs-context-review
ccr-lang-83d6e81dc208caa87f61,Simon two-stage minimax design,39466024;39545922;39576208;39786430;39821070;40208070;40247431;40343815;40499141;40552922;40553459;40788282;40828417;40864503;40928991;41026583;41065506,ccr-2025-immunotherapy-fulltext-language.md,306,no-literal-match-needs-context-review
ccr-lang-83dadd4e23ce6923ed1b,proliferating effector T cell,37992307,ccr-2024-37992307-language.md,29,no-literal-match-needs-context-review
ccr-lang-83e5ef65050b610b4d23,clinically eligible subset,42360806,ccr-2026-42360806-language.md,59,no-literal-match-needs-context-review
ccr-lang-83f031772fc9c4e5d2d0,circulating tumor DNA dynamics,41649868;41817317;42507545,ccr-2026-translational-mechanisms-fulltext-language.md,151,no-literal-match-needs-context-review
ccr-lang-83f2ee68ea225d7cd8e0,vessel centerline extraction,35727603,ccr-2022-35727603-language.md,81,no-literal-match-needs-context-review
ccr-lang-83fce52f4190f78330ec,primary versus acquired resistance,38048058,ccr-2024-38048058-language.md,32,no-literal-match-needs-context-review
ccr-lang-84159d7e65450a15a158,Benjamini–Hochberg adjustment,42714874,ccr-2026-09-12-supplement-language.md,179,no-literal-match-needs-context-review
ccr-lang-8419833536970f80072d,oncogene dependence,42340371,ccr-2026-42340371-language.md,41,no-literal-match-needs-context-review
ccr-lang-844d854d9c544ca10eee,concentration-dependent QTc effect,36112541,ccr-2023-36112541-language.md,83,no-literal-match-needs-context-review
ccr-lang-8478daefb33de641c4cf,transcription–replication conflicts,42714874,ccr-2026-09-12-supplement-language.md,164,no-literal-match-needs-context-review
ccr-lang-8479d1377540ed14368e,disease-free after resection,35012927,ccr-2022-35012927-language.md,59,no-literal-match-needs-context-review
ccr-lang-848e79a4daa2287e1d98,polyploid accumulation,37289191,ccr-2023-37289191-language.md,83,no-literal-match-needs-context-review
ccr-lang-849cb7c35ee4db1ee56d,sphere-forming phenotype,36165915,ccr-2023-36165915-language.md,81,no-literal-match-needs-context-review
ccr-lang-84d8d7381ea4b0d8bd43,benefit–risk assessment,38875108,ccr-2024-38875108-language.md,62,no-literal-match-needs-context-review
ccr-lang-84f3cf320639cf322f12,droplet digital PCR,42377115,ccr-2026-42377115-language.md,47,no-literal-match-needs-context-review
ccr-lang-85277c11403b8bd5f8d3,assay-success population,36201167,ccr-2023-36201167-language.md,59,no-literal-match-needs-context-review
ccr-lang-852ee483864ea4e38397,available-case descriptive analysis,42484497,ccr-2026-42484497-language.md,37,no-literal-match-needs-context-review
ccr-lang-85503a3df675b72b5f0a,histology adjustment,41378983,ccr-2026-09-19-batch2-language.md,123,no-literal-match-needs-context-review
ccr-lang-85555c0c6b9297259acd,allele-specific KRAS subgroup,33558425,ccr-2021-33558425-language.md,47,no-literal-match-needs-context-review
ccr-lang-859b6bc7a94752821bb9,durable stable disease,41556942,ccr-2026-09-19-supplement-language.md,806,no-literal-match-needs-context-review
ccr-lang-85a94d80d155feaf6293,eligible and treated population,42578969,ccr-2026-09-19-pending15-language.md,1189,no-literal-match-needs-context-review
ccr-lang-85c25fb5db700ad3d3a3,same-cohort discrimination,39670974,ccr-2025-2026-09-19-intake-language.md,246,no-literal-match-needs-context-review
ccr-lang-86103fb4fd90266db5a6,no treatment-related deaths were reported,39466024;39545922;39576208;39786430;39821070;40208070;40247431;40343815;40499141;40552922;40553459;40788282;40828417;40864503;40928991;41026583;41065506,ccr-2025-immunotherapy-fulltext-language.md,320,no-literal-match-needs-context-review
ccr-lang-8613ce0ded1bab58eca6,trough concentration,40343815;40499141;40928991,ccr-2025-immunotherapy-fulltext-language.md,280,no-literal-match-needs-context-review
ccr-lang-863606802bf45cdde030,continued approval is contingent upon verification of clinical benefit,41537692;41587109;41671081;41805895;41849236;41920765;42008740;42126592;42149140;42189883;42360104;42405849;42440365;42456046;42485106;42489696;42574065,ccr-2026-immunotherapy-fulltext-language.md,314,no-literal-match-needs-context-review
ccr-lang-8655fe00c706686fc0d9,homogeneously immune-enriched state,41537692;41805895;41849236;41920765;42008740;42126592;42149140;42189883;42360104;42405849;42440365;42456046;42485106;42489696,ccr-2026-immunotherapy-fulltext-language.md,129,no-literal-match-needs-context-review
ccr-lang-8668e2c9a09efdcb3156,drug-specific resensitization,39017606,ccr-2024-39017606-language.md,51,no-literal-match-needs-context-review
ccr-lang-866a2b59ae028432ac02,internal test-set discrimination,40853904,ccr-2025-2026-09-19-intake-language.md,507,no-literal-match-needs-context-review
ccr-lang-86fd16ae1fa193e96ee3,histology-informed molecular testing,33947695,ccr-2021-33947695-language.md,50,no-literal-match-needs-context-review
ccr-lang-87291bdc38fcc6448049,transformation-associated signal,38912901,ccr-2024-38912901-language.md,53,no-literal-match-needs-context-review
ccr-lang-8737d3692dc539b8b005,single-stranded adapter ligation,42113010,ccr-2026-09-19-pending15-language.md,732,no-literal-match-needs-context-review
ccr-lang-876b0be0abfc4d5d6102,lineage-defining transcription factor,38180245,ccr-2024-38180245-language.md,31,no-literal-match-needs-context-review
ccr-lang-87707db569b98ed329b8,whole-transcriptome RNA sequencing,41649868;41817317;42507545,ccr-2026-translational-mechanisms-fulltext-language.md,148,no-literal-match-needs-context-review
ccr-lang-877196a39469dcf28308,time-varying Cox model,41400436,ccr-2026-09-19-batch2-language.md,330,no-literal-match-needs-context-review
ccr-lang-87869b1db68fd55ade4f,salvage chemotherapy,35101883,ccr-2022-35101883-language.md,55,no-literal-match-needs-context-review
ccr-lang-8791a01bcff0e89617cf,subclonal event,34753780,ccr-2022-34753780-language.md,95,no-literal-match-needs-context-review
ccr-lang-87aff472ba103cbe9f68,localized disease setting,42377115,ccr-2026-42377115-language.md,38,no-literal-match-needs-context-review
ccr-lang-87b91e9f9f736524424f,age-at-diagnosis distribution,39400264,ccr-2024-39400264-language.md,54,no-literal-match-needs-context-review
ccr-lang-87f0fe3de81b225a37f8,algorithm-inferred ecDNA status,42340371,ccr-2026-42340371-language.md,54,no-literal-match-needs-context-review
ccr-lang-8803ab37e74e1ad52b4a,geometric-mean selectivity ratio,40465424,ccr-2025-omics-methods-2026-09-23-language.md,315,no-literal-match-needs-context-review
ccr-lang-88040747444a7514d583,copy-number alteration,41649868;41817317;42507545,ccr-2026-translational-mechanisms-fulltext-language.md,153,no-literal-match-needs-context-review
ccr-lang-881e21ff52b1c135fb7b,exposure-outcome association,41779007,ccr-2026-09-19-pending15-language.md,339,no-literal-match-needs-context-review
ccr-lang-88373265ac6f0d8f447d,model-dependent regression,36602782,ccr-2023-36602782-language.md,83,no-literal-match-needs-context-review
ccr-lang-885ef757bd977f638452,time-dependent bias,37939140,ccr-2024-37939140-language.md,65,no-literal-match-needs-context-review
ccr-lang-886f5299cf6a8b9137d1,pre-existing resistance mutation,33685866,ccr-2021-33685866-language.md,71,no-literal-match-needs-context-review
ccr-lang-8872aace9a3f47f09d13,complete-case multivariable analysis,42148883,ccr-2026-42148883-language.md,50,no-literal-match-needs-context-review
ccr-lang-888f98a4f332dd92f23f,assay-defined prevalence,42752799,ccr-2026-09-19-supplement-language.md,225,no-literal-match-needs-context-review
ccr-lang-88929332b21bfb8a4d27,discordant molecular trajectories,37939140,ccr-2024-37939140-language.md,54,no-literal-match-needs-context-review
ccr-lang-88bda0e4827b8c936cfa,persistent inflammatory signal,39670974,ccr-2025-2026-09-19-intake-language.md,239,no-literal-match-needs-context-review
ccr-lang-88e40926690cdc500214,on-target/off-tumor reactivity,39466024;39576208;40828417;41026583,ccr-2025-immunotherapy-fulltext-language.md,156,no-literal-match-needs-context-review
ccr-lang-88ee90074b0311722343,therapeutic index,41701940,ccr-2026-09-19-batch2-language.md,394,no-literal-match-needs-context-review
ccr-lang-89258c4efe41781be66f,retrospective clinicogenomic cohort,33558425,ccr-2021-33558425-language.md,57,no-literal-match-needs-context-review
ccr-lang-893485d128a57c546e17,immortal-time bias,41649868;41817317;41837748;42148884;42507545,ccr-2026-translational-mechanisms-fulltext-language.md,235,no-literal-match-needs-context-review
ccr-lang-893939229ea4ce4dba60,unconfirmed objective response,42765908,ccr-2026-42765908-language.md,55,no-literal-match-needs-context-review
ccr-lang-897a900ab3456d7a7a69,molecularly matched repurposing,39352721,ccr-2024-39352721-language.md,30,no-literal-match-needs-context-review
ccr-lang-898d35e54b212bde041a,clonal resistance hypothesis,36729110,ccr-2023-36729110-language.md,99,no-literal-match-needs-context-review
ccr-lang-898ee4fd0ca0ce78037c,heterozygous SNP allele frequency,41870274,ccr-2026-09-19-batch2-language.md,51,no-literal-match-needs-context-review
ccr-lang-89f26bfc78e7763a1014,best overall response,34789481,ccr-2022-34789481-language.md,89,no-literal-match-needs-context-review
ccr-lang-89f6b677612b63420de5,forward and reverse marker screening,42113010,ccr-2026-09-19-pending15-language.md,736,no-literal-match-needs-context-review
ccr-lang-8a0c61d104abe5ff21ed,treatment-context association,38980931,ccr-2024-38980931-language.md,112,no-literal-match-needs-context-review
ccr-lang-8a10f24218a430272053,contemporary validation cohort,41779007,ccr-2026-09-19-pending15-language.md,364,no-literal-match-needs-context-review
ccr-lang-8a217f105fc34f1ab527,log-rank comparison,41649868;41817317;41837748;42148884;42507545,ccr-2026-translational-mechanisms-fulltext-language.md,227,no-literal-match-needs-context-review
ccr-lang-8a336c5e51b6129a12f3,serial target-occupancy imaging,39545922;39821070;40208070;40343815,ccr-2025-immunotherapy-fulltext-language.md,242,no-literal-match-needs-context-review
ccr-lang-8a770270cdda968f7620,modality-restricted detection,40833744,ccr-2026-40833744-language.md,43,no-literal-match-needs-context-review
ccr-lang-8a79047504fe90009d45,cell-autonomous resistance mechanism,33323404,ccr-2021-33323404-language.md,122,no-literal-match-needs-context-review
ccr-lang-8a7b66380f84dc5553ac,plasma aneuploidy score,37071497,ccr-2023-37071497-language.md,69,no-literal-match-needs-context-review
ccr-lang-8aa6d279de15bfd3941e,reciprocal immune dynamics,41537692;41805895;41849236;41920765;42008740;42126592;42149140;42189883;42360104;42405849;42440365;42456046;42485106;42489696,ccr-2026-immunotherapy-fulltext-language.md,115,no-literal-match-needs-context-review
ccr-lang-8ab70e3814fc1847a6e1,pairwise log-rank comparison,42268349,ccr-2026-09-19-supplement-language.md,631,no-literal-match-needs-context-review
ccr-lang-8af32effa4eb7d73c455,wide confidence interval,39466024;39545922;39576208;39786430;39821070;40208070;40247431;40343815;40499141;40552922;40553459;40788282;40828417;40864503;40928991;41026583;41065506,ccr-2025-immunotherapy-fulltext-language.md,314,no-literal-match-needs-context-review
ccr-lang-8b12ba903440410e0eb5,rare-tumor basket trial,41378983,ccr-2026-09-19-batch2-language.md,117,no-literal-match-needs-context-review
ccr-lang-8b2966c9512e90bda6ac,compound-mutant genetically engineered mouse models,33077574,ccr-2026-09-12-supplement-language.md,35,no-literal-match-needs-context-review
ccr-lang-8b3e258160ef28d5d13d,KRAS-stratified co-mutation analysis,37733794,ccr-2026-09-14-atm-smarca4-stk11-priority-language.md,259,no-literal-match-needs-context-review
ccr-lang-8bb964b62a8b97c92e49,prospective paired-sample cohort,36201167,ccr-2023-36201167-language.md,57,no-literal-match-needs-context-review
ccr-lang-8bd5a1d12fccabe670ca,alteration-level heterogeneity,41556942,ccr-2026-09-19-supplement-language.md,816,no-literal-match-needs-context-review
ccr-lang-8bdee0303ff6e3cd6432,first subsequent systemic therapy,42714840,ccr-2026-09-12-supplement-language.md,120,no-literal-match-needs-context-review
ccr-lang-8be84b66c0ece1a2ce75,antibody–drug conjugate payload,39287821,ccr-2024-39287821-language.md,29,no-literal-match-needs-context-review
ccr-lang-8c0bc5acd6769fcc5f8c,treatment-exposure association,32709715,ccr-2026-09-14-atm-smarca4-stk11-priority-language.md,72,no-literal-match-needs-context-review
ccr-lang-8c0daee7398defa7d48a,wide confidence interval,41378983,ccr-2026-09-19-batch2-language.md,130,no-literal-match-needs-context-review
ccr-lang-8c0f586eee3e95675622,nominal genomic enrichment,37223924,ccr-2023-37223924-language.md,85,no-literal-match-needs-context-review
ccr-lang-8c34cea8609b06fe7ad2,complete response in a mouse model,41649868;41817317;41837748;42148884;42507545,ccr-2026-translational-mechanisms-fulltext-language.md,202,no-literal-match-needs-context-review
ccr-lang-8c35de57065063e8ce55,nominal P value without multiplicity control,41537692;41587109;41671081;41805895;41849236;41920765;42008740;42126592;42149140;42189883;42360104;42405849;42440365;42456046;42485106;42489696;42574065,ccr-2026-immunotherapy-fulltext-language.md,332,no-literal-match-needs-context-review
ccr-lang-8c40221f336a7d11979e,inferred,39545922;39786430;40208070;40247431;40553459;40788282;40828417;40864503;41065506,ccr-2025-immunotherapy-fulltext-language.md,209,no-literal-match-needs-context-review
ccr-lang-8c8ffeda2f70f637582d,missense variant or variant of unknown significance,32709715,ccr-2026-09-14-atm-smarca4-stk11-priority-language.md,50,no-literal-match-needs-context-review
ccr-lang-8c9bce741bae5403a4eb,one-way or two-way analysis of variance,41649868;41817317;41837748;42148884;42507545,ccr-2026-translational-mechanisms-fulltext-language.md,224,no-literal-match-needs-context-review
ccr-lang-8c9f67608ab58f06c748,temporally proximate sampling,40833744,ccr-2026-40833744-language.md,38,no-literal-match-needs-context-review
ccr-lang-8cca236a6233eea5f3ff,immune-related treatment-emergent adverse event,39466024;39545922;39576208;39786430;39821070;40208070;40247431;40343815;40499141;40552922;40553459;40788282;40828417;40864503;40928991;41026583;41065506,ccr-2025-immunotherapy-fulltext-language.md,316,no-literal-match-needs-context-review
ccr-lang-8cd21c4b93ac67e7aec4,reduced stemness-associated expression,39879384,ccr-2025-omics-methods-2026-09-23-language.md,421,no-literal-match-needs-context-review
ccr-lang-8d2315ed1f6f5a988623,doublet removal,41805895;42008740;42456046,ccr-2026-immunotherapy-fulltext-language.md,138,no-literal-match-needs-context-review
ccr-lang-8d23fc3b25722625978a,inflamed immune contexture,37756581,ccr-2023-37756581-language.md,49,no-literal-match-needs-context-review
ccr-lang-8d30d94d12e24b14c09c,attenuated clonogenic survival,33323404,ccr-2021-33323404-language.md,108,no-literal-match-needs-context-review
ccr-lang-8d38ac643e54ead94d57,protocol-permitted treatment window,38165684,ccr-2024-38165684-language.md,42,no-literal-match-needs-context-review
ccr-lang-8d67ae6eae897040d34e,KRAS-wild-type fusion enrichment,33947695,ccr-2021-33947695-language.md,69,no-literal-match-needs-context-review
ccr-lang-8d88e32af96170dd8741,transposable-element locus,41784525,ccr-2026-09-19-supplement-language.md,539,no-literal-match-needs-context-review
ccr-lang-8d95cac5ff537b37cb6e,expression-evaluable population,39804166,ccr-2025-genomics-2026-09-20-language.md,32,no-literal-match-needs-context-review
ccr-lang-8d9dc3d1f866090e923d,clonal mutation burden,37432985,ccr-2023-37432985-language.md,81,no-literal-match-needs-context-review
ccr-lang-8db9f7108517938762a8,normal-parenchymal uptake,35792882,ccr-2022-35792882-language.md,87,no-literal-match-needs-context-review
ccr-lang-8e088dc31997c56e5b97,imprecise duration comparison,37702716,ccr-2023-37702716-language.md,85,no-literal-match-needs-context-review
ccr-lang-8e2a57365f85fa1394fa,adenosine receptor antagonism,35254415,ccr-2022-35254415-language.md,55,no-literal-match-needs-context-review
ccr-lang-8e2bbd76dfc77bde5f02,treatment-related serious adverse event,41252574,ccr-2026-09-19-batch2-language.md,198,no-literal-match-needs-context-review
ccr-lang-8e32c8b5ada10788f179,spectral unmixing and cell segmentation,38048058,ccr-2024-38048058-language.md,36,no-literal-match-needs-context-review
ccr-lang-8e4c5291a0fdf52c3784,number-at-risk population,40833744,ccr-2026-40833744-language.md,44,no-literal-match-needs-context-review
ccr-lang-8e4d4e8eeec4acf1cb19,exposure-limiting toxicity,38456660,ccr-2024-38456660-language.md,66,no-literal-match-needs-context-review
ccr-lang-8e520a589bb9ba75b4a9,isogenic model,41649868;41837748;42148884,ccr-2026-translational-mechanisms-fulltext-language.md,175,no-literal-match-needs-context-review
ccr-lang-8e574b7fe1fde59646e4,receptor coexpression,42440358,ccr-2026-42440358-language.md,51,no-literal-match-needs-context-review
ccr-lang-8e620f6a77d62edd87c1,dose interruption,42507540,ccr-2026-09-19-supplement-language.md,474,no-literal-match-needs-context-review
ccr-lang-8e645fda5a924b95e2c6,relative variant allele fraction,41543339,ccr-2026-09-19-pending15-language.md,149,no-literal-match-needs-context-review
ccr-lang-8e6e2437664ef3bf29ef,assay-readout direction,37725585,ccr-2023-37725585-language.md,101,no-literal-match-needs-context-review
ccr-lang-8e7933b6d7339db05844,intratumoral lymphocyte depletion,42456051,ccr-2026-42456051-language.md,68,no-literal-match-needs-context-review
ccr-lang-8e7d5cfef6eebcbb2432,kinome siRNA screen,39150541,ccr-2024-39150541-language.md,66,no-literal-match-needs-context-review
ccr-lang-8eaa3cb22a14d2e495f3,isotopic impurity correction,40465424,ccr-2025-omics-methods-2026-09-23-language.md,318,no-literal-match-needs-context-review
ccr-lang-8ec352063a1d9a3e74bb,adjusted hazard ratio,41378983,ccr-2026-09-19-batch2-language.md,130,no-literal-match-needs-context-review
ccr-lang-8ecba65ff7aa3c3d2141,biomarker-evaluable population,39836372,ccr-2025-2026-09-19-intake-language.md,105,no-literal-match-needs-context-review
ccr-lang-8ef6ccf10366c8114df4,transcriptional-state stratification,33023953,ccr-2021-33023953-language.md,48,no-literal-match-needs-context-review
ccr-lang-8f0ddc7e4b04d67685cf,confirmatory randomized trial,37022784,ccr-2023-37022784-language.md,101,no-literal-match-needs-context-review
ccr-lang-8f21ac0010ca4b85809f,secondary progression-free-survival advantage,40162917,ccr-2025-clinical-2026-09-23-language.md,85,no-literal-match-needs-context-review
ccr-lang-8f6552aea54b9ccdf1d2,terminal respiratory unit–like subtype,35838647,ccr-2022-35838647-language.md,48,no-literal-match-needs-context-review
ccr-lang-8f888a0abaa60c7f14f0,wide confidence interval,39670974,ccr-2025-2026-09-19-intake-language.md,241,no-literal-match-needs-context-review
ccr-lang-8f8a1a917ae5dd64a225,phenotypic redistribution,35993913,ccr-2022-35993913-language.md,89,no-literal-match-needs-context-review
ccr-lang-8fa6488f2bc1bcd80b07,Benjamini-Hochberg false-discovery-rate control,39466024;39545922;39576208;39786430;39821070;40208070;40247431;40343815;40499141;40552922;40553459;40788282;40828417;40864503;40928991;41026583;41065506,ccr-2025-immunotherapy-fulltext-language.md,312,no-literal-match-needs-context-review
ccr-lang-8fb2478343c9d64d94e0,transportability,35511917,ccr-2022-35511917-language.md,119,no-literal-match-needs-context-review
ccr-lang-8fb2baa9cd08ccbd00b3,risk-management strategy,36112541,ccr-2023-36112541-language.md,99,no-literal-match-needs-context-review
ccr-lang-8fbf73a5a5dd2780a5b1,effector T-cell activation signature,35699599,ccr-2022-35699599-language.md,89,no-literal-match-needs-context-review
ccr-lang-8fc84b06f4e8dd7239d6,censoring at the last known event-free assessment,42714840,ccr-2026-09-12-supplement-language.md,109,no-literal-match-needs-context-review
ccr-lang-8fcaf9ae7f6b310b6d07,gene amplification,36971777,ccr-2023-36971777-language.md,51,no-literal-match-needs-context-review
ccr-lang-8febe9c84f4a06eebe19,unresectable locally advanced disease,41537692;41587109;41671081;41805895;41849236;41920765;42008740;42126592;42149140;42189883;42360104;42405849;42440365;42456046;42485106;42489696;42574065,ccr-2026-immunotherapy-fulltext-language.md,88,no-literal-match-needs-context-review
ccr-lang-8ffcb04b4e510b692a54,response durability,41701940,ccr-2026-09-19-batch2-language.md,407,no-literal-match-needs-context-review
ccr-lang-90079143d744ebfc592d,dual-checkpoint blockade,36806911,ccr-2023-36806911-language.md,53,no-literal-match-needs-context-review
ccr-lang-904acdcf52115648237e,within-tumor subtype heterogeneity,39150541,ccr-2024-39150541-language.md,78,no-literal-match-needs-context-review
ccr-lang-90500c9550fc437ea92c,cell-binding and competition assay,39466024;40208070;40343815;40499141;40828417;41026583,ccr-2025-immunotherapy-fulltext-language.md,255,no-literal-match-needs-context-review
ccr-lang-9059f35117b1914e01e3,blinded expert curation,35363308,ccr-2022-35363308-language.md,75,no-literal-match-needs-context-review
ccr-lang-907e1a0e8321c9987940,environmental exposure marker,41779007,ccr-2026-09-19-pending15-language.md,339,no-literal-match-needs-context-review
ccr-lang-909ba3a5dd93c1dd649d,transient receptor expression,35699599,ccr-2022-35699599-language.md,55,no-literal-match-needs-context-review
ccr-lang-90a314f0c528bf684118,tumor rechallenge,41920765,ccr-2026-immunotherapy-fulltext-language.md,263,no-literal-match-needs-context-review
ccr-lang-90be79592179ad0614d5,administration sequence,41587109;41671081;42574065,ccr-2026-immunotherapy-fulltext-language.md,272,no-literal-match-needs-context-review
ccr-lang-90cba58a353bbc4a153c,moderate rank correlation,34686497,ccr-2022-34686497-language.md,85,no-literal-match-needs-context-review
ccr-lang-90f0f8c1e8a07aa17165,lead-time bias,39400264,ccr-2024-39400264-language.md,67,no-literal-match-needs-context-review
ccr-lang-90f3feecc030ba089185,fixed-threshold specificity,42113010,ccr-2026-09-19-pending15-language.md,746,no-literal-match-needs-context-review
ccr-lang-90fadf422d098ca1fd81,steady-state minimum concentration,34462287,ccr-2022-34462287-language.md,93,no-literal-match-needs-context-review
ccr-lang-9111fabe04f5991795d9,Boyden-chamber migration assay,41920765,ccr-2026-immunotherapy-fulltext-language.md,260,no-literal-match-needs-context-review
ccr-lang-913f2a488e706d728b21,FDA independent analysis,41537692;41587109;41671081;41805895;41849236;41920765;42008740;42126592;42149140;42189883;42360104;42405849;42440365;42456046;42485106;42489696;42574065,ccr-2026-immunotherapy-fulltext-language.md,309,no-literal-match-needs-context-review
ccr-lang-917c4e1915066471caaa,counterfactual outcome,42126592;42149140;42360104;42440365;42456046;42485106;42489696,ccr-2026-immunotherapy-fulltext-language.md,231,no-literal-match-needs-context-review
ccr-lang-919287dce611600f4157,mechanisms of resistance to [therapy],39466024;39545922;39576208;39786430;39821070;40208070;40247431;40343815;40499141;40552922;40553459;40788282;40828417;40864503;40928991;41026583;41065506;41537692;41587109;41649868;41671081;41805895;41817317;41837748;41849236;41920765;42008740;42126592;42148884;42149140;42189883;42360104;42405849;42440365;42456046;42485106;42489696;42507545;42574065,ccr-phrase-patterns.md,59,no-literal-match-needs-context-review
ccr-lang-919ef00163ba1507ae6e,chemotherapy-induced pathway phosphorylation,37733794,ccr-2026-09-14-atm-smarca4-stk11-priority-language.md,268,no-literal-match-needs-context-review
ccr-lang-91b963c2e693ed8ae08b,center-level frailty,37125965,ccr-2023-37125965-language.md,65,no-literal-match-needs-context-review
ccr-lang-91bfc24792628e7a91d5,intent-to-treat population,34921023,ccr-2022-34921023-language.md,67,no-literal-match-needs-context-review
ccr-lang-91c4d63e9aaaa203da46,rare-subgroup uncertainty,42268349,ccr-2026-09-19-supplement-language.md,650,no-literal-match-needs-context-review
ccr-lang-91d0dbff510d1d5b83e2,reference-origin label,42001480,ccr-2026-09-19-batch2-language.md,260,no-literal-match-needs-context-review
ccr-lang-91da65e79d106ad06e33,three-dimensional hydrogel tumor mimic,41920765,ccr-2026-immunotherapy-fulltext-language.md,252,no-literal-match-needs-context-review
ccr-lang-91e709a93f9bf2d17714,tumor-adjacent effector cells,35993913,ccr-2022-35993913-language.md,55,no-literal-match-needs-context-review
ccr-lang-91f8edc579b6546c7232,biomarker-evaluable population,37801329,ccr-2024-37801329-language.md,36,no-literal-match-needs-context-review
ccr-lang-921602a955de7188d21a,real-world progression endpoint,37223888,ccr-2023-37223888-language.md,85,no-literal-match-needs-context-review
ccr-lang-9216f43809300b0a9197,subcutaneous flank-tumor model,41920765,ccr-2026-immunotherapy-fulltext-language.md,261,no-literal-match-needs-context-review
ccr-lang-9221c437946cff9d5128,immune exclusion,36595561,ccr-2023-36595561-language.md,53,no-literal-match-needs-context-review
ccr-lang-9224430ccd0e12dcbf70,tissue-resident cytotoxic phenotype,39466024;39545922;39576208;39786430;39821070;40208070;40247431;40343815;40499141;40552922;40553459;40788282;40828417;40864503;40928991;41026583;41065506,ccr-2025-immunotherapy-fulltext-language.md,127,no-literal-match-needs-context-review
ccr-lang-9227d33a59b7739a126c,comparative benchmark,35511917,ccr-2022-35511917-language.md,59,no-literal-match-needs-context-review
ccr-lang-92597037c36eae29c63a,mutual-exclusivity pattern,42340371,ccr-2026-42340371-language.md,70,no-literal-match-needs-context-review
ccr-lang-926348974353ece39a84,TEMRA phenotype,39466024;39545922;39576208;39786430;39821070;40208070;40247431;40343815;40499141;40552922;40553459;40788282;40828417;40864503;40928991;41026583;41065506,ccr-2025-immunotherapy-fulltext-language.md,128,no-literal-match-needs-context-review
ccr-lang-926be57031e1cd88e456,independent validation dataset,34921023,ccr-2022-34921023-language.md,103,no-literal-match-needs-context-review
ccr-lang-9283d8ceff745db45957,clonal driver event,33593884,ccr-2021-33593884-language.md,50,no-literal-match-needs-context-review
ccr-lang-929116ffa2bc350d789a,cross-species phenotypic concordance,33077574,ccr-2026-09-12-supplement-language.md,52,no-literal-match-needs-context-review
ccr-lang-929fd6329d737b33753e,nominal significance before multiple-testing correction,39437011,ccr-2025-genomics-2026-09-20-language.md,238,no-literal-match-needs-context-review
ccr-lang-92addf158ca416967a5d,repair-incision comet assay,37725585,ccr-2023-37725585-language.md,69,no-literal-match-needs-context-review
ccr-lang-92bb8d1c09d3530c7d37,prior brain-directed radiotherapy,41378983,ccr-2026-09-19-batch2-language.md,130,no-literal-match-needs-context-review
ccr-lang-92c607a0161053caefac,residual treatment-selection bias,32709715,ccr-2026-09-14-atm-smarca4-stk11-priority-language.md,89,no-literal-match-needs-context-review
ccr-lang-92ce8f75ef8370f2e22c,estimated immune-cell abundance,39545922;39786430;40208070;40247431;40553459;40788282;40828417;40864503;41065506,ccr-2025-immunotherapy-fulltext-language.md,192,no-literal-match-needs-context-review
ccr-lang-92d327a35b259416d90f,neoadjuvant immune modulation,35394499,ccr-2022-35394499-language.md,55,no-literal-match-needs-context-review
ccr-lang-92f92487e338beebb2f4,preranked positional gene-set enrichment,42148883,ccr-2026-42148883-language.md,42,no-literal-match-needs-context-review
ccr-lang-9301251fa376a58c4bce,intratumoral target engagement,42578969,ccr-2026-09-19-pending15-language.md,1210,no-literal-match-needs-context-review
ccr-lang-9323d07ed3fd615bd913,endpoint and line-of-therapy heterogeneity,33685865,ccr-2021-33685865-language.md,84,no-literal-match-needs-context-review
ccr-lang-932ee2d71c898901aec7,clinical translation boundary,37382635,ccr-2023-37382635-language.md,101,no-literal-match-needs-context-review
ccr-lang-9338178b7cccbac303ae,endogenous mutant expression,41543339,ccr-2026-09-19-pending15-language.md,172,no-literal-match-needs-context-review
ccr-lang-934a8831db808037a295,not directly applicable,35101883,ccr-2022-35101883-language.md,105,no-literal-match-needs-context-review
ccr-lang-9365336492fac0140739,noninvasive symptom assessment,37233986,ccr-2023-37233986-language.md,53,no-literal-match-needs-context-review
ccr-lang-9368f511ee71dde34492,contingency safety mechanism,36692420,ccr-2023-36692420-language.md,86,no-literal-match-needs-context-review
ccr-lang-93908aa97b0deda3f1f4,lineage transformation,37227187,ccr-2023-37227187-language.md,54,no-literal-match-needs-context-review
ccr-lang-93c45a2a537bc6a6b210,sequential molecular-testing algorithm,33947695,ccr-2021-33947695-language.md,57,no-literal-match-needs-context-review
ccr-lang-93cd364db7049c016ba4,multiplet exclusion,41945490,ccr-2026-09-19-batch2-language.md,469,no-literal-match-needs-context-review
ccr-lang-93e01fbc7a218bd31d0c,Bonferroni- or Sidak-adjusted multiple comparison,41649868;41817317;41837748;42148884;42507545,ccr-2026-translational-mechanisms-fulltext-language.md,221,no-literal-match-needs-context-review
ccr-lang-9404e3e0d6ee18cb36af,replication-stress vulnerability,37227187,ccr-2023-37227187-language.md,40,no-literal-match-needs-context-review
ccr-lang-940f46ae758136092de3,immature overall survival,36951523,ccr-2023-36951523-language.md,81,no-literal-match-needs-context-review
ccr-lang-941a9ec06b8d64c87ebb,exposure-response relationship,41537692;41587109;41671081;41805895;41849236;41920765;42008740;42126592;42149140;42189883;42360104;42405849;42440365;42456046;42485106;42489696;42574065,ccr-2026-immunotherapy-fulltext-language.md,304,no-literal-match-needs-context-review
ccr-lang-942f5bb5020ebf01957e,phenotypic similarity,36469573,ccr-2023-36469573-language.md,99,no-literal-match-needs-context-review
ccr-lang-945586f218f8b46d8061,passenger-mutation hypothesis,37733794,ccr-2026-09-14-atm-smarca4-stk11-priority-language.md,281,no-literal-match-needs-context-review
ccr-lang-94597de7edcb6f9a20df,covariate-adjusted hazard model,39879384,ccr-2025-omics-methods-2026-09-23-language.md,408,no-literal-match-needs-context-review
ccr-lang-948d2d252ec35bced142,nested patient-derived xenograft models,39836411,ccr-2025-genomics-2026-09-20-language.md,554,no-literal-match-needs-context-review
ccr-lang-94b1b1b61d2dd4cb8e8a,biomarker subset selection,39017667,ccr-2024-39017667-language.md,63,no-literal-match-needs-context-review
ccr-lang-95143b5c82fd65350943,late toxicity ascertainment,39287821,ccr-2024-39287821-language.md,64,no-literal-match-needs-context-review
ccr-lang-9525ba8f01154d162891,transient biochemical deviation,35993913,ccr-2022-35993913-language.md,103,no-literal-match-needs-context-review
ccr-lang-95265b31507815644172,efficacy–toxicity biomarker associations,42714875,ccr-2026-09-12-supplement-language.md,239,no-literal-match-needs-context-review
ccr-lang-9544bc1641b471a5dcc2,preclinical-to-clinical discordance,33023953,ccr-2021-33023953-language.md,86,no-literal-match-needs-context-review
ccr-lang-955a0b425ee621e7d8be,regional signature variation,33622705,ccr-2021-33622705-language.md,72,no-literal-match-needs-context-review
ccr-lang-958c915cba9882ebab70,non-complete pathologic response,41537692;41587109;41671081;41805895;41849236;41920765;42008740;42126592;42149140;42189883;42360104;42405849;42440365;42456046;42485106;42489696;42574065,ccr-2026-immunotherapy-fulltext-language.md,100,no-literal-match-needs-context-review
ccr-lang-95ad649f78a0825ac1d9,zero-shot transfer,41945491,ccr-2026-09-19-pending15-language.md,636,no-literal-match-needs-context-review
ccr-lang-95b80bedd026e1ff7feb,selected-case ascertainment,38630790,ccr-2024-38630790-language.md,65,no-literal-match-needs-context-review
ccr-lang-95b84b98e83a8c6a6365,incremental clinical value,38837903,ccr-2024-38837903-language.md,64,no-literal-match-needs-context-review
ccr-lang-95cfc17bd30b81e4687d,cutoff-selection optimism,37756581,ccr-2023-37756581-language.md,97,no-literal-match-needs-context-review
ccr-lang-95deb314c9b263c29034,matched-cohort estimate,37125965,ccr-2023-37125965-language.md,81,no-literal-match-needs-context-review
ccr-lang-96217a5fd8552fb2e7c5,immune-inflamed phenotype,41784525,ccr-2026-09-19-supplement-language.md,539,no-literal-match-needs-context-review
ccr-lang-9643543b613598a4f7b4,zone-specific pathologic response,42307634,ccr-2026-09-19-pending15-language.md,919,no-literal-match-needs-context-review
ccr-lang-9695e8c6b8eb5502d204,incomplete toxicity assessment,37289191,ccr-2023-37289191-language.md,101,no-literal-match-needs-context-review
ccr-lang-96af39ca874a55fe7e36,clinical utility,38088895,ccr-2024-38088895-language.md,64,no-literal-match-needs-context-review
ccr-lang-96b99f58d6fd524d8875,immune-contexture heterogeneity,38277235,ccr-2024-38277235-language.md,29,no-literal-match-needs-context-review
ccr-lang-9719f95254a344c01234,component-attribution uncertainty,40932352,ccr-2025-2026-09-19-intake-language.md,312,no-literal-match-needs-context-review
ccr-lang-9728ca1a9062c20d4ecc,curatively resected cohort,35838647,ccr-2022-35838647-language.md,56,no-literal-match-needs-context-review
ccr-lang-973c085849f00c50a1e0,RECIST v1.1 response,41894181,ccr-2026-09-19-supplement-language.md,1046,no-literal-match-needs-context-review
ccr-lang-976745e9f2d579a69035,antibody intervention,36595561,ccr-2023-36595561-language.md,67,no-literal-match-needs-context-review
ccr-lang-976e678f825784e43667,biomarker-evaluable population,37702716,ccr-2023-37702716-language.md,53,no-literal-match-needs-context-review
ccr-lang-979e0a4f7292530e8977,matched buffy-coat sequencing,39932457,ccr-2025-genomics-2026-09-20-language.md,84,no-literal-match-needs-context-review
ccr-lang-97bad93a396e111430be,enrichment after multiplicity correction,32709715,ccr-2026-09-14-atm-smarca4-stk11-priority-language.md,69,no-literal-match-needs-context-review
ccr-lang-97e23c93e2c39a696e14,epistatic relationships among oncogenic events,33077574,ccr-2026-09-12-supplement-language.md,62,no-literal-match-needs-context-review
ccr-lang-97fce801658c7c3063e4,shotgun metagenomic sequencing,41849236,ccr-2026-immunotherapy-fulltext-language.md,193,no-literal-match-needs-context-review
ccr-lang-9806dbd9aa29e7671964,endogenous expression levels,34407972,ccr-2021-34407972-language.md,103,no-literal-match-needs-context-review
ccr-lang-980c42342501800dfae6,tumor-fraction threshold,38526394,ccr-2024-38526394-language.md,39,no-literal-match-needs-context-review
ccr-lang-9815de940e8f8f5b2d49,reduced statistical power,35980349,ccr-2022-35980349-language.md,105,no-literal-match-needs-context-review
ccr-lang-98297add3bd9a787c9a0,candidate predictive biomarker,35511938,ccr-2022-35511938-language.md,103,no-literal-match-needs-context-review
ccr-lang-984d60a629801b964f1f,steric-clash modeling,33685866,ccr-2021-33685866-language.md,64,no-literal-match-needs-context-review
ccr-lang-987a27fdf19545ff1623,cell-line versus patient prevalence,39150543,ccr-2024-39150543-language.md,65,no-literal-match-needs-context-review
ccr-lang-98844358856b5cdc58f8,alpha-spending function,40162917,ccr-2025-clinical-2026-09-23-language.md,79,no-literal-match-needs-context-review
ccr-lang-98889ebc6c9451ddb69a,maximally selected rank statistic,37756581,ccr-2023-37756581-language.md,65,no-literal-match-needs-context-review
ccr-lang-98b2af2732848ab2ef09,histologically identified tumor bed,35394499,ccr-2022-35394499-language.md,71,no-literal-match-needs-context-review
ccr-lang-98c602fdf0cc591df7e1,confirmed response analysis,36255391,ccr-2023-36255391-language.md,65,no-literal-match-needs-context-review
ccr-lang-98d04d3900ed7abff427,reverse translational approach,35511938,ccr-2022-35511938-language.md,101,no-literal-match-needs-context-review
ccr-lang-98d5ac7fe7a26f825e34,exact Clopper-Pearson confidence interval,39466024;39545922;39576208;39786430;39821070;40208070;40247431;40343815;40499141;40552922;40553459;40788282;40828417;40864503;40928991;41026583;41065506,ccr-2025-immunotherapy-fulltext-language.md,303,no-literal-match-needs-context-review
ccr-lang-98e665e48de6cee0ba91,bulk-transcriptome deconvolution,39437011,ccr-2025-genomics-2026-09-20-language.md,231,no-literal-match-needs-context-review
ccr-lang-98ee4b7b23464e8370f8,within-sample epigenetic heterogeneity,41591979,ccr-2026-09-19-pending15-language.md,238,no-literal-match-needs-context-review
ccr-lang-990d26b87ae74be243eb,near-loop/far-loop heterogeneity,40465424,ccr-2025-omics-methods-2026-09-23-language.md,332,no-literal-match-needs-context-review
ccr-lang-993848f484bbba7d4d89,below the limit of quantification,34702773,ccr-2022-34702773-language.md,87,no-literal-match-needs-context-review
ccr-lang-997c0918d800b99a5ed4,early crossing of survival curves,41537692;41587109;41671081;41805895;41849236;41920765;42008740;42126592;42149140;42189883;42360104;42405849;42440365;42456046;42485106;42489696;42574065,ccr-2026-immunotherapy-fulltext-language.md,103,no-literal-match-needs-context-review
ccr-lang-9989bd8c24d743e250a0,premature accrual termination,36971777,ccr-2023-36971777-language.md,101,no-literal-match-needs-context-review
ccr-lang-99db95695eaf89dd54f5,cathepsin-activity-dependent labeling,35792882,ccr-2022-35792882-language.md,53,no-literal-match-needs-context-review
ccr-lang-99ddf193f67366bfd820,whole-slide image analysis,42456051,ccr-2026-42456051-language.md,49,no-literal-match-needs-context-review
ccr-lang-99ef1042fdae61b25d47,fraction of genome altered,42599160,ccr-2026-09-19-pending15-language.md,1282,no-literal-match-needs-context-review
ccr-lang-9a09fd26b5059563bf2d,fixed discovery-derived threshold,38980931,ccr-2024-38980931-language.md,77,no-literal-match-needs-context-review
ccr-lang-9a2110ce25aa196b4081,compartment-specific lymphocyte distribution,38127300,ccr-2024-38127300-language.md,51,no-literal-match-needs-context-review
ccr-lang-9a23a23c30b247ec166d,response heterogeneity,37432985,ccr-2023-37432985-language.md,51,no-literal-match-needs-context-review
ccr-lang-9a5f0dc66c735770ceeb,antigen-dependent killing,35972732,ccr-2022-35972732-language.md,101,no-literal-match-needs-context-review
ccr-lang-9a748272774a4b35ca12,Clopper–Pearson exact confidence interval,35144967,ccr-2022-35144967-language.md,73,no-literal-match-needs-context-review
ccr-lang-9a7a99843a63d20a8492,third-generation CAR construct,39466024;39576208;40828417;41026583,ccr-2025-immunotherapy-fulltext-language.md,147,no-literal-match-needs-context-review
ccr-lang-9a806a51efe787b38d01,risk-group stratification,42456051,ccr-2026-42456051-language.md,67,no-literal-match-needs-context-review
ccr-lang-9a8de542f540927bd5aa,half-maximal inhibitory concentration,41543339,ccr-2026-09-19-pending15-language.md,150,no-literal-match-needs-context-review
ccr-lang-9aa9dbb8bcdfb88f4c06,protocol dose amendment,36255391,ccr-2023-36255391-language.md,69,no-literal-match-needs-context-review
ccr-lang-9aad48cff17de6652ec1,repertoire clonality,41805895;42008740;42189883,ccr-2026-immunotherapy-fulltext-language.md,161,no-literal-match-needs-context-review
ccr-lang-9ab1acccc534bf92221e,Bliss independence model,39804166,ccr-2025-genomics-2026-09-20-language.md,34,no-literal-match-needs-context-review
ccr-lang-9ab90c214b6946d2c445,transcriptome-inferred immune fraction,37097610,ccr-2026-09-14-atm-smarca4-stk11-priority-language.md,178,no-literal-match-needs-context-review
ccr-lang-9ad7008d9b8c8aea0e1b,independent adverse prognostic factor,35838647,ccr-2022-35838647-language.md,69,no-literal-match-needs-context-review
ccr-lang-9ae37bba311c51fe9445,drug-related fatal interstitial lung disease,42048384,ccr-2026-09-19-supplement-language.md,59,no-literal-match-needs-context-review
ccr-lang-9aecfd703a9bcf8593fe,optimum biological dose,41701940,ccr-2026-09-19-batch2-language.md,400,no-literal-match-needs-context-review
ccr-lang-9b35c6d09b77269560e5,intrinsic versus contextual effects,35091439,ccr-2022-35091439-language.md,101,no-literal-match-needs-context-review
ccr-lang-9b4444f21b37cd321f70,spatial colocalization,41784525,ccr-2026-09-19-supplement-language.md,557,no-literal-match-needs-context-review
ccr-lang-9b50981aa04a12c37435,likelihood-ratio improvement,41537692;41587109;41671081;41805895;41849236;41920765;42008740;42126592;42149140;42189883;42360104;42405849;42440365;42456046;42485106;42489696;42574065,ccr-2026-immunotherapy-fulltext-language.md,326,no-literal-match-needs-context-review
ccr-lang-9b5bb718f32ce6c493f6,single-xenograft validation,37725585,ccr-2023-37725585-language.md,99,no-literal-match-needs-context-review
ccr-lang-9b7f9bc5a7bf3d01226f,chromosome-arm copy-number score,39620930,ccr-2025-genomics-2026-09-20-language.md,609,no-literal-match-needs-context-review
ccr-lang-9b9ff1ab309dcb69d165,pharmacodynamic uncertainty,36378548,ccr-2023-36378548-language.md,97,no-literal-match-needs-context-review
ccr-lang-9ba020d5ef81bc85a918,enhanced combination activity,39495173,ccr-2025-2026-09-19-intake-language.md,371,no-literal-match-needs-context-review
ccr-lang-9be83bd4b572e603f5ca,totality of exposure-response evidence,40343815;40499141;40928991,ccr-2025-immunotherapy-fulltext-language.md,291,no-literal-match-needs-context-review
ccr-lang-9bea5e1aee3ebdff135b,diagnostic reclassification,39561276,ccr-2025-2026-09-19-intake-language.md,178,no-literal-match-needs-context-review
ccr-lang-9bf1e75249114d533125,genetic target perturbation,39017606,ccr-2024-39017606-language.md,40,no-literal-match-needs-context-review
ccr-lang-9bf3f8b2877148280e11,anatomical disease subtype,42360806,ccr-2026-42360806-language.md,36,no-literal-match-needs-context-review
ccr-lang-9c0de1c9ede1242e1fff,enhancing and nonenhancing tissue,34702773,ccr-2022-34702773-language.md,73,no-literal-match-needs-context-review
ccr-lang-9c3f098ed73c9e297e87,voom-transformed expression data,41649868;41817317;42507545,ccr-2026-translational-mechanisms-fulltext-language.md,160,no-literal-match-needs-context-review
ccr-lang-9c7499bc8808abfb86b2,T-cell receptor repertoire sequencing,41649868;41817317;42507545,ccr-2026-translational-mechanisms-fulltext-language.md,150,no-literal-match-needs-context-review
ccr-lang-9c8b001fac1b39fadf53,definitive concurrent chemoradiotherapy,39466024;39545922;39576208;39786430;39821070;40208070;40247431;40343815;40499141;40552922;40553459;40788282;40828417;40864503;40928991;41026583;41065506,ccr-2025-immunotherapy-fulltext-language.md,107,no-literal-match-needs-context-review
ccr-lang-9ca0a58359c234a4ea7f,constitutively active chimeric protein,35144967,ccr-2022-35144967-language.md,57,no-literal-match-needs-context-review
ccr-lang-9cb9ab534ab1baf26a2b,small biomarker-evaluable subset,39470668,ccr-2025-2026-09-19-intake-language.md,56,no-literal-match-needs-context-review
ccr-lang-9cc2958ede7ff287e6a9,SUVmax coefficient of variation,39545922;39821070;40208070;40343815,ccr-2025-immunotherapy-fulltext-language.md,240,no-literal-match-needs-context-review
ccr-lang-9ccd856bf0bc53dbf409,conditional detection rate,38060240,ccr-2024-38060240-language.md,51,no-literal-match-needs-context-review
ccr-lang-9cda530b800ca7b98e06,focal versus broad amplification,42340371,ccr-2026-42340371-language.md,68,no-literal-match-needs-context-review
ccr-lang-9d0f45cfc2c5ef0fb972,pathologic invasion feature,33593884,ccr-2021-33593884-language.md,72,no-literal-match-needs-context-review
ccr-lang-9d122d4e62e3a853e495,phase [number] study of [intervention] in [population],39466024;39545922;39576208;39786430;39821070;40208070;40247431;40343815;40499141;40552922;40553459;40788282;40828417;40864503;40928991;41026583;41065506;41537692;41587109;41649868;41671081;41805895;41817317;41837748;41849236;41920765;42008740;42126592;42148884;42149140;42189883;42360104;42405849;42440365;42456046;42485106;42489696;42507545;42574065,ccr-phrase-patterns.md,64,no-literal-match-needs-context-review
ccr-lang-9d15fd112b2225a5bf89,diagnostic ascertainment,40704901,ccr-2025-genomics-2026-09-20-language.md,128,no-literal-match-needs-context-review
ccr-lang-9d1cdc58a4c357ac5966,single-model dependency,39150541,ccr-2024-39150541-language.md,94,no-literal-match-needs-context-review
ccr-lang-9d1eeee6e0d8bf60beee,concentration-dependent inhibition of efflux,35404402,ccr-2022-35404402-language.md,93,no-literal-match-needs-context-review
ccr-lang-9d37ba3c1921504cf203,random-effects meta-analysis,37733794,ccr-2026-09-14-atm-smarca4-stk11-priority-language.md,260,no-literal-match-needs-context-review
ccr-lang-9d4ae8b150a1accbdd28,IL2 variant,41252574,ccr-2026-09-19-batch2-language.md,185,no-literal-match-needs-context-review
ccr-lang-9d5e75af29708908aa76,anti-CD3-stimulated killing,36595561,ccr-2023-36595561-language.md,69,no-literal-match-needs-context-review
ccr-lang-9d5eaee0f70aeca57d09,nominal P value without multiplicity adjustment,39466024;39545922;39576208;39786430;39821070;40208070;40247431;40343815;40499141;40552922;40553459;40788282;40828417;40864503;40928991;41026583;41065506,ccr-2025-immunotherapy-fulltext-language.md,313,no-literal-match-needs-context-review
ccr-lang-9d82aed6dc349d860777,imprecise adjusted estimate,39879384,ccr-2025-omics-methods-2026-09-23-language.md,420,no-literal-match-needs-context-review
ccr-lang-9d8dc74cb9f14e109499,prospective implementation,37233986,ccr-2023-37233986-language.md,107,no-literal-match-needs-context-review
ccr-lang-9db96d732fb3db60d2c5,residual confounding,37223888,ccr-2023-37223888-language.md,105,no-literal-match-needs-context-review
ccr-lang-9dc3194a822dacd1bcdb,model-specific causality,37289191,ccr-2023-37289191-language.md,99,no-literal-match-needs-context-review
ccr-lang-9dd906a4a70c73d1843d,confounding by indication,37125965,ccr-2023-37125965-language.md,97,no-literal-match-needs-context-review
ccr-lang-9dd96e3093834292a893,potential familial implications,35363308,ccr-2022-35363308-language.md,57,no-literal-match-needs-context-review
ccr-lang-9ddccdf90fc636f4dffe,preclinical therapeutic window,36692420,ccr-2023-36692420-language.md,84,no-literal-match-needs-context-review
ccr-lang-9df661240cd8febfbe6e,perforin- and granzyme-mediated cytolysis,41537692;41805895;41849236;41920765;42008740;42126592;42149140;42189883;42360104;42405849;42440365;42456046;42485106;42489696,ccr-2026-immunotherapy-fulltext-language.md,113,no-literal-match-needs-context-review
ccr-lang-9e1162f1e2f87373420d,pathway activation without cytotoxic sensitization,37733794,ccr-2026-09-14-atm-smarca4-stk11-priority-language.md,305,no-literal-match-needs-context-review
ccr-lang-9e19b01982b0237e24d9,pan-cohort mutation meta-analysis,37733794,ccr-2026-09-14-atm-smarca4-stk11-priority-language.md,256,no-literal-match-needs-context-review
ccr-lang-9e23a1f85d2c79669f77,progression-selected cohort,41537704,ccr-2026-09-19-pending15-language.md,91,no-literal-match-needs-context-review
ccr-lang-9e2d050505ae1f8f4453,treatment options remain limited,39466024;39545922;39576208;39786430;39821070;40208070;40247431;40343815;40499141;40552922;40553459;40788282;40828417;40864503;40928991;41026583;41065506;41537692;41587109;41649868;41671081;41805895;41817317;41837748;41849236;41920765;42008740;42126592;42148884;42149140;42189883;42360104;42405849;42440365;42456046;42485106;42489696;42507545;42574065,ccr-phrase-patterns.md,83,no-literal-match-needs-context-review
ccr-lang-9e5fa300d7120552c076,approximately threefold accumulation,41587109;41671081;42574065,ccr-2026-immunotherapy-fulltext-language.md,278,no-literal-match-needs-context-review
ccr-lang-9e768a56c357030aa91a,archival or newly obtained tumor biopsy,40378060,ccr-2026-09-23-intake-language.md,94,no-literal-match-needs-context-review
ccr-lang-9e85b9bae12b20caf1b5,paired tumor and blood specimens,39466024;39545922;39576208;39786430;39821070;40208070;40247431;40343815;40499141;40552922;40553459;40788282;40828417;40864503;40928991;41026583;41065506;41537692;41587109;41649868;41671081;41805895;41817317;41837748;41849236;41920765;42008740;42126592;42148884;42149140;42189883;42360104;42405849;42440365;42456046;42485106;42489696;42507545;42574065,ccr-phrase-patterns.md,85,no-literal-match-needs-context-review
ccr-lang-9e9a8955bdf3e4427818,widespread loss of heterozygosity,38630790,ccr-2024-38630790-language.md,53,no-literal-match-needs-context-review
ccr-lang-9e9ccd2f9dfa4c8e0dd0,unsupervised hierarchical clustering,34921023,ccr-2022-34921023-language.md,83,no-literal-match-needs-context-review
ccr-lang-9ebf87f8a85490d62b16,interaction abundance versus protein abundance,39836411,ccr-2025-genomics-2026-09-20-language.md,559,no-literal-match-needs-context-review
ccr-lang-9ecde832047bf320ba7e,rebiopsy selection bias,42446521,ccr-2026-09-19-pending15-language.md,1115,no-literal-match-needs-context-review
ccr-lang-9f0ec812a82f00356261,tumor-derived mutations,35713632,ccr-2022-35713632-language.md,53,no-literal-match-needs-context-review
ccr-lang-9f1fa90bddd6979de6e1,no documented referral,35363308,ccr-2022-35363308-language.md,103,no-literal-match-needs-context-review
ccr-lang-9f33d8aa3ae289210fcf,assay-specific limit of detection,42377115,ccr-2026-42377115-language.md,49,no-literal-match-needs-context-review
ccr-lang-9f722d290b95d4e54443,collective variable,40465424,ccr-2025-omics-methods-2026-09-23-language.md,314,no-literal-match-needs-context-review
ccr-lang-9f74c1729aaa03ad2775,co-occurrence and mutual exclusivity,41790029,ccr-2026-09-19-pending15-language.md,445,no-literal-match-needs-context-review
ccr-lang-9f9fa43aad68f97cfae2,plasma-only detection,36201167,ccr-2023-36201167-language.md,69,no-literal-match-needs-context-review
ccr-lang-9fbba69068e4cdad469c,single-sample gene-set enrichment analysis,41649868;41817317;42507545,ccr-2026-translational-mechanisms-fulltext-language.md,161,no-literal-match-needs-context-review
ccr-lang-9ff042dfd2f3c387d045,propensity-score matching,37125965,ccr-2023-37125965-language.md,67,no-literal-match-needs-context-review
ccr-lang-a02c7b5a2c1b83e27b87,assay-dependent passenger filtering,38300729,ccr-2024-38300729-language.md,39,no-literal-match-needs-context-review
ccr-lang-a02edfeb31a400ac00ae,provisional dose recommendation,39287821,ccr-2024-39287821-language.md,63,no-literal-match-needs-context-review
ccr-lang-a03882ebb5c95f8ede95,confirmed objective response,39287821,ccr-2024-39287821-language.md,52,no-literal-match-needs-context-review
ccr-lang-a04253cd4617885f012f,retained protein expression,42599160,ccr-2026-09-19-pending15-language.md,1290,no-literal-match-needs-context-review
ccr-lang-a09ae2d3f199137d936f,ploidy interpretation,38630790,ccr-2024-38630790-language.md,66,no-literal-match-needs-context-review
ccr-lang-a09d59177c5a683969d2,platinum-refractory disease,39017667,ccr-2024-39017667-language.md,29,no-literal-match-needs-context-review
ccr-lang-a0c44b43f1a8a7f1c7f8,internal training/test split,40261185,ccr-2025-genomics-2026-09-20-language.md,419,no-literal-match-needs-context-review
ccr-lang-a0ce06f167b844ea0839,reference-assisted annotation,39540841,ccr-2025-omics-methods-2026-09-23-language.md,49,no-literal-match-needs-context-review
ccr-lang-a0d0a8c9931155af14c4,somatic alteration landscape,34301751,ccr-2021-34301751-language.md,87,no-literal-match-needs-context-review
ccr-lang-a0de4b94a3c2f65597c6,patient-level data partitioning,41945491,ccr-2026-09-19-pending15-language.md,637,no-literal-match-needs-context-review
ccr-lang-a0df6bc2dd1dbb5deeba,median follow-up by reverse Kaplan-Meier estimation,41537692;41587109;41671081;41805895;41849236;41920765;42008740;42126592;42149140;42189883;42360104;42405849;42440365;42456046;42485106;42489696;42574065,ccr-2026-immunotherapy-fulltext-language.md,295,no-literal-match-needs-context-review
ccr-lang-a0f0e0eff4a6329fd17f,longitudinal genomic reassessment,42360806,ccr-2026-42360806-language.md,75,no-literal-match-needs-context-review
ccr-lang-a10617cafde3ebb73445,durable tumor control,41649868;41817317;41837748;42148884;42507545,ccr-2026-translational-mechanisms-fulltext-language.md,201,no-literal-match-needs-context-review
ccr-lang-a106dcd91ebf5945141b,nonclinical safety assessment,42478960,ccr-2026-09-19-batch2-language.md,556,no-literal-match-needs-context-review
ccr-lang-a1280b3c0e46021aae3f,circulating linker-payload stability,40208070;40499141;40928991,ccr-2025-immunotherapy-fulltext-language.md,180,no-literal-match-needs-context-review
ccr-lang-a12a89152aaacd35910a,duration-defined subgroup,37432985,ccr-2023-37432985-language.md,65,no-literal-match-needs-context-review
ccr-lang-a1499087fd98d2305c98,pulsed electric field,41920765,ccr-2026-immunotherapy-fulltext-language.md,248,no-literal-match-needs-context-review
ccr-lang-a15b33b80abcf4a6ffa7,target-phosphorylation suppression,36602782,ccr-2023-36602782-language.md,85,no-literal-match-needs-context-review
ccr-lang-a16abae80743a82ec707,immune-suppression signature,42440361,ccr-2026-09-19-supplement-language.md,142,no-literal-match-needs-context-review
ccr-lang-a16b57bbbd640c0e597d,class-switched clone,41805895;42008740;42189883,ccr-2026-immunotherapy-fulltext-language.md,163,no-literal-match-needs-context-review
ccr-lang-a16db2e8df4b86ba157d,baseline proteome reanalysis,37725585,ccr-2023-37725585-language.md,67,no-literal-match-needs-context-review
ccr-lang-a181285db512a0c1ba8e,single-base-substitution signature,33593884,ccr-2021-33593884-language.md,62,no-literal-match-needs-context-review
ccr-lang-a1a2a4cb659a240451a1,paired on-treatment blood sampling,39670974,ccr-2025-2026-09-19-intake-language.md,232,no-literal-match-needs-context-review
ccr-lang-a1b9b6510506a3201ec5,single-arm efficacy context,42752799,ccr-2026-09-19-supplement-language.md,235,no-literal-match-needs-context-review
ccr-lang-a1bb111c4ef83a15db32,line-of-therapy sequencing,39466024;39545922;39576208;39786430;39821070;40208070;40247431;40343815;40499141;40552922;40553459;40788282;40828417;40864503;40928991;41026583;41065506,ccr-2025-immunotherapy-fulltext-language.md,112,no-literal-match-needs-context-review
ccr-lang-a1be9d8ee32a55439a43,tissue-composition confounding,35394499,ccr-2022-35394499-language.md,101,no-literal-match-needs-context-review
ccr-lang-a1c1760a961a8e4eaad6,target-specific internalization,40208070;40499141;40928991,ccr-2025-immunotherapy-fulltext-language.md,173,no-literal-match-needs-context-review
ccr-lang-a1c240b2aaef117199f4,genotype-independent functional state,38980931,ccr-2024-38980931-language.md,111,no-literal-match-needs-context-review
ccr-lang-a21d325731cc9251248f,partially exhausted T cell,39466024;39545922;39576208;39786430;39821070;40208070;40247431;40343815;40499141;40552922;40553459;40788282;40828417;40864503;40928991;41026583;41065506,ccr-2025-immunotherapy-fulltext-language.md,129,no-literal-match-needs-context-review
ccr-lang-a2220f0173d08d2e603d,data-driven covariate selection,41537692;41587109;41671081;41805895;41849236;41920765;42008740;42126592;42149140;42189883;42360104;42405849;42440365;42456046;42485106;42489696;42574065,ccr-2026-immunotherapy-fulltext-language.md,319,no-literal-match-needs-context-review
ccr-lang-a223a55051d15fd2f341,attenuated effector expansion,37992307,ccr-2024-37992307-language.md,51,no-literal-match-needs-context-review
ccr-lang-a229dac6d60a2a9306f9,genetically engineered model,36602782,ccr-2023-36602782-language.md,67,no-literal-match-needs-context-review
ccr-lang-a2344899b8ed6e26848e,curated likely functional alteration,37733794,ccr-2026-09-14-atm-smarca4-stk11-priority-language.md,258,no-literal-match-needs-context-review
ccr-lang-a282be29b92f7192add8,evaluable paired samples,41790029,ccr-2026-09-19-pending15-language.md,443,no-literal-match-needs-context-review
ccr-lang-a291f1afb55d0b6cbe96,spatially preserved multi-region profiling,38630755,ccr-2024-38630755-language.md,50,no-literal-match-needs-context-review
ccr-lang-a2ab03432aa767629590,unresolved prognostic–predictive distinction,38980931,ccr-2024-38980931-language.md,113,no-literal-match-needs-context-review
ccr-lang-a2b54f32e1d8569fbb5a,intensity normalization,39704655,ccr-2025-omics-methods-2026-09-23-language.md,230,no-literal-match-needs-context-review
ccr-lang-a2e312cba9c3841c1ec1,allelic heterogeneity,36913537,ccr-2023-36913537-language.md,49,no-literal-match-needs-context-review
ccr-lang-a31b2c6735e40e2ebd56,time-dependent classification,41400436,ccr-2026-09-19-batch2-language.md,345,no-literal-match-needs-context-review
ccr-lang-a33396d285145e75a433,nearest-neighbor distance,37756581,ccr-2023-37756581-language.md,83,no-literal-match-needs-context-review
ccr-lang-a3b773c91ceddae93dc5,bulk-RNA immune deconvolution,39545922;39786430;40208070;40247431;40553459;40788282;40828417;40864503;41065506,ccr-2025-immunotherapy-fulltext-language.md,191,no-literal-match-needs-context-review
ccr-lang-a3baeb9b68423e0e52ef,nonrandomized dose comparison,41701940,ccr-2026-09-19-batch2-language.md,414,no-literal-match-needs-context-review
ccr-lang-a4116b999ddc53f4045a,discordant immune readouts across modalities,37097610,ccr-2026-09-14-atm-smarca4-stk11-priority-language.md,196,no-literal-match-needs-context-review
ccr-lang-a41667726fcf0e2689d9,adjusted hazard ratio,39466024;39545922;39576208;39786430;39821070;40208070;40247431;40343815;40499141;40552922;40553459;40788282;40828417;40864503;40928991;41026583;41065506;41537692;41587109;41649868;41671081;41805895;41817317;41837748;41849236;41920765;42008740;42126592;42148884;42149140;42189883;42360104;42405849;42440365;42456046;42485106;42489696;42507545;42574065,ccr-phrase-patterns.md,86,no-literal-match-needs-context-review
ccr-lang-a41b95b503b4cb6736d7,dose interruption and reduction,35247924,ccr-2022-35247924-language.md,89,no-literal-match-needs-context-review
ccr-lang-a4291d31c08ef78773fa,exon-level fusion breakpoint,40704901,ccr-2025-genomics-2026-09-20-language.md,133,no-literal-match-needs-context-review
ccr-lang-a42b6d119361457f8a7c,risk of postoperative recurrence,36951523,ccr-2023-36951523-language.md,51,no-literal-match-needs-context-review
ccr-lang-a42c6594265f303a219d,variance-stabilizing transformation,34407972,ccr-2021-34407972-language.md,71,no-literal-match-needs-context-review
ccr-lang-a4322c5474c8b4f43f25,in situ proximity ligation assay,39836411,ccr-2025-genomics-2026-09-20-language.md,551,no-literal-match-needs-context-review
ccr-lang-a458c05208c2d72846f7,receptor-ligand proximity,34686497,ccr-2022-34686497-language.md,53,no-literal-match-needs-context-review
ccr-lang-a45e0c8f0dd2ca3db638,rare-disease benchmark,41894181,ccr-2026-09-19-supplement-language.md,1065,no-literal-match-needs-context-review
ccr-lang-a46ca8de6c06c52450a3,acquired kinase fusion,36996322,ccr-2023-36996322-language.md,51,no-literal-match-needs-context-review
ccr-lang-a47525a868baec16289b,targeted immune-expression panel,35254415,ccr-2022-35254415-language.md,71,no-literal-match-needs-context-review
ccr-lang-a498418543491e50d48b,cumulative incidence function,41649868;41817317;41837748;42148884;42507545,ccr-2026-translational-mechanisms-fulltext-language.md,208,no-literal-match-needs-context-review
ccr-lang-a4a13e263cc570748de5,GeoMx digital spatial profiling,39150541,ccr-2024-39150541-language.md,63,no-literal-match-needs-context-review
ccr-lang-a4b2ba550689bb74a16b,co-enrichment restricted to KRAS-wild-type tumors,37733794,ccr-2026-09-14-atm-smarca4-stk11-priority-language.md,280,no-literal-match-needs-context-review
ccr-lang-a4d5c63d4c3fc5b701e0,equal event subsampling,36166003,ccr-2022-36166003-language.md,83,no-literal-match-needs-context-review
ccr-lang-a4db93062552b9470e4a,effector gene signature,41701940,ccr-2026-09-19-batch2-language.md,407,no-literal-match-needs-context-review
ccr-lang-a4edd83b369800635d68,technical confounding from low tumor purity,41649868;41817317;42507545,ccr-2026-translational-mechanisms-fulltext-language.md,168,no-literal-match-needs-context-review
ccr-lang-a501061d1d76f8131f46,case-level therapeutic signal,33947695,ccr-2021-33947695-language.md,84,no-literal-match-needs-context-review
ccr-lang-a508755f0e8b13a242a1,plating-efficiency normalization,33323404,ccr-2021-33323404-language.md,84,no-literal-match-needs-context-review
ccr-lang-a5139f6107908fb5c308,systemic exposure,34903582,ccr-2022-34903582-language.md,77,no-literal-match-needs-context-review
ccr-lang-a519c1e28a61fdff4547,state-versus-lineage ambiguity,33622705,ccr-2021-33622705-language.md,80,no-literal-match-needs-context-review
ccr-lang-a51dd84f8769fc172075,immune-unconfirmed progression,41400436,ccr-2026-09-19-batch2-language.md,324,no-literal-match-needs-context-review
ccr-lang-a53b22203f44d3ddf15d,codon-specific KRAS biology,42268349,ccr-2026-09-19-supplement-language.md,622,no-literal-match-needs-context-review
ccr-lang-a53ea28eb4a8baffb07a,individual field of view,34518312,ccr-2021-34518312-language.md,75,no-literal-match-needs-context-review
ccr-lang-a55d8010a3fbd0b65896,histology-specific response estimate,37265412,ccr-2023-37265412-language.md,85,no-literal-match-needs-context-review
ccr-lang-a5689328620889de9045,replication-fork stalling,42714874,ccr-2026-09-12-supplement-language.md,165,no-literal-match-needs-context-review
ccr-lang-a5956b6392097f66df11,assay-specific nondetection threshold,40261185,ccr-2025-genomics-2026-09-20-language.md,417,no-literal-match-needs-context-review
ccr-lang-a59c4a190e94d07c3a7c,confirmed objective response,36044531,ccr-2022-36044531-language.md,99,no-literal-match-needs-context-review
ccr-lang-a59d5f7c07d383cf34d0,co-occurring alteration,37223888,ccr-2023-37223888-language.md,83,no-literal-match-needs-context-review
ccr-lang-a5f52d93c2798faeab8c,dose-specific safety population,41961582,ccr-2026-09-23-intake-language.md,43,no-literal-match-needs-context-review
ccr-lang-a5f6d237c28163dc066d,dose-modification frequency,36112541,ccr-2023-36112541-language.md,85,no-literal-match-needs-context-review
ccr-lang-a5ff6a54abdd2932df5b,unstructured covariance,35012927,ccr-2022-35012927-language.md,77,no-literal-match-needs-context-review
ccr-lang-a61fbbe0df5d16d36564,clonotype-linked cell state,39545922;39786430;40208070;40247431;40553459;40788282;40828417;40864503;41065506,ccr-2025-immunotherapy-fulltext-language.md,197,no-literal-match-needs-context-review
ccr-lang-a632d4825b1854434df9,standard-therapy benchmark,33558425,ccr-2021-33558425-language.md,50,no-literal-match-needs-context-review
ccr-lang-a665ceef8fe9a83eff24,relative dose intensity,35247924,ccr-2022-35247924-language.md,87,no-literal-match-needs-context-review
ccr-lang-a668f5a38d009c440c5c,whole-exome subset,37432985,ccr-2023-37432985-language.md,67,no-literal-match-needs-context-review
ccr-lang-a669c4c3eaedcd5c19e6,Fc-silenced design,41945490,ccr-2026-09-19-batch2-language.md,463,no-literal-match-needs-context-review
ccr-lang-a671aba494577143ee70,prespecified interim boundary,36951523,ccr-2023-36951523-language.md,67,no-literal-match-needs-context-review
ccr-lang-a67fb1b9e6fa35c55fd4,biomarker overfitting,39017606,ccr-2024-39017606-language.md,65,no-literal-match-needs-context-review
ccr-lang-a68eadaa277752a9b8a5,context-dependent pathway activity,33077574,ccr-2026-09-12-supplement-language.md,63,no-literal-match-needs-context-review
ccr-lang-a69551ea99a601719dec,downstream signaling inhibition,41649868;42507545,ccr-2026-translational-mechanisms-fulltext-language.md,131,no-literal-match-needs-context-review
ccr-lang-a69e4806462191e4f3bc,trough concentration,41587109;41671081;42574065,ccr-2026-immunotherapy-fulltext-language.md,275,no-literal-match-needs-context-review
ccr-lang-a6e10c8c42af7ffb09a5,checkpoint dependence,36378548,ccr-2023-36378548-language.md,51,no-literal-match-needs-context-review
ccr-lang-a6ee6e25734fa5443c86,uncommon exon deletion,36913537,ccr-2023-36913537-language.md,51,no-literal-match-needs-context-review
ccr-lang-a6ee83a05b26540ec3c6,worst treatment-related toxicity grade,42578969,ccr-2026-09-19-pending15-language.md,1201,no-literal-match-needs-context-review
ccr-lang-a70a542dfcc4865b708e,hybridization-capture next-generation sequencing,32709715,ccr-2026-09-14-atm-smarca4-stk11-priority-language.md,46,no-literal-match-needs-context-review
ccr-lang-a71021d541a29d4fa97c,board-certified dual-reader assessment,39545922;39821070;40208070;40343815,ccr-2025-immunotherapy-fulltext-language.md,244,no-literal-match-needs-context-review
ccr-lang-a748620a22e330d57270,effector-memory,39466024;39545922;39576208;39786430;39821070;40208070;40247431;40343815;40499141;40552922;40553459;40788282;40828417;40864503;40928991;41026583;41065506,ccr-2025-immunotherapy-fulltext-language.md,128,no-literal-match-needs-context-review
ccr-lang-a767aca40ebe23b1c3cf,shared clonotype across time points,41805895;42008740;42189883,ccr-2026-immunotherapy-fulltext-language.md,165,no-literal-match-needs-context-review
ccr-lang-a76c1ebccf47b3ecf562,mutational-signature attribution,37733794,ccr-2026-09-14-atm-smarca4-stk11-priority-language.md,261,no-literal-match-needs-context-review
ccr-lang-a77e883e95febc9a1de9,antibody internalization,41945490,ccr-2026-09-19-batch2-language.md,463,no-literal-match-needs-context-review
ccr-lang-a796e76c709035effcfe,central nervous system dissemination,36449664,ccr-2023-36449664-language.md,53,no-literal-match-needs-context-review
ccr-lang-a7a3f8d0c5655af9d69d,dose-dependent cytokine induction,41817317;41837748;42148884;42507545,ccr-2026-translational-mechanisms-fulltext-language.md,119,no-literal-match-needs-context-review
ccr-lang-a7b15811adc20c40893e,internal validation,41537692;41587109;41671081;41805895;41849236;41920765;42008740;42126592;42149140;42189883;42360104;42405849;42440365;42456046;42485106;42489696;42574065,ccr-2026-immunotherapy-fulltext-language.md,338,no-literal-match-needs-context-review
ccr-lang-a7b8542c303507d7a8c9,cluster-robust covariance estimation,41403154,ccr-2026-41403154-language.md,41,no-literal-match-needs-context-review
ccr-lang-a7bacd0a4356cdc84f0c,acquired EGFR-TKI resistance,40853904,ccr-2025-2026-09-19-intake-language.md,491,no-literal-match-needs-context-review
ccr-lang-a7bb20c4dcdad2411d91,cumulative toxicity,41701940,ccr-2026-09-19-batch2-language.md,407,no-literal-match-needs-context-review
ccr-lang-a7bb72e97c0ec8509a98,combinatorial biomarker specificity,38300729,ccr-2024-38300729-language.md,32,no-literal-match-needs-context-review
ccr-lang-a7e7f7c2d08b5909eba7,Kaplan-Meier estimate,41649868;41817317;41837748;42148884;42507545,ccr-2026-translational-mechanisms-fulltext-language.md,227,no-literal-match-needs-context-review
ccr-lang-a8017f1c2d773676e987,high-burden subgroup,36806911,ccr-2023-36806911-language.md,81,no-literal-match-needs-context-review
ccr-lang-a822ab2f4290dfc1eef4,co-occurring alteration,41649868;41817317;41837748;42148884;42507545,ccr-2026-translational-mechanisms-fulltext-language.md,79,no-literal-match-needs-context-review
ccr-lang-a851f7a8b8d9a5c9b065,precision-based sample-size justification,41961582,ccr-2026-09-23-intake-language.md,35,no-literal-match-needs-context-review
ccr-lang-a858da1fabc27f32e43f,inhibitory Emax model,40343815;40499141;40928991,ccr-2025-immunotherapy-fulltext-language.md,282,no-literal-match-needs-context-review
ccr-lang-a8a1ffa20d9f8cb0e00f,tumor-intrinsic signaling,36165915,ccr-2023-36165915-language.md,49,no-literal-match-needs-context-review
ccr-lang-a8a69574211a97055542,weighted coexpression network,37223924,ccr-2023-37223924-language.md,67,no-literal-match-needs-context-review
ccr-lang-a8bda347e19de6630922,temporally distinct validation cohort,41649868;41817317;42507545,ccr-2026-translational-mechanisms-fulltext-language.md,166,no-literal-match-needs-context-review
ccr-lang-a8d45c5780efdcd83111,competitive gene-set test,41945490,ccr-2026-09-19-batch2-language.md,469,no-literal-match-needs-context-review
ccr-lang-a8e5ed29386079646f06,dual pathway inhibition,34301751,ccr-2021-34301751-language.md,57,no-literal-match-needs-context-review
ccr-lang-a8f3a23bc7d9f0b557c5,co-occurring driver alteration,34753780,ccr-2022-34753780-language.md,89,no-literal-match-needs-context-review
ccr-lang-a8f83174645e597a4e58,checkpoint-inhibitor-experienced population,39466024;39545922;39576208;39786430;39821070;40208070;40247431;40343815;40499141;40552922;40553459;40788282;40828417;40864503;40928991;41026583;41065506,ccr-2025-immunotherapy-fulltext-language.md,100,no-literal-match-needs-context-review
ccr-lang-a91a22b86e1be9dc12b6,incomplete postprogression sampling,36729110,ccr-2023-36729110-language.md,97,no-literal-match-needs-context-review
ccr-lang-a9258070801f641f34c9,KRAS-confounded mutational signature,37733794,ccr-2026-09-14-atm-smarca4-stk11-priority-language.md,283,no-literal-match-needs-context-review
ccr-lang-a9291f8202a95ed7fdd2,noncompartmental pharmacokinetic analysis,37227187,ccr-2023-37227187-language.md,45,no-literal-match-needs-context-review
ccr-lang-a93e59ef3f4492620d5e,staggered treatment initiation,39651955,ccr-2025-clinical-2026-09-23-language.md,182,no-literal-match-needs-context-review
ccr-lang-a9467854006fe75e8618,compartment-specific association,38048058,ccr-2024-38048058-language.md,42,no-literal-match-needs-context-review
ccr-lang-a9512aedce9e5afd06f7,competing-risk recurrence analysis,33593884,ccr-2021-33593884-language.md,59,no-literal-match-needs-context-review
ccr-lang-a9669f15b7379d101eaa,paired and unpaired specimens,37223888,ccr-2023-37223888-language.md,87,no-literal-match-needs-context-review
ccr-lang-a974dbed4e1a0524dc61,secondary-endpoint discordance,37801329,ccr-2024-37801329-language.md,43,no-literal-match-needs-context-review
ccr-lang-a976a667955ab69115c8,no FDR-significant expression difference,39352721,ccr-2024-39352721-language.md,52,no-literal-match-needs-context-review
ccr-lang-a980f1f8db6a08916acd,imputed gene expression,39545922;39786430;40208070;40247431;40553459;40788282;40828417;40864503;41065506,ccr-2025-immunotherapy-fulltext-language.md,200,no-literal-match-needs-context-review
ccr-lang-a9a44402b5845c15a19d,gene-specific assay coverage,39804166,ccr-2025-genomics-2026-09-20-language.md,31,no-literal-match-needs-context-review
ccr-lang-a9dd0aad594f2946939f,growth-inhibitory concentration,36602782,ccr-2023-36602782-language.md,81,no-literal-match-needs-context-review
ccr-lang-a9e99ed2caa0a99f026e,unmeasured clinical confounding,37097610,ccr-2026-09-14-atm-smarca4-stk11-priority-language.md,198,no-literal-match-needs-context-review
ccr-lang-a9f3c59970f19bcbb0b0,EGFR glycosylation,42507540,ccr-2026-09-19-supplement-language.md,456,no-literal-match-needs-context-review
ccr-lang-a9fdb72563f50307f29c,variant-source classification,39932457,ccr-2025-genomics-2026-09-20-language.md,85,no-literal-match-needs-context-review
ccr-lang-aa23c93bbe1bc5ef3ba5,potential confounding effect,35101883,ccr-2022-35101883-language.md,103,no-literal-match-needs-context-review
ccr-lang-aa26b84464cc2733c1fa,hypothesis-generating immune correlate,40932352,ccr-2025-2026-09-19-intake-language.md,313,no-literal-match-needs-context-review
ccr-lang-aa4fd8831b5a9e355a35,urinary metabolite biomarker,38837903,ccr-2024-38837903-language.md,29,no-literal-match-needs-context-review
ccr-lang-aa6c9895c401246fa902,risk mitigation,37022784,ccr-2023-37022784-language.md,99,no-literal-match-needs-context-review
ccr-lang-aa6fc8a44547f22a76c5,combination potentiation,42478960,ccr-2026-09-19-batch2-language.md,548,no-literal-match-needs-context-review
ccr-lang-aa7ac6b0d91f3d6aef6d,surrogate-tissue pharmacodynamic readout,37227187,ccr-2023-37227187-language.md,47,no-literal-match-needs-context-review
ccr-lang-aa81ebb2aa76d51a232c,paired pre- and on-treatment biopsies,40932352,ccr-2025-2026-09-19-intake-language.md,299,no-literal-match-needs-context-review
ccr-lang-aa98079e47bd1f80c33e,incremental prognostic information,33077574,ccr-2026-09-12-supplement-language.md,54,no-literal-match-needs-context-review
ccr-lang-aa9ede743f72a30a4bb7,recurrence-free survival from surgery,35727603,ccr-2022-35727603-language.md,101,no-literal-match-needs-context-review
ccr-lang-aac4c31a2f62544648bc,antigen-bridging ELISA,35699599,ccr-2022-35699599-language.md,69,no-literal-match-needs-context-review
ccr-lang-aac9063fd497475862b3,cellular-origin adjudication,41537692;42440365;42489696,ccr-2026-immunotherapy-fulltext-language.md,173,no-literal-match-needs-context-review
ccr-lang-aaedb140140f71a6557f,lineage-specific genomic context,42340371,ccr-2026-42340371-language.md,39,no-literal-match-needs-context-review
ccr-lang-ab271e5321ffeef8da1b,renal/hepatobiliary clearance,39841860,ccr-2025-omics-methods-2026-09-23-language.md,155,no-literal-match-needs-context-review
ccr-lang-ab36841f0591edc6cb18,biological versus physical half-life,39841860,ccr-2025-omics-methods-2026-09-23-language.md,130,no-literal-match-needs-context-review
ccr-lang-ab45b1db8b6f53015f88,platform noninterchangeability,36806911,ccr-2023-36806911-language.md,99,no-literal-match-needs-context-review
ccr-lang-ab4e66a676fc792c78b6,lineage-dependent vulnerability,36602782,ccr-2023-36602782-language.md,49,no-literal-match-needs-context-review
ccr-lang-ab715382d6ad7bb6ef9f,tumor-draining lymph node,42440361,ccr-2026-09-19-supplement-language.md,124,no-literal-match-needs-context-review
ccr-lang-ab7a96e346c23eb820c7,germinal-center-containing structure,42307634,ccr-2026-09-19-pending15-language.md,918,no-literal-match-needs-context-review
ccr-lang-ab7e3a45b1f582e0d666,effector-to-target ratio,41920765,ccr-2026-immunotherapy-fulltext-language.md,255,no-literal-match-needs-context-review
ccr-lang-ab9a41bc7b015df45938,clinically annotated cohort,41649868;41817317;41837748;42148884;42507545,ccr-2026-translational-mechanisms-fulltext-language.md,96,no-literal-match-needs-context-review
ccr-lang-ab9cded10cf9562a108c,maximum tolerated dose not reached,36378548,ccr-2023-36378548-language.md,81,no-literal-match-needs-context-review
ccr-lang-aba190cdc882a111c9e0,geographically held-out testing set,41779007,ccr-2026-09-19-pending15-language.md,346,no-literal-match-needs-context-review
ccr-lang-abac3d518986fad22a74,tumor-fraction dependence,38912901,ccr-2024-38912901-language.md,65,no-literal-match-needs-context-review
ccr-lang-abb6776b15dc58409c68,deterioration-free probability,35012927,ccr-2022-35012927-language.md,99,no-literal-match-needs-context-review
ccr-lang-abd756429c39ed0a0d4a,paired tissue and liquid samples,41870274,ccr-2026-09-19-batch2-language.md,51,no-literal-match-needs-context-review
ccr-lang-abe05688d0817fac9e8d,molecular false positivity,41556942,ccr-2026-09-19-supplement-language.md,816,no-literal-match-needs-context-review
ccr-lang-abfcc0bc558ebea3d17e,paired assay-evaluable sample,42377115,ccr-2026-42377115-language.md,50,no-literal-match-needs-context-review
ccr-lang-abfda98a8b011fbfebad,damage-associated molecular pattern release,41920765,ccr-2026-immunotherapy-fulltext-language.md,258,no-literal-match-needs-context-review
ccr-lang-ac3bc201e1d2bb9ec7cf,discretionary CNS surveillance,39470668,ccr-2025-2026-09-19-intake-language.md,57,no-literal-match-needs-context-review
ccr-lang-ac643a494fdb55c3d1aa,T-cell receptor repertoire sequencing,41805895;42008740;42189883,ccr-2026-immunotherapy-fulltext-language.md,158,no-literal-match-needs-context-review
ccr-lang-ac806de978b353e3a8e4,randomized noncomparative design,39836372,ccr-2025-2026-09-19-intake-language.md,104,no-literal-match-needs-context-review
ccr-lang-ac86dd7110170e38050f,Th1-like differentiation,41817317;41837748;42148884;42507545,ccr-2026-translational-mechanisms-fulltext-language.md,114,no-literal-match-needs-context-review
ccr-lang-ac8855821b8af42e20b4,antigen-processing and presentation machinery,38630755,ccr-2024-38630755-language.md,76,no-literal-match-needs-context-review
ccr-lang-ac9d8dd5c0237d0dfd66,endpoint-specific analysis set,38980931,ccr-2024-38980931-language.md,73,no-literal-match-needs-context-review
ccr-lang-acb7acefc5da3f21b969,early-discontinuation selection,39352721,ccr-2024-39352721-language.md,64,no-literal-match-needs-context-review
ccr-lang-acb9cbc81ec7406cc6a7,heterogeneity of patient populations,35762926,ccr-2022-35762926-language.md,55,no-literal-match-needs-context-review
ccr-lang-acd79383fb3c4ff7ce57,computational immune deconvolution,41649868;41817317;42507545,ccr-2026-translational-mechanisms-fulltext-language.md,163,no-literal-match-needs-context-review
ccr-lang-ace4c148c78e7972f305,immunological synapse formation,41537692;41805895;41849236;41920765;42008740;42126592;42149140;42189883;42360104;42405849;42440365;42456046;42485106;42489696,ccr-2026-immunotherapy-fulltext-language.md,112,no-literal-match-needs-context-review
ccr-lang-aced16c4f3e4143ad1b7,FRα expression threshold,42007996,ccr-2026-09-19-supplement-language.md,1120,no-literal-match-needs-context-review
ccr-lang-acf893fa41f15025e189,blinded primary calling,39887260,ccr-2025-genomics-2026-09-20-language.md,280,no-literal-match-needs-context-review
ccr-lang-acf8eedf9cd3cb08251e,limited treatment options,34462287,ccr-2022-34462287-language.md,57,no-literal-match-needs-context-review
ccr-lang-ad2372c7766490f5a674,conditional sensitivity,38526394,ccr-2024-38526394-language.md,52,no-literal-match-needs-context-review
ccr-lang-ad875f67dbe3b47fe839,fusion-partner concordance,39887260,ccr-2025-genomics-2026-09-20-language.md,286,no-literal-match-needs-context-review
ccr-lang-ad8f5633698515066651,assay-context-dependent selectivity,40465424,ccr-2025-omics-methods-2026-09-23-language.md,331,no-literal-match-needs-context-review
ccr-lang-adacd141bb64f3b146a8,spatial concordance with histopathology,35792882,ccr-2022-35792882-language.md,85,no-literal-match-needs-context-review
ccr-lang-adaed71fb2f484f06556,nonsignificant validation trend,41400436,ccr-2026-09-19-batch2-language.md,337,no-literal-match-needs-context-review
ccr-lang-adca6cd2f56accd5154b,hybrid capture-based NGS assay,35275991,ccr-2022-35275991-language.md,69,no-literal-match-needs-context-review
ccr-lang-add4046bbb68dc78688f,Kaplan-Meier estimate,39466024;39545922;39576208;39786430;39821070;40208070;40247431;40343815;40499141;40552922;40553459;40788282;40828417;40864503;40928991;41026583;41065506,ccr-2025-immunotherapy-fulltext-language.md,304,no-literal-match-needs-context-review
ccr-lang-addcf3f9c51eebea78f7,posterior probabilities,34261696,ccr-2021-34261696-language.md,75,no-literal-match-needs-context-review
ccr-lang-ae0154fe7493f115fa02,uncontrolled efficacy comparison,36729110,ccr-2023-36729110-language.md,101,no-literal-match-needs-context-review
ccr-lang-ae0976e81755c47c827d,secondary reversion alteration,41563386,ccr-2026-41563386-language.md,65,no-literal-match-needs-context-review
ccr-lang-ae0a725f673d41226081,protease-mediated unmasking,41817317;41837748;42148884;42507545,ccr-2026-translational-mechanisms-fulltext-language.md,106,no-literal-match-needs-context-review
ccr-lang-ae38d4f319339121a7bf,mRNA–protein discordance,38630755,ccr-2024-38630755-language.md,88,no-literal-match-needs-context-review
ccr-lang-ae4ab6d61d7bbebea50f,emergence of a compound resistance genotype,42440354,ccr-2026-09-19-pending15-language.md,1030,no-literal-match-needs-context-review
ccr-lang-ae639f4c7ec8928da464,inducible protein degradation,42013305,ccr-2026-09-19-supplement-language.md,880,no-literal-match-needs-context-review
ccr-lang-ae810695892d3e860de3,absence of interaction evidence,37233987,ccr-2023-37233987-language.md,101,no-literal-match-needs-context-review
ccr-lang-ae982f130066ebe2be5a,luciferase-based cell-lysis assay,39466024;40208070;40343815;40499141;40828417;41026583,ccr-2025-immunotherapy-fulltext-language.md,258,no-literal-match-needs-context-review
ccr-lang-aea183f817b09e638c37,drug-tolerant persister cells,36729110,ccr-2023-36729110-language.md,53,no-literal-match-needs-context-review
ccr-lang-aead8dc8a56beac358e6,unmet therapeutic need,37265412,ccr-2023-37265412-language.md,53,no-literal-match-needs-context-review
ccr-lang-aeb153f9a93b196aea92,attenuated epithelial signature,35394499,ccr-2022-35394499-language.md,89,no-literal-match-needs-context-review
ccr-lang-aec138a338ce20ef56fd,enriched relative to wild-type tumors,35091439,ccr-2022-35091439-language.md,87,no-literal-match-needs-context-review
ccr-lang-aec913f9c41db1f08938,antigen-specific tumor killing,42307634,ccr-2026-09-19-pending15-language.md,930,no-literal-match-needs-context-review
ccr-lang-aedbd01a33aa63e234d8,molecular subsets,35247929,ccr-2022-35247929-language.md,61,no-literal-match-needs-context-review
ccr-lang-aede8206672092477de2,single-arm phase II study,39466024;39545922;39576208;39786430;39821070;40208070;40247431;40343815;40499141;40552922;40553459;40788282;40828417;40864503;40928991;41026583;41065506;41537692;41587109;41649868;41671081;41805895;41817317;41837748;41849236;41920765;42008740;42126592;42148884;42149140;42189883;42360104;42405849;42440365;42456046;42485106;42489696;42507545;42574065,ccr-phrase-patterns.md,85,no-literal-match-needs-context-review
ccr-lang-aef3cc38d1fee0dedb17,clinical-utility trial,41400436,ccr-2026-09-19-batch2-language.md,345,no-literal-match-needs-context-review
ccr-lang-af1128580279726d5fc9,network-level slot mapping,42484497,ccr-2026-42484497-language.md,36,no-literal-match-needs-context-review
ccr-lang-af274a4b5f67205d60db,oligopersistence,35767426,ccr-2022-35767426-language.md,61,no-literal-match-needs-context-review
ccr-lang-af421bc2bf27c0d345b0,cross-sectional temporal inference,39150541,ccr-2024-39150541-language.md,92,no-literal-match-needs-context-review
ccr-lang-af9820f95e353781d7ae,indeterminate pulmonary nodule,42113010,ccr-2026-09-19-pending15-language.md,724,no-literal-match-needs-context-review
ccr-lang-afc4bd36984a759096c4,survivor selection,37432985,ccr-2023-37432985-language.md,101,no-literal-match-needs-context-review
ccr-lang-afd06657a5a151659e2a,baseline corticosteroid exposure,41378983,ccr-2026-09-19-batch2-language.md,123,no-literal-match-needs-context-review
ccr-lang-b021ae633077c391a9e6,false-negative uncertainty,38526394,ccr-2024-38526394-language.md,62,no-literal-match-needs-context-review
ccr-lang-b0701a1b44983f366058,K-nearest-neighbor imputation,41591979,ccr-2026-09-19-pending15-language.md,251,no-literal-match-needs-context-review
ccr-lang-b07d3387d0d95f0099de,treatment-associated stem-like programs,39879384,ccr-2025-omics-methods-2026-09-23-language.md,396,no-literal-match-needs-context-review
ccr-lang-b08103771e04cfc0f1e2,multiplicity limitation,36255391,ccr-2023-36255391-language.md,101,no-literal-match-needs-context-review
ccr-lang-b0971c37e4730ddeb0a3,benefit-risk interpretation,41701940,ccr-2026-09-19-batch2-language.md,414,no-literal-match-needs-context-review
ccr-lang-b0a5fbfdc6f79aa0c695,receptor knockout experiment,41649868;41837748;42148884,ccr-2026-translational-mechanisms-fulltext-language.md,189,no-literal-match-needs-context-review
ccr-lang-b0bc2c115ddf0673720e,deconvolution-estimated abundance,37756581,ccr-2023-37756581-language.md,69,no-literal-match-needs-context-review
ccr-lang-b0c35abcebcea9127185,on-target off-tumor risk,42478960,ccr-2026-09-19-batch2-language.md,556,no-literal-match-needs-context-review
ccr-lang-b0f271f0104fad8048b7,late-onset immune-related toxicity,36794455,ccr-2023-36794455-language.md,85,no-literal-match-needs-context-review
ccr-lang-b11f741701dabfc550ae,targeted immune transcriptomics,37125965,ccr-2023-37125965-language.md,69,no-literal-match-needs-context-review
ccr-lang-b130c85ffb960ca5db0f,plasma-only detection,41790029,ccr-2026-09-19-pending15-language.md,454,no-literal-match-needs-context-review
ccr-lang-b15416293126decb9436,sequencing-evaluable subset,37233987,ccr-2023-37233987-language.md,69,no-literal-match-needs-context-review
ccr-lang-b1661b5d10a42ebd5f43,treatment-related event leading to death,41961582,ccr-2026-09-23-intake-language.md,45,no-literal-match-needs-context-review
ccr-lang-b17448bfebd89a32109c,genetically distinct subtype,34903582,ccr-2022-34903582-language.md,57,no-literal-match-needs-context-review
ccr-lang-b18b6dff624e73600ad9,biopsy-defined ascertainment,40310449,ccr-2025-genomics-2026-09-20-language.md,320,no-literal-match-needs-context-review
ccr-lang-b1b49c4b59363f26af1f,maximal mutant allele fraction,41537692;42440365;42489696,ccr-2026-immunotherapy-fulltext-language.md,176,no-literal-match-needs-context-review
ccr-lang-b1b7afbe755c2005d940,schedule-dependent exposure,42765908,ccr-2026-42765908-language.md,63,no-literal-match-needs-context-review
ccr-lang-b1d9cec451d329f82d6d,computational hypothesis generation,33622705,ccr-2021-33622705-language.md,83,no-literal-match-needs-context-review
ccr-lang-b1e4de98b44a89c9e324,complementary assay information,41790029,ccr-2026-09-19-pending15-language.md,465,no-literal-match-needs-context-review
ccr-lang-b1fde04dfaeac91260fa,paired differential expression,41945490,ccr-2026-09-19-batch2-language.md,469,no-literal-match-needs-context-review
ccr-lang-b20c81a6bb46341730bc,CFSE dilution assay,39466024;40208070;40343815;40499141;40828417;41026583,ccr-2025-immunotherapy-fulltext-language.md,260,no-literal-match-needs-context-review
ccr-lang-b218c3d8641944627432,subcutaneous and disseminated xenograft models,36692420,ccr-2023-36692420-language.md,62,no-literal-match-needs-context-review
ccr-lang-b2447a765da2e4141b3b,immune heterogeneity,37223924,ccr-2023-37223924-language.md,49,no-literal-match-needs-context-review
ccr-lang-b259b7a7b67017d56b29,retrospective surgical-cohort enrichment,42113010,ccr-2026-09-19-pending15-language.md,756,no-literal-match-needs-context-review
ccr-lang-b273616272990047d84a,recommended phase II dose,36729110,ccr-2023-36729110-language.md,69,no-literal-match-needs-context-review
ccr-lang-b281f99b8de42e6c2879,target abundance beyond genotype,40047548,ccr-2025-genomics-2026-09-20-language.md,499,no-literal-match-needs-context-review
ccr-lang-b28b10d8c3a2a2560041,atypical BRAF alteration,42578969,ccr-2026-09-19-pending15-language.md,1180,no-literal-match-needs-context-review
ccr-lang-b2987dceef2f822c866c,outcome-informed cutoff optimization,38980931,ccr-2024-38980931-language.md,75,no-literal-match-needs-context-review
ccr-lang-b29f684ac9125d0c8141,narrow therapeutic window,42048384,ccr-2026-09-19-supplement-language.md,69,no-literal-match-needs-context-review
ccr-lang-b2a73dc5f3c3ec4d19a6,oligoprogressive acquired resistance,39670974,ccr-2025-2026-09-19-intake-language.md,225,no-literal-match-needs-context-review
ccr-lang-b2b2e5557dea188c31d2,unmeasured treatment history,42340371,ccr-2026-42340371-language.md,85,no-literal-match-needs-context-review
ccr-lang-b2c1a9bdda7f760f242d,dose-limiting myelosuppression,39470668,ccr-2025-2026-09-19-intake-language.md,50,no-literal-match-needs-context-review
ccr-lang-b2cebc7eb8930e72d49a,rechallenge heterogeneity,41945500,ccr-2026-09-19-supplement-language.md,982,no-literal-match-needs-context-review
ccr-lang-b2d7e123d2870d8cac83,FFPE proteomic profiling,38723277,ccr-2024-38723277-language.md,39,no-literal-match-needs-context-review
ccr-lang-b2e46d66f4e2998acd2b,RECIST-defined objective response,37097610,ccr-2026-09-14-atm-smarca4-stk11-priority-language.md,156,no-literal-match-needs-context-review
ccr-lang-b3603e04eed6a59f0d58,historical-control interpretation,33685865,ccr-2021-33685865-language.md,82,no-literal-match-needs-context-review
ccr-lang-b363b46a337dc95dbf87,model-context limitation,36595561,ccr-2023-36595561-language.md,97,no-literal-match-needs-context-review
ccr-lang-b3777975e0f4a862bbb6,T- and B-cell activation pathways,42440361,ccr-2026-09-19-supplement-language.md,142,no-literal-match-needs-context-review
ccr-lang-b3806e2fb26a85b95608,the biological basis is incompletely understood,39466024;39545922;39576208;39786430;39821070;40208070;40247431;40343815;40499141;40552922;40553459;40788282;40828417;40864503;40928991;41026583;41065506;41537692;41587109;41649868;41671081;41805895;41817317;41837748;41849236;41920765;42008740;42126592;42148884;42149140;42189883;42360104;42405849;42440365;42456046;42485106;42489696;42507545;42574065,ccr-phrase-patterns.md,83,no-literal-match-needs-context-review
ccr-lang-b384c4ad19eda4c25dd0,solvent-front mutation,33685866,ccr-2021-33685866-language.md,50,no-literal-match-needs-context-review
ccr-lang-b384fbf6facd1623c876,less frequent STK11/KEAP1 alteration,33685865,ccr-2021-33685865-language.md,72,no-literal-match-needs-context-review
ccr-lang-b39ed73b16713c93f35c,count-based differential expression,39879384,ccr-2025-omics-methods-2026-09-23-language.md,406,no-literal-match-needs-context-review
ccr-lang-b3a8c749430b35613e6d,target heterogeneity,39841860,ccr-2025-omics-methods-2026-09-23-language.md,128,no-literal-match-needs-context-review
ccr-lang-b412becbf93b92af969a,selection at the landmark,37702716,ccr-2023-37702716-language.md,99,no-literal-match-needs-context-review
ccr-lang-b43f1ca2c75149dee45d,false-discovery-rate-adjusted comparison,37097610,ccr-2026-09-14-atm-smarca4-stk11-priority-language.md,161,no-literal-match-needs-context-review
ccr-lang-b444e3f30c9c7c608297,tumor-associated bright expression,35852792,ccr-2022-35852792-language.md,57,no-literal-match-needs-context-review
ccr-lang-b4463a92f1eea9a9c70f,real-world treatment cohort,41649868;41817317;41837748;42148884;42507545,ccr-2026-translational-mechanisms-fulltext-language.md,97,no-literal-match-needs-context-review
ccr-lang-b4581943b02ec400cd82,coefficient attenuation after covariate adjustment,39437011,ccr-2025-genomics-2026-09-20-language.md,237,no-literal-match-needs-context-review
ccr-lang-b45950f0bb98184532ba,neuroendocrine lineage shift,39150541,ccr-2024-39150541-language.md,77,no-literal-match-needs-context-review
ccr-lang-b45a197f8fe84ace9561,CD8-positive T-cell infiltration,41417462,ccr-2026-09-19-supplement-language.md,723,no-literal-match-needs-context-review
ccr-lang-b464566bc0051ac33bb7,reverse Kaplan–Meier follow-up,36794455,ccr-2023-36794455-language.md,67,no-literal-match-needs-context-review
ccr-lang-b475482ba182c816dd99,immune-related adverse event,37939140,ccr-2024-37939140-language.md,31,no-literal-match-needs-context-review
ccr-lang-b4cf4bbd6380d0b1e48f,prognostic enrichment,42059900,ccr-2026-09-19-supplement-language.md,401,no-literal-match-needs-context-review
ccr-lang-b4ebcb162ca53c25522f,stable disease as best response,42578969,ccr-2026-09-19-pending15-language.md,1199,no-literal-match-needs-context-review
ccr-lang-b4f0c12f8f53825d748b,potentiate cytotoxicity,34740922,ccr-2022-34740922-language.md,57,no-literal-match-needs-context-review
ccr-lang-b50663ee523cd1def4a0,dynamic cohort eligibility,42484497,ccr-2026-42484497-language.md,32,no-literal-match-needs-context-review
ccr-lang-b521b22b9dc098a29797,infusion-related reaction,37022784,ccr-2023-37022784-language.md,83,no-literal-match-needs-context-review
ccr-lang-b54d87632dfb0ad567b7,sensitivity at a fixed specificity,39620930,ccr-2025-genomics-2026-09-20-language.md,615,no-literal-match-needs-context-review
ccr-lang-b57a0c06c20f4b755d89,renal and smoking confounding,38837903,ccr-2024-38837903-language.md,63,no-literal-match-needs-context-review
ccr-lang-b5839ef7bdeb94a13073,modeled tumor purity,41870274,ccr-2026-09-19-batch2-language.md,51,no-literal-match-needs-context-review
ccr-lang-b5a06709c191dec40f50,intratracheal delivery of Cre recombinase,33077574,ccr-2026-09-12-supplement-language.md,36,no-literal-match-needs-context-review
ccr-lang-b613c90391918c0b9023,unattributed combination effect,39017667,ccr-2024-39017667-language.md,64,no-literal-match-needs-context-review
ccr-lang-b693f01c7e11430b8509,spatial cell neighborhood,36469573,ccr-2023-36469573-language.md,83,no-literal-match-needs-context-review
ccr-lang-b6b6e4b14ca2a86c90d6,gut-homing regulatory T cell,41537692;41805895;41849236;41920765;42008740;42126592;42149140;42189883;42360104;42405849;42440365;42456046;42485106;42489696,ccr-2026-immunotherapy-fulltext-language.md,131,no-literal-match-needs-context-review
ccr-lang-b6e8cd2153a95440b7e5,dose-limiting-toxicity-evaluable population,40880183,ccr-2025-clinical-2026-09-23-language.md,128,no-literal-match-needs-context-review
ccr-lang-b6f1b87a0d0e0b14319c,fusion-enriched molecular subset,33947695,ccr-2021-33947695-language.md,49,no-literal-match-needs-context-review
ccr-lang-b6fef525c5fe4c0438fb,increased odds of nonresponse,42714875,ccr-2026-09-12-supplement-language.md,258,no-literal-match-needs-context-review
ccr-lang-b75160f2c8424b813e6b,cross-tumor state conservation,33622705,ccr-2021-33622705-language.md,49,no-literal-match-needs-context-review
ccr-lang-b76a56e533b34b7f75af,assessment-level dependence,37233986,ccr-2023-37233986-language.md,103,no-literal-match-needs-context-review
ccr-lang-b76a683ef9df941d931f,Q61H-predominant subgroup,42268349,ccr-2026-09-19-supplement-language.md,640,no-literal-match-needs-context-review
ccr-lang-b777f8895e9c7766f46c,clonal-hematopoiesis filtering,37702716,ccr-2023-37702716-language.md,67,no-literal-match-needs-context-review
ccr-lang-b7a39a174bfe2e15652c,growth-rate ratio,36595566,ccr-2023-36595566-language.md,83,no-literal-match-needs-context-review
ccr-lang-b7a8b691eae7ee4c7bca,relative contributions of combination partners,35247924,ccr-2022-35247924-language.md,105,no-literal-match-needs-context-review
ccr-lang-b7c12b3f524e6dae5edc,time-varying Cox model,39466024;39545922;39576208;39786430;39821070;40208070;40247431;40343815;40499141;40552922;40553459;40788282;40828417;40864503;40928991;41026583;41065506,ccr-2025-immunotherapy-fulltext-language.md,309,no-literal-match-needs-context-review
ccr-lang-b7d258fba808f24d907a,bypass pathway activation,42360806,ccr-2026-42360806-language.md,62,no-literal-match-needs-context-review
ccr-lang-b7d63595387858b8b2e5,informative missingness,37279096,ccr-2023-37279096-language.md,97,no-literal-match-needs-context-review
ccr-lang-b7eab92908eb17003c7f,PD-L1 tumor proportion,33558425,ccr-2021-33558425-language.md,60,no-literal-match-needs-context-review
ccr-lang-b7eea569c76a1a98dfab,confirmed versus best overall response,42658187,ccr-2026-09-19-pending15-language.md,1379,no-literal-match-needs-context-review
ccr-lang-b7f3bbbb0d35526b2744,toxicity-related treatment discontinuation,39466024;39545922;39576208;39786430;39821070;40208070;40247431;40343815;40499141;40552922;40553459;40788282;40828417;40864503;40928991;41026583;41065506,ccr-2025-immunotherapy-fulltext-language.md,103,no-literal-match-needs-context-review
ccr-lang-b7f65810cebe4e437beb,immunoregulatory stromal niche,33622705,ccr-2021-33622705-language.md,48,no-literal-match-needs-context-review
ccr-lang-b8298cbec0728a543690,internal discrimination,37071497,ccr-2023-37071497-language.md,101,no-literal-match-needs-context-review
ccr-lang-b83a469b3eb318ce0fd5,compound kinase mutation,33685866,ccr-2021-33685866-language.md,61,no-literal-match-needs-context-review
ccr-lang-b83b327f9bbff137b6e1,consolidation-evaluable population,38165684,ccr-2024-38165684-language.md,37,no-literal-match-needs-context-review
ccr-lang-b84ddbd52e86459e2dda,discrimination,42001480,ccr-2026-09-19-batch2-language.md,267,no-literal-match-needs-context-review
ccr-lang-b888436859be0319da3c,landmark survival analysis,37702716,ccr-2023-37702716-language.md,65,no-literal-match-needs-context-review
ccr-lang-b89a1593c614baf52618,mutation-specific co-occurrence pattern,41790029,ccr-2026-09-19-pending15-language.md,456,no-literal-match-needs-context-review
ccr-lang-b8a45384b2c35563cbc6,immune-effector-cell-associated neurotoxicity syndrome,42207176,ccr-2026-09-19-supplement-language.md,308,no-literal-match-needs-context-review
ccr-lang-b8d948b1518db59aac6a,model-dependent vulnerability,39495173,ccr-2025-2026-09-19-intake-language.md,376,no-literal-match-needs-context-review
ccr-lang-b8df32dbbdbc83ab5d35,checkpoint-inhibitor-experienced population,41537692;41587109;41671081;41805895;41849236;41920765;42008740;42126592;42149140;42189883;42360104;42405849;42440365;42456046;42485106;42489696;42574065,ccr-2026-immunotherapy-fulltext-language.md,93,no-literal-match-needs-context-review
ccr-lang-b8e7c6749340c04e41fb,archival tumor RNA sequencing,39651955,ccr-2025-clinical-2026-09-23-language.md,179,no-literal-match-needs-context-review
ccr-lang-b9023ac7f233649f0f38,ambispective cohort,42440358,ccr-2026-42440358-language.md,42,no-literal-match-needs-context-review
ccr-lang-b913aac1e3822df51eae,paired-end RNA sequencing,41701940,ccr-2026-09-19-batch2-language.md,400,no-literal-match-needs-context-review
ccr-lang-b930ce68d00850b09135,metabolic radiosensitization,33323404,ccr-2021-33323404-language.md,70,no-literal-match-needs-context-review
ccr-lang-b9555cbcc607a2345537,co-occurring oncogenic alteration,42340371,ccr-2026-42340371-language.md,43,no-literal-match-needs-context-review
ccr-lang-b96ee75ba7a1434f97f6,single-sample gene-set enrichment analysis,42126592;42149140;42360104;42440365;42456046;42485106;42489696,ccr-2026-immunotherapy-fulltext-language.md,217,no-literal-match-needs-context-review
ccr-lang-b978bf346fa6019c6132,clonal hematopoiesis interference,39932457,ccr-2025-genomics-2026-09-20-language.md,79,no-literal-match-needs-context-review
ccr-lang-b9853d00f998ff09758a,copy-number gain,41870274,ccr-2026-09-19-batch2-language.md,44,no-literal-match-needs-context-review
ccr-lang-b9865ca7fdc19f85677d,treatment-specific landmark definition,39853318,ccr-2025-genomics-2026-09-20-language.md,372,no-literal-match-needs-context-review
ccr-lang-b9b1c5fe288f06092aa3,mechanism coverage,37249619,ccr-2023-37249619-language.md,101,no-literal-match-needs-context-review
ccr-lang-b9c2143854895ff10b0c,classifier-positive subgroup,37233991,ccr-2023-37233991-language.md,81,no-literal-match-needs-context-review
ccr-lang-b9cfd64c31d24b6854d6,isolated site of progression,35767426,ccr-2022-35767426-language.md,93,no-literal-match-needs-context-review
ccr-lang-b9db128563bbfbd325ad,temporal generalizability,41779007,ccr-2026-09-19-pending15-language.md,364,no-literal-match-needs-context-review
ccr-lang-ba09da24f33ebf413369,T-cell-sparing effect,41920765,ccr-2026-immunotherapy-fulltext-language.md,254,no-literal-match-needs-context-review
ccr-lang-ba16c5c8bfc9f32aa07a,immunogenicity mitigation,41252574,ccr-2026-09-19-batch2-language.md,206,no-literal-match-needs-context-review
ccr-lang-ba1a91fb160b2c3abcec,coincidental variant sharing,39561276,ccr-2025-2026-09-19-intake-language.md,163,no-literal-match-needs-context-review
ccr-lang-ba2dce723ce20e07181f,thoracic malignancy,36469573,ccr-2023-36469573-language.md,53,no-literal-match-needs-context-review
ccr-lang-ba3bd87d7ad988ea2496,conformational-state occupancy,40465424,ccr-2025-omics-methods-2026-09-23-language.md,305,no-literal-match-needs-context-review
ccr-lang-ba3dd25ed7a79620f7b7,nonsignificant longitudinal protein changes,42714875,ccr-2026-09-12-supplement-language.md,263,no-literal-match-needs-context-review
ccr-lang-ba4af7f15909f1ee7eb0,heterogeneous matched-treatment experience,33947695,ccr-2021-33947695-language.md,72,no-literal-match-needs-context-review
ccr-lang-ba4dd89c05d484460403,irreversible kinase inhibition,36112541,ccr-2023-36112541-language.md,49,no-literal-match-needs-context-review
ccr-lang-ba57542bb1e08f1ec8db,support vector machine classifier,42126592;42149140;42360104;42440365;42456046;42485106;42489696,ccr-2026-immunotherapy-fulltext-language.md,223,no-literal-match-needs-context-review
ccr-lang-ba918d7e3d71f474e04f,pairedness in the experimental design,34407972,ccr-2021-34407972-language.md,73,no-literal-match-needs-context-review
ccr-lang-ba94f2b11709e059a55f,leptomeningeal disease,36449664,ccr-2023-36449664-language.md,49,no-literal-match-needs-context-review
ccr-lang-bab440cf7042ea3d4a89,sustained pathway suppression,40465424,ccr-2025-omics-methods-2026-09-23-language.md,330,no-literal-match-needs-context-review
ccr-lang-bad354b381ce6a556c34,ROC-derived Youden index,42752799,ccr-2026-09-19-supplement-language.md,216,no-literal-match-needs-context-review
ccr-lang-bb2b44d67de0ae1ab8fa,myeloid-derived suppressor cells,34407972,ccr-2021-34407972-language.md,57,no-literal-match-needs-context-review
ccr-lang-bb2dd20234bc8c16c53e,fusion-defined population,37265412,ccr-2023-37265412-language.md,49,no-literal-match-needs-context-review
ccr-lang-bb51f018481e00cb61aa,base-excision repair,37725585,ccr-2023-37725585-language.md,51,no-literal-match-needs-context-review
ccr-lang-bb5c74fdb6cb731d9a4a,partial recovery during maintenance,41801128,ccr-2026-09-19-pending15-language.md,562,no-literal-match-needs-context-review
ccr-lang-bb5f9904fd5bf0a0466d,exploratory clinical correlate,39495173,ccr-2025-2026-09-19-intake-language.md,377,no-literal-match-needs-context-review
ccr-lang-bb6c25c5a003218eb2b8,mutation-enrichment analysis with false-discovery-rate control,32709715,ccr-2026-09-14-atm-smarca4-stk11-priority-language.md,53,no-literal-match-needs-context-review
ccr-lang-bb724c793139a412dea0,circulating mutant allele,37279096,ccr-2023-37279096-language.md,51,no-literal-match-needs-context-review
ccr-lang-bb915975e4213f01d18b,tissue-only detection,36201167,ccr-2023-36201167-language.md,70,no-literal-match-needs-context-review
ccr-lang-bbc032d8f957850fdbd9,exon-skipping alteration,39352721,ccr-2024-39352721-language.md,29,no-literal-match-needs-context-review
ccr-lang-bbe88ac033fdd0e42b61,small randomized cohort,36469573,ccr-2023-36469573-language.md,97,no-literal-match-needs-context-review
ccr-lang-bc60fccfad5de93d4e86,resistance-informed sequencing,33685866,ccr-2021-33685866-language.md,85,no-literal-match-needs-context-review
ccr-lang-bc64bc79b5f10e4643d9,complete-case model,41400436,ccr-2026-09-19-batch2-language.md,337,no-literal-match-needs-context-review
ccr-lang-bc84448436b1eaed4be7,historical comparison,36794455,ccr-2023-36794455-language.md,99,no-literal-match-needs-context-review
ccr-lang-bc93aec1aa18cfe942ae,low-abundance circulating tumor DNA,42377115,ccr-2026-42377115-language.md,37,no-literal-match-needs-context-review
ccr-lang-bc9a07387597f547996e,plasma–tissue discordance,36996322,ccr-2023-36996322-language.md,85,no-literal-match-needs-context-review
ccr-lang-bc9fa5a4d22db1ad77b9,adverse survival association,38980931,ccr-2024-38980931-language.md,96,no-literal-match-needs-context-review
ccr-lang-bca2533d20519bc590cb,payload-mediated DNA damage,40208070;40499141;40928991,ccr-2025-immunotherapy-fulltext-language.md,175,no-literal-match-needs-context-review
ccr-lang-bcb0208bc00d397f3ed0,long-term chemoimmunotherapy benefit,38630755,ccr-2024-38630755-language.md,52,no-literal-match-needs-context-review
ccr-lang-bcb046d2b997ca4dc0e9,complementary molecular sampling,40833744,ccr-2026-40833744-language.md,31,no-literal-match-needs-context-review
ccr-lang-bcb0b8c4d078a2c94ac5,baseline-detectable subset,37279096,ccr-2023-37279096-language.md,69,no-literal-match-needs-context-review
ccr-lang-bcb0f51ec367625272bd,cell-coordinate analysis,38127300,ccr-2024-38127300-language.md,39,no-literal-match-needs-context-review
ccr-lang-bcc03e5b2a9816a435af,insufficient follow-up,39495173,ccr-2025-2026-09-19-intake-language.md,378,no-literal-match-needs-context-review
ccr-lang-bcd5eff6c5751ad3fdd7,data-derived cutoff,41537692;41587109;41671081;41805895;41849236;41920765;42008740;42126592;42149140;42189883;42360104;42405849;42440365;42456046;42485106;42489696;42574065,ccr-2026-immunotherapy-fulltext-language.md,331,no-literal-match-needs-context-review
ccr-lang-bcd7da95b6cce3618eb5,inconclusive intracranial activity,34740925,ccr-2022-34740925-language.md,105,no-literal-match-needs-context-review
ccr-lang-bce90807a134192c2b06,assay-dependent detection yield,40704901,ccr-2025-genomics-2026-09-20-language.md,138,no-literal-match-needs-context-review
ccr-lang-bcf175aa67c378d050a9,modestly higher median TMB,33558425,ccr-2021-33558425-language.md,69,no-literal-match-needs-context-review
ccr-lang-bcfb7412d4fa3f3a24df,exact binomial confidence interval,42484497,ccr-2026-42484497-language.md,38,no-literal-match-needs-context-review
ccr-lang-bd31edfa6bc1ec173c4f,post-discontinuation disease control,39466024;39545922;39576208;39786430;39821070;40208070;40247431;40343815;40499141;40552922;40553459;40788282;40828417;40864503;40928991;41026583;41065506,ccr-2025-immunotherapy-fulltext-language.md,104,no-literal-match-needs-context-review
ccr-lang-bd4caa624105c46a96de,cutoff concordance,42752799,ccr-2026-09-19-supplement-language.md,225,no-literal-match-needs-context-review
ccr-lang-bd644e2d2dfe31136aa7,rank-order patients by estimated benefit,42126592;42149140;42360104;42440365;42456046;42485106;42489696,ccr-2026-immunotherapy-fulltext-language.md,238,no-literal-match-needs-context-review
ccr-lang-bd6d5f508d95c56ee200,variant transmission versus penetrance,39400264,ccr-2024-39400264-language.md,68,no-literal-match-needs-context-review
ccr-lang-bd7f90b1959bd0997893,false-discovery-rate-adjusted P value,41649868;41817317;41837748;42148884;42507545,ccr-2026-translational-mechanisms-fulltext-language.md,219,no-literal-match-needs-context-review
ccr-lang-bd89e0a024ca3fecaa86,immune-cell infiltration,41649868;41817317;41837748;42148884;42507545,ccr-2026-translational-mechanisms-fulltext-language.md,86,no-literal-match-needs-context-review
ccr-lang-bd90a6ee01088cff8d4b,cell-surface therapeutic target,39150543,ccr-2024-39150543-language.md,30,no-literal-match-needs-context-review
ccr-lang-bd914f07fb1e8c10587a,planning target volume,40880183,ccr-2025-clinical-2026-09-23-language.md,130,no-literal-match-needs-context-review
ccr-lang-bd9c41251de9f6f08f82,cell-type-specific pathway attenuation,39540841,ccr-2025-omics-methods-2026-09-23-language.md,67,no-literal-match-needs-context-review
ccr-lang-bdc1c81c91add41bda5d,high-power field,35762926,ccr-2022-35762926-language.md,71,no-literal-match-needs-context-review
ccr-lang-bddef3be857f1cb8393b,lack of independent radiological review,35762926,ccr-2022-35762926-language.md,99,no-literal-match-needs-context-review
ccr-lang-bddf43c0438185025da0,allelic heterogeneity,42268349,ccr-2026-09-19-supplement-language.md,622,no-literal-match-needs-context-review
ccr-lang-bdeb8ce34077ae620c81,methylation haplotype proportions,39620930,ccr-2025-genomics-2026-09-20-language.md,606,no-literal-match-needs-context-review
ccr-lang-bdf0b8cb6a26a55c8dd4,paired genomic profiling,39017606,ccr-2024-39017606-language.md,39,no-literal-match-needs-context-review
ccr-lang-bdf786dc81dc34573259,on-target resistance alteration,42360806,ccr-2026-42360806-language.md,61,no-literal-match-needs-context-review
ccr-lang-be16b0c252fdd7a062fe,immune-checkpoint blockade,41417462,ccr-2026-09-19-supplement-language.md,705,no-literal-match-needs-context-review
ccr-lang-be2e1a77b1d50a9c07d2,signature-based deconvolution,33622705,ccr-2021-33622705-language.md,58,no-literal-match-needs-context-review
ccr-lang-be34bd0563d0a9e4c326,parameter-screening experiment,41920765,ccr-2026-immunotherapy-fulltext-language.md,251,no-literal-match-needs-context-review
ccr-lang-be38d97ab2f6b4b816a4,centroid-based classifier,37233991,ccr-2023-37233991-language.md,67,no-literal-match-needs-context-review
ccr-lang-be5050d460a4bf1c3bb8,treatment-related fatal pneumonitis,42658187,ccr-2026-09-19-pending15-language.md,1392,no-literal-match-needs-context-review
ccr-lang-be5a93bec90ce6cc90c1,isotope-labeled peptide standard,40047548,ccr-2025-genomics-2026-09-20-language.md,506,no-literal-match-needs-context-review
ccr-lang-be670885e2f653bcc368,steady-state concentration,34702773,ccr-2022-34702773-language.md,85,no-literal-match-needs-context-review
ccr-lang-bea8da0072c86dfa16a2,context-dependent co-mutation pattern,37733794,ccr-2026-09-14-atm-smarca4-stk11-priority-language.md,245,no-literal-match-needs-context-review
ccr-lang-beceb7ea84635d6c2f9d,age-adjusted Cox model,33323404,ccr-2021-33323404-language.md,81,no-literal-match-needs-context-review
ccr-lang-beecd8b08cf554452c1f,univariable versus adjusted association,33323404,ccr-2021-33323404-language.md,104,no-literal-match-needs-context-review
ccr-lang-bef0f165672978f2530c,matched tumor–normal exome sequencing,37227187,ccr-2023-37227187-language.md,46,no-literal-match-needs-context-review
ccr-lang-befe38df54c300d52af8,neutralizing antibody,41587109;41671081;42574065,ccr-2026-immunotherapy-fulltext-language.md,280,no-literal-match-needs-context-review
ccr-lang-bf064cc65f6d8899e8f7,paired blood sampling,37939140,ccr-2024-37939140-language.md,41,no-literal-match-needs-context-review
ccr-lang-bf2a0969b0ca8884e6a0,ever-detectable ctDNA,42377115,ccr-2026-42377115-language.md,63,no-literal-match-needs-context-review
ccr-lang-bf4b2acbd3b58511840c,timepoint-specific association,37279096,ccr-2023-37279096-language.md,85,no-literal-match-needs-context-review
ccr-lang-bf5085b7518d3ebd354c,counting bead spike-in,35920742,ccr-2022-35920742-language.md,85,no-literal-match-needs-context-review
ccr-lang-bf5b5e88d279fcdf0702,restoration of redox homeostasis,33077574,ccr-2026-09-12-supplement-language.md,51,no-literal-match-needs-context-review
ccr-lang-bf5db12bc1c00200c14f,loss of the original driver alteration,42360806,ccr-2026-42360806-language.md,63,no-literal-match-needs-context-review
ccr-lang-bf966cd66f14f5d25e2f,treatment-specific outcome cohort,37097610,ccr-2026-09-14-atm-smarca4-stk11-priority-language.md,175,no-literal-match-needs-context-review
ccr-lang-bf97397f330b19f45ce0,empirical-distribution multiple imputation,41403154,ccr-2026-41403154-language.md,42,no-literal-match-needs-context-review
ccr-lang-bfb5afc7d011e901452e,false-discovery-rate control,38980931,ccr-2024-38980931-language.md,78,no-literal-match-needs-context-review
ccr-lang-bfd547d89aeebbd61678,transcriptional upregulation,34407972,ccr-2021-34407972-language.md,55,no-literal-match-needs-context-review
ccr-lang-bfd64ac7e27aecc318b4,response-evaluable trial population,42484497,ccr-2026-42484497-language.md,45,no-literal-match-needs-context-review
ccr-lang-bfe47212876cdc689074,functional interpretation of variants,42440358,ccr-2026-42440358-language.md,37,no-literal-match-needs-context-review
ccr-lang-c00751a15daaeee86266,plasma-only genotyping,42001480,ccr-2026-09-19-batch2-language.md,254,no-literal-match-needs-context-review
ccr-lang-c008d977b7825e89c79d,amplicon reconstruction,40299768,ccr-2025-2026-09-19-intake-language.md,429,no-literal-match-needs-context-review
ccr-lang-c029012167e26b67c8b7,functional-variant misclassification,37733794,ccr-2026-09-14-atm-smarca4-stk11-priority-language.md,303,no-literal-match-needs-context-review
ccr-lang-c030f075bc840de75d77,prognostic association,36794455,ccr-2023-36794455-language.md,101,no-literal-match-needs-context-review
ccr-lang-c0357ed1d02f97aacf67,proteomic vulnerability,37725585,ccr-2023-37725585-language.md,53,no-literal-match-needs-context-review
ccr-lang-c04ee23cb82e569dc2e4,prospective biomarker validation,42440358,ccr-2026-42440358-language.md,59,no-literal-match-needs-context-review
ccr-lang-c050e4de356dd6553aeb,prespecified futility boundary,40378060,ccr-2026-09-23-intake-language.md,92,no-literal-match-needs-context-review
ccr-lang-c0634a2955143ce2cadd,glycemic-control uncertainty,37125965,ccr-2023-37125965-language.md,101,no-literal-match-needs-context-review
ccr-lang-c06fb89b44bcc548a81a,exploratory PD-L1 subgroup,41511400,ccr-2026-41511400-language.md,74,no-literal-match-needs-context-review
ccr-lang-c072028768b0a976c559,gene-specific concordance,36201167,ccr-2023-36201167-language.md,60,no-literal-match-needs-context-review
ccr-lang-c0817aae47db6003c758,chemotherapy-refractory disease,39466024;39545922;39576208;39786430;39821070;40208070;40247431;40343815;40499141;40552922;40553459;40788282;40828417;40864503;40928991;41026583;41065506,ccr-2025-immunotherapy-fulltext-language.md,99,no-literal-match-needs-context-review
ccr-lang-c0890d48544d44205025,real-world progression-free survival,37097610,ccr-2026-09-14-atm-smarca4-stk11-priority-language.md,157,no-literal-match-needs-context-review
ccr-lang-c0a87cd128050facfbee,blood–tumor barrier,34702773,ccr-2022-34702773-language.md,53,no-literal-match-needs-context-review
ccr-lang-c0a9edecc4b042f97252,lineage plasticity,39879384,ccr-2025-omics-methods-2026-09-23-language.md,393,no-literal-match-needs-context-review
ccr-lang-c0ac686c86f67e287fa9,distant failure,42207168,ccr-2026-09-19-pending15-language.md,836,no-literal-match-needs-context-review
ccr-lang-c0b9c2d9781e28fa111e,neuroendocrine lineage marker,36692420,ccr-2023-36692420-language.md,52,no-literal-match-needs-context-review
ccr-lang-c0c7abda3d2cc948f325,epithelial-mesenchymal transition score,39545922;39786430;40208070;40247431;40553459;40788282;40828417;40864503;41065506,ccr-2025-immunotherapy-fulltext-language.md,207,no-literal-match-needs-context-review
ccr-lang-c0c7bd62f153b977ec62,informative negative result,38526394,ccr-2024-38526394-language.md,29,no-literal-match-needs-context-review
ccr-lang-c0cd3cdca4d2ad5ff7dd,invasive access requirement,35993913,ccr-2022-35993913-language.md,101,no-literal-match-needs-context-review
ccr-lang-c0d9a9124a402334b244,T-cell receptor repertoire,41701940,ccr-2026-09-19-batch2-language.md,400,no-literal-match-needs-context-review
ccr-lang-c0dd6acfff4a27d737e1,concordant phosphosite changes,39704655,ccr-2025-omics-methods-2026-09-23-language.md,240,no-literal-match-needs-context-review
ccr-lang-c0f845208f69dc9706c5,fusion-spanning reads,35247929,ccr-2022-35247929-language.md,79,no-literal-match-needs-context-review
ccr-lang-c109089320d61a21ac33,relative protein abundance on a log2 scale,39437011,ccr-2025-genomics-2026-09-20-language.md,230,no-literal-match-needs-context-review
ccr-lang-c12a4e35061d3749c1ec,growth-factor withdrawal,41543339,ccr-2026-09-19-pending15-language.md,151,no-literal-match-needs-context-review
ccr-lang-c13f1f956927fdf04771,antigen-dependent cytotoxic activation,35920742,ccr-2022-35920742-language.md,101,no-literal-match-needs-context-review
ccr-lang-c149b95be670449f934e,area under the concentration-response curve,41649868;41817317;41837748;42148884;42507545,ccr-2026-translational-mechanisms-fulltext-language.md,199,no-literal-match-needs-context-review
ccr-lang-c16688dd54cecd20075e,treatment-emergent adverse event,42440354,ccr-2026-09-19-pending15-language.md,1017,no-literal-match-needs-context-review
ccr-lang-c1684e5339cad11341d1,analytical versus clinical sensitivity,42113010,ccr-2026-09-19-pending15-language.md,745,no-literal-match-needs-context-review
ccr-lang-c187cfe1f8ed340e4a84,caspase-3 activation,42013305,ccr-2026-09-19-supplement-language.md,889,no-literal-match-needs-context-review
ccr-lang-c188935aac6a7ecc11aa,proliferating regulatory T cells,37756581,ccr-2023-37756581-language.md,85,no-literal-match-needs-context-review
ccr-lang-c1d941694b6b51764103,noncompartmental pharmacokinetic analysis,35254415,ccr-2022-35254415-language.md,69,no-literal-match-needs-context-review
ccr-lang-c1da60c43705d805a3b5,imbalanced prior-treatment history,35254415,ccr-2022-35254415-language.md,101,no-literal-match-needs-context-review
ccr-lang-c1e3c38198c4df819b59,treatment-discontinuation endpoint,33685865,ccr-2021-33685865-language.md,60,no-literal-match-needs-context-review
ccr-lang-c1e6204f8019bd2b3ed6,border-restricted enrichment,39540841,ccr-2025-omics-methods-2026-09-23-language.md,64,no-literal-match-needs-context-review
ccr-lang-c1f658ea8589a177f08f,mutation-selective activity,36112541,ccr-2023-36112541-language.md,51,no-literal-match-needs-context-review
ccr-lang-c20c2743d7e23f397ec4,discordant molecular response,37249619,ccr-2023-37249619-language.md,85,no-literal-match-needs-context-review
ccr-lang-c20f62e7e7e654476cb6,propensity score for treatment exposure,32709715,ccr-2026-09-14-atm-smarca4-stk11-priority-language.md,55,no-literal-match-needs-context-review
ccr-lang-c21f5b005af81e2f58f9,recommended phase II dose,36378548,ccr-2023-36378548-language.md,65,no-literal-match-needs-context-review
ccr-lang-c23efe749eac14341fe8,exploratory multiplicity,38277235,ccr-2024-38277235-language.md,64,no-literal-match-needs-context-review
ccr-lang-c23fdb3104d56d810f53,redox-homeostasis dependence,33323404,ccr-2021-33323404-language.md,68,no-literal-match-needs-context-review
ccr-lang-c2419b1037713221f24c,intensity-weighted H-score,40260627,ccr-2025-clinical-2026-09-23-language.md,29,no-literal-match-needs-context-review
ccr-lang-c254294ba6ffb79b983a,residual tumor architecture,42456051,ccr-2026-42456051-language.md,39,no-literal-match-needs-context-review
ccr-lang-c25adce736f5b0f2e84b,estimated,41649868;41817317;42507545,ccr-2026-translational-mechanisms-fulltext-language.md,170,no-literal-match-needs-context-review
ccr-lang-c25cf8433a4546a3699e,investigator-assessed confirmed response,42440354,ccr-2026-09-19-pending15-language.md,1004,no-literal-match-needs-context-review
ccr-lang-c26f3941db3104454f45,earlier-than-planned final analysis,42765908,ccr-2026-42765908-language.md,54,no-literal-match-needs-context-review
ccr-lang-c275d79ef2bc7a70ef82,assay-dependent activity,37249619,ccr-2023-37249619-language.md,99,no-literal-match-needs-context-review
ccr-lang-c278d2f1e4c15e18ffd7,tumor-free proportion,41649868;41817317;41837748;42148884;42507545,ccr-2026-translational-mechanisms-fulltext-language.md,202,no-literal-match-needs-context-review
ccr-lang-c27f12ae6b70d60d0303,confirmed response duration,38875108,ccr-2024-38875108-language.md,50,no-literal-match-needs-context-review
ccr-lang-c28d9089226bbf83a3bb,grade-specific pulmonary toxicity,38165684,ccr-2024-38165684-language.md,43,no-literal-match-needs-context-review
ccr-lang-c29c623eb766b029d67d,acquired genomic alteration,36729110,ccr-2023-36729110-language.md,81,no-literal-match-needs-context-review
ccr-lang-c304314833d359c2e87a,biased toward early progressors,34301751,ccr-2021-34301751-language.md,105,no-literal-match-needs-context-review
ccr-lang-c3102de90b23d7e06860,at least one postbaseline assessment,34740925,ccr-2022-34740925-language.md,73,no-literal-match-needs-context-review
ccr-lang-c31161f955b5efe17ad6,compartment-associated localization,39704655,ccr-2025-omics-methods-2026-09-23-language.md,242,no-literal-match-needs-context-review
ccr-lang-c31a557c34eea3e44031,risk-set adjustment for left truncation,41537692;41587109;41671081;41805895;41849236;41920765;42008740;42126592;42149140;42189883;42360104;42405849;42440365;42456046;42485106;42489696;42574065,ccr-2026-immunotherapy-fulltext-language.md,322,no-literal-match-needs-context-review
ccr-lang-c3216d830237e7aa8b93,cumulative distribution separation,41591979,ccr-2026-09-19-pending15-language.md,260,no-literal-match-needs-context-review
ccr-lang-c357856a62557a6ddf2c,real-world overall survival,41870274,ccr-2026-09-19-batch2-language.md,60,no-literal-match-needs-context-review
ccr-lang-c3766594168e3f9f4949,patient-level and variant-level data,35363308,ccr-2022-35363308-language.md,87,no-literal-match-needs-context-review
ccr-lang-c38d9d12cbadcbf5d479,CAR-positive viable cell dose,39466024;39576208;40828417;41026583,ccr-2025-immunotherapy-fulltext-language.md,146,no-literal-match-needs-context-review
ccr-lang-c3cbf3775a7706ffee96,reference-group hazard ratio,36913537,ccr-2023-36913537-language.md,81,no-literal-match-needs-context-review
ccr-lang-c3fe27d7c66ed00357a4,primary immune endpoint,36469573,ccr-2023-36469573-language.md,81,no-literal-match-needs-context-review
ccr-lang-c403d2ad69b8422de1f9,near dose-proportional exposure,41587109;41671081;42574065,ccr-2026-immunotherapy-fulltext-language.md,276,no-literal-match-needs-context-review
ccr-lang-c4448ebb0f3b71d32150,prognostic association,38837903,ccr-2024-38837903-language.md,52,no-literal-match-needs-context-review
ccr-lang-c44cc0e19a3cebba82a0,liquid chromatography-tandem mass spectrometry,40208070,ccr-2025-immunotherapy-fulltext-language.md,215,no-literal-match-needs-context-review
ccr-lang-c4597b360c84b2833bf9,assay discordance,38060240,ccr-2024-38060240-language.md,52,no-literal-match-needs-context-review
ccr-lang-c459c0a073f464cfc2de,error-corrected targeted sequencing,41537692;42440365;42489696,ccr-2026-immunotherapy-fulltext-language.md,171,no-literal-match-needs-context-review
ccr-lang-c45d641d0146c71ce573,region-of-interest quantification,35792882,ccr-2022-35792882-language.md,71,no-literal-match-needs-context-review
ccr-lang-c476affe2d4e7155f51c,assay-limited reversion detection,41563386,ccr-2026-41563386-language.md,88,no-literal-match-needs-context-review
ccr-lang-c48448bb85366253d3ab,variant allele frequency ratio,36729110,ccr-2023-36729110-language.md,67,no-literal-match-needs-context-review
ccr-lang-c4b2d9f491839de7f0a2,clinical sequencing uncertainty,37992307,ccr-2024-37992307-language.md,64,no-literal-match-needs-context-review
ccr-lang-c4c39b87c4db5d5f825b,schedule-dependent tolerability,41563386,ccr-2026-41563386-language.md,72,no-literal-match-needs-context-review
ccr-lang-c50349b5f7730700dce3,complementary EGFR inhibition,42440354,ccr-2026-09-19-pending15-language.md,996,no-literal-match-needs-context-review
ccr-lang-c507bb18158b3dd479e8,insufficient to overcome resistance,35101883,ccr-2022-35101883-language.md,101,no-literal-match-needs-context-review
ccr-lang-c508cebb0f0ade88ab5d,patient-level feature aggregation,42456051,ccr-2026-42456051-language.md,51,no-literal-match-needs-context-review
ccr-lang-c516210c1efc7298ba94,target-dependent accumulation,39841860,ccr-2025-omics-methods-2026-09-23-language.md,153,no-literal-match-needs-context-review
ccr-lang-c51723395fae3bcf1925,receptor heterodimerization,40260627,ccr-2025-clinical-2026-09-23-language.md,22,no-literal-match-needs-context-review
ccr-lang-c5206cf4c25fb5264622,co-mutation-dependent immune signatures,42714874,ccr-2026-09-12-supplement-language.md,191,no-literal-match-needs-context-review
ccr-lang-c52fdc4faa0ec4863242,pre-specified acceptance criteria,33323402,ccr-2021-33323402-language.md,89,no-literal-match-needs-context-review
ccr-lang-c5382108d43c9b5b3f1b,intracranial evaluability,41378983,ccr-2026-09-19-batch2-language.md,123,no-literal-match-needs-context-review
ccr-lang-c5397cc795d42226f7e5,acquired on-target resistance,42440354,ccr-2026-09-19-pending15-language.md,995,no-literal-match-needs-context-review
ccr-lang-c563be9f2e9628a1047a,subset-specific immune effect,36595561,ccr-2023-36595561-language.md,83,no-literal-match-needs-context-review
ccr-lang-c57245e358eebf1c7ba7,within-tumor phenotype heterogeneity,38980931,ccr-2024-38980931-language.md,98,no-literal-match-needs-context-review
ccr-lang-c576bc7d178adf9f3b9a,KRAS-constrained co-mutation landscape,37733794,ccr-2026-09-14-atm-smarca4-stk11-priority-language.md,278,no-literal-match-needs-context-review
ccr-lang-c57e245233a3a302f7a4,tumor-informed assay,42059900,ccr-2026-09-19-supplement-language.md,373,no-literal-match-needs-context-review
ccr-lang-c5a1bc50380d613dd0b9,underrepresented rearrangements,34753780,ccr-2022-34753780-language.md,107,no-literal-match-needs-context-review
ccr-lang-c5ca9716d87213c9f633,tumor-agnostic therapy,35144967,ccr-2022-35144967-language.md,59,no-literal-match-needs-context-review
ccr-lang-c5cdffc76ebf57901f2a,global circulating tumor fraction,40465842,ccr-2025-genomics-2026-09-20-language.md,456,no-literal-match-needs-context-review
ccr-lang-c66049ccfd8d060d4a8a,sustained serial killing,36692420,ccr-2023-36692420-language.md,72,no-literal-match-needs-context-review
ccr-lang-c66619793cb25a3f4c5c,late toxicity outside the escalation window,40880183,ccr-2025-clinical-2026-09-23-language.md,134,no-literal-match-needs-context-review
ccr-lang-c6acb24d7d3be7f30fd5,computational immune deconvolution,42126592;42149140;42360104;42440365;42456046;42485106;42489696,ccr-2026-immunotherapy-fulltext-language.md,220,no-literal-match-needs-context-review
ccr-lang-c6b3548fada6a4effd6c,targeted next-generation sequencing,35767426,ccr-2022-35767426-language.md,77,no-literal-match-needs-context-review
ccr-lang-c6c68aea7985e393b8b9,matched case–control molecular subset,35838647,ccr-2022-35838647-language.md,57,no-literal-match-needs-context-review
ccr-lang-c70586ea0fd41a6e9221,reference-group orientation,39836372,ccr-2025-2026-09-19-intake-language.md,111,no-literal-match-needs-context-review
ccr-lang-c7197477599e956a9e7f,interim analysis with an allocated nominal alpha,42714840,ccr-2026-09-12-supplement-language.md,111,no-literal-match-needs-context-review
ccr-lang-c72548806e5673404a4c,cross-trial comparison,36378548,ccr-2023-36378548-language.md,101,no-literal-match-needs-context-review
ccr-lang-c73183722923f90fc0f4,ChIP-qPCR at the EGFR promoter,39150541,ccr-2024-39150541-language.md,67,no-literal-match-needs-context-review
ccr-lang-c75f9f448903fe845c98,prospective biomarker-by-treatment interaction,37733794,ccr-2026-09-14-atm-smarca4-stk11-priority-language.md,306,no-literal-match-needs-context-review
ccr-lang-c76877ea9dfaa1dd437d,mitotic-state selectivity,42013305,ccr-2026-09-19-supplement-language.md,899,no-literal-match-needs-context-review
ccr-lang-c7722cf2d51d0d2fba57,target depletion,35972732,ccr-2022-35972732-language.md,103,no-literal-match-needs-context-review
ccr-lang-c77b2f860bba088e28f0,assay failure versus molecular discordance,40833744,ccr-2026-40833744-language.md,37,no-literal-match-needs-context-review
ccr-lang-c78883ff21977a0c634c,training-derived cutoff,35727603,ccr-2022-35727603-language.md,89,no-literal-match-needs-context-review
ccr-lang-c793324f77538fd1f2a0,single-arm precision,41894181,ccr-2026-09-19-supplement-language.md,1065,no-literal-match-needs-context-review
ccr-lang-c7a379c3bac8c61cc008,cytotoxic effector function,41945490,ccr-2026-09-19-batch2-language.md,477,no-literal-match-needs-context-review
ccr-lang-c7a3dbcbf54ecad2d61d,immune-cell spatial marker density,37097610,ccr-2026-09-14-atm-smarca4-stk11-priority-language.md,177,no-literal-match-needs-context-review
ccr-lang-c7d1b5ac6e19af4951af,endpoint-dependent combination effect,39879384,ccr-2025-omics-methods-2026-09-23-language.md,419,no-literal-match-needs-context-review
ccr-lang-c8041c7217478ad79f55,available-respondent denominator,41801128,ccr-2026-09-19-pending15-language.md,563,no-literal-match-needs-context-review
ccr-lang-c805c72923e45696416f,live-cell phagocytosis assay,42478960,ccr-2026-09-19-batch2-language.md,540,no-literal-match-needs-context-review
ccr-lang-c80698848a81228b7651,multistage phase II design,39470668,ccr-2025-2026-09-19-intake-language.md,42,no-literal-match-needs-context-review
ccr-lang-c80b39b702685d2ae5d4,nonmutational pathway activation,39804166,ccr-2025-genomics-2026-09-20-language.md,27,no-literal-match-needs-context-review
ccr-lang-c8138533049acc47df49,genotype–phenotype discordance,38980931,ccr-2024-38980931-language.md,61,no-literal-match-needs-context-review
ccr-lang-c81c65f9fde2b95bdbaa,formal sample-size calculation was not performed,41537692;41587109;41671081;41805895;41849236;41920765;42008740;42126592;42149140;42189883;42360104;42405849;42440365;42456046;42485106;42489696;42574065,ccr-2026-immunotherapy-fulltext-language.md,334,no-literal-match-needs-context-review
ccr-lang-c83387b4f6b4b1dd687f,reference-cohort training,37233991,ccr-2023-37233991-language.md,69,no-literal-match-needs-context-review
ccr-lang-c83b8bbff280a5ccaab9,radiographically confirmed response,35144967,ccr-2022-35144967-language.md,75,no-literal-match-needs-context-review
ccr-lang-c84f75b7560ed36af870,antigen-experienced B-cell response,41537692;41805895;41849236;41920765;42008740;42126592;42149140;42189883;42360104;42405849;42440365;42456046;42485106;42489696,ccr-2026-immunotherapy-fulltext-language.md,123,no-literal-match-needs-context-review
ccr-lang-c8923406b853adb66ecc,protein-level association,38723277,ccr-2024-38723277-language.md,52,no-literal-match-needs-context-review
ccr-lang-c8ae9e719845e373c601,antigen-presentation machinery,40932352,ccr-2025-2026-09-19-intake-language.md,292,no-literal-match-needs-context-review
ccr-lang-c8bc1d0761f7dcc300b6,covariate-based dose adjustment,40343815;40499141;40928991,ccr-2025-immunotherapy-fulltext-language.md,290,no-literal-match-needs-context-review
ccr-lang-c8c4460ea382edd1007e,integrated transcriptomic-proteomic pathway analysis,40208070,ccr-2025-immunotherapy-fulltext-language.md,218,no-literal-match-needs-context-review
ccr-lang-c8e13171a4e984fcaf7b,targeted DNA sequencing,41649868;41817317;42507545,ccr-2026-translational-mechanisms-fulltext-language.md,146,no-literal-match-needs-context-review
ccr-lang-c8ef5a9b542647693ec9,mutant-read support,42001480,ccr-2026-09-19-batch2-language.md,267,no-literal-match-needs-context-review
ccr-lang-c90fb5414a0a3c3155bd,prespecified response benchmark,41511400,ccr-2026-41511400-language.md,59,no-literal-match-needs-context-review
ccr-lang-c921affa4e62d388b792,specificity-focused risk stratification,42113010,ccr-2026-09-19-pending15-language.md,725,no-literal-match-needs-context-review
ccr-lang-c924d045eadde356ec2f,tumor-stroma interface,42456051,ccr-2026-42456051-language.md,42,no-literal-match-needs-context-review
ccr-lang-c92c3dc7c6e3a27a9f9d,nonsignificant continuous score,35727603,ccr-2022-35727603-language.md,103,no-literal-match-needs-context-review
ccr-lang-c92ce6cae698cde044d1,blinded independent review committee,37265412,ccr-2023-37265412-language.md,65,no-literal-match-needs-context-review
ccr-lang-c98071b6f53fdd83108b,antidrug antibody titer,41252574,ccr-2026-09-19-batch2-language.md,191,no-literal-match-needs-context-review
ccr-lang-c9904db486f7ece674ca,acquired-resistance prevention hypothesis,40162917,ccr-2025-clinical-2026-09-23-language.md,73,no-literal-match-needs-context-review
ccr-lang-c9938f14d488ea806cea,aneuploidy-informed tumor fraction,40465842,ccr-2025-genomics-2026-09-20-language.md,461,no-literal-match-needs-context-review
ccr-lang-c9aac59b99b4479c31a5,predictive interaction,36806911,ccr-2023-36806911-language.md,101,no-literal-match-needs-context-review
ccr-lang-c9c7a9e38e82645714be,model immune limitations,36165915,ccr-2023-36165915-language.md,101,no-literal-match-needs-context-review
ccr-lang-c9d41a2cd930b7650d77,beta-emitting radionuclide,35046060,ccr-2022-35046060-language.md,61,no-literal-match-needs-context-review
ccr-lang-c9df49df3a45a14fcf14,radiochemical purity and stability,39545922;39821070;40208070;40343815,ccr-2025-immunotherapy-fulltext-language.md,234,no-literal-match-needs-context-review
ccr-lang-c9e18ea35ec1abb57039,numerically favorable but inconclusive estimates,42714874,ccr-2026-09-12-supplement-language.md,188,no-literal-match-needs-context-review
ccr-lang-ca0fa8e1ed5644b4e445,dose-limiting toxicity window,42048384,ccr-2026-09-19-supplement-language.md,50,no-literal-match-needs-context-review
ccr-lang-ca10bf1158a56811ce37,nonrandomized treatment allocation,42207168,ccr-2026-09-19-pending15-language.md,846,no-literal-match-needs-context-review
ccr-lang-ca3a1bef02aef92c37ab,primary-refractory,39466024;39545922;39576208;39786430;39821070;40208070;40247431;40343815;40499141;40552922;40553459;40788282;40828417;40864503;40928991;41026583;41065506,ccr-2025-immunotherapy-fulltext-language.md,102,no-literal-match-needs-context-review
ccr-lang-ca3e1a567c4aeaa6de24,driver-negative residual group,33947695,ccr-2021-33947695-language.md,60,no-literal-match-needs-context-review
ccr-lang-ca6901bdf5ccdda3045a,on-treatment ctDNA decline,38995268,ccr-2024-38995268-language.md,51,no-literal-match-needs-context-review
ccr-lang-ca92900faf6db121da84,temporospatial heterogeneity,40388547,ccr-2025-genomics-2026-09-20-language.md,177,no-literal-match-needs-context-review
ccr-lang-caf6ee342b9aae458d8f,standardized mean difference,35511917,ccr-2022-35511917-language.md,79,no-literal-match-needs-context-review
ccr-lang-cafacf83f4db2bbe692d,stromal regeneration,35972732,ccr-2022-35972732-language.md,123,no-literal-match-needs-context-review
ccr-lang-cb16976e302aba1f82ba,assay detection limit,37279096,ccr-2023-37279096-language.md,67,no-literal-match-needs-context-review
ccr-lang-cb20496e7fab4c8bc682,intracranial implantation,35404402,ccr-2022-35404402-language.md,73,no-literal-match-needs-context-review
ccr-lang-cb44b43b674be62b103c,pharmacodynamic uncertainty,38940666,ccr-2024-38940666-language.md,66,no-literal-match-needs-context-review
ccr-lang-cb4aea68521417ff82a2,regional methylation variability,41591979,ccr-2026-09-19-pending15-language.md,240,no-literal-match-needs-context-review
ccr-lang-cb522baae33001f6f892,informative censoring,35165102,ccr-2022-35165102-language.md,119,no-literal-match-needs-context-review
ccr-lang-cb6fa62a8b48715e1c9c,outcome-optimized expression threshold,38048058,ccr-2024-38048058-language.md,38,no-literal-match-needs-context-review
ccr-lang-cb78c35db60519b78f2d,multimodal tissue profiling,38277235,ccr-2024-38277235-language.md,39,no-literal-match-needs-context-review
ccr-lang-cb99bdfaf69d24edd61f,target-decoy database search,40208070,ccr-2025-immunotherapy-fulltext-language.md,221,no-literal-match-needs-context-review
ccr-lang-cbc2c920ea3ef6ac0999,allele-specific recurrence risk,33593884,ccr-2021-33593884-language.md,48,no-literal-match-needs-context-review
ccr-lang-cbcd59cd13703fe7dd2d,chemotactic gradient,41920765,ccr-2026-immunotherapy-fulltext-language.md,259,no-literal-match-needs-context-review
ccr-lang-cbd6781d8b013ca01277,attenuated invasive capacity,39704655,ccr-2025-omics-methods-2026-09-23-language.md,241,no-literal-match-needs-context-review
ccr-lang-cbd878d2b766da421737,allele-specific copy-number inference,42340371,ccr-2026-42340371-language.md,51,no-literal-match-needs-context-review
ccr-lang-cbe99f6f97beabe98f3e,translational imaging validation,38277241,ccr-2024-38277241-language.md,64,no-literal-match-needs-context-review
ccr-lang-cbeb09576b3e2cada991,protocol amendment,40162917,ccr-2025-clinical-2026-09-23-language.md,77,no-literal-match-needs-context-review
ccr-lang-cc0b7bbf839cc5754889,progressive cohort restriction,35511917,ccr-2022-35511917-language.md,97,no-literal-match-needs-context-review
ccr-lang-cc0f1b04c06e798a867f,stratified log-rank analysis,42714840,ccr-2026-09-12-supplement-language.md,110,no-literal-match-needs-context-review
ccr-lang-cc31516c46b055c94ff2,RNA-sequencing comparison,36165915,ccr-2023-36165915-language.md,69,no-literal-match-needs-context-review
ccr-lang-cc551c6d913526e388c3,complete loss of nuclear expression,32709715,ccr-2026-09-14-atm-smarca4-stk11-priority-language.md,52,no-literal-match-needs-context-review
ccr-lang-cc951ee754d1fde2a338,mean standardized uptake value,39545922;39821070;40208070;40343815,ccr-2025-immunotherapy-fulltext-language.md,237,no-literal-match-needs-context-review
ccr-lang-ccb163f4f5c470863167,GeoMx digital spatial profiling,42440361,ccr-2026-09-19-supplement-language.md,133,no-literal-match-needs-context-review
ccr-lang-ccd1032961c8408bd7c4,undetectable baseline circulating variant signal,40310449,ccr-2025-genomics-2026-09-20-language.md,331,no-literal-match-needs-context-review
ccr-lang-ccdccc333ae8cec36652,tissue spatial configuration,42456051,ccr-2026-42456051-language.md,41,no-literal-match-needs-context-review
ccr-lang-ccdd57895ffe192ae159,radiographic lead time,41400436,ccr-2026-09-19-batch2-language.md,337,no-literal-match-needs-context-review
ccr-lang-ccf817d2c529450e2860,metachronous brain metastases,35404402,ccr-2022-35404402-language.md,97,no-literal-match-needs-context-review
ccr-lang-cd3af095b8a1b24ebade,unique molecular identifier,42113010,ccr-2026-09-19-pending15-language.md,733,no-literal-match-needs-context-review
ccr-lang-cd5ac6cf67e57147e804,tumor-informed panel,41400436,ccr-2026-09-19-batch2-language.md,330,no-literal-match-needs-context-review
ccr-lang-cd6d5af6278e314be21e,intracranial tumor burden,41649868;41817317;41837748;42148884;42507545,ccr-2026-translational-mechanisms-fulltext-language.md,88,no-literal-match-needs-context-review
ccr-lang-cd71dd0e97183290ce50,transcription factor-defined subtypes,35920742,ccr-2022-35920742-language.md,67,no-literal-match-needs-context-review
ccr-lang-cd9289ee4de06ec3d893,assay-specific evaluable population,42307634,ccr-2026-09-19-pending15-language.md,906,no-literal-match-needs-context-review
ccr-lang-cd987fc99cfdaf6d136c,immune-cell positivity rate,40378060,ccr-2026-09-23-intake-language.md,100,no-literal-match-needs-context-review
ccr-lang-cda1415cb1ab4d8196fe,variant nomenclature consistency,36913537,ccr-2023-36913537-language.md,101,no-literal-match-needs-context-review
ccr-lang-cdaeb7324213704e0902,formal power calculation was not performed,41649868;41817317;41837748;42148884;42507545,ccr-2026-translational-mechanisms-fulltext-language.md,239,no-literal-match-needs-context-review
ccr-lang-cdc087b2261139a972a5,relative bioavailability,41587109;41671081;42574065,ccr-2026-immunotherapy-fulltext-language.md,277,no-literal-match-needs-context-review
ccr-lang-cdc8846ce4f5d843f75d,benefit–risk limitation,38940666,ccr-2024-38940666-language.md,65,no-literal-match-needs-context-review
ccr-lang-cdd2f0395df54e6f53e3,persistent activating mutation,42440354,ccr-2026-09-19-pending15-language.md,1029,no-literal-match-needs-context-review
ccr-lang-cdf4b35e7ce0d54cb08d,retained catalytic domain,35247929,ccr-2022-35247929-language.md,97,no-literal-match-needs-context-review
ccr-lang-cdfe3c7022bd8645419a,immunosuppressive metabolite,35254415,ccr-2022-35254415-language.md,53,no-literal-match-needs-context-review
ccr-lang-ce177c4f92fceff03b83,species-aware alignment,39879384,ccr-2025-omics-methods-2026-09-23-language.md,404,no-literal-match-needs-context-review
ccr-lang-ce25909b06563c541630,regulatory T-cell depletion,41817317;41837748;42148884;42507545,ccr-2026-translational-mechanisms-fulltext-language.md,113,no-literal-match-needs-context-review
ccr-lang-ce3019925e8ffb24f3b5,covalent-site dependence,40465424,ccr-2025-omics-methods-2026-09-23-language.md,329,no-literal-match-needs-context-review
ccr-lang-ce73b089d03f27c21540,protein–protein interaction network,42714875,ccr-2026-09-12-supplement-language.md,250,no-literal-match-needs-context-review
ccr-lang-ceac07b37197e97a4a5c,dual-positive subgroup,42377115,ccr-2026-42377115-language.md,61,no-literal-match-needs-context-review
ccr-lang-ced9c7958f6ccf76291c,prospective clinical validation,41591979,ccr-2026-09-19-pending15-language.md,272,no-literal-match-needs-context-review
ccr-lang-ceeead9603b251649cd0,post-neoadjuvant plasma sample,42377115,ccr-2026-42377115-language.md,64,no-literal-match-needs-context-review
ccr-lang-cef0977b3b22e045922a,macrophage-dependent activity,42478960,ccr-2026-09-19-batch2-language.md,548,no-literal-match-needs-context-review
ccr-lang-cf0b0b8258d7bc56d27f,highest-single-agent model,37725585,ccr-2023-37725585-language.md,65,no-literal-match-needs-context-review
ccr-lang-cf237d6052a78f4851a0,variant allele fraction distribution,40388547,ccr-2025-genomics-2026-09-20-language.md,188,no-literal-match-needs-context-review
ccr-lang-cf2726f64c9bbaf0c0e0,pharmacologic pleiotropy,40299768,ccr-2025-2026-09-19-intake-language.md,443,no-literal-match-needs-context-review
ccr-lang-cf463c30df2700d9cd9c,multicenter cohort,39466024;39545922;39576208;39786430;39821070;40208070;40247431;40343815;40499141;40552922;40553459;40788282;40828417;40864503;40928991;41026583;41065506;41537692;41587109;41649868;41671081;41805895;41817317;41837748;41849236;41920765;42008740;42126592;42148884;42149140;42189883;42360104;42405849;42440365;42456046;42485106;42489696;42507545;42574065,ccr-phrase-patterns.md,85,no-literal-match-needs-context-review
ccr-lang-cf46d4203fa5907c8dcd,full-dose rechallenge,41945500,ccr-2026-09-19-supplement-language.md,972,no-literal-match-needs-context-review
ccr-lang-cf59c78f291abf1655d2,recurrent adverse event,41945500,ccr-2026-09-19-supplement-language.md,972,no-literal-match-needs-context-review
ccr-lang-cfaa92ace3aa422cbfda,off-tumor distribution,39841860,ccr-2025-omics-methods-2026-09-23-language.md,154,no-literal-match-needs-context-review
ccr-lang-cfbe6921a1a03aa04468,matched tumor–blood sequencing,39352721,ccr-2024-39352721-language.md,39,no-literal-match-needs-context-review
ccr-lang-cfbfe79ded2e46c4cc5e,RAF-biased signaling,42268349,ccr-2026-09-19-supplement-language.md,622,no-literal-match-needs-context-review
ccr-lang-cfc1ec0584755349a75c,effector-to-regulatory T-cell ratio,42478960,ccr-2026-09-19-batch2-language.md,548,no-literal-match-needs-context-review
ccr-lang-cfca2e718eeeeb3f4a32,prognostic versus predictive biomarker,41945491,ccr-2026-09-19-pending15-language.md,660,no-literal-match-needs-context-review
ccr-lang-cfd848283c8505edf5a9,item response theory,35012927,ccr-2022-35012927-language.md,81,no-literal-match-needs-context-review
ccr-lang-d0158ff8fb2ea89e9ec7,organ-specific permissiveness,39540841,ccr-2025-omics-methods-2026-09-23-language.md,37,no-literal-match-needs-context-review
ccr-lang-d029d3d5952de56fbb93,overall accuracy,37233986,ccr-2023-37233986-language.md,87,no-literal-match-needs-context-review
ccr-lang-d03c8ec028009056f94d,pharmacodynamic readout,41649868;41837748;42148884,ccr-2026-translational-mechanisms-fulltext-language.md,193,no-literal-match-needs-context-review
ccr-lang-d043cb8d9956af746c18,biomarker-evaluable population,42752799,ccr-2026-09-19-supplement-language.md,225,no-literal-match-needs-context-review
ccr-lang-d0473fb27c6078309b01,drug-specific shift in IC50,37733794,ccr-2026-09-14-atm-smarca4-stk11-priority-language.md,287,no-literal-match-needs-context-review
ccr-lang-d053c47b0fe4b5ab2b8b,MHC-I immunopeptidome,40208070,ccr-2025-immunotherapy-fulltext-language.md,229,no-literal-match-needs-context-review
ccr-lang-d0683cfb7e95824a1dae,preclinical activity of [agent] in [model],39466024;39545922;39576208;39786430;39821070;40208070;40247431;40343815;40499141;40552922;40553459;40788282;40828417;40864503;40928991;41026583;41065506;41537692;41587109;41649868;41671081;41805895;41817317;41837748;41849236;41920765;42008740;42126592;42148884;42149140;42189883;42360104;42405849;42440365;42456046;42485106;42489696;42507545;42574065,ccr-phrase-patterns.md,63,no-literal-match-needs-context-review
ccr-lang-d0701841c6f797b9722f,immune checkpoint blockade resistance,42714874,ccr-2026-09-12-supplement-language.md,163,no-literal-match-needs-context-review
ccr-lang-d074a871be5ff523be19,logistic Emax model,40343815;40499141;40928991,ccr-2025-immunotherapy-fulltext-language.md,281,no-literal-match-needs-context-review
ccr-lang-d0b2198b546dace0b2cf,alteration-class-specific association testing,42340371,ccr-2026-42340371-language.md,55,no-literal-match-needs-context-review
ccr-lang-d0bf7dcf457a587f8f41,objective-response enrichment,42752799,ccr-2026-09-19-supplement-language.md,225,no-literal-match-needs-context-review
ccr-lang-d0cce8f45c4d32d8506d,genotoxic therapy,35165102,ccr-2022-35165102-language.md,61,no-literal-match-needs-context-review
ccr-lang-d0d235a9140b3cc223c5,descriptive treatment activity,36201167,ccr-2023-36201167-language.md,74,no-literal-match-needs-context-review
ccr-lang-d1010cc3f53c813d0238,companion-imaging rationale,39841860,ccr-2025-omics-methods-2026-09-23-language.md,131,no-literal-match-needs-context-review
ccr-lang-d1121f8ba8fc58c4156b,more-than-dose-proportional exposure,35254415,ccr-2022-35254415-language.md,83,no-literal-match-needs-context-review
ccr-lang-d113e51de5d7fd2af63c,inverse probability weighting for missingness,39466024;39545922;39576208;39786430;39821070;40208070;40247431;40343815;40499141;40552922;40553459;40788282;40828417;40864503;40928991;41026583;41065506,ccr-2025-immunotherapy-fulltext-language.md,310,no-literal-match-needs-context-review
ccr-lang-d16997578188a9e2f8d5,tumor–stroma interface,38127300,ccr-2024-38127300-language.md,30,no-literal-match-needs-context-review
ccr-lang-d16ba125e72c239e6687,protein–transcript discordance,39078310,ccr-2024-39078310-language.md,51,no-literal-match-needs-context-review
ccr-lang-d1755e481caa144dd879,APC-mediated T-cell priming,41817317;41837748;42148884;42507545,ccr-2026-translational-mechanisms-fulltext-language.md,109,no-literal-match-needs-context-review
ccr-lang-d17f81214d0872306c21,systemic tail-vein infusion,41920765,ccr-2026-immunotherapy-fulltext-language.md,262,no-literal-match-needs-context-review
ccr-lang-d1996f6db569ee6f001c,positive percent agreement,41870274,ccr-2026-09-19-batch2-language.md,51,no-literal-match-needs-context-review
ccr-lang-d19f9a8abfff8e32f6e7,fraction within the positive gate,35920742,ccr-2022-35920742-language.md,103,no-literal-match-needs-context-review
ccr-lang-d1a51598eef576d18f8c,two-stage response design,37233987,ccr-2023-37233987-language.md,65,no-literal-match-needs-context-review
ccr-lang-d1a57323bc22789ba81f,independent-review progression,36971777,ccr-2023-36971777-language.md,85,no-literal-match-needs-context-review
ccr-lang-d1aecc688d9fa19279fb,paired plasma analysis,39017667,ccr-2024-39017667-language.md,40,no-literal-match-needs-context-review
ccr-lang-d1b3a6752fc33e7a925b,limited checkpoint-inhibitor durability,33685865,ccr-2021-33685865-language.md,71,no-literal-match-needs-context-review
ccr-lang-d1b79825b29c7beb42ea,left-truncated survival analysis,33558425,ccr-2021-33558425-language.md,58,no-literal-match-needs-context-review
ccr-lang-d1f3177968418d7b5b71,normalized protein expression values,42714875,ccr-2026-09-12-supplement-language.md,245,no-literal-match-needs-context-review
ccr-lang-d20f9da049ac6ffa343c,treatment-emergent adverse event,34903582,ccr-2022-34903582-language.md,95,no-literal-match-needs-context-review
ccr-lang-d21f25ec9cb8772b845d,tumor-type-adjusted association,37223924,ccr-2023-37223924-language.md,83,no-literal-match-needs-context-review
ccr-lang-d230b56277d694cc3c8d,heterogeneous compositional shifts,40932352,ccr-2025-2026-09-19-intake-language.md,306,no-literal-match-needs-context-review
ccr-lang-d243f8b5e5a8b8664b93,selection-related optimism,39670974,ccr-2025-2026-09-19-intake-language.md,247,no-literal-match-needs-context-review
ccr-lang-d2a7a3dd4a937c370706,informative attrition,35012927,ccr-2022-35012927-language.md,111,no-literal-match-needs-context-review
ccr-lang-d2e43de918305b98e67c,on-target pathway suppression,41649868;42507545,ccr-2026-translational-mechanisms-fulltext-language.md,130,no-literal-match-needs-context-review
ccr-lang-d2e9ce2320d7955d15f1,candidate predictive biomarker,32709715,ccr-2026-09-14-atm-smarca4-stk11-priority-language.md,91,no-literal-match-needs-context-review
ccr-lang-d2ec734e0bb6439b1b28,bifunctional bispecific antibody-drug conjugate,40208070;40499141;40928991,ccr-2025-immunotherapy-fulltext-language.md,169,no-literal-match-needs-context-review
ccr-lang-d2ef83918767e6a4acef,intratumoral gene delivery,40208070;40499141;40928991,ccr-2025-immunotherapy-fulltext-language.md,167,no-literal-match-needs-context-review
ccr-lang-d300be77fd3711b7d69a,competing mortality,41779007,ccr-2026-09-19-pending15-language.md,355,no-literal-match-needs-context-review
ccr-lang-d3018b76735e531118bc,70-day landmark estimand,40261185,ccr-2025-genomics-2026-09-20-language.md,416,no-literal-match-needs-context-review
ccr-lang-d313af6eeae0fd5b032a,retained protein expression,38180245,ccr-2024-38180245-language.md,39,no-literal-match-needs-context-review
ccr-lang-d3388c136cbe00e16d9e,antibody-drug conjugate payload,42658187,ccr-2026-09-19-pending15-language.md,1368,no-literal-match-needs-context-review
ccr-lang-d33e4b5a649075ed942a,matched tumor–normal sequencing,32709715,ccr-2026-09-14-atm-smarca4-stk11-priority-language.md,47,no-literal-match-needs-context-review
ccr-lang-d34845cac7ca343143ea,Wilson confidence interval,34740922,ccr-2022-34740922-language.md,77,no-literal-match-needs-context-review
ccr-lang-d34ceaddf33616d126d0,clinicogenomic repository,37223888,ccr-2023-37223888-language.md,49,no-literal-match-needs-context-review
ccr-lang-d35e6bd514cca29a386a,competing-risk analysis,41649868;41817317;41837748;42148884;42507545,ccr-2026-translational-mechanisms-fulltext-language.md,232,no-literal-match-needs-context-review
ccr-lang-d364e8cb6c8df4861e02,oncogene-associated immunosuppression,36595561,ccr-2023-36595561-language.md,49,no-literal-match-needs-context-review
ccr-lang-d36d219e80e67f202eb3,baseline shedding,38995268,ccr-2024-38995268-language.md,63,no-literal-match-needs-context-review
ccr-lang-d370af97a7c9481d1273,conditional flow-cytometry gate,35792882,ccr-2022-35792882-language.md,73,no-literal-match-needs-context-review
ccr-lang-d382d3bcfaa642f36323,DNA damage response loss-of-function alteration,41563386,ccr-2026-41563386-language.md,52,no-literal-match-needs-context-review
ccr-lang-d3ceff0bdf8f24e2c197,lysosomal trafficking and payload release,40208070;40499141;40928991,ccr-2025-immunotherapy-fulltext-language.md,174,no-literal-match-needs-context-review
ccr-lang-d3e2e1414e0369a070ff,orthogonal specimen source,36201167,ccr-2023-36201167-language.md,50,no-literal-match-needs-context-review
ccr-lang-d3e4c4aeb463b79a8e2d,passenger alteration,41537704,ccr-2026-09-19-pending15-language.md,90,no-literal-match-needs-context-review
ccr-lang-d40012f23e86bf3a158d,window-of-opportunity design,36469573,ccr-2023-36469573-language.md,49,no-literal-match-needs-context-review
ccr-lang-d4411771e7fc1ee57267,tissue-of-origin context,38109210,ccr-2024-38109210-language.md,29,no-literal-match-needs-context-review
ccr-lang-d4603023922fae888b24,mixed-effects growth model,35920742,ccr-2022-35920742-language.md,87,no-literal-match-needs-context-review
ccr-lang-d478531cfe573d5f14bd,co-deletion sensitivity analysis,42599160,ccr-2026-09-19-pending15-language.md,1290,no-literal-match-needs-context-review
ccr-lang-d481ea6b3c7abd7c1818,phospho-to-total protein ratio,41543339,ccr-2026-09-19-pending15-language.md,152,no-literal-match-needs-context-review
ccr-lang-d49c7be5efd522d6f436,multivariable-adjusted hazard ratio,41537692;41587109;41671081;41805895;41849236;41920765;42008740;42126592;42149140;42189883;42360104;42405849;42440365;42456046;42485106;42489696;42574065,ccr-2026-immunotherapy-fulltext-language.md,318,no-literal-match-needs-context-review
ccr-lang-d4bc615775f8323bff94,gene-specific evaluable denominator,42360806,ccr-2026-42360806-language.md,47,no-literal-match-needs-context-review
ccr-lang-d4e73a8fe2d048200ddf,estimate was not calculable,41537692;41587109;41671081;41805895;41849236;41920765;42008740;42126592;42149140;42189883;42360104;42405849;42440365;42456046;42485106;42489696;42574065,ccr-2026-immunotherapy-fulltext-language.md,296,no-literal-match-needs-context-review
ccr-lang-d4f101ba78de26d8ec66,translation-dependent protein regulation,39078310,ccr-2024-39078310-language.md,29,no-literal-match-needs-context-review
ccr-lang-d542dbb36d5d312bb5c9,persistent signaling state,36537918,ccr-2023-36537918-language.md,51,no-literal-match-needs-context-review
ccr-lang-d545d16984e793b33b60,multivariable-adjusted hazard ratio,41649868;41817317;41837748;42148884;42507545,ccr-2026-translational-mechanisms-fulltext-language.md,230,no-literal-match-needs-context-review
ccr-lang-d564647b2650bbdac270,model discrimination,41537692;41587109;41671081;41805895;41849236;41920765;42008740;42126592;42149140;42189883;42360104;42405849;42440365;42456046;42485106;42489696;42574065,ccr-2026-immunotherapy-fulltext-language.md,339,no-literal-match-needs-context-review
ccr-lang-d589c435db36d59b1f7a,prospective clinical-utility validation,42113010,ccr-2026-09-19-pending15-language.md,758,no-literal-match-needs-context-review
ccr-lang-d5912a110849abc17e39,refractory advanced disease,36112541,ccr-2023-36112541-language.md,53,no-literal-match-needs-context-review
ccr-lang-d59b27df38c80c940d16,nonadjacent tumor cores,34686497,ccr-2022-34686497-language.md,69,no-literal-match-needs-context-review
ccr-lang-d59bdd3e6c68ff8af872,molecularly annotated real-world cohort,42268349,ccr-2026-09-19-supplement-language.md,631,no-literal-match-needs-context-review
ccr-lang-d5da187c61e600d4f3dd,hypothesis-generating clinical observation,42599160,ccr-2026-09-19-pending15-language.md,1299,no-literal-match-needs-context-review
ccr-lang-d5debf4df2087cffce62,selective cancer-cell lysis,41920765,ccr-2026-immunotherapy-fulltext-language.md,253,no-literal-match-needs-context-review
ccr-lang-d5df71a3a1e319fcef6d,genotype–transcriptome discordance,33023953,ccr-2021-33023953-language.md,71,no-literal-match-needs-context-review
ccr-lang-d5effb215619ea3421af,covariate-adjusted logistic regression,42714875,ccr-2026-09-12-supplement-language.md,251,no-literal-match-needs-context-review
ccr-lang-d5fa8ad61f3393b85483,amplification prevalence,41870274,ccr-2026-09-19-batch2-language.md,60,no-literal-match-needs-context-review
ccr-lang-d61a7563cbbcbef6565f,phage-display selection,38277241,ccr-2024-38277241-language.md,39,no-literal-match-needs-context-review
ccr-lang-d62fa9437d249e28f6bc,residual false-negative risk,36201167,ccr-2023-36201167-language.md,84,no-literal-match-needs-context-review
ccr-lang-d6464cb3755e6ff36380,cell-cell communication signal,41537692;41805895;41849236;41920765;42008740;42126592;42149140;42189883;42360104;42405849;42440365;42456046;42485106;42489696,ccr-2026-immunotherapy-fulltext-language.md,130,no-literal-match-needs-context-review
ccr-lang-d6574fa5ba5a587937e5,feedback-driven MAPK rebound,42048384,ccr-2026-09-19-supplement-language.md,41,no-literal-match-needs-context-review
ccr-lang-d65f226c8430c3dbae07,design-specific confidence level,38165684,ccr-2024-38165684-language.md,38,no-literal-match-needs-context-review
ccr-lang-d675d939c5cbec38ed27,sensitivity at fixed specificity,41591979,ccr-2026-09-19-pending15-language.md,261,no-literal-match-needs-context-review
ccr-lang-d67b1da5b3b7f40b5a6e,co-mutation-defined heterogeneity,39651955,ccr-2025-clinical-2026-09-23-language.md,175,no-literal-match-needs-context-review
ccr-lang-d6adb511db69cbed389a,off-target sequencing reads,34244291,ccr-2021-34244291-language.md,71,no-literal-match-needs-context-review
ccr-lang-d6e2fd45288d100c2fb4,therapeutic-window constraint,40465424,ccr-2025-omics-methods-2026-09-23-language.md,302,no-literal-match-needs-context-review
ccr-lang-d6e820e94f9d431435fb,acquired resistance mechanism,34753780,ccr-2022-34753780-language.md,57,no-literal-match-needs-context-review
ccr-lang-d6eb2dec60bc77713f32,non-comparative randomized trial,34462287,ccr-2022-34462287-language.md,73,no-literal-match-needs-context-review
ccr-lang-d711826c0a851dedbf1c,biallelic functional inactivation,37097610,ccr-2026-09-14-atm-smarca4-stk11-priority-language.md,136,no-literal-match-needs-context-review
ccr-lang-d71cc4cd13c6c2942e3d,sequential institutional cohort,33685865,ccr-2021-33685865-language.md,57,no-literal-match-needs-context-review
ccr-lang-d730a1bddb0798b34cfa,driver-defined subgroup,41649868;41817317;41837748;42148884;42507545,ccr-2026-translational-mechanisms-fulltext-language.md,77,no-literal-match-needs-context-review
ccr-lang-d768fb757c19b3ee3d4e,phospho-protein immunoblotting,41649868;41837748;42148884,ccr-2026-translational-mechanisms-fulltext-language.md,186,no-literal-match-needs-context-review
ccr-lang-d76e13c282cf6d3e0cdb,antiangiogenic immunomodulation,41894181,ccr-2026-09-19-supplement-language.md,1037,no-literal-match-needs-context-review
ccr-lang-d7965b2369a990734d35,endpoint heterogeneity,35727603,ccr-2022-35727603-language.md,123,no-literal-match-needs-context-review
ccr-lang-d7a9cf1819f5676130be,Dunnett-adjusted comparison with the reference group,41649868;41817317;41837748;42148884;42507545,ccr-2026-translational-mechanisms-fulltext-language.md,220,no-literal-match-needs-context-review
ccr-lang-d7c629461277bbfcdd70,sustained molecular response,37071497,ccr-2023-37071497-language.md,81,no-literal-match-needs-context-review
ccr-lang-d7cc35131826694cb544,MHC-bound ligand peptide,40208070,ccr-2025-immunotherapy-fulltext-language.md,220,no-literal-match-needs-context-review
ccr-lang-d7f6e9b36e23c5cab6a9,histology-based chemotherapy backbone,41537692;41587109;41671081;41805895;41849236;41920765;42008740;42126592;42149140;42189883;42360104;42405849;42440365;42456046;42485106;42489696;42574065,ccr-2026-immunotherapy-fulltext-language.md,95,no-literal-match-needs-context-review
ccr-lang-d7f98ca1936d7a115dca,lasso-penalized regression,42340371,ccr-2026-42340371-language.md,57,no-literal-match-needs-context-review
ccr-lang-d822ff817103dfcac5ef,landmark timepoint,41400436,ccr-2026-09-19-batch2-language.md,330,no-literal-match-needs-context-review
ccr-lang-d859b34998646a57cfbb,analytical limit of quantification,40047548,ccr-2025-genomics-2026-09-20-language.md,507,no-literal-match-needs-context-review
ccr-lang-d8611e67338ddaa35e17,pathologist-annotated region of interest,41805895;42008740;42456046,ccr-2026-immunotherapy-fulltext-language.md,146,no-literal-match-needs-context-review
ccr-lang-d8947f8078f73d8f5763,subtype-enriched co-alteration,39150543,ccr-2024-39150543-language.md,51,no-literal-match-needs-context-review
ccr-lang-d899f5c508322373cd28,G12C-specific enrichment not retained after correction,33593884,ccr-2021-33593884-language.md,73,no-literal-match-needs-context-review
ccr-lang-d8b0c01b62d99bc2b35e,central FISH assessment,36971777,ccr-2023-36971777-language.md,65,no-literal-match-needs-context-review
ccr-lang-d8c16d68c720ec4d7345,primary-versus-resistant-metastatic tissue mismatch,42714874,ccr-2026-09-12-supplement-language.md,202,no-literal-match-needs-context-review
ccr-lang-d8f0d393a435ea110679,bypass pathway activation,41537704,ccr-2026-09-19-pending15-language.md,79,no-literal-match-needs-context-review
ccr-lang-d9422dc96490baf39280,copy-number-adjusted cancer cell fraction,41543339,ccr-2026-09-19-pending15-language.md,148,no-literal-match-needs-context-review
ccr-lang-d94717e61950399bdd25,actionable gene fusion,38060240,ccr-2024-38060240-language.md,29,no-literal-match-needs-context-review
ccr-lang-d970a63b94608981077f,discriminating immune populations,36166003,ccr-2022-36166003-language.md,101,no-literal-match-needs-context-review
ccr-lang-d9c35e758e1cd068fa7e,adjusted significance,37432985,ccr-2023-37432985-language.md,85,no-literal-match-needs-context-review
ccr-lang-d9ce283aac5c99de22eb,prospective treatment-by-biomarker evaluation,32709715,ccr-2026-09-14-atm-smarca4-stk11-priority-language.md,92,no-literal-match-needs-context-review
ccr-lang-d9d3d9790333f97c5fa6,nominal pairwise subgroup contrast,33323404,ccr-2021-33323404-language.md,105,no-literal-match-needs-context-review
ccr-lang-da442c852e41b1134599,multiplex immunofluorescence,41649868;41837748;42148884,ccr-2026-translational-mechanisms-fulltext-language.md,184,no-literal-match-needs-context-review
ccr-lang-da48c31d684266476294,multiplex immunofluorescence,39836372,ccr-2025-2026-09-19-intake-language.md,106,no-literal-match-needs-context-review
ccr-lang-da4da45ab2f753198384,noninferiority evidence,37702716,ccr-2023-37702716-language.md,101,no-literal-match-needs-context-review
ccr-lang-da74660d85f3233812a4,patient-derived xenograft panel,33023953,ccr-2021-33023953-language.md,62,no-literal-match-needs-context-review
ccr-lang-da8751ef56a8cbfbce4d,overlapping subgroup uncertainty intervals,37801329,ccr-2024-37801329-language.md,42,no-literal-match-needs-context-review
ccr-lang-daa2dae95ec6a49ecc14,immune remodeling,36469573,ccr-2023-36469573-language.md,51,no-literal-match-needs-context-review
ccr-lang-daac48bcfd8a81ce8d65,change in variant allele fraction,36449664,ccr-2023-36449664-language.md,81,no-literal-match-needs-context-review
ccr-lang-dab63756a7e3d496c7bf,CD8-positive PD-1-positive cell density,39836372,ccr-2025-2026-09-19-intake-language.md,113,no-literal-match-needs-context-review
ccr-lang-dade0d1bed6b849ce0df,molecular disease monitoring,37071497,ccr-2023-37071497-language.md,53,no-literal-match-needs-context-review
ccr-lang-db08129941bd6744c490,dose-schedule dependence,36602782,ccr-2023-36602782-language.md,99,no-literal-match-needs-context-review
ccr-lang-db1205104a8192a93672,log2 fold change,34921023,ccr-2022-34921023-language.md,87,no-literal-match-needs-context-review
ccr-lang-db298e860f42ddb608cf,newly detected alteration,36449664,ccr-2023-36449664-language.md,83,no-literal-match-needs-context-review
ccr-lang-db2d4d8fc3eb5ddcc95f,extrachromosomal oncogene amplification,40299768,ccr-2025-2026-09-19-intake-language.md,422,no-literal-match-needs-context-review
ccr-lang-db4babdf5f25473946b3,driver-dependence threshold,41556942,ccr-2026-09-19-supplement-language.md,816,no-literal-match-needs-context-review
ccr-lang-db695b900b18284d2e15,terminally exhausted T cell,41537692;41805895;41849236;41920765;42008740;42126592;42149140;42189883;42360104;42405849;42440365;42456046;42485106;42489696,ccr-2026-immunotherapy-fulltext-language.md,118,no-literal-match-needs-context-review
ccr-lang-db73994efba851b3724f,molecular response kinetics,38995268,ccr-2024-38995268-language.md,29,no-literal-match-needs-context-review
ccr-lang-db750db8769dae34527c,confidence interval spanning the null,32709715,ccr-2026-09-14-atm-smarca4-stk11-priority-language.md,75,no-literal-match-needs-context-review
ccr-lang-db850e9641e2a154d863,opposing cross-cohort survival association,38300729,ccr-2024-38300729-language.md,46,no-literal-match-needs-context-review
ccr-lang-db8c8359d951daf5f6ae,feature-selection pipeline,38723277,ccr-2024-38723277-language.md,40,no-literal-match-needs-context-review
ccr-lang-db9f0f8577c62dcb6fe4,within-histology multiplicity correction,42340371,ccr-2026-42340371-language.md,59,no-literal-match-needs-context-review
ccr-lang-dbc911061af5e083a1c3,partition around medoids,41400436,ccr-2026-09-19-batch2-language.md,330,no-literal-match-needs-context-review
ccr-lang-dbeade937b731a83f8e6,clonality assignment,33593884,ccr-2021-33593884-language.md,61,no-literal-match-needs-context-review
ccr-lang-dbf94500b97fa7de3b98,subclonal resistance,41790029,ccr-2026-09-19-pending15-language.md,466,no-literal-match-needs-context-review
ccr-lang-dbfe77feec817434017f,clinical false-positive attribution,39932457,ccr-2025-genomics-2026-09-20-language.md,80,no-literal-match-needs-context-review
ccr-lang-dc1ec28998e14a4c25b2,tumor ploidy-adjusted copy number,41790029,ccr-2026-09-19-pending15-language.md,444,no-literal-match-needs-context-review
ccr-lang-dc427ef66ae5e7df4356,antibody-bridging ELISA,35699599,ccr-2022-35699599-language.md,71,no-literal-match-needs-context-review
ccr-lang-dc47976ec51397ebdaed,line-specific analysis,36913537,ccr-2023-36913537-language.md,69,no-literal-match-needs-context-review
ccr-lang-dc64deb773d200dba697,differentially methylated region,41537692;42440365;42489696,ccr-2026-immunotherapy-fulltext-language.md,184,no-literal-match-needs-context-review
ccr-lang-dcb33d6490c7603b3b88,schedule-dependent tolerability,39470668,ccr-2025-2026-09-19-intake-language.md,55,no-literal-match-needs-context-review
ccr-lang-dcecaae583d8371000e2,treatment-emergent anti-drug antibodies,35699599,ccr-2022-35699599-language.md,75,no-literal-match-needs-context-review
ccr-lang-dcfa389b9c6d7a4de94b,cell-surface target accessibility,38277241,ccr-2024-38277241-language.md,29,no-literal-match-needs-context-review
ccr-lang-dcffbc30a7dde77f6d8d,immunophenotypic characterization,33685865,ccr-2021-33685865-language.md,61,no-literal-match-needs-context-review
ccr-lang-dd02ac29096de74212df,GLP nonhuman-primate toxicology,42007996,ccr-2026-09-19-supplement-language.md,1129,no-literal-match-needs-context-review
ccr-lang-dd0835d6a563d619c57b,treatment-adaptation strategy,41400436,ccr-2026-09-19-batch2-language.md,345,no-literal-match-needs-context-review
ccr-lang-dd1014c9a5072f4e4322,allometric dose scaling,35792882,ccr-2022-35792882-language.md,69,no-literal-match-needs-context-review
ccr-lang-dd15bc891b8728727e77,false-go frequency,36595566,ccr-2023-36595566-language.md,81,no-literal-match-needs-context-review
ccr-lang-dd210a3d1dbd1ccd3af1,CRISPR/Cas9-engineered cell line,41649868;41837748;42148884,ccr-2026-translational-mechanisms-fulltext-language.md,174,no-literal-match-needs-context-review
ccr-lang-dd8ab2d7f76f436d6974,conventional CD4-positive T cell,41817317;41837748;42148884;42507545,ccr-2026-translational-mechanisms-fulltext-language.md,112,no-literal-match-needs-context-review
ccr-lang-dd8d64b55a447af412a7,regimen-specific hazard ratio,36806911,ccr-2023-36806911-language.md,83,no-literal-match-needs-context-review
ccr-lang-ddbe459686c9217ac8ab,Bray-Curtis dissimilarity,41849236,ccr-2026-immunotherapy-fulltext-language.md,200,no-literal-match-needs-context-review
ccr-lang-ddef4cfab9ce3e9b2545,genome-wide ploidy,41870274,ccr-2026-09-19-batch2-language.md,44,no-literal-match-needs-context-review
ccr-lang-de0ab976800f200a2105,three-dimensional tumor spheroid,42007996,ccr-2026-09-19-supplement-language.md,1129,no-literal-match-needs-context-review
ccr-lang-de28e4cbf9ea7a08d8e7,inflamed triple-negative state,38630755,ccr-2024-38630755-language.md,74,no-literal-match-needs-context-review
ccr-lang-de44351773a3d5bb5a1b,confirmatory evidence,37265412,ccr-2023-37265412-language.md,99,no-literal-match-needs-context-review
ccr-lang-de5382c6917909af6149,centered log-ratio normalization,42307634,ccr-2026-09-19-pending15-language.md,908,no-literal-match-needs-context-review
ccr-lang-de55054ee332515423b5,consolidative immunotherapy,34740922,ccr-2022-34740922-language.md,109,no-literal-match-needs-context-review
ccr-lang-de76900874082f19f771,transcriptional phenocopy,38980931,ccr-2024-38980931-language.md,60,no-literal-match-needs-context-review
ccr-lang-de9bab8dd53792f20d84,target-antigen loss,39466024;39576208;40828417;41026583,ccr-2025-immunotherapy-fulltext-language.md,155,no-literal-match-needs-context-review
ccr-lang-de9bf81cdb9aa38b0712,residual pathway activity,41543339,ccr-2026-09-19-pending15-language.md,163,no-literal-match-needs-context-review
ccr-lang-ded8720a4cef62582b3d,genomically matched therapy uptake,42484497,ccr-2026-42484497-language.md,44,no-literal-match-needs-context-review
ccr-lang-dee7515167344f7948f5,proof-of-concept cohort,42207176,ccr-2026-09-19-supplement-language.md,318,no-literal-match-needs-context-review
ccr-lang-def4db0c39f88017f4e2,retinoblastoma-pathway deficiency,42013305,ccr-2026-09-19-supplement-language.md,871,no-literal-match-needs-context-review
ccr-lang-def77795683dc6b389be,neoantigen repertoire and clonality,35767426,ccr-2022-35767426-language.md,113,no-literal-match-needs-context-review
ccr-lang-df03247b6af93ced5d17,nested treatment cohort,41417462,ccr-2026-09-19-supplement-language.md,714,no-literal-match-needs-context-review
ccr-lang-df2c3190c1dfac71e6a8,parent-gated cell frequency,35993913,ccr-2022-35993913-language.md,71,no-literal-match-needs-context-review
ccr-lang-df3b8e5f906fa3d5fec8,systemic inflammatory correlates,39437011,ccr-2025-genomics-2026-09-20-language.md,226,no-literal-match-needs-context-review
ccr-lang-df47ae42f9ff0a42cc35,morphology-based immune context,42456051,ccr-2026-42456051-language.md,82,no-literal-match-needs-context-review
ccr-lang-df63ee2bca51c5c7b8d4,cross-platform subtype preservation,33023953,ccr-2021-33023953-language.md,74,no-literal-match-needs-context-review
ccr-lang-df652054bdbce969d88c,preferential checkpoint targeting,41701940,ccr-2026-09-19-batch2-language.md,394,no-literal-match-needs-context-review
ccr-lang-df78d6a35a7f793de78f,bulk-RNA immune-cell deconvolution,37097610,ccr-2026-09-14-atm-smarca4-stk11-priority-language.md,160,no-literal-match-needs-context-review
ccr-lang-df902c0442671c4caddd,tumor-specific expansion,38456660,ccr-2024-38456660-language.md,42,no-literal-match-needs-context-review
ccr-lang-dfa1e1a2e4253799d33d,intracranial disease burden,39470668,ccr-2025-2026-09-19-intake-language.md,34,no-literal-match-needs-context-review
ccr-lang-dfb2813e4017024d65c1,clinical benefit including stable disease,40932352,ccr-2025-2026-09-19-intake-language.md,304,no-literal-match-needs-context-review
ccr-lang-dfd743d80c9031619869,transwell coculture,41649868;41837748;42148884,ccr-2026-translational-mechanisms-fulltext-language.md,188,no-literal-match-needs-context-review
ccr-lang-dfdde5a7672874aebae8,limited subgroup power,42340371,ccr-2026-42340371-language.md,84,no-literal-match-needs-context-review
ccr-lang-dfeb83fd18f8a8a877c6,post-progression treatment exposure,40162917,ccr-2025-clinical-2026-09-23-language.md,86,no-literal-match-needs-context-review
ccr-lang-dfebc139feb60d693f51,retrospective correlative analysis,41784525,ccr-2026-09-19-supplement-language.md,567,no-literal-match-needs-context-review
ccr-lang-e01f0fc34febfe7630e2,panel-specific gene coverage,42268349,ccr-2026-09-19-supplement-language.md,631,no-literal-match-needs-context-review
ccr-lang-e060d893ceaf999930da,cross-dataset quantile normalization,38180245,ccr-2024-38180245-language.md,35,no-literal-match-needs-context-review
ccr-lang-e0751d543bc00bd07503,orthogonal pathology review,38630790,ccr-2024-38630790-language.md,42,no-literal-match-needs-context-review
ccr-lang-e0863f636e59cc353935,single-sample enrichment score,37223924,ccr-2023-37223924-language.md,69,no-literal-match-needs-context-review
ccr-lang-e0907d3966b9b674ad44,off-target background fluorescence,35792882,ccr-2022-35792882-language.md,55,no-literal-match-needs-context-review
ccr-lang-e09f53a0fe822c3c40f3,unconfirmed response,42440354,ccr-2026-09-19-pending15-language.md,1015,no-literal-match-needs-context-review
ccr-lang-e0b07989b34ef5b32a05,NRG1-rearranged phenotype,33947695,ccr-2021-33947695-language.md,70,no-literal-match-needs-context-review
ccr-lang-e0ef7adfd8f8580900b4,secretome profiling,40208070,ccr-2025-immunotherapy-fulltext-language.md,214,no-literal-match-needs-context-review
ccr-lang-e102db18e90bdcce552a,analyte-evaluable biopsy pairs,35699599,ccr-2022-35699599-language.md,91,no-literal-match-needs-context-review
ccr-lang-e11848c33896235b8384,treatment-refractory small cell lung cancer,39470668,ccr-2025-2026-09-19-intake-language.md,35,no-literal-match-needs-context-review
ccr-lang-e1394e0234d406360dc2,compartment-specific lymphocyte abundance,42714874,ccr-2026-09-12-supplement-language.md,181,no-literal-match-needs-context-review
ccr-lang-e13a9b9863d1ea732ee5,compensatory upregulation,34407972,ccr-2021-34407972-language.md,89,no-literal-match-needs-context-review
ccr-lang-e15390b21a0e3ff85a54,tumor-agnostic detection,41537692;42440365;42489696,ccr-2026-immunotherapy-fulltext-language.md,182,no-literal-match-needs-context-review
ccr-lang-e1845e4caa63d4df426e,"mucinous, proliferative, and mesenchymal state",33023953,ccr-2021-33023953-language.md,70,no-literal-match-needs-context-review
ccr-lang-e1f85d6793c6587f50dc,benefit–risk balance,36951523,ccr-2023-36951523-language.md,99,no-literal-match-needs-context-review
ccr-lang-e205aba00298253345fb,prediagnostic serum,41779007,ccr-2026-09-19-pending15-language.md,339,no-literal-match-needs-context-review
ccr-lang-e22766da4a90ac738a85,purity-normalized variant allele frequency,41403154,ccr-2026-41403154-language.md,43,no-literal-match-needs-context-review
ccr-lang-e237a4597409de85451e,dual-checkpoint blockade,41537692;41805895;41849236;41920765;42008740;42126592;42149140;42189883;42360104;42405849;42440365;42456046;42485106;42489696,ccr-2026-immunotherapy-fulltext-language.md,108,no-literal-match-needs-context-review
ccr-lang-e251f0bef2f52c23ad1a,hotspot-restricted mutation coverage,42377115,ccr-2026-42377115-language.md,40,no-literal-match-needs-context-review
ccr-lang-e26e1d0447fcc96c66ff,micrometastases,35046060,ccr-2022-35046060-language.md,63,no-literal-match-needs-context-review
ccr-lang-e276c35a6ab58f3b0210,null-compatible interval,41779007,ccr-2026-09-19-pending15-language.md,355,no-literal-match-needs-context-review
ccr-lang-e29e2b8ba4bd44f839aa,registry-based cohort,41945500,ccr-2026-09-19-supplement-language.md,963,no-literal-match-needs-context-review
ccr-lang-e2a7beb1f4331b765ba9,eligible-to-treated attrition,39466024;39576208;40828417;41026583,ccr-2025-immunotherapy-fulltext-language.md,143,no-literal-match-needs-context-review
ccr-lang-e2a863a97f1b7185fc42,sustained separation of Kaplan–Meier curves,42714840,ccr-2026-09-12-supplement-language.md,121,no-literal-match-needs-context-review
ccr-lang-e2b3ba15bc427a815a66,toxicity-driven switch,41945500,ccr-2026-09-19-supplement-language.md,972,no-literal-match-needs-context-review
ccr-lang-e2be0bf5148f382bf31a,hypothesis-generating subgroup,41378983,ccr-2026-09-19-batch2-language.md,137,no-literal-match-needs-context-review
ccr-lang-e2d25f2b189ac52af58f,clinicopathologic risk stratification,35838647,ccr-2022-35838647-language.md,47,no-literal-match-needs-context-review
ccr-lang-e2ee445bba8cef951253,isogenic overexpression,37289191,ccr-2023-37289191-language.md,67,no-literal-match-needs-context-review
ccr-lang-e2fd2c776d02db772f3e,whole-transcriptome profiling,33077574,ccr-2026-09-12-supplement-language.md,38,no-literal-match-needs-context-review
ccr-lang-e2fd65788e3ba47918d7,binarized and dilated mask,34686497,ccr-2022-34686497-language.md,67,no-literal-match-needs-context-review
ccr-lang-e31dc66b78118e76d6b6,gene-to-centromere ratio,36971777,ccr-2023-36971777-language.md,67,no-literal-match-needs-context-review
ccr-lang-e3284639d7f819473cf5,paired-sample comparison,41537704,ccr-2026-09-19-pending15-language.md,70,no-literal-match-needs-context-review
ccr-lang-e3339db783c4e2db0e37,left-truncated survival analysis,42599160,ccr-2026-09-19-pending15-language.md,1282,no-literal-match-needs-context-review
ccr-lang-e337f9d4957fd89e26a8,copy-number reduction after nucleotide depletion,40299768,ccr-2025-2026-09-19-intake-language.md,438,no-literal-match-needs-context-review
ccr-lang-e3695ba8e4c37d58ea11,KRAS-wild-type diagnostic gap,33947695,ccr-2021-33947695-language.md,48,no-literal-match-needs-context-review
ccr-lang-e3d6187c4daadda8305f,gene-signature score,42440361,ccr-2026-09-19-supplement-language.md,133,no-literal-match-needs-context-review
ccr-lang-e3e909277473365dbe5a,below the detectable limit,35381070,ccr-2022-35381070-language.md,99,no-literal-match-needs-context-review
ccr-lang-e41eed570e70b995ddb9,evolving molecular actionability,42360806,ccr-2026-42360806-language.md,74,no-literal-match-needs-context-review
ccr-lang-e43138e859f428c2981a,smoking-related mutational exposure,41417462,ccr-2026-09-19-supplement-language.md,705,no-literal-match-needs-context-review
ccr-lang-e4391a485e73c3fa9093,heavily pretreated population,35762926,ccr-2022-35762926-language.md,101,no-literal-match-needs-context-review
ccr-lang-e43f03ccda3901b47977,selection by treatment duration,36913537,ccr-2023-36913537-language.md,97,no-literal-match-needs-context-review
ccr-lang-e45449c420d6b87c8a12,method-dependent heterogeneity estimate,38630755,ccr-2024-38630755-language.md,73,no-literal-match-needs-context-review
ccr-lang-e45e7ead875cca978691,cell-state annotation,41805895;42008740;42456046,ccr-2026-immunotherapy-fulltext-language.md,140,no-literal-match-needs-context-review
ccr-lang-e472ba75d20678700c0a,longitudinal clinical annotation,37223888,ccr-2023-37223888-language.md,53,no-literal-match-needs-context-review
ccr-lang-e494e14d3d19e0e72cfb,linkage disequilibrium blocks,34244291,ccr-2021-34244291-language.md,89,no-literal-match-needs-context-review
ccr-lang-e49bbd20a1beac590558,spatial immune ecology,42440361,ccr-2026-09-19-supplement-language.md,124,no-literal-match-needs-context-review
ccr-lang-e4c3818c30cd3ee6b89a,assay-specific cutoff,36951523,ccr-2023-36951523-language.md,101,no-literal-match-needs-context-review
ccr-lang-e4c930d9a408ca88ea6e,discriminative ability,34244291,ccr-2021-34244291-language.md,85,no-literal-match-needs-context-review
ccr-lang-e4d75fc52fec084580f8,phosphopeptide capture,39704655,ccr-2025-omics-methods-2026-09-23-language.md,228,no-literal-match-needs-context-review
ccr-lang-e4da2b6d8970ec772d10,paired-specimen molecular profiling,36201167,ccr-2023-36201167-language.md,46,no-literal-match-needs-context-review
ccr-lang-e4e16a11ce438e5ee210,taxonomic annotation,41849236,ccr-2026-immunotherapy-fulltext-language.md,197,no-literal-match-needs-context-review
ccr-lang-e4ed80816ae9737b07ca,isotropic resampling,35727603,ccr-2022-35727603-language.md,79,no-literal-match-needs-context-review
ccr-lang-e51c4f3c34a574302ead,constitutive transcription-factor stabilization,33077574,ccr-2026-09-12-supplement-language.md,26,no-literal-match-needs-context-review
ccr-lang-e51ea6401b2b8e828c61,MHC peptide-loading pathway,40299768,ccr-2025-2026-09-19-intake-language.md,436,no-literal-match-needs-context-review
ccr-lang-e5248d4d650c70347715,Schoenfeld-residual assessment,41537692;41587109;41671081;41805895;41849236;41920765;42008740;42126592;42149140;42189883;42360104;42405849;42440365;42456046;42485106;42489696;42574065,ccr-2026-immunotherapy-fulltext-language.md,321,no-literal-match-needs-context-review
ccr-lang-e5287b33b8bdeaa454fc,prevalence-adjusted predictive value,42113010,ccr-2026-09-19-pending15-language.md,748,no-literal-match-needs-context-review
ccr-lang-e534b915c4ba3e042ce4,multiple-comparison adjustment,37432985,ccr-2023-37432985-language.md,69,no-literal-match-needs-context-review
ccr-lang-e5517c5676327f697cdf,quality-control-adjusted denominator,39887260,ccr-2025-genomics-2026-09-20-language.md,285,no-literal-match-needs-context-review
ccr-lang-e583ae9c03f55ac20e4a,paired resistance profiling,36996322,ccr-2023-36996322-language.md,69,no-literal-match-needs-context-review
ccr-lang-e592ebcf02d0eac1e23f,interpatient pharmacokinetic variability,35254415,ccr-2022-35254415-language.md,85,no-literal-match-needs-context-review
ccr-lang-e59de4cf984d1e7159c5,clinical heterogeneity,42599160,ccr-2026-09-19-pending15-language.md,1275,no-literal-match-needs-context-review
ccr-lang-e5aaa78120139712d5a7,PD-L1-high enrichment,42268349,ccr-2026-09-19-supplement-language.md,640,no-literal-match-needs-context-review
ccr-lang-e5b245f7c09fa6fef7e7,biexponential model,36595566,ccr-2023-36595566-language.md,65,no-literal-match-needs-context-review
ccr-lang-e5da115e6e71bca496b1,biopsy-to-resection sampling bias,42307634,ccr-2026-09-19-pending15-language.md,929,no-literal-match-needs-context-review
ccr-lang-e5dffd2a2e46bdab944e,paired solid and liquid biospecimens,39561276,ccr-2025-2026-09-19-intake-language.md,171,no-literal-match-needs-context-review
ccr-lang-e65d5fbe81e3aa7c4083,within-patient meaningful change,41801128,ccr-2026-09-19-pending15-language.md,548,no-literal-match-needs-context-review
ccr-lang-e6883b506617640da0ac,effector-to-target ratio,39466024;39576208;40828417;41026583,ccr-2025-immunotherapy-fulltext-language.md,151,no-literal-match-needs-context-review
ccr-lang-e68ce0cd224dc8b7d72c,neuroendocrine-high state,39150541,ccr-2024-39150541-language.md,55,no-literal-match-needs-context-review
ccr-lang-e68dc5d62129afbd4c24,irregular sampling,37071497,ccr-2023-37071497-language.md,99,no-literal-match-needs-context-review
ccr-lang-e68ed9527dc53adf2183,candidate adjuvant biomarker,42440361,ccr-2026-09-19-supplement-language.md,152,no-literal-match-needs-context-review
ccr-lang-e6ce18f30d79379a623f,model selection by Bayesian information criterion,40343815;40499141;40928991,ccr-2025-immunotherapy-fulltext-language.md,287,no-literal-match-needs-context-review
ccr-lang-e6feff7b50397dafb9dc,overlapping treatment recommendations,42484497,ccr-2026-42484497-language.md,46,no-literal-match-needs-context-review
ccr-lang-e70401529610278efc73,orthogonal experimental support,41649868;41837748;42148884,ccr-2026-translational-mechanisms-fulltext-language.md,194,no-literal-match-needs-context-review
ccr-lang-e73e5193df5a8b3b4b1a,confounding by indication,35767426,ccr-2022-35767426-language.md,109,no-literal-match-needs-context-review
ccr-lang-e75680e52ef70dfb520d,ex vivo colony assay,36537918,ccr-2023-36537918-language.md,65,no-literal-match-needs-context-review
ccr-lang-e778f350035a2bb18e66,locked expression signature,38088895,ccr-2024-38088895-language.md,40,no-literal-match-needs-context-review
ccr-lang-e77a9a2c24f59ffdaf92,early ctDNA decline,41400436,ccr-2026-09-19-batch2-language.md,337,no-literal-match-needs-context-review
ccr-lang-e77c732ae97dc0afd79b,fourth-generation EGFR tyrosine kinase inhibitor,41649868;42507545,ccr-2026-translational-mechanisms-fulltext-language.md,126,no-literal-match-needs-context-review
ccr-lang-e7a55160bdc5c472486a,low-mutational-burden phenotype,33685865,ccr-2021-33685865-language.md,68,no-literal-match-needs-context-review
ccr-lang-e7b1816a54b316f58be5,direct covalent KRAS G12C inhibition,33558425,ccr-2021-33558425-language.md,48,no-literal-match-needs-context-review
ccr-lang-e7c4906e564d05c3bd37,post-recurrence outcomes,35012927,ccr-2022-35012927-language.md,113,no-literal-match-needs-context-review
ccr-lang-e7cd6141b665ad526030,histology-dependent drug activity,42658187,ccr-2026-09-19-pending15-language.md,1372,no-literal-match-needs-context-review
ccr-lang-e7dadbfa624df88f03d0,DNA-damaging chemotherapy,37733794,ccr-2026-09-14-atm-smarca4-stk11-priority-language.md,246,no-literal-match-needs-context-review
ccr-lang-e7e4d2ce98db1f1e5584,untargeted serum metabolomics,41849236,ccr-2026-immunotherapy-fulltext-language.md,205,no-literal-match-needs-context-review
ccr-lang-e7f31ba7ea1f96685888,surgery-anchored survival,36794455,ccr-2023-36794455-language.md,69,no-literal-match-needs-context-review
ccr-lang-e80d1832e59af9ce38a0,central IHC scoring,42752799,ccr-2026-09-19-supplement-language.md,216,no-literal-match-needs-context-review
ccr-lang-e81fcdc136e9b6079908,imprecise later-line estimate,36913537,ccr-2023-36913537-language.md,85,no-literal-match-needs-context-review
ccr-lang-e828a3457fbeca21777f,"on-target, off-tumor toxicity",36692420,ccr-2023-36692420-language.md,50,no-literal-match-needs-context-review
ccr-lang-e8597c2f2bea45c4dc1d,testing-era ascertainment bias,33947695,ccr-2021-33947695-language.md,82,no-literal-match-needs-context-review
ccr-lang-e85e19a90ea25b16f52d,treatment-emergent adverse event,42048384,ccr-2026-09-19-supplement-language.md,59,no-literal-match-needs-context-review
ccr-lang-e865e8ced3baff800549,proof-of-concept diagnostic modeling,41591979,ccr-2026-09-19-pending15-language.md,270,no-literal-match-needs-context-review
ccr-lang-e87b8d4ec4b675f3e7f2,allele-specific KRAS biology,41417462,ccr-2026-09-19-supplement-language.md,705,no-literal-match-needs-context-review
ccr-lang-e8eac8c11d9adae4cad3,surrogate-endpoint validation,38995268,ccr-2024-38995268-language.md,64,no-literal-match-needs-context-review
ccr-lang-e902f2a6d602edc87586,two-tailed P value,41649868;41817317;41837748;42148884;42507545,ccr-2026-translational-mechanisms-fulltext-language.md,218,no-literal-match-needs-context-review
ccr-lang-e907cce1e08808393cdc,polysome fractionation,39078310,ccr-2024-39078310-language.md,39,no-literal-match-needs-context-review
ccr-lang-e91b5025c26459559e5c,syngeneic immunocompetent model,39466024;40208070;40343815;40499141;40828417;41026583,ccr-2025-immunotherapy-fulltext-language.md,264,no-literal-match-needs-context-review
ccr-lang-e91fbdbffc6f9c25b5e7,region-of-interest selection,42440361,ccr-2026-09-19-supplement-language.md,133,no-literal-match-needs-context-review
ccr-lang-e93191f676d589260aa4,selected clinical vignette,37249619,ccr-2023-37249619-language.md,97,no-literal-match-needs-context-review
ccr-lang-e94e9423612acbcce34d,time-dependent covariate,34244291,ccr-2021-34244291-language.md,67,no-literal-match-needs-context-review
ccr-lang-e9672dab2de5ffb99c1d,step-up dosing regimen,41537692;41587109;41671081;41805895;41849236;41920765;42008740;42126592;42149140;42189883;42360104;42405849;42440365;42456046;42485106;42489696;42574065,ccr-2026-immunotherapy-fulltext-language.md,303,no-literal-match-needs-context-review
ccr-lang-e97e1e9daf6b0c40e03b,combination-attribution uncertainty,41563386,ccr-2026-41563386-language.md,89,no-literal-match-needs-context-review
ccr-lang-e988bb14f9e8924d5934,routine diagnostic feasibility,38088895,ccr-2024-38088895-language.md,30,no-literal-match-needs-context-review
ccr-lang-e98d64de701c02423994,Spearman rank correlation,41649868;41817317;41837748;42148884;42507545,ccr-2026-translational-mechanisms-fulltext-language.md,226,no-literal-match-needs-context-review
ccr-lang-e9d5d78209b27e2e97ee,directionally consistent but imprecise estimate,42148883,ccr-2026-42148883-language.md,49,no-literal-match-needs-context-review
ccr-lang-e9f1d029bed1e64dd578,driver-specific attenuation in agreement,36201167,ccr-2023-36201167-language.md,73,no-literal-match-needs-context-review
ccr-lang-e9f8e604a8d851f155b7,Clopper–Pearson exact confidence interval,41961582,ccr-2026-09-23-intake-language.md,37,no-literal-match-needs-context-review
ccr-lang-ea290d6c2bb750fb4e50,risk–benefit assessment,42048384,ccr-2026-09-19-supplement-language.md,69,no-literal-match-needs-context-review
ccr-lang-ea47efe9db9c5301628c,model-dependent immune effect,37992307,ccr-2024-37992307-language.md,63,no-literal-match-needs-context-review
ccr-lang-ea4c13c046ed4927a814,retrotransposon hypomethylation,39620930,ccr-2025-genomics-2026-09-20-language.md,601,no-literal-match-needs-context-review
ccr-lang-ea5138ddbfcee9fd0861,negative primary endpoint,40162917,ccr-2025-clinical-2026-09-23-language.md,84,no-literal-match-needs-context-review
ccr-lang-ea7f4e9c990baf573e30,early biological activity,42207176,ccr-2026-09-19-supplement-language.md,318,no-literal-match-needs-context-review
ccr-lang-eaadf58e12c7fba94691,transcriptional addiction,37382635,ccr-2023-37382635-language.md,49,no-literal-match-needs-context-review
ccr-lang-eacfad58feb549427fbf,myeloproliferative phenotype,36537918,ccr-2023-36537918-language.md,53,no-literal-match-needs-context-review
ccr-lang-ead6332a16c550f7b36b,historical standard-of-care outcome,33685865,ccr-2021-33685865-language.md,48,no-literal-match-needs-context-review
ccr-lang-eae5193faadec90fcccb,multisite ablative radiotherapy,41537692;41587109;41671081;41805895;41849236;41920765;42008740;42126592;42149140;42189883;42360104;42405849;42440365;42456046;42485106;42489696;42574065,ccr-2026-immunotherapy-fulltext-language.md,97,no-literal-match-needs-context-review
ccr-lang-eae66b205730bba98c6e,ATM immunohistochemical expression score,37097610,ccr-2026-09-14-atm-smarca4-stk11-priority-language.md,154,no-literal-match-needs-context-review
ccr-lang-eaf445895a78075f38fb,assay turnaround,41400436,ccr-2026-09-19-batch2-language.md,345,no-literal-match-needs-context-review
ccr-lang-eb1c8b381ee4a8d8ad98,ongoing antitumor immunity,35767426,ccr-2022-35767426-language.md,59,no-literal-match-needs-context-review
ccr-lang-eb5496b43e40e5f263d0,limited Treg expansion,41945490,ccr-2026-09-19-batch2-language.md,477,no-literal-match-needs-context-review
ccr-lang-eb5d4d4e4a3313500729,therapeutic vulnerability,32709715,ccr-2026-09-14-atm-smarca4-stk11-priority-language.md,38,no-literal-match-needs-context-review
ccr-lang-eb5ee046dca0355504d7,nuclear-to-cytoplasmic reporter ratio,42440358,ccr-2026-42440358-language.md,43,no-literal-match-needs-context-review
ccr-lang-eb87af1f12dccc43ee98,diagnosis-anchored follow-up,33323404,ccr-2021-33323404-language.md,79,no-literal-match-needs-context-review
ccr-lang-eb916ad9e01d03e882bf,fibroblast-rich microenvironment,41945491,ccr-2026-09-19-pending15-language.md,651,no-literal-match-needs-context-review
ccr-lang-eb9c0b822fc605d2a466,restricted mutation spectrum,42377115,ccr-2026-42377115-language.md,75,no-literal-match-needs-context-review
ccr-lang-ebb4be15671f7276f13f,no detectable allele-specific survival difference,35091439,ccr-2022-35091439-language.md,89,no-literal-match-needs-context-review
ccr-lang-ebe64f1a8559251d9e4e,molecularly selected population,41649868;41817317;41837748;42148884;42507545,ccr-2026-translational-mechanisms-fulltext-language.md,94,no-literal-match-needs-context-review
ccr-lang-ec0a3edd15ae912ce80a,infusion interruption,35792882,ccr-2022-35792882-language.md,89,no-literal-match-needs-context-review
ccr-lang-ec48a7d71fcda1f2e6f0,context-dependent signaling,35091439,ccr-2022-35091439-language.md,55,no-literal-match-needs-context-review
ccr-lang-ec4a320d04747d15d495,genetic principal components,34244291,ccr-2021-34244291-language.md,73,no-literal-match-needs-context-review
ccr-lang-ec62e7e31675b8854b94,castration-resistant progression,39879384,ccr-2025-omics-methods-2026-09-23-language.md,394,no-literal-match-needs-context-review
ccr-lang-ec7142efdcdfbd80ffdf,unproven clinical combination benefit,36595561,ccr-2023-36595561-language.md,101,no-literal-match-needs-context-review
ccr-lang-ec888a9f61feca610c2d,biomarker-guided de-escalation,37702716,ccr-2023-37702716-language.md,97,no-literal-match-needs-context-review
ccr-lang-ec88b5995f346acb1b39,resampling operating characteristic,36595566,ccr-2023-36595566-language.md,69,no-literal-match-needs-context-review
ccr-lang-ec9c9f5eda1ee5575592,multiplex immunohistochemistry,41784525,ccr-2026-09-19-supplement-language.md,548,no-literal-match-needs-context-review
ccr-lang-ecc4d5172e8595dd858d,preclinical superiority claim,42007996,ccr-2026-09-19-supplement-language.md,1148,no-literal-match-needs-context-review
ccr-lang-eccff3e38608076ec412,lineage plasticity,37223924,ccr-2023-37223924-language.md,51,no-literal-match-needs-context-review
ccr-lang-ecd462633ddd4ed74fb2,T-cell priming and clonal expansion,41537692;41805895;41849236;41920765;42008740;42126592;42149140;42189883;42360104;42405849;42440365;42456046;42485106;42489696,ccr-2026-immunotherapy-fulltext-language.md,121,no-literal-match-needs-context-review
ccr-lang-ecf3fa10ac8d11b1111c,conditional questionnaire branching,41801128,ccr-2026-09-19-pending15-language.md,553,no-literal-match-needs-context-review
ccr-lang-ed562933d7f788a16e3a,omnibus subgroup comparison,37097610,ccr-2026-09-14-atm-smarca4-stk11-priority-language.md,176,no-literal-match-needs-context-review
ccr-lang-ed65a3e740b7374fc8e6,incorporation bias,39545922;39821070;40208070;40343815,ccr-2025-immunotherapy-fulltext-language.md,248,no-literal-match-needs-context-review
ccr-lang-ed7b72d3edb68d1d5420,intratumoral heterogeneity,38995268,ccr-2024-38995268-language.md,30,no-literal-match-needs-context-review
ccr-lang-ed87e0f7eb6479ec0eb5,multiplicity-controlled inference,36951523,ccr-2023-36951523-language.md,97,no-literal-match-needs-context-review
ccr-lang-ed96e7540909556222ad,RSEM-normalized bulk RNA-seq data,42714874,ccr-2026-09-12-supplement-language.md,177,no-literal-match-needs-context-review
ccr-lang-eda8b5228b8541615a75,metastatic-burden–associated detectability,36201167,ccr-2023-36201167-language.md,72,no-literal-match-needs-context-review
ccr-lang-edc34d8c1930ed07a954,niche-derived ligand availability,39879384,ccr-2025-omics-methods-2026-09-23-language.md,395,no-literal-match-needs-context-review
ccr-lang-ee05d7fe2eeb7c96d098,precursor exhausted T cell,41537692;41805895;41849236;41920765;42008740;42126592;42149140;42189883;42360104;42405849;42440365;42456046;42485106;42489696,ccr-2026-immunotherapy-fulltext-language.md,118,no-literal-match-needs-context-review
ccr-lang-ee08eaad1e8bfbfc1661,context-dependent immune effect,41817317;41837748;42148884;42507545,ccr-2026-translational-mechanisms-fulltext-language.md,121,no-literal-match-needs-context-review
ccr-lang-ee218c516a55fb31c3db,limited covariate availability,38980931,ccr-2024-38980931-language.md,114,no-literal-match-needs-context-review
ccr-lang-ee31270c5ae62aa47a93,linear mixed-effects model,42440361,ccr-2026-09-19-supplement-language.md,133,no-literal-match-needs-context-review
ccr-lang-ee33cc26a4a7f444e0a2,effector-to-target ratio,35972732,ccr-2022-35972732-language.md,87,no-literal-match-needs-context-review
ccr-lang-ee4efe530ac9ba350c85,site-related batch effects,35727603,ccr-2022-35727603-language.md,121,no-literal-match-needs-context-review
ccr-lang-ee51b67f9799f35d7ad5,rescue experiment,39466024;40208070;40343815;40499141;40828417;41026583,ccr-2025-immunotherapy-fulltext-language.md,270,no-literal-match-needs-context-review
ccr-lang-ee62fc0484cae54d8386,tumor-to-background ratio,39545922;39821070;40208070;40343815,ccr-2025-immunotherapy-fulltext-language.md,236,no-literal-match-needs-context-review
ccr-lang-ee6c1d4418bade4f2b5f,amplification architecture,42340371,ccr-2026-42340371-language.md,40,no-literal-match-needs-context-review
ccr-lang-eeb56798b6e4259a2382,T-cell reinvigoration,39466024;39545922;39576208;39786430;39821070;40208070;40247431;40343815;40499141;40552922;40553459;40788282;40828417;40864503;40928991;41026583;41065506,ccr-2025-immunotherapy-fulltext-language.md,125,no-literal-match-needs-context-review
ccr-lang-eebab695cf0fcc4a148c,data maturity,34740925,ccr-2022-34740925-language.md,89,no-literal-match-needs-context-review
ccr-lang-eec82501d4d45b6a1eef,Aalen–Johansen cumulative incidence,42207168,ccr-2026-09-19-pending15-language.md,823,no-literal-match-needs-context-review
ccr-lang-eecc3e21f85dac9159cd,small-cohort uncertainty,41894181,ccr-2026-09-19-supplement-language.md,1065,no-literal-match-needs-context-review
ccr-lang-eedcc99b359dd4574e1e,in-silico immune deconvolution,35394499,ccr-2022-35394499-language.md,67,no-literal-match-needs-context-review
ccr-lang-ef004d2d91a9064041df,synthetic vulnerability,42013305,ccr-2026-09-19-supplement-language.md,871,no-literal-match-needs-context-review
ccr-lang-ef0747b03f96bd6ef365,retained type II inhibitor potency,33685866,ccr-2021-33685866-language.md,74,no-literal-match-needs-context-review
ccr-lang-ef1ba5ac9d96279e0c89,unconfirmed progression,37233986,ccr-2023-37233986-language.md,89,no-literal-match-needs-context-review
ccr-lang-ef29cd586cf3445a819f,paired tumor sequencing,36729110,ccr-2023-36729110-language.md,65,no-literal-match-needs-context-review
ccr-lang-ef58a7021e992288b443,oncoplot of co-occurring alterations,39651955,ccr-2025-clinical-2026-09-23-language.md,187,no-literal-match-needs-context-review
ccr-lang-ef94878becf770acc98d,membrane expression,34426443,ccr-2021-34426443-language.md,57,no-literal-match-needs-context-review
ccr-lang-efbf9c886a441e8afd45,emergent bypass alterations,42440354,ccr-2026-09-19-pending15-language.md,1019,no-literal-match-needs-context-review
ccr-lang-efccd0b7f6f47181c409,assay-specific validation cohort,41403154,ccr-2026-41403154-language.md,50,no-literal-match-needs-context-review
ccr-lang-efe69739efd987ba2d0a,Monte Carlo resampling,42126592;42149140;42360104;42440365;42456046;42485106;42489696,ccr-2026-immunotherapy-fulltext-language.md,226,no-literal-match-needs-context-review
ccr-lang-efeacb494decc754e2d1,noncanonical breakpoint,34753780,ccr-2022-34753780-language.md,91,no-literal-match-needs-context-review
ccr-lang-efeff22fef0e03d83be6,early trial termination,38940666,ccr-2024-38940666-language.md,54,no-literal-match-needs-context-review
ccr-lang-eff29abff2c8790ab9d2,phosphorylation assay,36602782,ccr-2023-36602782-language.md,69,no-literal-match-needs-context-review
ccr-lang-f004ab1a431ece569fa6,numerically longer duration of response,40310449,ccr-2025-genomics-2026-09-20-language.md,332,no-literal-match-needs-context-review
ccr-lang-f025fd93ffc493085372,lineage-tracing limitation,36469573,ccr-2023-36469573-language.md,101,no-literal-match-needs-context-review
ccr-lang-f031b2ee17f9a4fb049c,temporal alignment,37233986,ccr-2023-37233986-language.md,65,no-literal-match-needs-context-review
ccr-lang-f0591b7febed0a178fc6,consolidative thoracic radiotherapy,40880183,ccr-2025-clinical-2026-09-23-language.md,123,no-literal-match-needs-context-review
ccr-lang-f06dfcb2b47598d14163,cell-fate imaging,42013305,ccr-2026-09-19-supplement-language.md,880,no-literal-match-needs-context-review
ccr-lang-f076bc93a58aa5821350,deconvolved,41649868;41817317;42507545,ccr-2026-translational-mechanisms-fulltext-language.md,170,no-literal-match-needs-context-review
ccr-lang-f07cc78d57ba12eec92b,cross-cohort validation,42440361,ccr-2026-09-19-supplement-language.md,152,no-literal-match-needs-context-review
ccr-lang-f0af8fd66c16e3696290,acquired copy-number amplification,42446521,ccr-2026-09-19-pending15-language.md,1105,no-literal-match-needs-context-review
ccr-lang-f0b680835061c1962581,fusion-defined carcinoma,40704901,ccr-2025-genomics-2026-09-20-language.md,127,no-literal-match-needs-context-review
ccr-lang-f0c501b6c8af2a385add,molecular subgroup,37233987,ccr-2023-37233987-language.md,53,no-literal-match-needs-context-review
ccr-lang-f0ed03dc10baa866a261,pharmacokinetic exposure,41649868;41837748;42148884,ccr-2026-translational-mechanisms-fulltext-language.md,192,no-literal-match-needs-context-review
ccr-lang-f119866d3f261bc5cda1,drug-tolerant persister cell,39466024;40208070;40343815;40499141;40828417;41026583,ccr-2025-immunotherapy-fulltext-language.md,267,no-literal-match-needs-context-review
ccr-lang-f1397fcec7a041fa9bba,assay-specific drug exposure,33323404,ccr-2021-33323404-language.md,89,no-literal-match-needs-context-review
ccr-lang-f182075fd2acf3882ae1,schedule-dependent treatment interaction,40162917,ccr-2025-clinical-2026-09-23-language.md,72,no-literal-match-needs-context-review
ccr-lang-f18f846c2c2722e22c78,paired CyTOF specimens,36255391,ccr-2023-36255391-language.md,67,no-literal-match-needs-context-review
ccr-lang-f194583343f04657b04a,overlapping hematologic toxicity,42765908,ccr-2026-42765908-language.md,41,no-literal-match-needs-context-review
ccr-lang-f194d0f24ecc4d90d678,shared and subgroup-restricted selection signals,38980931,ccr-2024-38980931-language.md,97,no-literal-match-needs-context-review
ccr-lang-f1d6a13ac3d55d012785,left-truncated overall survival,33685865,ccr-2021-33685865-language.md,59,no-literal-match-needs-context-review
ccr-lang-f20151bee53851460f72,immune-cell redistribution between blood and tumor,39466024;39545922;39576208;39786430;39821070;40208070;40247431;40343815;40499141;40552922;40553459;40788282;40828417;40864503;40928991;41026583;41065506,ccr-2025-immunotherapy-fulltext-language.md,135,no-literal-match-needs-context-review
ccr-lang-f201ff5ac0256a2ca4e4,orthotopic intracranial xenograft,41649868;41837748;42148884,ccr-2026-translational-mechanisms-fulltext-language.md,180,no-literal-match-needs-context-review
ccr-lang-f210d845d6d54c60da09,toxicity-related discontinuation,37233987,ccr-2023-37233987-language.md,83,no-literal-match-needs-context-review
ccr-lang-f233e16ba8141e734ee7,candidate early endpoint,40261185,ccr-2025-genomics-2026-09-20-language.md,411,no-literal-match-needs-context-review
ccr-lang-f23eff77d59a97aab662,body-weight trajectory,41649868;41817317;41837748;42148884;42507545,ccr-2026-translational-mechanisms-fulltext-language.md,210,no-literal-match-needs-context-review
ccr-lang-f24051033e2262699bd7,functional insufficiency,42599160,ccr-2026-09-19-pending15-language.md,1299,no-literal-match-needs-context-review
ccr-lang-f2876e3e5c7ac5c88ae7,nonrandomized comparison,38456660,ccr-2024-38456660-language.md,65,no-literal-match-needs-context-review
ccr-lang-f29fd3f2cef67671b772,stratified log-rank test,35980349,ccr-2022-35980349-language.md,67,no-literal-match-needs-context-review
ccr-lang-f2b77153502c852e6e88,competitive uptake blocking,35972732,ccr-2022-35972732-language.md,79,no-literal-match-needs-context-review
ccr-lang-f2cef4df541b225bf6e0,subgroup analysis with limited power,41649868;41817317;41837748;42148884;42507545,ccr-2026-translational-mechanisms-fulltext-language.md,237,no-literal-match-needs-context-review
ccr-lang-f2d29c7b11927add9cb2,baseline ceiling effect,41801128,ccr-2026-09-19-pending15-language.md,571,no-literal-match-needs-context-review
ccr-lang-f30763c89f01bc43b898,treatment-line-restricted comparison,42360806,ccr-2026-42360806-language.md,51,no-literal-match-needs-context-review
ccr-lang-f34672fbf0839b065d09,training-set median,42207168,ccr-2026-09-19-pending15-language.md,828,no-literal-match-needs-context-review
ccr-lang-f35cb6dde6fb22172e98,low-shedding tumors,35713632,ccr-2022-35713632-language.md,103,no-literal-match-needs-context-review
ccr-lang-f35f409c54e7b8b7cc6c,lineage-specific interpretation,41870274,ccr-2026-09-19-batch2-language.md,70,no-literal-match-needs-context-review
ccr-lang-f3625e9cf8251527fd51,four-parameter log-logistic function,35165102,ccr-2022-35165102-language.md,77,no-literal-match-needs-context-review
ccr-lang-f362a5cb95d86302fa19,largely overlapping confidence intervals,34789481,ccr-2022-34789481-language.md,95,no-literal-match-needs-context-review
ccr-lang-f36f6b370247497c6a7c,time to first subsequent treatment or death,42714840,ccr-2026-09-12-supplement-language.md,106,no-literal-match-needs-context-review
ccr-lang-f3766b235d713aef1a71,double-edged effect,41817317;41837748;42148884;42507545,ccr-2026-translational-mechanisms-fulltext-language.md,121,no-literal-match-needs-context-review
ccr-lang-f37fc56b38e9a45bf591,purity-aware clonality inference,38300729,ccr-2024-38300729-language.md,38,no-literal-match-needs-context-review
ccr-lang-f3a1b58e069538315d53,Kaplan–Meier estimate,42507540,ccr-2026-09-19-supplement-language.md,465,no-literal-match-needs-context-review
ccr-lang-f3b0fc50ffdea9623f74,therapeutic-window limitation,36537918,ccr-2023-36537918-language.md,99,no-literal-match-needs-context-review
ccr-lang-f3bad8cdd19882df15ee,resistance-associated alteration,41649868;41817317;41837748;42148884;42507545,ccr-2026-translational-mechanisms-fulltext-language.md,93,no-literal-match-needs-context-review
ccr-lang-f3f1c895741f84263f46,population-dependent predictive value,42113010,ccr-2026-09-19-pending15-language.md,757,no-literal-match-needs-context-review
ccr-lang-f410c03e4c97a3a8f8ea,dropped below the level of detection,35713632,ccr-2022-35713632-language.md,85,no-literal-match-needs-context-review
ccr-lang-f4455c2d7fe59d3bd11f,allele-specific copy-number profiling,38630790,ccr-2024-38630790-language.md,41,no-literal-match-needs-context-review
ccr-lang-f45d8d116053ba2a2c51,FDR-controlled gene-set enrichment,38630755,ccr-2024-38630755-language.md,63,no-literal-match-needs-context-review
ccr-lang-f47863baccbe6122151a,discordant response and survival findings,37233991,ccr-2023-37233991-language.md,85,no-literal-match-needs-context-review
ccr-lang-f4a1d12b81e805de7098,contiguous-locus codeletion,42148883,ccr-2026-42148883-language.md,35,no-literal-match-needs-context-review
ccr-lang-f4ab3dc229f6fc20486b,wide confidence interval,41537692;41587109;41671081;41805895;41849236;41920765;42008740;42126592;42149140;42189883;42360104;42405849;42440365;42456046;42485106;42489696;42574065,ccr-2026-immunotherapy-fulltext-language.md,333,no-literal-match-needs-context-review
ccr-lang-f4adfca5c09a91bcc580,activated T-cell compartment,41701940,ccr-2026-09-19-batch2-language.md,394,no-literal-match-needs-context-review
ccr-lang-f4f010d5ad47a4ee620f,clinicogenomic treatment cohort,37733794,ccr-2026-09-14-atm-smarca4-stk11-priority-language.md,263,no-literal-match-needs-context-review
ccr-lang-f504521995d3621e26b4,low-abundance imputation,39704655,ccr-2025-omics-methods-2026-09-23-language.md,231,no-literal-match-needs-context-review
ccr-lang-f5055f117aeb78f72c4f,prespecified primary endpoint,39466024;39545922;39576208;39786430;39821070;40208070;40247431;40343815;40499141;40552922;40553459;40788282;40828417;40864503;40928991;41026583;41065506;41537692;41587109;41649868;41671081;41805895;41817317;41837748;41849236;41920765;42008740;42126592;42148884;42149140;42189883;42360104;42405849;42440365;42456046;42485106;42489696;42507545;42574065,ccr-phrase-patterns.md,85,no-literal-match-needs-context-review
ccr-lang-f5150976f3158ea6695e,discordant RNA and surface protein,39150543,ccr-2024-39150543-language.md,52,no-literal-match-needs-context-review
ccr-lang-f51b49ce2b1ef2fa0e1a,systems-based approach,35363308,ccr-2022-35363308-language.md,107,no-literal-match-needs-context-review
ccr-lang-f53a59599901425382ec,selection by failure mechanism,41945500,ccr-2026-09-19-supplement-language.md,982,no-literal-match-needs-context-review
ccr-lang-f5448707b8465c0d8480,independent review committee assessment,41961582,ccr-2026-09-23-intake-language.md,36,no-literal-match-needs-context-review
ccr-lang-f54d90f80a9a380dd7f5,immune infiltration was observed,39545922;39786430;40208070;40247431;40553459;40788282;40828417;40864503;41065506,ccr-2025-immunotherapy-fulltext-language.md,209,no-literal-match-needs-context-review
ccr-lang-f56a1227fb604a0a36e8,threshold-dependent net benefit,41403154,ccr-2026-41403154-language.md,49,no-literal-match-needs-context-review
ccr-lang-f5ac351e51a2fd3227f7,dose-responsive suppression of phosphorylation,41649868;42507545,ccr-2026-translational-mechanisms-fulltext-language.md,132,no-literal-match-needs-context-review
ccr-lang-f5d42b61e0199ead289e,independent cohort validation,38837903,ccr-2024-38837903-language.md,40,no-literal-match-needs-context-review
ccr-lang-f5fff976c9419b7ffba9,noncompetitive antibody binding,35511938,ccr-2022-35511938-language.md,67,no-literal-match-needs-context-review
ccr-lang-f60a8ad5830a624e1abd,insufficient survival maturity,42765908,ccr-2026-42765908-language.md,56,no-literal-match-needs-context-review
ccr-lang-f65599ee7e5a3bf874f1,left-truncated survival analysis,32709715,ccr-2026-09-14-atm-smarca4-stk11-priority-language.md,54,no-literal-match-needs-context-review
ccr-lang-f658c50a191b4f60588f,antibody imaging probe,38277241,ccr-2024-38277241-language.md,30,no-literal-match-needs-context-review
ccr-lang-f65a9b2ad669c495ecc0,attenuated pathway phosphorylation,39879384,ccr-2025-omics-methods-2026-09-23-language.md,418,no-literal-match-needs-context-review
ccr-lang-f65dbbda8c6be54501a8,longer progression-free survival,35762926,ccr-2022-35762926-language.md,87,no-literal-match-needs-context-review
ccr-lang-f67649f876d2a2b7da8d,paired CSF sampling,36449664,ccr-2023-36449664-language.md,65,no-literal-match-needs-context-review
ccr-lang-f67c27d4ae2ba1ff3e03,real-world progression endpoint,36913537,ccr-2023-36913537-language.md,83,no-literal-match-needs-context-review
ccr-lang-f6d5839c6adc5644bf80,patient-level pseudobulk,41945490,ccr-2026-09-19-batch2-language.md,469,no-literal-match-needs-context-review
ccr-lang-f6d5fcdcdf8a97e3767c,tumor growth inhibition (TGI),41649868;41817317;41837748;42148884;42507545,ccr-2026-translational-mechanisms-fulltext-language.md,200,no-literal-match-needs-context-review
ccr-lang-f6f4a54d599674a8f717,site-specific error rate,41400436,ccr-2026-09-19-batch2-language.md,330,no-literal-match-needs-context-review
ccr-lang-f71537e486d75c8259d8,tumor-derived matrix deposition,39540841,ccr-2025-omics-methods-2026-09-23-language.md,66,no-literal-match-needs-context-review
ccr-lang-f72300522f8471044cab,selection-related optimism,37233986,ccr-2023-37233986-language.md,105,no-literal-match-needs-context-review
ccr-lang-f732af625fc25a69f09c,half-maximal inhibitory concentration,33685866,ccr-2021-33685866-language.md,63,no-literal-match-needs-context-review
ccr-lang-f73fb079803e24b07af5,preplanned subgroup analysis,36971777,ccr-2023-36971777-language.md,69,no-literal-match-needs-context-review
ccr-lang-f74bcaa6b3b4c9e1ad36,poststudy therapy,36971777,ccr-2023-36971777-language.md,89,no-literal-match-needs-context-review
ccr-lang-f766daf80e37f158b770,imperfect reference standard,39561276,ccr-2025-2026-09-19-intake-language.md,185,no-literal-match-needs-context-review
ccr-lang-f789c0b02fa863a0e305,homozygous deletion,42599160,ccr-2026-09-19-pending15-language.md,1282,no-literal-match-needs-context-review
ccr-lang-f7d386424e888d36b35e,average concentration over the first treatment cycle,40343815;40499141;40928991,ccr-2025-immunotherapy-fulltext-language.md,279,no-literal-match-needs-context-review
ccr-lang-f801f3279d40bc73c951,ligand-mediated suppression of lymphocyte activation,40378060,ccr-2026-09-23-intake-language.md,86,no-literal-match-needs-context-review
ccr-lang-f80aa6a40c5e830e2822,anti-CAR immune response,39466024;39576208;40828417;41026583,ccr-2025-immunotherapy-fulltext-language.md,159,no-literal-match-needs-context-review
ccr-lang-f8110072bcaedb620e03,central-review response,37249619,ccr-2023-37249619-language.md,83,no-literal-match-needs-context-review
ccr-lang-f8150ee72795de6628cd,baseline-to-postbaseline laboratory change,37022784,ccr-2023-37022784-language.md,85,no-literal-match-needs-context-review
ccr-lang-f82a894b8f08cff89385,payload-bearing antibody conjugate,40047548,ccr-2025-genomics-2026-09-20-language.md,500,no-literal-match-needs-context-review
ccr-lang-f83ad9d662161fd88d92,spatial deconvolution,41805895;42008740;42456046,ccr-2026-immunotherapy-fulltext-language.md,148,no-literal-match-needs-context-review
ccr-lang-f855190efbe1a839d6dd,cross-reactive safety model,36692420,ccr-2023-36692420-language.md,63,no-literal-match-needs-context-review
ccr-lang-f87b657f4f527e48ecf8,sustained target engagement,41701940,ccr-2026-09-19-batch2-language.md,407,no-literal-match-needs-context-review
ccr-lang-f88c54a99804b388e804,proof-of-principle surgical study,35792882,ccr-2022-35792882-language.md,101,no-literal-match-needs-context-review
ccr-lang-f8a3b9cffee0e9df77e5,antioxidant-response program,38980931,ccr-2024-38980931-language.md,62,no-literal-match-needs-context-review
ccr-lang-f8ce9f12c321d1234675,null DNA-damage-marker comparison,37725585,ccr-2023-37725585-language.md,85,no-literal-match-needs-context-review
ccr-lang-f8dd98a9216122a5467e,consecutive tissue sections,35852792,ccr-2022-35852792-language.md,75,no-literal-match-needs-context-review
ccr-lang-f8fcb1552e6fa0e65107,hybrid-capture comprehensive genomic profiling,39545922;39786430;40208070;40247431;40553459;40788282;40828417;40864503;41065506,ccr-2025-immunotherapy-fulltext-language.md,202,no-literal-match-needs-context-review
ccr-lang-f903b57e6a6fc1660f5e,bypass signaling,36729110,ccr-2023-36729110-language.md,51,no-literal-match-needs-context-review
ccr-lang-f91af173bfc01c421708,weak explanatory fit,37125965,ccr-2023-37125965-language.md,85,no-literal-match-needs-context-review
ccr-lang-f927fdb82445773a6dd3,allelic imbalance,38630790,ccr-2024-38630790-language.md,32,no-literal-match-needs-context-review
ccr-lang-f953343df8af7385748f,training-only feature selection,42113010,ccr-2026-09-19-pending15-language.md,737,no-literal-match-needs-context-review
ccr-lang-f968100723bd4641dcd8,post-treatment selection bias,42456051,ccr-2026-42456051-language.md,80,no-literal-match-needs-context-review
ccr-lang-f96c5d3e81e6446720e1,lineage-state heterogeneity,39150543,ccr-2024-39150543-language.md,29,no-literal-match-needs-context-review
ccr-lang-f96cf53e683646e4b548,multiplex proximity extension assay,42714875,ccr-2026-09-12-supplement-language.md,244,no-literal-match-needs-context-review
ccr-lang-f982cf06c7f107057456,prespecified response benchmark,42578969,ccr-2026-09-19-pending15-language.md,1191,no-literal-match-needs-context-review
ccr-lang-f98693eeb3439228aab9,HLA class I and II expression,40932352,ccr-2025-2026-09-19-intake-language.md,305,no-literal-match-needs-context-review
ccr-lang-f9a6f27aef4a0222d1f4,imprecise estimate,41537692;41587109;41671081;41805895;41849236;41920765;42008740;42126592;42149140;42189883;42360104;42405849;42440365;42456046;42485106;42489696;42574065,ccr-2026-immunotherapy-fulltext-language.md,333,no-literal-match-needs-context-review
ccr-lang-f9cf7374302e71612964,deconvolved,39545922;39786430;40208070;40247431;40553459;40788282;40828417;40864503;41065506,ccr-2025-immunotherapy-fulltext-language.md,209,no-literal-match-needs-context-review
ccr-lang-f9dd8add3c127c56fa32,chromatin immunoprecipitation followed by PCR,39495173,ccr-2025-2026-09-19-intake-language.md,363,no-literal-match-needs-context-review
ccr-lang-fa2ededbe2ff148325e0,basic-pH reversed-phase fractionation,40208070,ccr-2025-immunotherapy-fulltext-language.md,216,no-literal-match-needs-context-review
ccr-lang-fa3eee7a4ca1cac44edc,T-cell-inflamed gene signature,39545922;39786430;40208070;40247431;40553459;40788282;40828417;40864503;41065506,ccr-2025-immunotherapy-fulltext-language.md,193,no-literal-match-needs-context-review
ccr-lang-fa5abc58703c6987c9a2,paired tumor-normal sequencing,41649868;41817317;42507545,ccr-2026-translational-mechanisms-fulltext-language.md,145,no-literal-match-needs-context-review
ccr-lang-fa5ad4350da41f58f09f,neuroendocrine differentiation,36255391,ccr-2023-36255391-language.md,49,no-literal-match-needs-context-review
ccr-lang-fa70283df69ca1f1a544,posterior predictive probability of success,42714874,ccr-2026-09-12-supplement-language.md,187,no-literal-match-needs-context-review
ccr-lang-fa81cf507fed08aef860,CDR3 hypervariable region,34376534,ccr-2021-34376534-language.md,53,no-literal-match-needs-context-review
ccr-lang-fabed5dafc4ba02552d5,therapeutic vulnerability hypothesis,37733794,ccr-2026-09-14-atm-smarca4-stk11-priority-language.md,248,no-literal-match-needs-context-review
ccr-lang-fac8f8b637c8911796f6,panel-derived TMB estimate,41511400,ccr-2026-41511400-language.md,49,no-literal-match-needs-context-review
ccr-lang-facd2d74f5fa9f6e199c,cytotoxic T-cell state,41784525,ccr-2026-09-19-supplement-language.md,557,no-literal-match-needs-context-review
ccr-lang-fad0a88d911423b00903,computational immune-state inference,38980931,ccr-2024-38980931-language.md,79,no-literal-match-needs-context-review
ccr-lang-fade5f60d1e37008c26a,high co-mutation burden,41417462,ccr-2026-09-19-supplement-language.md,723,no-literal-match-needs-context-review
ccr-lang-faeca5628f0a67ec224b,per-standard-deviation increase,41779007,ccr-2026-09-19-pending15-language.md,355,no-literal-match-needs-context-review
ccr-lang-fb01aa7d6ce64393c37b,residual uncertainty,37265412,ccr-2023-37265412-language.md,101,no-literal-match-needs-context-review
ccr-lang-fb2a3df268f0f2eaeaea,on-target kinase-domain resistance,33685866,ccr-2021-33685866-language.md,49,no-literal-match-needs-context-review
ccr-lang-fb44bf210c215b2de13a,right-censoring,41649868;41817317;41837748;42148884;42507545,ccr-2026-translational-mechanisms-fulltext-language.md,233,no-literal-match-needs-context-review
ccr-lang-fb64942c62d599abfc59,molecular responder,42059900,ccr-2026-09-19-supplement-language.md,391,no-literal-match-needs-context-review
ccr-lang-fb6e36e25d6d3bddf63a,broadly refractory kinase,33685866,ccr-2021-33685866-language.md,73,no-literal-match-needs-context-review
ccr-lang-fb8299ea6485ec381ff7,oncogenicity-informed variant classification,32709715,ccr-2026-09-14-atm-smarca4-stk11-priority-language.md,48,no-literal-match-needs-context-review
ccr-lang-fb8636861d4724903084,heavily pretreated,41649868;41817317;41837748;42148884;42507545,ccr-2026-translational-mechanisms-fulltext-language.md,91,no-literal-match-needs-context-review
ccr-lang-fb8a1f273b7d9ad2f632,receptor-ligand axis,41817317;41837748;42148884;42507545,ccr-2026-translational-mechanisms-fulltext-language.md,116,no-literal-match-needs-context-review
ccr-lang-fb9055dc0b741738e978,drug-tolerant cell population,39495173,ccr-2025-2026-09-19-intake-language.md,364,no-literal-match-needs-context-review
ccr-lang-fb9172d082cf39b7174b,background-signal subtraction,42113010,ccr-2026-09-19-pending15-language.md,735,no-literal-match-needs-context-review
ccr-lang-fba0729d47939ed05435,genotype-defined treatment population,39836411,ccr-2025-genomics-2026-09-20-language.md,547,no-literal-match-needs-context-review
ccr-lang-fba36eac7683cf387373,differential scan frequency,35511917,ccr-2022-35511917-language.md,113,no-literal-match-needs-context-review
ccr-lang-fbb2366dad15936260d8,in vivo expansion and persistence,39466024;39576208;40828417;41026583,ccr-2025-immunotherapy-fulltext-language.md,157,no-literal-match-needs-context-review
ccr-lang-fbc1b9280465f7e25949,early treatment adaptation,42059900,ccr-2026-09-19-supplement-language.md,401,no-literal-match-needs-context-review
ccr-lang-fbdd21dea92a74ec0c3c,flow-cytometric phenotyping,41649868;41837748;42148884,ccr-2026-translational-mechanisms-fulltext-language.md,187,no-literal-match-needs-context-review
ccr-lang-fbdf0e8c55bc67240887,delta radiomic feature,39670974,ccr-2025-2026-09-19-intake-language.md,233,no-literal-match-needs-context-review
ccr-lang-fbe8919c8daf064debfe,checkpoint-inhibitor rechallenge,40932352,ccr-2025-2026-09-19-intake-language.md,291,no-literal-match-needs-context-review
ccr-lang-fbfe39bb55c45928ec39,orthogonal DNA-derived estimate,38980931,ccr-2024-38980931-language.md,82,no-literal-match-needs-context-review
ccr-lang-fc029875a53535c5a0db,biologics license application,41537692;41587109;41671081;41805895;41849236;41920765;42008740;42126592;42149140;42189883;42360104;42405849;42440365;42456046;42485106;42489696;42574065,ccr-2026-immunotherapy-fulltext-language.md,308,no-literal-match-needs-context-review
ccr-lang-fc097edbb5f17a693374,dose interruption,34903582,ccr-2022-34903582-language.md,97,no-literal-match-needs-context-review
ccr-lang-fc0ccb86acca0b6720af,clonal expansion,37939140,ccr-2024-37939140-language.md,53,no-literal-match-needs-context-review
ccr-lang-fc1a8e82e4d1125678d3,patient-derived xenograft discovery,38912901,ccr-2024-38912901-language.md,42,no-literal-match-needs-context-review
ccr-lang-fc2f1645a4bbb7d8c2c6,heterogeneous expansion cohort,36378548,ccr-2023-36378548-language.md,99,no-literal-match-needs-context-review
ccr-lang-fc3dca8e54f755df80b6,immature overall-survival data,42714840,ccr-2026-09-12-supplement-language.md,130,no-literal-match-needs-context-review
ccr-lang-fc44ab6930d1d900c3d2,cross-study comparison,35144967,ccr-2022-35144967-language.md,109,no-literal-match-needs-context-review
ccr-lang-fc6ae98ececdda18d897,single-sample gene-set enrichment score,39651955,ccr-2025-clinical-2026-09-23-language.md,180,no-literal-match-needs-context-review
ccr-lang-fc832f9c137b1982513d,antigen distribution,35972732,ccr-2022-35972732-language.md,67,no-literal-match-needs-context-review
ccr-lang-fc95971e88d61a193b26,dose-limiting toxicity,38456660,ccr-2024-38456660-language.md,54,no-literal-match-needs-context-review
ccr-lang-fcae9d04d861f8e6ef3f,treatment-selection bias,36449664,ccr-2023-36449664-language.md,99,no-literal-match-needs-context-review
ccr-lang-fcb638fced95eeb789b6,partial-dependence plot,42126592;42149140;42360104;42440365;42456046;42485106;42489696,ccr-2026-immunotherapy-fulltext-language.md,230,no-literal-match-needs-context-review
ccr-lang-fcbebe7134f6142ff52d,histology-dependent heterogeneity,35144967,ccr-2022-35144967-language.md,111,no-literal-match-needs-context-review
ccr-lang-fcc4fa815f9e1420acf6,co-mutation context,42714874,ccr-2026-09-12-supplement-language.md,201,no-literal-match-needs-context-review
ccr-lang-fcdaa1c2c1fd016718fc,region-of-interest segmentation,37756581,ccr-2023-37756581-language.md,67,no-literal-match-needs-context-review
ccr-lang-fcfd3b65a5a8b253c511,tumor-cell versus immune-cell expression,37801329,ccr-2024-37801329-language.md,32,no-literal-match-needs-context-review
ccr-lang-fd22bdad579b5c4d3838,structural rearrangement,38060240,ccr-2024-38060240-language.md,30,no-literal-match-needs-context-review
ccr-lang-fd24728d830687881f44,unmeasured confounding,36913537,ccr-2023-36913537-language.md,99,no-literal-match-needs-context-review
ccr-lang-fd3ceeeaa08e75e285d2,genomic determinants,37432985,ccr-2023-37432985-language.md,53,no-literal-match-needs-context-review
ccr-lang-fd3d4fc76f4f17eb933b,positive predictive value,39561276,ccr-2025-2026-09-19-intake-language.md,177,no-literal-match-needs-context-review
ccr-lang-fd68b80ca039f08d0f5a,exploratory randomized evidence,36971777,ccr-2023-36971777-language.md,105,no-literal-match-needs-context-review
ccr-lang-fd873aae2a8cbe5c5253,proof of concept,35404402,ccr-2022-35404402-language.md,109,no-literal-match-needs-context-review
ccr-lang-fd88620cfe90fdb943b4,intention-to-treat survival analysis,40162917,ccr-2025-clinical-2026-09-23-language.md,80,no-literal-match-needs-context-review
ccr-lang-fda4767b63e16578a8dc,relapsed small-cell disease,38940666,ccr-2024-38940666-language.md,32,no-literal-match-needs-context-review
ccr-lang-fdbd405e46b06998e74f,agreement coefficient,36449664,ccr-2023-36449664-language.md,69,no-literal-match-needs-context-review
ccr-lang-fdc8e01667f9e2f5c54b,off-the-shelf potential,39466024;39576208;40828417;41026583,ccr-2025-immunotherapy-fulltext-language.md,161,no-literal-match-needs-context-review
ccr-lang-fe2b7d5a9e457b63d7d2,stage-adjusted Cox regression,33593884,ccr-2021-33593884-language.md,58,no-literal-match-needs-context-review
ccr-lang-fe3ae84f4d8c9ca93b49,unoccupied target availability,39466024;39545922;39576208;39786430;39821070;40208070;40247431;40343815;40499141;40552922;40553459;40788282;40828417;40864503;40928991;41026583;41065506,ccr-2025-immunotherapy-fulltext-language.md,122,no-literal-match-needs-context-review
ccr-lang-fe78d239d67e37795c35,germinal-center activity,41537692;41805895;41849236;41920765;42008740;42126592;42149140;42189883;42360104;42405849;42440365;42456046;42485106;42489696,ccr-2026-immunotherapy-fulltext-language.md,125,no-literal-match-needs-context-review
ccr-lang-feac74847af08a772336,pharmacodynamic-clinical dissociation,41252574,ccr-2026-09-19-batch2-language.md,206,no-literal-match-needs-context-review
ccr-lang-feafe7d75d9dbad14814,post-chemoradiotherapy consolidation,38165684,ccr-2024-38165684-language.md,31,no-literal-match-needs-context-review
ccr-lang-ff24db440b87c6ca848f,early-onset multifocal tumor initiation,33077574,ccr-2026-09-12-supplement-language.md,48,no-literal-match-needs-context-review
ccr-lang-ff27da539d29172cf7fe,read-level methylation extraction,41591979,ccr-2026-09-19-pending15-language.md,247,no-literal-match-needs-context-review
ccr-lang-ff4c1f57de4068eb3358,concordant codeletion,41649868;41817317;41837748;42148884;42507545,ccr-2026-translational-mechanisms-fulltext-language.md,81,no-literal-match-needs-context-review
ccr-lang-ff77a440fbf49a35447b,interradiographic monitoring,37233986,ccr-2023-37233986-language.md,49,no-literal-match-needs-context-review
ccr-lang-ff7b0b93225372420b34,therapeutically tractable,34261696,ccr-2021-34261696-language.md,57,no-literal-match-needs-context-review
ccr-lang-ffa70f2f5b1cecc4bae1,decision-threshold tradeoff,36595566,ccr-2023-36595566-language.md,99,no-literal-match-needs-context-review
ccr-lang-ffb4c65a922a252ef3bd,spatial transcriptomic spot,41805895;42008740;42456046,ccr-2026-immunotherapy-fulltext-language.md,145,no-literal-match-needs-context-review
ccr-lang-ffc17bc2439010fef43b,circular binary segmentation,41649868;41817317;42507545,ccr-2026-translational-mechanisms-fulltext-language.md,156,no-literal-match-needs-context-review
ccr-lang-ffe29d8588d63826f2cd,delayed hepatic toxicity,39287821,ccr-2024-39287821-language.md,51,no-literal-match-needs-context-review
ccr-lang-fffe17c1040a600a467e,Benjamini–Hochberg adjustment,35511938,ccr-2022-35511938-language.md,73,no-literal-match-needs-context-review
jto-lang-00be07ec97df7465e154,anatomic distribution at first progression,41619904,jto-2026-09-14-stk11-priority-language.md,344,no-literal-match-needs-context-review
jto-lang-0129a472756105951428,osseous-metastasis incidence,41619904,jto-2026-09-14-stk11-priority-language.md,343,no-literal-match-needs-context-review
jto-lang-01c95cf6c0baefa751f6,locus-level outcome analysis,39864548,jto-2026-09-14-stk11-priority-language.md,537,no-literal-match-needs-context-review
jto-lang-043b3b040dd5bf61158c,nonsynonymous mutations per megabase,41932614,jto-2026-09-14-stk11-priority-language.md,102,no-literal-match-needs-context-review
jto-lang-055d61827979fa0f478c,corresponding transcript abundance,39864548,jto-2026-09-14-stk11-priority-language.md,529,no-literal-match-needs-context-review
jto-lang-05b7d50da41656832799,PFS comparable to KRAS wild type,41619904,jto-2026-09-14-stk11-priority-language.md,350,no-literal-match-needs-context-review
jto-lang-0646b0e1e16fef473eda,concurrent driver event,41932614,jto-2026-09-14-stk11-priority-language.md,139,no-literal-match-needs-context-review
jto-lang-065b078d8298a4944fe7,multicenter treatment-outcome cohort,39864548,jto-2026-09-14-stk11-priority-language.md,458,no-literal-match-needs-context-review
jto-lang-0693b99c0054bde3a8b9,front-line therapeutic strategy,41932614,jto-2026-09-14-stk11-priority-language.md,174,no-literal-match-needs-context-review
jto-lang-08fb3352c97b3fc5fc15,definitive concurrent chemoradiation,41619904,jto-2026-09-14-stk11-priority-language.md,249,no-literal-match-needs-context-review
jto-lang-097870bd3144bebe89c9,targeted 425-gene panel,42409117,jto-2026-09-14-stk11-priority-language.md,692,no-literal-match-needs-context-review
jto-lang-0a39835d07780558d28c,synthetic-lethal combination strategy,42409117,jto-2026-09-14-stk11-priority-language.md,662,no-literal-match-needs-context-review
jto-lang-0bbd0baa055954502f86,screening-to-analysis flow,41932614,jto-2026-09-14-stk11-priority-language.md,128,no-literal-match-needs-context-review
jto-lang-0e21ee4365ef118fed03,risk-stratification candidate,42409117,jto-2026-09-14-stk11-priority-language.md,661,no-literal-match-needs-context-review
jto-lang-1171543da29797fb874f,domain-level prevalence,41932614,jto-2026-09-14-stk11-priority-language.md,130,no-literal-match-needs-context-review
jto-lang-14675545bbf83d5d2a75,personalized treatment approach,41619904,jto-2026-09-14-stk11-priority-language.md,276,no-literal-match-needs-context-review
jto-lang-150a438fcc4dea1d1822,distant-recurrence risk,41619904,jto-2026-09-14-stk11-priority-language.md,375,no-literal-match-needs-context-review
jto-lang-1543472c46addd6bfbb0,predictive biomarker for treatment selection,41932614,jto-2026-09-14-stk11-priority-language.md,75,no-literal-match-needs-context-review
jto-lang-18fa800c87a455147302,brain metastatic organotropism,41619904,jto-2026-09-14-stk11-priority-language.md,376,no-literal-match-needs-context-review
jto-lang-1a77f0fcccd6bccb1a88,complementary testing modalities,42409117,jto-2026-09-14-stk11-priority-language.md,756,no-literal-match-needs-context-review
jto-lang-1bcfdc895d9930b9a7e2,biomarker-informed treatment strategy,41619904,jto-2026-09-14-stk11-priority-language.md,283,no-literal-match-needs-context-review
jto-lang-1c81c904845e002c9005,reduced CD8-positive T-cell infiltration,41619904,jto-2026-09-14-stk11-priority-language.md,373,no-literal-match-needs-context-review
jto-lang-1e12e4abbe89b8c5cce7,combined-locus risk stratification,42409117,jto-2026-09-14-stk11-priority-language.md,750,no-literal-match-needs-context-review
jto-lang-1f38998e6b0cbf652d88,structural-domain codon boundary,41932614,jto-2026-09-14-stk11-priority-language.md,101,no-literal-match-needs-context-review
jto-lang-1f678a4bf2fe5372bef4,fraction of chromosomal-arm alterations,39864548,jto-2026-09-14-stk11-priority-language.md,511,no-literal-match-needs-context-review
jto-lang-1fe6a740e6413f345bcf,exon-level deletion pattern,42409117,jto-2026-09-14-stk11-priority-language.md,651,no-literal-match-needs-context-review
jto-lang-202749f8e6de89697218,selective ERBB2 tyrosine kinase inhibitor,41932614,jto-2026-09-14-stk11-priority-language.md,73,no-literal-match-needs-context-review
jto-lang-20f00a3aa2288021e37f,standardized protein-expression z score,39864548,jto-2026-09-14-stk11-priority-language.md,530,no-literal-match-needs-context-review
jto-lang-215fd05024e778f6d217,haploinsufficiency hypothesis,39864548,jto-2026-09-14-stk11-priority-language.md,559,no-literal-match-needs-context-review
jto-lang-23fc3818095bacc39733,copy-number loss identifies a clinically distinct molecular subset,39864548,jto-2026-09-14-stk11-priority-language.md,476,no-literal-match-needs-context-review
jto-lang-24d39bf5e4062567e1d4,immune-modulating therapy,39864548,jto-2026-09-14-stk11-priority-language.md,563,no-literal-match-needs-context-review
jto-lang-25add47a3b2321bbf037,co-alteration-defined Kaplan-Meier strata,41619904,jto-2026-09-14-stk11-priority-language.md,349,no-literal-match-needs-context-review
jto-lang-25e2534cbb3cd103cd97,adverse prognostic association,42409117,jto-2026-09-14-stk11-priority-language.md,749,no-literal-match-needs-context-review
jto-lang-268aa9012b21afb878b6,methylthioadenosine accumulation,42409117,jto-2026-09-14-stk11-priority-language.md,671,no-literal-match-needs-context-review
jto-lang-27e369ff3503c5b5c041,batch-normalized expression,39864548,jto-2026-09-14-stk11-priority-language.md,510,no-literal-match-needs-context-review
jto-lang-2bf98c3395d2dc494be8,clinically and genomically heterogeneous disease,41932614,jto-2026-09-14-stk11-priority-language.md,164,no-literal-match-needs-context-review
jto-lang-2c0fb0ec35727d3f0942,Bonferroni-corrected significance threshold,41932614,jto-2026-09-14-stk11-priority-language.md,107,no-literal-match-needs-context-review
jto-lang-2d25778a85a71d6eff1b,platform-dependent copy-number calling,39864548,jto-2026-09-14-stk11-priority-language.md,562,no-literal-match-needs-context-review
jto-lang-2e9255394a2c4f84747e,single-nucleotide-variant co-mutation analysis,41932614,jto-2026-09-14-stk11-priority-language.md,106,no-literal-match-needs-context-review
jto-lang-2fca3600c4aae96a1ccd,comparable to the wild-type cohort,41619904,jto-2026-09-14-stk11-priority-language.md,260,no-literal-match-needs-context-review
jto-lang-302470436bbd0d4ad578,log-rank comparison,41932614,jto-2026-09-14-stk11-priority-language.md,112,no-literal-match-needs-context-review
jto-lang-31f4fdce8057e2263571,poorly characterized deletion landscape,39864548,jto-2026-09-14-stk11-priority-language.md,449,no-literal-match-needs-context-review
jto-lang-3245007c1b4030bbeff3,raw-data reanalysis with a unified algorithm,42409117,jto-2026-09-14-stk11-priority-language.md,693,no-literal-match-needs-context-review
jto-lang-333f0430ba0346c0b15b,allelic-state comparison,39864548,jto-2026-09-14-stk11-priority-language.md,533,no-literal-match-needs-context-review
jto-lang-353f8f2af1d5d08853b0,predictive-versus-prognostic distinction,39864548,jto-2026-09-14-stk11-priority-language.md,564,no-literal-match-needs-context-review
jto-lang-36b036a058d2798ea195,combined gene-loss stratification,42409117,jto-2026-09-14-stk11-priority-language.md,643,no-literal-match-needs-context-review
jto-lang-38f35e1515cb7b782739,synthetic-lethal vulnerability,42409117,jto-2026-09-14-stk11-priority-language.md,673,no-literal-match-needs-context-review
jto-lang-3999c72bcb411ff08256,biomarker-guided combination trial,42409117,jto-2026-09-14-stk11-priority-language.md,757,no-literal-match-needs-context-review
jto-lang-3a4f4c625a713bab1c49,completion of one year of durvalumab,41619904,jto-2026-09-14-stk11-priority-language.md,334,no-literal-match-needs-context-review
jto-lang-3aa81dd08ed2d0382e51,enrichment for tumor-suppressor co-alterations,41932614,jto-2026-09-14-stk11-priority-language.md,52,no-literal-match-needs-context-review
jto-lang-3cb5e033eb5597078f39,noncanonical activating mutation,41932614,jto-2026-09-14-stk11-priority-language.md,76,no-literal-match-needs-context-review
jto-lang-3d002e647e9791b3f8f5,consecutive multicenter cohort,41619904,jto-2026-09-14-stk11-priority-language.md,297,no-literal-match-needs-context-review
jto-lang-3ed0d5c341ee7bf01ac2,genomic-burden gradient,41932614,jto-2026-09-14-stk11-priority-language.md,134,no-literal-match-needs-context-review
jto-lang-4121cbbc2b166fca0931,driver event annotation,41619904,jto-2026-09-14-stk11-priority-language.md,309,no-literal-match-needs-context-review
jto-lang-41a2e16ad5b6986b58f1,brain-metastasis incidence,41619904,jto-2026-09-14-stk11-priority-language.md,342,no-literal-match-needs-context-review
jto-lang-41ab39041ac3c8a74714,domain-specific co-mutation profile,41932614,jto-2026-09-14-stk11-priority-language.md,50,no-literal-match-needs-context-review
jto-lang-41f51e4b472de4abce9c,driver-alteration enrichment,42409117,jto-2026-09-14-stk11-priority-language.md,720,no-literal-match-needs-context-review
jto-lang-4359bb6949f52fd78fed,lower PD-L1 tumor proportion score,39864548,jto-2026-09-14-stk11-priority-language.md,467,no-literal-match-needs-context-review
jto-lang-435a432ccb69bef0d69c,inferior immune-checkpoint-inhibitor outcomes,39864548,jto-2026-09-14-stk11-priority-language.md,448,no-literal-match-needs-context-review
jto-lang-44e356718760742dcf48,co-occurring deletion,39864548,jto-2026-09-14-stk11-priority-language.md,526,no-literal-match-needs-context-review
jto-lang-48cf80162e033e307e6f,univariable hazard ratio,41619904,jto-2026-09-14-stk11-priority-language.md,347,no-literal-match-needs-context-review
jto-lang-492a73928fab0bacf846,first-line genotype-matched targeted therapy,42409117,jto-2026-09-14-stk11-priority-language.md,642,no-literal-match-needs-context-review
jto-lang-495adb38495c82e0904d,increased two-year incidence of distant metastasis,41619904,jto-2026-09-14-stk11-priority-language.md,257,no-literal-match-needs-context-review
jto-lang-4a5e5fa917dd20b55e7c,clinical and therapeutic implications remain incompletely understood,42409117,jto-2026-09-14-stk11-priority-language.md,633,no-literal-match-needs-context-review
jto-lang-4b43e17442cb542a34a7,residual confounding by treatment selection,41932614,jto-2026-09-14-stk11-priority-language.md,176,no-literal-match-needs-context-review
jto-lang-4b6ae92ab3f75110356e,independent clinical outcome cohort,42409117,jto-2026-09-14-stk11-priority-language.md,640,no-literal-match-needs-context-review
jto-lang-4bfd96b253a59eb5443a,risk-set adjustment for delayed entry,41932614,jto-2026-09-14-stk11-priority-language.md,109,no-literal-match-needs-context-review
jto-lang-4c61e7806518b4cded53,internal copy-number-calling pipeline,39864548,jto-2026-09-14-stk11-priority-language.md,503,no-literal-match-needs-context-review
jto-lang-4e882efebd6d92bdb40c,next-generation-sequencing cohort,41619904,jto-2026-09-14-stk11-priority-language.md,345,no-literal-match-needs-context-review
jto-lang-4f26549402c5b0efc013,domain-specific clinical phenotype,41932614,jto-2026-09-14-stk11-priority-language.md,166,no-literal-match-needs-context-review
jto-lang-51005fd3139d5258c820,36-month administrative censoring,41932614,jto-2026-09-14-stk11-priority-language.md,110,no-literal-match-needs-context-review
jto-lang-512c2ba67efda20fff46,predefined oncogenic-driver set,42409117,jto-2026-09-14-stk11-priority-language.md,690,no-literal-match-needs-context-review
jto-lang-512f873b0a6a650aa650,unresectable locally advanced disease,41619904,jto-2026-09-14-stk11-priority-language.md,272,no-literal-match-needs-context-review
jto-lang-51f826722688fc6c2d16,double-hit inactivation,39864548,jto-2026-09-14-stk11-priority-language.md,534,no-literal-match-needs-context-review
jto-lang-530150bbdc4ac89cb678,co-occurring genomic alteration,41932614,jto-2026-09-14-stk11-priority-language.md,135,no-literal-match-needs-context-review
jto-lang-531a661e3da42c7515df,next-generation-sequencing subcohort,41619904,jto-2026-09-14-stk11-priority-language.md,251,no-literal-match-needs-context-review
jto-lang-54975c0902891f771b02,imperfect predictive biomarker,39864548,jto-2026-09-14-stk11-priority-language.md,482,no-literal-match-needs-context-review
jto-lang-565d52814dc49f348b0b,comprehensive genomic profiling assay,41932614,jto-2026-09-14-stk11-priority-language.md,98,no-literal-match-needs-context-review
jto-lang-575e75f85f67badedb06,assay concordance,42409117,jto-2026-09-14-stk11-priority-language.md,723,no-literal-match-needs-context-review
jto-lang-576992454314ebaaa69a,higher fraction of chromosomal-arm alterations,39864548,jto-2026-09-14-stk11-priority-language.md,469,no-literal-match-needs-context-review
jto-lang-5af8d37fd24538f533e5,homozygous deletion threshold,42409117,jto-2026-09-14-stk11-priority-language.md,695,no-literal-match-needs-context-review
jto-lang-5b6e9d3d82366faff528,co-deletion pattern,42409117,jto-2026-09-14-stk11-priority-language.md,719,no-literal-match-needs-context-review
jto-lang-5bc35108ec834e0aeb66,ascertainment of asymptomatic metastasis,41619904,jto-2026-09-14-stk11-priority-language.md,382,no-literal-match-needs-context-review
jto-lang-5c141346a1c5812250fa,chromosomal-locus co-deletion,39864548,jto-2026-09-14-stk11-priority-language.md,527,no-literal-match-needs-context-review
jto-lang-5e9b67ff07e070d30b5d,contralateral lung or pleural recurrence,41619904,jto-2026-09-14-stk11-priority-language.md,306,no-literal-match-needs-context-review
jto-lang-5f3e604d6e98af7ce74a,precision-oncology treatment landscape,42409117,jto-2026-09-14-stk11-priority-language.md,667,no-literal-match-needs-context-review
jto-lang-6083dae0a2fba13d79a7,intensity-modulated radiotherapy,41619904,jto-2026-09-14-stk11-priority-language.md,301,no-literal-match-needs-context-review
jto-lang-61fb7fa1dc76262d03a6,complete-case multivariable model,41619904,jto-2026-09-14-stk11-priority-language.md,339,no-literal-match-needs-context-review
jto-lang-62dfccd3e1481fcf4ae7,tumor-cell gene-copy-number estimate,42409117,jto-2026-09-14-stk11-priority-language.md,694,no-literal-match-needs-context-review
jto-lang-63117fd48e54cf1d14ee,prospectively characterized cohort,42409117,jto-2026-09-14-stk11-priority-language.md,758,no-literal-match-needs-context-review
jto-lang-631b0187b9c8af2edb5d,multivariable hazard ratio,41619904,jto-2026-09-14-stk11-priority-language.md,348,no-literal-match-needs-context-review
jto-lang-647f96ec1c7334543940,significantly enriched co-mutation,41932614,jto-2026-09-14-stk11-priority-language.md,136,no-literal-match-needs-context-review
jto-lang-65b4858f16777aea0f76,outcomes remain poor despite therapeutic improvement,41619904,jto-2026-09-14-stk11-priority-language.md,241,no-literal-match-needs-context-review
jto-lang-6945054058376d5f1fe1,Kaplan-Meier estimate,41932614,jto-2026-09-14-stk11-priority-language.md,111,no-literal-match-needs-context-review
jto-lang-69a5dd2ed85618e64a09,compound oncogenic mutation,41932614,jto-2026-09-14-stk11-priority-language.md,131,no-literal-match-needs-context-review
jto-lang-6b3daf26b64775440b48,somatic coding mutation,39864548,jto-2026-09-14-stk11-priority-language.md,446,no-literal-match-needs-context-review
jto-lang-6ba2b55e9ba782062797,concurrent chemoradiation followed by immunotherapy,41619904,jto-2026-09-14-stk11-priority-language.md,239,no-literal-match-needs-context-review
jto-lang-6df37ef80dac33b97d17,multiregional sampling,41932614,jto-2026-09-14-stk11-priority-language.md,171,no-literal-match-needs-context-review
jto-lang-6e6b1c3c67a884112a19,deletion-structure distribution,42409117,jto-2026-09-14-stk11-priority-language.md,721,no-literal-match-needs-context-review
jto-lang-6f0f10b9ab22dccceff0,paired genomic and protein-expression data,39864548,jto-2026-09-14-stk11-priority-language.md,456,no-literal-match-needs-context-review
jto-lang-6f3b3be4a95c1c9e765f,numerically longer PFS,41932614,jto-2026-09-14-stk11-priority-language.md,141,no-literal-match-needs-context-review
jto-lang-7047d93f581c09181fdd,no significant OS separation,41932614,jto-2026-09-14-stk11-priority-language.md,143,no-literal-match-needs-context-review
jto-lang-713393e65fd252c8b51b,retrospective treatment-pathway cohort,41619904,jto-2026-09-14-stk11-priority-language.md,381,no-literal-match-needs-context-review
jto-lang-73417a5cdcfd2f822512,high-risk molecular subgroup,41619904,jto-2026-09-14-stk11-priority-language.md,369,no-literal-match-needs-context-review
jto-lang-753a26a35653c0732c8f,neutral variant exclusion,41932614,jto-2026-09-14-stk11-priority-language.md,129,no-literal-match-needs-context-review
jto-lang-75def86eb2d444b74c1d,PD-L1 expression,41619904,jto-2026-09-14-stk11-priority-language.md,280,no-literal-match-needs-context-review
jto-lang-78c0a7a09432ff1a3397,consolidation durvalumab,41619904,jto-2026-09-14-stk11-priority-language.md,274,no-literal-match-needs-context-review
jto-lang-7bbc739a22cbe8f7212d,same-gene mutation exclusion,39864548,jto-2026-09-14-stk11-priority-language.md,457,no-literal-match-needs-context-review
jto-lang-7bda914fd9940938e1d5,functional loss assessment,42409117,jto-2026-09-14-stk11-priority-language.md,755,no-literal-match-needs-context-review
jto-lang-7ddad6edf430db85d749,variant-subtype refinement,41932614,jto-2026-09-14-stk11-priority-language.md,165,no-literal-match-needs-context-review
jto-lang-7e4549c97791d26279ff,circular binary segmentation,42409117,jto-2026-09-14-stk11-priority-language.md,699,no-literal-match-needs-context-review
jto-lang-8000ddd1a0735b71f2dc,adverse prognostic biomarker under targeted therapy,42409117,jto-2026-09-14-stk11-priority-language.md,660,no-literal-match-needs-context-review
jto-lang-80329a0717e7a3b28dba,transmembrane/juxtamembrane domain,41932614,jto-2026-09-14-stk11-priority-language.md,70,no-literal-match-needs-context-review
jto-lang-80e1979cd009d96c3c8a,higher median tumor mutational burden,41932614,jto-2026-09-14-stk11-priority-language.md,51,no-literal-match-needs-context-review
jto-lang-811caceae677c6d51703,pathologist-blinded dual review,42409117,jto-2026-09-14-stk11-priority-language.md,701,no-literal-match-needs-context-review
jto-lang-81318978b28f1dbcb2f1,Cox proportional-hazards model,41619904,jto-2026-09-14-stk11-priority-language.md,311,no-literal-match-needs-context-review
jto-lang-8182d6ab2b8ac0fddf0f,therapeutic selective pressure,42409117,jto-2026-09-14-stk11-priority-language.md,676,no-literal-match-needs-context-review
jto-lang-81b9c10b244f1ea87d2b,reverse Kaplan-Meier follow-up estimate,41619904,jto-2026-09-14-stk11-priority-language.md,310,no-literal-match-needs-context-review
jto-lang-82fd62d144457feb6631,multivariable Cox regression,41932614,jto-2026-09-14-stk11-priority-language.md,145,no-literal-match-needs-context-review
jto-lang-847a4e52f6f7ef40c091,immune-cell-subset quantification,39864548,jto-2026-09-14-stk11-priority-language.md,539,no-literal-match-needs-context-review
jto-lang-85d933420fe21b51e382,lower objective response rate,42409117,jto-2026-09-14-stk11-priority-language.md,653,no-literal-match-needs-context-review
jto-lang-85e3a19db428116380c0,organ-specific metastatic incidence,41619904,jto-2026-09-14-stk11-priority-language.md,315,no-literal-match-needs-context-review
jto-lang-89545f5a3114a2b90263,cumulative-incidence function,41619904,jto-2026-09-14-stk11-priority-language.md,312,no-literal-match-needs-context-review
jto-lang-8a72addec79ec4b513ee,deidentified electronic-health-record-derived database,41932614,jto-2026-09-14-stk11-priority-language.md,96,no-literal-match-needs-context-review
jto-lang-8d0375b553db33822645,shorter median progression-free survival,41619904,jto-2026-09-14-stk11-priority-language.md,256,no-literal-match-needs-context-review
jto-lang-8f410fea764977ba21a9,smoking-TMB relationship,41932614,jto-2026-09-14-stk11-priority-language.md,167,no-literal-match-needs-context-review
jto-lang-9124e24894aaa7dbfc75,gene-specific mutation exclusion,39864548,jto-2026-09-14-stk11-priority-language.md,506,no-literal-match-needs-context-review
jto-lang-91d6b6332001771c073d,time-origin sensitivity analysis,41619904,jto-2026-09-14-stk11-priority-language.md,316,no-literal-match-needs-context-review
jto-lang-9201997a68aab463f70d,treatment-naive driver-positive patients,42409117,jto-2026-09-14-stk11-priority-language.md,641,no-literal-match-needs-context-review
jto-lang-93ccfabf101cb9793817,RECIST-assessed objective response,41619904,jto-2026-09-14-stk11-priority-language.md,304,no-literal-match-needs-context-review
jto-lang-93ff452ac1311b1b4fa5,biomarker-informed treatment strategy,41619904,jto-2026-09-14-stk11-priority-language.md,370,no-literal-match-needs-context-review
jto-lang-9564bd1c12dd7a85de8a,tumor-purity threshold,39864548,jto-2026-09-14-stk11-priority-language.md,502,no-literal-match-needs-context-review
jto-lang-96fd1cae6ea917ee0f77,co-alteration-defined high-risk subgroup,41619904,jto-2026-09-14-stk11-priority-language.md,259,no-literal-match-needs-context-review
jto-lang-974933d910baed99c6ee,non-immunotherapy control cohort,39864548,jto-2026-09-14-stk11-priority-language.md,513,no-literal-match-needs-context-review
jto-lang-98ac8abce7089286a780,two-year PFS rate,41619904,jto-2026-09-14-stk11-priority-language.md,338,no-literal-match-needs-context-review
jto-lang-9987ef0b39675775fd92,multiplex immunofluorescence platform,39864548,jto-2026-09-14-stk11-priority-language.md,512,no-literal-match-needs-context-review
jto-lang-99dc30781f42e583ae24,gene-level testing coverage threshold,41932614,jto-2026-09-14-stk11-priority-language.md,105,no-literal-match-needs-context-review
jto-lang-9b4b181e443b4e3c567f,panel heterogeneity across institutions,41932614,jto-2026-09-14-stk11-priority-language.md,177,no-literal-match-needs-context-review
jto-lang-9b913dde65a023e25453,institution-dependent ICI association,39864548,jto-2026-09-14-stk11-priority-language.md,538,no-literal-match-needs-context-review
jto-lang-9baa6cd021776cc18473,immunosuppressive tumor microenvironment,39864548,jto-2026-09-14-stk11-priority-language.md,483,no-literal-match-needs-context-review
jto-lang-9dd64f4d8fa044920b5d,ipsilateral lung or thoracic lymph-node recurrence,41619904,jto-2026-09-14-stk11-priority-language.md,305,no-literal-match-needs-context-review
jto-lang-9dfbda4c513a7f8508d3,targeted 520-gene panel,42409117,jto-2026-09-14-stk11-priority-language.md,691,no-literal-match-needs-context-review
jto-lang-9e8148adc8e554e09294,SWI/SNF chromatin-remodeling complex,39864548,jto-2026-09-14-stk11-priority-language.md,485,no-literal-match-needs-context-review
jto-lang-9eb43a8e61d8c998c44a,downstream expression consequence,39864548,jto-2026-09-14-stk11-priority-language.md,489,no-literal-match-needs-context-review
jto-lang-9f2d2ea8a354a7869f5a,structural-domain heterogeneity,41932614,jto-2026-09-14-stk11-priority-language.md,34,no-literal-match-needs-context-review
jto-lang-a01cd39da496fcd593b3,dual-loss subgroup,42409117,jto-2026-09-14-stk11-priority-language.md,725,no-literal-match-needs-context-review
jto-lang-a0bde7749b95e71c3ef8,Benjamini-Hochberg adjustment,42409117,jto-2026-09-14-stk11-priority-language.md,702,no-literal-match-needs-context-review
jto-lang-a110f6e85bd5ea95b07f,odds ratio for co-occurrence,41932614,jto-2026-09-14-stk11-priority-language.md,138,no-literal-match-needs-context-review
jto-lang-a14b4c0309fe11243503,unresected locally advanced NSCLC,41619904,jto-2026-09-14-stk11-priority-language.md,238,no-literal-match-needs-context-review
jto-lang-a1ff42a325abc5fe6dad,deterministic clinical-genomic linkage,41932614,jto-2026-09-14-stk11-priority-language.md,97,no-literal-match-needs-context-review
jto-lang-a50ea879efa64a49775c,paired pretreatment and postprogression sequencing,42409117,jto-2026-09-14-stk11-priority-language.md,703,no-literal-match-needs-context-review
jto-lang-a584ca1048f67e853353,locus-level attribution problem,39864548,jto-2026-09-14-stk11-priority-language.md,567,no-literal-match-needs-context-review
jto-lang-a6d4f6ee48b8188cf908,perioperative immunotherapy,39864548,jto-2026-09-14-stk11-priority-language.md,565,no-literal-match-needs-context-review
jto-lang-a9c8e217ca0bd8be8dd7,oxidative-stress pathway,39864548,jto-2026-09-14-stk11-priority-language.md,484,no-literal-match-needs-context-review
jto-lang-adb2c4e8d6ce8b76a748,complete gene loss,42409117,jto-2026-09-14-stk11-priority-language.md,696,no-literal-match-needs-context-review
jto-lang-ae1d646acd45f22da2b0,treatment-exposure subgroup,41932614,jto-2026-09-14-stk11-priority-language.md,144,no-literal-match-needs-context-review
jto-lang-ae62c604b2cff52cd983,median follow-up for oncologic outcomes,41619904,jto-2026-09-14-stk11-priority-language.md,336,no-literal-match-needs-context-review
jto-lang-ae8fdeb557f1ba3f550f,postprogression treatment heterogeneity,42409117,jto-2026-09-14-stk11-priority-language.md,754,no-literal-match-needs-context-review
jto-lang-b0c1956e4cd70a1e8bac,confidence interval crossing unity,41932614,jto-2026-09-14-stk11-priority-language.md,142,no-literal-match-needs-context-review
jto-lang-b0e08a49488a79758022,deletion prevalence,39864548,jto-2026-09-14-stk11-priority-language.md,464,no-literal-match-needs-context-review
jto-lang-b1154f31bb9939981a3d,treatment discontinuation due to pneumonitis,41619904,jto-2026-09-14-stk11-priority-language.md,335,no-literal-match-needs-context-review
jto-lang-b1ccb5febddf094e9829,two independent clinicogenomic cohorts,41932614,jto-2026-09-14-stk11-priority-language.md,42,no-literal-match-needs-context-review
jto-lang-b1faab3f665c446d4aa2,ERBB2-targeted monoclonal antibody,41932614,jto-2026-09-14-stk11-priority-language.md,71,no-literal-match-needs-context-review
jto-lang-b3c95b270e4fa9200818,distinct mutational signature,41932614,jto-2026-09-14-stk11-priority-language.md,168,no-literal-match-needs-context-review
jto-lang-b59ebbfca38672cfdf9b,higher tumor mutational burden,39864548,jto-2026-09-14-stk11-priority-language.md,468,no-literal-match-needs-context-review
jto-lang-b7053376922c90e799d2,smoking-associated TMB difference,41932614,jto-2026-09-14-stk11-priority-language.md,133,no-literal-match-needs-context-review
jto-lang-b930d91045f16ecdce94,median PFS was not reached,41619904,jto-2026-09-14-stk11-priority-language.md,337,no-literal-match-needs-context-review
jto-lang-bb8da88984fa3288114d,distinct biology and therapeutic vulnerability,41619904,jto-2026-09-14-stk11-priority-language.md,281,no-literal-match-needs-context-review
jto-lang-bd3d49785ce228d00d88,exon 8-involving partial loss,42409117,jto-2026-09-14-stk11-priority-language.md,722,no-literal-match-needs-context-review
jto-lang-be1669ea7d849cc6a1ae,immune-cold phenotype,42409117,jto-2026-09-14-stk11-priority-language.md,670,no-literal-match-needs-context-review
jto-lang-be1eedcfc03af4784fbb,disease progression or adverse event,41619904,jto-2026-09-14-stk11-priority-language.md,303,no-literal-match-needs-context-review
jto-lang-bf29c49e784bd1639edc,tumor-purity and ploidy estimation,42409117,jto-2026-09-14-stk11-priority-language.md,698,no-literal-match-needs-context-review
jto-lang-c06b95050d8d371faa7c,mixed therapeutic activity,41932614,jto-2026-09-14-stk11-priority-language.md,74,no-literal-match-needs-context-review
jto-lang-c55016e7be36a5cbfa36,co-alteration frequency,41619904,jto-2026-09-14-stk11-priority-language.md,346,no-literal-match-needs-context-review
jto-lang-c58ac0a320c1f8d9b513,genome-wide deletion-enrichment analysis,39864548,jto-2026-09-14-stk11-priority-language.md,535,no-literal-match-needs-context-review
jto-lang-c612febbe9d7dac87943,NGS-IHC concordance,42409117,jto-2026-09-14-stk11-priority-language.md,652,no-literal-match-needs-context-review
jto-lang-c65005805f2bddb9f8a2,competing-risk framework,41619904,jto-2026-09-14-stk11-priority-language.md,313,no-literal-match-needs-context-review
jto-lang-c65631209b0534f73196,chemoimmunotherapy outcome association,39864548,jto-2026-09-14-stk11-priority-language.md,532,no-literal-match-needs-context-review
jto-lang-c6afbe2d35aeb403da71,clonal-evolution analysis,41932614,jto-2026-09-14-stk11-priority-language.md,172,no-literal-match-needs-context-review
jto-lang-c7ebbb39504be22bf764,non-squamous histology restriction,41619904,jto-2026-09-14-stk11-priority-language.md,298,no-literal-match-needs-context-review
jto-lang-c87c1f5ae5dd29f4e2b7,Gray test,41619904,jto-2026-09-14-stk11-priority-language.md,314,no-literal-match-needs-context-review
jto-lang-c88204f57bd0f083bdb8,domain-based mutation classification,41932614,jto-2026-09-14-stk11-priority-language.md,43,no-literal-match-needs-context-review
jto-lang-c898181ab044f88e7b81,surveillance imaging threshold,41619904,jto-2026-09-14-stk11-priority-language.md,377,no-literal-match-needs-context-review
jto-lang-c9c46d1db94853da2a2e,false-discovery-rate q value,41932614,jto-2026-09-14-stk11-priority-language.md,108,no-literal-match-needs-context-review
jto-lang-ca4aa7141bd2d9e3c27f,baseline brain-metastasis imbalance,42409117,jto-2026-09-14-stk11-priority-language.md,752,no-literal-match-needs-context-review
jto-lang-ca4c95ccb26b4cc84ef5,genotype-to-expression correlation,39864548,jto-2026-09-14-stk11-priority-language.md,531,no-literal-match-needs-context-review
jto-lang-cad582122b2c4a3d2122,immunologically cold tumor microenvironment,41619904,jto-2026-09-14-stk11-priority-language.md,372,no-literal-match-needs-context-review
jto-lang-cc380bc8452c361b75e0,discordant genotype subgroup,42409117,jto-2026-09-14-stk11-priority-language.md,751,no-literal-match-needs-context-review
jto-lang-cccca131ee98976c27bf,AACR Project GENIE cohort,41932614,jto-2026-09-14-stk11-priority-language.md,95,no-literal-match-needs-context-review
jto-lang-ce60599683e5d679383b,supportive historical analysis,42409117,jto-2026-09-14-stk11-priority-language.md,728,no-literal-match-needs-context-review
jto-lang-d21ebf5b8954480334dc,third-generation EGFR-TKI subgroup,42409117,jto-2026-09-14-stk11-priority-language.md,727,no-literal-match-needs-context-review
jto-lang-d2ec00577ef7c17757c1,clinico-genomic characteristics beyond the kinase domain,41932614,jto-2026-09-14-stk11-priority-language.md,36,no-literal-match-needs-context-review
jto-lang-d5d4ca717276cbf33ad4,FAA-tertile subgroup,39864548,jto-2026-09-14-stk11-priority-language.md,536,no-literal-match-needs-context-review
jto-lang-d64a710dbd7996d33893,downstream protein-level surrogate,39864548,jto-2026-09-14-stk11-priority-language.md,561,no-literal-match-needs-context-review
jto-lang-da0a8fa5f678606220e4,coding-mutation-centered evidence base,39864548,jto-2026-09-14-stk11-priority-language.md,488,no-literal-match-needs-context-review
jto-lang-dc120145008b9577fced,actionable genomic alteration,41619904,jto-2026-09-14-stk11-priority-language.md,275,no-literal-match-needs-context-review
jto-lang-dcd6fa20c331d3aac739,treatment-intensification hypothesis,39864548,jto-2026-09-14-stk11-priority-language.md,566,no-literal-match-needs-context-review
jto-lang-dcea06aeed510259f12b,phenotypic consequence of mono-allelic loss,39864548,jto-2026-09-14-stk11-priority-language.md,558,no-literal-match-needs-context-review
jto-lang-dd51f5808d84c50b3ff5,partial exon loss,42409117,jto-2026-09-14-stk11-priority-language.md,697,no-literal-match-needs-context-review
jto-lang-e110e2b939d91ad574e3,advanced-stage enrichment,42409117,jto-2026-09-14-stk11-priority-language.md,648,no-literal-match-needs-context-review
jto-lang-e33e9ef993dfe7d1fefe,tumor immunogenicity,41619904,jto-2026-09-14-stk11-priority-language.md,279,no-literal-match-needs-context-review
jto-lang-e44840908ab79429ccde,increased incidence of brain metastasis,41619904,jto-2026-09-14-stk11-priority-language.md,258,no-literal-match-needs-context-review
jto-lang-e4b8d347e9ae3ad36c9b,concomitant amplification,41932614,jto-2026-09-14-stk11-priority-language.md,132,no-literal-match-needs-context-review
jto-lang-e665bb268ca4bc3ccdcf,copy-number gain or loss,41932614,jto-2026-09-14-stk11-priority-language.md,104,no-literal-match-needs-context-review
jto-lang-e6cf6374e3a48d6dbf18,oncogenic ERBB2 mutation,41932614,jto-2026-09-14-stk11-priority-language.md,35,no-literal-match-needs-context-review
jto-lang-e6e6dc16f73785d369df,oncogenic or likely oncogenic annotation,41932614,jto-2026-09-14-stk11-priority-language.md,99,no-literal-match-needs-context-review
jto-lang-e81095af196486a7aa18,prognostic gradient across combined genotypes,42409117,jto-2026-09-14-stk11-priority-language.md,654,no-literal-match-needs-context-review
jto-lang-e9a6170ac59aaf211d8c,antibody-drug conjugate,41932614,jto-2026-09-14-stk11-priority-language.md,72,no-literal-match-needs-context-review
jto-lang-e9f1d51cff65b8cb9a00,lower corresponding mRNA expression,39864548,jto-2026-09-14-stk11-priority-language.md,465,no-literal-match-needs-context-review
jto-lang-ee4509f899bb88d4ccb0,12-month progression-free-survival rate,41932614,jto-2026-09-14-stk11-priority-language.md,53,no-literal-match-needs-context-review
jto-lang-ee5068dce54bde251c73,treatment-naive real-world cohort,42409117,jto-2026-09-14-stk11-priority-language.md,688,no-literal-match-needs-context-review
jto-lang-eece073e5256b1ec4f0e,"sensitivity, specificity, PPV, and NPV",42409117,jto-2026-09-14-stk11-priority-language.md,724,no-literal-match-needs-context-review
jto-lang-ef3b6ddd2c1fbfe0177d,large real-world genomic database,42409117,jto-2026-09-14-stk11-priority-language.md,639,no-literal-match-needs-context-review
jto-lang-f20db025fac986dc5638,systemic treatment intensification,41619904,jto-2026-09-14-stk11-priority-language.md,380,no-literal-match-needs-context-review
jto-lang-f3004c0c85a2383b656d,median PFS by molecular class,41932614,jto-2026-09-14-stk11-priority-language.md,140,no-literal-match-needs-context-review
jto-lang-f3568f8259b55e64ecc8,consecutive nonsquamous NSCLC cohort,39864548,jto-2026-09-14-stk11-priority-language.md,501,no-literal-match-needs-context-review
jto-lang-f3dfa325cbd08347b12c,pathway-enrichment analysis,42409117,jto-2026-09-14-stk11-priority-language.md,731,no-literal-match-needs-context-review
jto-lang-f59212b0fe63a8e79d3e,clinically indicated brain imaging,41619904,jto-2026-09-14-stk11-priority-language.md,307,no-literal-match-needs-context-review
jto-lang-f5b179647bf1ded6d5f6,targeted-therapy resistance context,42409117,jto-2026-09-14-stk11-priority-language.md,634,no-literal-match-needs-context-review
jto-lang-f7f4668f95d44f0713be,MAT2A-directed strategy,42409117,jto-2026-09-14-stk11-priority-language.md,675,no-literal-match-needs-context-review
jto-lang-f8c33097f17181ca28cd,real-world clinico-genomic database,41932614,jto-2026-09-14-stk11-priority-language.md,44,no-literal-match-needs-context-review
jto-lang-f906b9935d65776dd33c,tumor-and-matched-blood sequencing,42409117,jto-2026-09-14-stk11-priority-language.md,689,no-literal-match-needs-context-review
jto-lang-f91a9ccd75e4537b94b5,co-deletion with neighboring tumor-suppressor genes,42409117,jto-2026-09-14-stk11-priority-language.md,649,no-literal-match-needs-context-review
jto-lang-f9ed8234e821c4a0cd3a,PRMT5 dependency,42409117,jto-2026-09-14-stk11-priority-language.md,672,no-literal-match-needs-context-review
jto-lang-fa0894765b33506ee398,complete versus partial gene loss,42409117,jto-2026-09-14-stk11-priority-language.md,650,no-literal-match-needs-context-review
jto-lang-fa666c208847b4b69f33,bypass-pathway alteration,42409117,jto-2026-09-14-stk11-priority-language.md,668,no-literal-match-needs-context-review
jto-lang-fc9004c1277c00e23e4e,lower LKB1 protein expression,39864548,jto-2026-09-14-stk11-priority-language.md,466,no-literal-match-needs-context-review
jto-lang-fcea0f0f5f007c42a7d2,acquired loss at progression,42409117,jto-2026-09-14-stk11-priority-language.md,730,no-literal-match-needs-context-review
jto-lang-feb5b95b3d97b3e116b6,gene-specific analytic subset,39864548,jto-2026-09-14-stk11-priority-language.md,528,no-literal-match-needs-context-review
jto-lang-feec177b8f89c152aa32,conventionally fractionated radiotherapy,41619904,jto-2026-09-14-stk11-priority-language.md,299,no-literal-match-needs-context-review
jto-lang-feffa630b6119d67be9a,double-mutant molecular subgroup,41932614,jto-2026-09-14-stk11-priority-language.md,137,no-literal-match-needs-context-review
nature-lang-211fe150e2ae761337ae,regimen-specific resistance 方案特异耐药; immune contexture 免疫构成; actionable hypothesis 可检验干预假设,39385035,nature-2026-09-19-stk11-language.md,118,no-literal-match-needs-context-review
nature-lang-3153737273d2adafd955,favor [regimen] numerically; retain uncertainty around the direct comparison; show no evidence of equivalence,39385035,nature-2026-09-19-stk11-language.md,163,no-literal-match-needs-context-review
nature-lang-3ef64c2a6b35d5906cce,relative sparing 相对保留; myeloid enrichment 髓系富集; effector-memory CD4 cells 效应记忆CD4细胞; iNOS-expressing cells 表达iNOS的细胞,39385035,nature-2026-09-19-stk11-language.md,173,no-literal-match-needs-context-review
nature-lang-487f18eade79495817bd,define [either-gene union] separately from [double-mutant subset]; retain endpoint-specific cutoffs; analyze responders for [DoR],39385035,nature-2026-09-19-stk11-language.md,130,no-literal-match-needs-context-review
nature-lang-52e07e93898a2ba9e57f,mutation-evaluable subset 突变可评价亚集; unstratified Cox model 非分层Cox模型; multivariable adjustment 多变量调整; duration of response 缓解持续时间,39385035,nature-2026-09-19-stk11-language.md,129,no-literal-match-needs-context-review
nature-lang-5644262b6833bc95920b,pooled genetic screen 混合遗传筛选; inert control guide 惰性对照向导; nested tumor sampling 嵌套肿瘤采样; depletion efficiency 清除效率,39385035,nature-2026-09-19-stk11-language.md,151,no-literal-match-needs-context-review
nature-lang-69a02d43ff1f0e4d5a75,therapeutic rationale 治疗研究依据; prospective confirmation 前瞻性确认; genotype-informed strategy 基因型导向策略,39385035,nature-2026-09-19-stk11-language.md,195,no-literal-match-needs-context-review
nature-lang-7c83d45e410a566b8617,increase the [numerator/denominator] ratio; attenuate efficacy after [depletion]; vary across genetically defined models,39385035,nature-2026-09-19-stk11-language.md,174,no-literal-match-needs-context-review
nature-lang-833608c3aec4459993a1,provide a rationale for testing [combination]; prioritize validation in [defined setting]; preserve regimen-specific uncertainty,39385035,nature-2026-09-19-stk11-language.md,196,no-literal-match-needs-context-review
nature-lang-84e3daf25ae241e1615f,quantify guide enrichment relative to [control]; account for tumors nested within mice; verify depletion before interpreting efficacy,39385035,nature-2026-09-19-stk11-language.md,152,no-literal-match-needs-context-review
nature-lang-8f3b50ec2520432daf4e,dual checkpoint blockade 双检查点阻断; biomarker-defined subgroup 标志物定义亚组; innate immune effector 固有免疫效应细胞,39385035,nature-2026-09-19-stk11-language.md,107,no-literal-match-needs-context-review
nature-lang-95df680d679d600f7d91,numerically favorable estimate 数值上有利的估计; null-crossing interval 跨无效值区间; responder-conditional duration 缓解者条件下持续时间,39385035,nature-2026-09-19-stk11-language.md,162,no-literal-match-needs-context-review
nature-lang-a697f797d6c92f46bbbc,move beyond a uniformly resistant phenotype; distinguish single-gene and combined contexts; motivate combination testing,39385035,nature-2026-09-19-stk11-language.md,119,no-literal-match-needs-context-review
nature-lang-b39845ccc509b1dee800,support rather than establish clinical prediction; separate population association from model necessity; require prospective confirmation,39385035,nature-2026-09-19-stk11-language.md,185,no-literal-match-needs-context-review
nature-lang-cf50d3452890c50ca3bf,annotate clusters using [markers/reference]; integrate batches with [method]; infer immune composition from bulk profiles,39385035,nature-2026-09-19-stk11-language.md,141,no-literal-match-needs-context-review
nature-lang-e6c93e5bbe4d7bdc4eb1,convergent evidence 相互印证证据; biological plausibility 生物学合理性; exploratory signal 探索性信号; context-specific requirement 背景特异依赖,39385035,nature-2026-09-19-stk11-language.md,184,no-literal-match-needs-context-review
nature-lang-ecf3cef8ea09f6c27475,batch integration 批次整合; cell-type annotation 细胞类型注释; module score 模块评分; digital deconvolution 数字反卷积,39385035,nature-2026-09-19-stk11-language.md,140,no-literal-match-needs-context-review
nature-lang-ff4ea9a220b036dced8f,integrate exploratory trial findings with functional models; overcome resistance in [specified model]; associate with [outcome],39385035,nature-2026-09-19-stk11-language.md,108,no-literal-match-needs-context-review
